Command line invocation:
    /Applications/Xcode.app/Contents/Developer/usr/bin/xcodebuild build -project PhoneInTheOtherRoom.xcodeproj -scheme PhoneInTheOtherRoom -destination "generic/platform=iOS Simulator" -derivedDataPath /private/tmp/counting-sheep-shop-build

Resolve Package Graph


Resolved source packages:
  swift-crypto: https://github.com/apple/swift-crypto.git @ 4.5.0
  Supabase: https://github.com/supabase/supabase-swift.git @ 2.51.0
  xctest-dynamic-overlay: https://github.com/pointfreeco/xctest-dynamic-overlay @ 1.11.0
  swift-http-types: https://github.com/apple/swift-http-types.git @ 1.6.0
  swift-asn1: https://github.com/apple/swift-asn1.git @ 1.7.1
  swift-clocks: https://github.com/pointfreeco/swift-clocks @ 1.1.0
  swift-concurrency-extras: https://github.com/pointfreeco/swift-concurrency-extras @ 1.4.0

ComputePackagePrebuildTargetDependencyGraph

Prepare packages

CreateBuildRequest

SendProjectDescription

CreateBuildOperation

ComputeTargetDependencyGraph
note: Building targets in dependency order
note: Target dependency graph (29 targets)
    Target 'PhoneInTheOtherRoom' in project 'PhoneInTheOtherRoom'
        ➜ Explicit dependency on target 'PhoneInTheOtherRoomWatchApp' in project 'PhoneInTheOtherRoom'
        ➜ Explicit dependency on target 'PhoneInTheOtherRoomLiveActivity' in project 'PhoneInTheOtherRoom'
        ➜ Explicit dependency on target 'PhoneInTheOtherRoomScreenTimeReport' in project 'PhoneInTheOtherRoom'
        ➜ Explicit dependency on target 'PhoneInTheOtherRoomDeviceActivityMonitor' in project 'PhoneInTheOtherRoom'
        ➜ Explicit dependency on target 'PhoneInTheOtherRoomShieldConfiguration' in project 'PhoneInTheOtherRoom'
        ➜ Explicit dependency on target 'PhoneInTheOtherRoomShieldAction' in project 'PhoneInTheOtherRoom'
        ➜ Explicit dependency on target 'Supabase' in project 'Supabase'
    Target 'Supabase' in project 'Supabase'
        ➜ Explicit dependency on target 'Supabase' in project 'Supabase'
        ➜ Explicit dependency on target 'Helpers' in project 'Supabase'
        ➜ Explicit dependency on target 'Auth' in project 'Supabase'
        ➜ Explicit dependency on target 'Functions' in project 'Supabase'
        ➜ Explicit dependency on target 'PostgREST' in project 'Supabase'
        ➜ Explicit dependency on target 'RealtimeV2' in project 'Supabase'
        ➜ Explicit dependency on target 'Realtime' in project 'Supabase'
        ➜ Explicit dependency on target 'Storage' in project 'Supabase'
        ➜ Explicit dependency on target 'ConcurrencyExtras' in project 'swift-concurrency-extras'
        ➜ Explicit dependency on target 'HTTPTypes' in project 'swift-http-types'
        ➜ Explicit dependency on target 'Clocks' in project 'swift-clocks'
        ➜ Explicit dependency on target 'XCTestDynamicOverlay' in project 'xctest-dynamic-overlay'
        ➜ Explicit dependency on target 'IssueReporting' in project 'xctest-dynamic-overlay'
        ➜ Explicit dependency on target 'Crypto' in project 'swift-crypto'
    Target 'Supabase' in project 'Supabase'
        ➜ Explicit dependency on target 'Helpers' in project 'Supabase'
        ➜ Explicit dependency on target 'Auth' in project 'Supabase'
        ➜ Explicit dependency on target 'Functions' in project 'Supabase'
        ➜ Explicit dependency on target 'PostgREST' in project 'Supabase'
        ➜ Explicit dependency on target 'RealtimeV2' in project 'Supabase'
        ➜ Explicit dependency on target 'Realtime' in project 'Supabase'
        ➜ Explicit dependency on target 'Storage' in project 'Supabase'
        ➜ Explicit dependency on target 'ConcurrencyExtras' in project 'swift-concurrency-extras'
        ➜ Explicit dependency on target 'HTTPTypes' in project 'swift-http-types'
        ➜ Explicit dependency on target 'Clocks' in project 'swift-clocks'
        ➜ Explicit dependency on target 'XCTestDynamicOverlay' in project 'xctest-dynamic-overlay'
        ➜ Explicit dependency on target 'IssueReporting' in project 'xctest-dynamic-overlay'
        ➜ Explicit dependency on target 'Crypto' in project 'swift-crypto'
    Target 'Storage' in project 'Supabase'
        ➜ Explicit dependency on target 'Helpers' in project 'Supabase'
        ➜ Explicit dependency on target 'ConcurrencyExtras' in project 'swift-concurrency-extras'
        ➜ Explicit dependency on target 'HTTPTypes' in project 'swift-http-types'
        ➜ Explicit dependency on target 'Clocks' in project 'swift-clocks'
        ➜ Explicit dependency on target 'XCTestDynamicOverlay' in project 'xctest-dynamic-overlay'
        ➜ Explicit dependency on target 'IssueReporting' in project 'xctest-dynamic-overlay'
    Target 'Realtime' in project 'Supabase'
        ➜ Explicit dependency on target 'Helpers' in project 'Supabase'
        ➜ Explicit dependency on target 'RealtimeV2' in project 'Supabase'
        ➜ Explicit dependency on target 'ConcurrencyExtras' in project 'swift-concurrency-extras'
        ➜ Explicit dependency on target 'HTTPTypes' in project 'swift-http-types'
        ➜ Explicit dependency on target 'Clocks' in project 'swift-clocks'
        ➜ Explicit dependency on target 'XCTestDynamicOverlay' in project 'xctest-dynamic-overlay'
        ➜ Explicit dependency on target 'IssueReporting' in project 'xctest-dynamic-overlay'
    Target 'RealtimeV2' in project 'Supabase'
        ➜ Explicit dependency on target 'Helpers' in project 'Supabase'
        ➜ Explicit dependency on target 'ConcurrencyExtras' in project 'swift-concurrency-extras'
        ➜ Explicit dependency on target 'HTTPTypes' in project 'swift-http-types'
        ➜ Explicit dependency on target 'Clocks' in project 'swift-clocks'
        ➜ Explicit dependency on target 'XCTestDynamicOverlay' in project 'xctest-dynamic-overlay'
        ➜ Explicit dependency on target 'IssueReporting' in project 'xctest-dynamic-overlay'
    Target 'PostgREST' in project 'Supabase'
        ➜ Explicit dependency on target 'Helpers' in project 'Supabase'
        ➜ Explicit dependency on target 'ConcurrencyExtras' in project 'swift-concurrency-extras'
        ➜ Explicit dependency on target 'HTTPTypes' in project 'swift-http-types'
        ➜ Explicit dependency on target 'Clocks' in project 'swift-clocks'
        ➜ Explicit dependency on target 'XCTestDynamicOverlay' in project 'xctest-dynamic-overlay'
        ➜ Explicit dependency on target 'IssueReporting' in project 'xctest-dynamic-overlay'
    Target 'Functions' in project 'Supabase'
        ➜ Explicit dependency on target 'Helpers' in project 'Supabase'
        ➜ Explicit dependency on target 'ConcurrencyExtras' in project 'swift-concurrency-extras'
        ➜ Explicit dependency on target 'HTTPTypes' in project 'swift-http-types'
        ➜ Explicit dependency on target 'Clocks' in project 'swift-clocks'
        ➜ Explicit dependency on target 'XCTestDynamicOverlay' in project 'xctest-dynamic-overlay'
        ➜ Explicit dependency on target 'IssueReporting' in project 'xctest-dynamic-overlay'
    Target 'Auth' in project 'Supabase'
        ➜ Explicit dependency on target 'Helpers' in project 'Supabase'
        ➜ Explicit dependency on target 'ConcurrencyExtras' in project 'swift-concurrency-extras'
        ➜ Explicit dependency on target 'HTTPTypes' in project 'swift-http-types'
        ➜ Explicit dependency on target 'Clocks' in project 'swift-clocks'
        ➜ Explicit dependency on target 'XCTestDynamicOverlay' in project 'xctest-dynamic-overlay'
        ➜ Explicit dependency on target 'IssueReporting' in project 'xctest-dynamic-overlay'
        ➜ Explicit dependency on target 'Crypto' in project 'swift-crypto'
    Target 'Crypto' in project 'swift-crypto'
        ➜ Explicit dependency on target 'Crypto' in project 'swift-crypto'
        ➜ Explicit dependency on target 'swift-crypto_Crypto' in project 'swift-crypto'
    Target 'Crypto' in project 'swift-crypto'
        ➜ Explicit dependency on target 'swift-crypto_Crypto' in project 'swift-crypto'
    Target 'swift-crypto_Crypto' in project 'swift-crypto' (no dependencies)
    Target 'Helpers' in project 'Supabase'
        ➜ Explicit dependency on target 'ConcurrencyExtras' in project 'swift-concurrency-extras'
        ➜ Explicit dependency on target 'HTTPTypes' in project 'swift-http-types'
        ➜ Explicit dependency on target 'Clocks' in project 'swift-clocks'
        ➜ Explicit dependency on target 'XCTestDynamicOverlay' in project 'xctest-dynamic-overlay'
        ➜ Explicit dependency on target 'IssueReporting' in project 'xctest-dynamic-overlay'
    Target 'XCTestDynamicOverlay' in project 'xctest-dynamic-overlay'
        ➜ Explicit dependency on target 'XCTestDynamicOverlay' in project 'xctest-dynamic-overlay'
        ➜ Explicit dependency on target 'IssueReporting' in project 'xctest-dynamic-overlay'
    Target 'XCTestDynamicOverlay' in project 'xctest-dynamic-overlay'
        ➜ Explicit dependency on target 'IssueReporting' in project 'xctest-dynamic-overlay'
    Target 'Clocks' in project 'swift-clocks'
        ➜ Explicit dependency on target 'Clocks' in project 'swift-clocks'
        ➜ Explicit dependency on target 'ConcurrencyExtras' in project 'swift-concurrency-extras'
        ➜ Explicit dependency on target 'IssueReporting' in project 'xctest-dynamic-overlay'
    Target 'Clocks' in project 'swift-clocks'
        ➜ Explicit dependency on target 'ConcurrencyExtras' in project 'swift-concurrency-extras'
        ➜ Explicit dependency on target 'IssueReporting' in project 'xctest-dynamic-overlay'
    Target 'IssueReporting' in project 'xctest-dynamic-overlay'
        ➜ Explicit dependency on target 'IssueReporting' in project 'xctest-dynamic-overlay'
    Target 'IssueReporting' in project 'xctest-dynamic-overlay' (no dependencies)
    Target 'HTTPTypes' in project 'swift-http-types'
        ➜ Explicit dependency on target 'HTTPTypes' in project 'swift-http-types'
    Target 'HTTPTypes' in project 'swift-http-types' (no dependencies)
    Target 'ConcurrencyExtras' in project 'swift-concurrency-extras'
        ➜ Explicit dependency on target 'ConcurrencyExtras' in project 'swift-concurrency-extras'
    Target 'ConcurrencyExtras' in project 'swift-concurrency-extras' (no dependencies)
    Target 'PhoneInTheOtherRoomShieldAction' in project 'PhoneInTheOtherRoom' (no dependencies)
    Target 'PhoneInTheOtherRoomShieldConfiguration' in project 'PhoneInTheOtherRoom' (no dependencies)
    Target 'PhoneInTheOtherRoomDeviceActivityMonitor' in project 'PhoneInTheOtherRoom' (no dependencies)
    Target 'PhoneInTheOtherRoomScreenTimeReport' in project 'PhoneInTheOtherRoom' (no dependencies)
    Target 'PhoneInTheOtherRoomLiveActivity' in project 'PhoneInTheOtherRoom' (no dependencies)
    Target 'PhoneInTheOtherRoomWatchApp' in project 'PhoneInTheOtherRoom' (no dependencies)

GatherProvisioningInputs

CreateBuildDescription

ClangStatCache /Applications/Xcode.app/Contents/Developer/Toolchains/XcodeDefault.xctoolchain/usr/bin/clang-stat-cache /Applications/Xcode.app/Contents/Developer/Platforms/iPhoneSimulator.platform/Developer/SDKs/iPhoneSimulator26.5.sdk /tmp/counting-sheep-shop-build/SDKStatCaches.noindex/iphonesimulator26.5-23F81a-6cfe768891a92b912361537c460fe42b.sdkstatcache
    cd /Users/ngawangchime/Desktop/Developer\ Projects/Phone\ in\ the\ Other\ Room/PhoneInTheOtherRoom.xcodeproj
    /Applications/Xcode.app/Contents/Developer/Toolchains/XcodeDefault.xctoolchain/usr/bin/clang-stat-cache /Applications/Xcode.app/Contents/Developer/Platforms/iPhoneSimulator.platform/Developer/SDKs/iPhoneSimulator26.5.sdk -o /tmp/counting-sheep-shop-build/SDKStatCaches.noindex/iphonesimulator26.5-23F81a-6cfe768891a92b912361537c460fe42b.sdkstatcache

ClangStatCache /Applications/Xcode.app/Contents/Developer/Toolchains/XcodeDefault.xctoolchain/usr/bin/clang-stat-cache /Applications/Xcode.app/Contents/Developer/Platforms/WatchSimulator.platform/Developer/SDKs/WatchSimulator26.5.sdk /tmp/counting-sheep-shop-build/SDKStatCaches.noindex/watchsimulator26.5-23T570-1651579a441f1322ae888f0ed545cb80.sdkstatcache
    cd /Users/ngawangchime/Desktop/Developer\ Projects/Phone\ in\ the\ Other\ Room/PhoneInTheOtherRoom.xcodeproj
    /Applications/Xcode.app/Contents/Developer/Toolchains/XcodeDefault.xctoolchain/usr/bin/clang-stat-cache /Applications/Xcode.app/Contents/Developer/Platforms/WatchSimulator.platform/Developer/SDKs/WatchSimulator26.5.sdk -o /tmp/counting-sheep-shop-build/SDKStatCaches.noindex/watchsimulator26.5-23T570-1651579a441f1322ae888f0ed545cb80.sdkstatcache

SwiftDriver PhoneInTheOtherRoom normal arm64 com.apple.xcode.tools.swift.compiler (in target 'PhoneInTheOtherRoom' from project 'PhoneInTheOtherRoom')
    cd /Users/ngawangchime/Desktop/Developer\ Projects/Phone\ in\ the\ Other\ Room
    builtin-SwiftDriver -- /Applications/Xcode.app/Contents/Developer/Toolchains/XcodeDefault.xctoolchain/usr/bin/swiftc -module-name Counting_Sheep -Onone @/tmp/counting-sheep-shop-build/Build/Intermediates.noindex/PhoneInTheOtherRoom.build/Debug-iphonesimulator/PhoneInTheOtherRoom.build/Objects-normal/arm64/Counting\ Sheep.SwiftFileList -DDEBUG -DSCREEN_TIME_REPORTS -enable-bare-slash-regex -enable-experimental-feature DebugDescriptionMacro -sdk /Applications/Xcode.app/Contents/Developer/Platforms/iPhoneSimulator.platform/Developer/SDKs/iPhoneSimulator26.5.sdk -target arm64-apple-ios17.0-simulator -g -module-cache-path /tmp/counting-sheep-shop-build/ModuleCache.noindex -Xfrontend -serialize-debugging-options -enable-testing -index-store-path /tmp/counting-sheep-shop-build/Index.noindex/DataStore -Xcc -D_LIBCPP_HARDENING_MODE\=_LIBCPP_HARDENING_MODE_DEBUG -swift-version 5 -I /tmp/counting-sheep-shop-build/Build/Products/Debug-iphonesimulator -F /tmp/counting-sheep-shop-build/Build/Products/Debug-iphonesimulator/PackageFrameworks -F /tmp/counting-sheep-shop-build/Build/Products/Debug-iphonesimulator/PackageFrameworks -F /tmp/counting-sheep-shop-build/Build/Products/Debug-iphonesimulator/PackageFrameworks -F /tmp/counting-sheep-shop-build/Build/Products/Debug-iphonesimulator/PackageFrameworks -F /tmp/counting-sheep-shop-build/Build/Products/Debug-iphonesimulator/PackageFrameworks -F /tmp/counting-sheep-shop-build/Build/Products/Debug-iphonesimulator/PackageFrameworks -F /tmp/counting-sheep-shop-build/Build/Products/Debug-iphonesimulator/PackageFrameworks -F /tmp/counting-sheep-shop-build/Build/Products/Debug-iphonesimulator/PackageFrameworks -F /tmp/counting-sheep-shop-build/Build/Products/Debug-iphonesimulator/PackageFrameworks -F /tmp/counting-sheep-shop-build/Build/Products/Debug-iphonesimulator/PackageFrameworks -F /tmp/counting-sheep-shop-build/Build/Products/Debug-iphonesimulator/PackageFrameworks -F /tmp/counting-sheep-shop-build/Build/Products/Debug-iphonesimulator/PackageFrameworks -F /tmp/counting-sheep-shop-build/Build/Products/Debug-iphonesimulator/PackageFrameworks -F /tmp/counting-sheep-shop-build/Build/Products/Debug-iphonesimulator/PackageFrameworks -F /tmp/counting-sheep-shop-build/Build/Products/Debug-iphonesimulator -c -j8 -enable-batch-mode -incremental -Xcc -ivfsstatcache -Xcc /tmp/counting-sheep-shop-build/SDKStatCaches.noindex/iphonesimulator26.5-23F81a-6cfe768891a92b912361537c460fe42b.sdkstatcache -output-file-map /tmp/counting-sheep-shop-build/Build/Intermediates.noindex/PhoneInTheOtherRoom.build/Debug-iphonesimulator/PhoneInTheOtherRoom.build/Objects-normal/arm64/PhoneInTheOtherRoom-OutputFileMap.json -use-frontend-parseable-output -save-temps -no-color-diagnostics -explicit-module-build -module-cache-path /tmp/counting-sheep-shop-build/Build/Intermediates.noindex/SwiftExplicitPrecompiledModules -clang-scanner-module-cache-path /tmp/counting-sheep-shop-build/ModuleCache.noindex -sdk-module-cache-path /tmp/counting-sheep-shop-build/ModuleCache.noindex -serialize-diagnostics -emit-dependencies -emit-module -emit-module-path /tmp/counting-sheep-shop-build/Build/Intermediates.noindex/PhoneInTheOtherRoom.build/Debug-iphonesimulator/PhoneInTheOtherRoom.build/Objects-normal/arm64/Counting_Sheep.swiftmodule -validate-clang-modules-once -clang-build-session-file /tmp/counting-sheep-shop-build/ModuleCache.noindex/Session.modulevalidation -Xcc -I/tmp/counting-sheep-shop-build/Build/Intermediates.noindex/PhoneInTheOtherRoom.build/Debug-iphonesimulator/PhoneInTheOtherRoom.build/swift-overrides.hmap -emit-const-values -Xfrontend -const-gather-protocols-file -Xfrontend /tmp/counting-sheep-shop-build/Build/Intermediates.noindex/PhoneInTheOtherRoom.build/Debug-iphonesimulator/PhoneInTheOtherRoom.build/Objects-normal/arm64/PhoneInTheOtherRoom_const_extract_protocols.json -Xcc -iquote -Xcc /tmp/counting-sheep-shop-build/Build/Intermediates.noindex/PhoneInTheOtherRoom.build/Debug-iphonesimulator/PhoneInTheOtherRoom.build/Counting\ Sheep-generated-files.hmap -Xcc -I/tmp/counting-sheep-shop-build/Build/Intermediates.noindex/PhoneInTheOtherRoom.build/Debug-iphonesimulator/PhoneInTheOtherRoom.build/Counting\ Sheep-own-target-headers.hmap -Xcc -I/tmp/counting-sheep-shop-build/Build/Intermediates.noindex/PhoneInTheOtherRoom.build/Debug-iphonesimulator/PhoneInTheOtherRoom.build/Counting\ Sheep-all-non-framework-target-headers.hmap -Xcc -ivfsoverlay -Xcc /tmp/counting-sheep-shop-build/Build/Intermediates.noindex/PhoneInTheOtherRoom.build/Debug-iphonesimulator/PhoneInTheOtherRoom-d9a00fb94435e678319518e524e23875-VFS-iphonesimulator/all-product-headers.yaml -Xcc -iquote -Xcc /tmp/counting-sheep-shop-build/Build/Intermediates.noindex/PhoneInTheOtherRoom.build/Debug-iphonesimulator/PhoneInTheOtherRoom.build/Counting\ Sheep-project-headers.hmap -Xcc -I/tmp/counting-sheep-shop-build/Build/Products/Debug-iphonesimulator/include -Xcc -I/tmp/counting-sheep-shop-build/Build/Intermediates.noindex/PhoneInTheOtherRoom.build/Debug-iphonesimulator/PhoneInTheOtherRoom.build/DerivedSources-normal/arm64 -Xcc -I/tmp/counting-sheep-shop-build/Build/Intermediates.noindex/PhoneInTheOtherRoom.build/Debug-iphonesimulator/PhoneInTheOtherRoom.build/DerivedSources/arm64 -Xcc -I/tmp/counting-sheep-shop-build/Build/Intermediates.noindex/PhoneInTheOtherRoom.build/Debug-iphonesimulator/PhoneInTheOtherRoom.build/DerivedSources -Xcc -DDEBUG\=1 -emit-objc-header -emit-objc-header-path /tmp/counting-sheep-shop-build/Build/Intermediates.noindex/PhoneInTheOtherRoom.build/Debug-iphonesimulator/PhoneInTheOtherRoom.build/Objects-normal/arm64/Counting_Sheep-Swift.h -working-directory /Users/ngawangchime/Desktop/Developer\ Projects/Phone\ in\ the\ Other\ Room -experimental-emit-module-separately -disable-cmo

SwiftDriver PhoneInTheOtherRoom normal x86_64 com.apple.xcode.tools.swift.compiler (in target 'PhoneInTheOtherRoom' from project 'PhoneInTheOtherRoom')
    cd /Users/ngawangchime/Desktop/Developer\ Projects/Phone\ in\ the\ Other\ Room
    builtin-SwiftDriver -- /Applications/Xcode.app/Contents/Developer/Toolchains/XcodeDefault.xctoolchain/usr/bin/swiftc -module-name Counting_Sheep -Onone @/tmp/counting-sheep-shop-build/Build/Intermediates.noindex/PhoneInTheOtherRoom.build/Debug-iphonesimulator/PhoneInTheOtherRoom.build/Objects-normal/x86_64/Counting\ Sheep.SwiftFileList -DDEBUG -DSCREEN_TIME_REPORTS -enable-bare-slash-regex -enable-experimental-feature DebugDescriptionMacro -sdk /Applications/Xcode.app/Contents/Developer/Platforms/iPhoneSimulator.platform/Developer/SDKs/iPhoneSimulator26.5.sdk -target x86_64-apple-ios17.0-simulator -g -module-cache-path /tmp/counting-sheep-shop-build/ModuleCache.noindex -Xfrontend -serialize-debugging-options -enable-testing -index-store-path /tmp/counting-sheep-shop-build/Index.noindex/DataStore -Xcc -D_LIBCPP_HARDENING_MODE\=_LIBCPP_HARDENING_MODE_DEBUG -swift-version 5 -I /tmp/counting-sheep-shop-build/Build/Products/Debug-iphonesimulator -F /tmp/counting-sheep-shop-build/Build/Products/Debug-iphonesimulator/PackageFrameworks -F /tmp/counting-sheep-shop-build/Build/Products/Debug-iphonesimulator/PackageFrameworks -F /tmp/counting-sheep-shop-build/Build/Products/Debug-iphonesimulator/PackageFrameworks -F /tmp/counting-sheep-shop-build/Build/Products/Debug-iphonesimulator/PackageFrameworks -F /tmp/counting-sheep-shop-build/Build/Products/Debug-iphonesimulator/PackageFrameworks -F /tmp/counting-sheep-shop-build/Build/Products/Debug-iphonesimulator/PackageFrameworks -F /tmp/counting-sheep-shop-build/Build/Products/Debug-iphonesimulator/PackageFrameworks -F /tmp/counting-sheep-shop-build/Build/Products/Debug-iphonesimulator/PackageFrameworks -F /tmp/counting-sheep-shop-build/Build/Products/Debug-iphonesimulator/PackageFrameworks -F /tmp/counting-sheep-shop-build/Build/Products/Debug-iphonesimulator/PackageFrameworks -F /tmp/counting-sheep-shop-build/Build/Products/Debug-iphonesimulator/PackageFrameworks -F /tmp/counting-sheep-shop-build/Build/Products/Debug-iphonesimulator/PackageFrameworks -F /tmp/counting-sheep-shop-build/Build/Products/Debug-iphonesimulator/PackageFrameworks -F /tmp/counting-sheep-shop-build/Build/Products/Debug-iphonesimulator/PackageFrameworks -F /tmp/counting-sheep-shop-build/Build/Products/Debug-iphonesimulator -c -j8 -enable-batch-mode -incremental -Xcc -ivfsstatcache -Xcc /tmp/counting-sheep-shop-build/SDKStatCaches.noindex/iphonesimulator26.5-23F81a-6cfe768891a92b912361537c460fe42b.sdkstatcache -output-file-map /tmp/counting-sheep-shop-build/Build/Intermediates.noindex/PhoneInTheOtherRoom.build/Debug-iphonesimulator/PhoneInTheOtherRoom.build/Objects-normal/x86_64/PhoneInTheOtherRoom-OutputFileMap.json -use-frontend-parseable-output -save-temps -no-color-diagnostics -explicit-module-build -module-cache-path /tmp/counting-sheep-shop-build/Build/Intermediates.noindex/SwiftExplicitPrecompiledModules -clang-scanner-module-cache-path /tmp/counting-sheep-shop-build/ModuleCache.noindex -sdk-module-cache-path /tmp/counting-sheep-shop-build/ModuleCache.noindex -serialize-diagnostics -emit-dependencies -emit-module -emit-module-path /tmp/counting-sheep-shop-build/Build/Intermediates.noindex/PhoneInTheOtherRoom.build/Debug-iphonesimulator/PhoneInTheOtherRoom.build/Objects-normal/x86_64/Counting_Sheep.swiftmodule -validate-clang-modules-once -clang-build-session-file /tmp/counting-sheep-shop-build/ModuleCache.noindex/Session.modulevalidation -Xcc -I/tmp/counting-sheep-shop-build/Build/Intermediates.noindex/PhoneInTheOtherRoom.build/Debug-iphonesimulator/PhoneInTheOtherRoom.build/swift-overrides.hmap -emit-const-values -Xfrontend -const-gather-protocols-file -Xfrontend /tmp/counting-sheep-shop-build/Build/Intermediates.noindex/PhoneInTheOtherRoom.build/Debug-iphonesimulator/PhoneInTheOtherRoom.build/Objects-normal/x86_64/PhoneInTheOtherRoom_const_extract_protocols.json -Xcc -iquote -Xcc /tmp/counting-sheep-shop-build/Build/Intermediates.noindex/PhoneInTheOtherRoom.build/Debug-iphonesimulator/PhoneInTheOtherRoom.build/Counting\ Sheep-generated-files.hmap -Xcc -I/tmp/counting-sheep-shop-build/Build/Intermediates.noindex/PhoneInTheOtherRoom.build/Debug-iphonesimulator/PhoneInTheOtherRoom.build/Counting\ Sheep-own-target-headers.hmap -Xcc -I/tmp/counting-sheep-shop-build/Build/Intermediates.noindex/PhoneInTheOtherRoom.build/Debug-iphonesimulator/PhoneInTheOtherRoom.build/Counting\ Sheep-all-non-framework-target-headers.hmap -Xcc -ivfsoverlay -Xcc /tmp/counting-sheep-shop-build/Build/Intermediates.noindex/PhoneInTheOtherRoom.build/Debug-iphonesimulator/PhoneInTheOtherRoom-d9a00fb94435e678319518e524e23875-VFS-iphonesimulator/all-product-headers.yaml -Xcc -iquote -Xcc /tmp/counting-sheep-shop-build/Build/Intermediates.noindex/PhoneInTheOtherRoom.build/Debug-iphonesimulator/PhoneInTheOtherRoom.build/Counting\ Sheep-project-headers.hmap -Xcc -I/tmp/counting-sheep-shop-build/Build/Products/Debug-iphonesimulator/include -Xcc -I/tmp/counting-sheep-shop-build/Build/Intermediates.noindex/PhoneInTheOtherRoom.build/Debug-iphonesimulator/PhoneInTheOtherRoom.build/DerivedSources-normal/x86_64 -Xcc -I/tmp/counting-sheep-shop-build/Build/Intermediates.noindex/PhoneInTheOtherRoom.build/Debug-iphonesimulator/PhoneInTheOtherRoom.build/DerivedSources/x86_64 -Xcc -I/tmp/counting-sheep-shop-build/Build/Intermediates.noindex/PhoneInTheOtherRoom.build/Debug-iphonesimulator/PhoneInTheOtherRoom.build/DerivedSources -Xcc -DDEBUG\=1 -emit-objc-header -emit-objc-header-path /tmp/counting-sheep-shop-build/Build/Intermediates.noindex/PhoneInTheOtherRoom.build/Debug-iphonesimulator/PhoneInTheOtherRoom.build/Objects-normal/x86_64/Counting_Sheep-Swift.h -working-directory /Users/ngawangchime/Desktop/Developer\ Projects/Phone\ in\ the\ Other\ Room -experimental-emit-module-separately -disable-cmo

SwiftCompile normal arm64 Compiling\ NightFlockViewModel.swift,\ NightWatch.swift /Users/ngawangchime/Desktop/Developer\ Projects/Phone\ in\ the\ Other\ Room/PhoneInTheOtherRoomApp/ViewModels/NightFlockViewModel.swift /Users/ngawangchime/Desktop/Developer\ Projects/Phone\ in\ the\ Other\ Room/Shared/NightWatch.swift (in target 'PhoneInTheOtherRoom' from project 'PhoneInTheOtherRoom')

SwiftCompile normal arm64 /Users/ngawangchime/Desktop/Developer\ Projects/Phone\ in\ the\ Other\ Room/PhoneInTheOtherRoomApp/ViewModels/NightFlockViewModel.swift (in target 'PhoneInTheOtherRoom' from project 'PhoneInTheOtherRoom')
    cd /Users/ngawangchime/Desktop/Developer\ Projects/Phone\ in\ the\ Other\ Room
    
/Users/ngawangchime/Desktop/Developer Projects/Phone in the Other Room/PhoneInTheOtherRoomApp/ViewModels/NightFlockViewModel.swift:640:23: warning: result of call to 'refreshState(showLoading:)' is unused
                await refreshState(showLoading: false)
                      ^           ~~~~~~~~~~~~~~~~~~~~
/Users/ngawangchime/Desktop/Developer Projects/Phone in the Other Room/PhoneInTheOtherRoomApp/ViewModels/NightFlockViewModel.swift:657:19: warning: result of call to 'refreshState(showLoading:)' is unused
            await refreshState(showLoading: false)
                  ^           ~~~~~~~~~~~~~~~~~~~~
/Users/ngawangchime/Desktop/Developer Projects/Phone in the Other Room/PhoneInTheOtherRoomApp/ViewModels/NightFlockViewModel.swift:1648:15: warning: result of call to 'refreshState(showLoading:)' is unused
        await refreshState(showLoading: true)
              ^           ~~~~~~~~~~~~~~~~~~~

SwiftCompile normal arm64 /Users/ngawangchime/Desktop/Developer\ Projects/Phone\ in\ the\ Other\ Room/Shared/NightWatch.swift (in target 'PhoneInTheOtherRoom' from project 'PhoneInTheOtherRoom')
    cd /Users/ngawangchime/Desktop/Developer\ Projects/Phone\ in\ the\ Other\ Room
    

SwiftCompile normal arm64 Compiling\ SharedPasture.swift,\ SharedPastureControls.swift /Users/ngawangchime/Desktop/Developer\ Projects/Phone\ in\ the\ Other\ Room/Shared/SharedPasture.swift /Users/ngawangchime/Desktop/Developer\ Projects/Phone\ in\ the\ Other\ Room/PhoneInTheOtherRoomApp/Views/NightFlock/SharedPastureControls.swift (in target 'PhoneInTheOtherRoom' from project 'PhoneInTheOtherRoom')
SwiftCompile normal arm64 /Users/ngawangchime/Desktop/Developer\ Projects/Phone\ in\ the\ Other\ Room/Shared/SharedPasture.swift (in target 'PhoneInTheOtherRoom' from project 'PhoneInTheOtherRoom')
    cd /Users/ngawangchime/Desktop/Developer\ Projects/Phone\ in\ the\ Other\ Room
    

SwiftCompile normal arm64 /Users/ngawangchime/Desktop/Developer\ Projects/Phone\ in\ the\ Other\ Room/PhoneInTheOtherRoomApp/Views/NightFlock/SharedPastureControls.swift (in target 'PhoneInTheOtherRoom' from project 'PhoneInTheOtherRoom')
    cd /Users/ngawangchime/Desktop/Developer\ Projects/Phone\ in\ the\ Other\ Room
    

SwiftCompile normal arm64 Compiling\ FocusRunViewModel.swift,\ NightFlockViewModel+Campfire.swift /Users/ngawangchime/Desktop/Developer\ Projects/Phone\ in\ the\ Other\ Room/PhoneInTheOtherRoomApp/ViewModels/FocusRunViewModel.swift /Users/ngawangchime/Desktop/Developer\ Projects/Phone\ in\ the\ Other\ Room/PhoneInTheOtherRoomApp/ViewModels/NightFlockViewModel+Campfire.swift (in target 'PhoneInTheOtherRoom' from project 'PhoneInTheOtherRoom')

SwiftCompile normal arm64 /Users/ngawangchime/Desktop/Developer\ Projects/Phone\ in\ the\ Other\ Room/PhoneInTheOtherRoomApp/ViewModels/FocusRunViewModel.swift (in target 'PhoneInTheOtherRoom' from project 'PhoneInTheOtherRoom')
    cd /Users/ngawangchime/Desktop/Developer\ Projects/Phone\ in\ the\ Other\ Room
    

SwiftCompile normal arm64 /Users/ngawangchime/Desktop/Developer\ Projects/Phone\ in\ the\ Other\ Room/PhoneInTheOtherRoomApp/ViewModels/NightFlockViewModel+Campfire.swift (in target 'PhoneInTheOtherRoom' from project 'PhoneInTheOtherRoom')
    cd /Users/ngawangchime/Desktop/Developer\ Projects/Phone\ in\ the\ Other\ Room
    

SwiftCompile normal arm64 Compiling\ Campfire.swift,\ CampfireViews.swift /Users/ngawangchime/Desktop/Developer\ Projects/Phone\ in\ the\ Other\ Room/Shared/Campfire.swift /Users/ngawangchime/Desktop/Developer\ Projects/Phone\ in\ the\ Other\ Room/PhoneInTheOtherRoomApp/Views/NightFlock/CampfireViews.swift (in target 'PhoneInTheOtherRoom' from project 'PhoneInTheOtherRoom')

SwiftCompile normal arm64 /Users/ngawangchime/Desktop/Developer\ Projects/Phone\ in\ the\ Other\ Room/Shared/Campfire.swift (in target 'PhoneInTheOtherRoom' from project 'PhoneInTheOtherRoom')
    cd /Users/ngawangchime/Desktop/Developer\ Projects/Phone\ in\ the\ Other\ Room
    
/Users/ngawangchime/Desktop/Developer Projects/Phone in the Other Room/Shared/Campfire.swift:87:9: warning: default will never be executed
        default: return nil
        ^

SwiftCompile normal arm64 /Users/ngawangchime/Desktop/Developer\ Projects/Phone\ in\ the\ Other\ Room/PhoneInTheOtherRoomApp/Views/NightFlock/CampfireViews.swift (in target 'PhoneInTheOtherRoom' from project 'PhoneInTheOtherRoom')
    cd /Users/ngawangchime/Desktop/Developer\ Projects/Phone\ in\ the\ Other\ Room
    

SwiftEmitModule normal arm64 Emitting\ module\ for\ Counting_Sheep (in target 'PhoneInTheOtherRoom' from project 'PhoneInTheOtherRoom')
EmitSwiftModule normal arm64 (in target 'PhoneInTheOtherRoom' from project 'PhoneInTheOtherRoom')
    cd /Users/ngawangchime/Desktop/Developer\ Projects/Phone\ in\ the\ Other\ Room
    
/Users/ngawangchime/Desktop/Developer Projects/Phone in the Other Room/PhoneInTheOtherRoomApp/Services/FarmBackupService.swift:57:25: warning: 'init(url:schema:headers:fetch:encoder:decoder:)' is deprecated: Replace usages of this initializer with new init(url:schema:headers:logger:fetch:encoder:decoder:)
        let transport = PostgrestClient(url: configuration.url.appendingPathComponent("rest/v1"),
                        ^

SwiftCompile normal arm64 Compiling\ WindDownStartSheet.swift /Users/ngawangchime/Desktop/Developer\ Projects/Phone\ in\ the\ Other\ Room/PhoneInTheOtherRoomApp/Views/Components/WindDownStartSheet.swift (in target 'PhoneInTheOtherRoom' from project 'PhoneInTheOtherRoom')

SwiftCompile normal arm64 /Users/ngawangchime/Desktop/Developer\ Projects/Phone\ in\ the\ Other\ Room/PhoneInTheOtherRoomApp/Views/Components/WindDownStartSheet.swift (in target 'PhoneInTheOtherRoom' from project 'PhoneInTheOtherRoom')
    cd /Users/ngawangchime/Desktop/Developer\ Projects/Phone\ in\ the\ Other\ Room
    

SwiftCompile normal arm64 Compiling\ SlumberPartySharedFarmFixtures.swift,\ SlumberPartyV4PartyDetailView.swift /Users/ngawangchime/Desktop/Developer\ Projects/Phone\ in\ the\ Other\ Room/PhoneInTheOtherRoomApp/Views/NightFlock/SlumberPartySharedFarmFixtures.swift /Users/ngawangchime/Desktop/Developer\ Projects/Phone\ in\ the\ Other\ Room/PhoneInTheOtherRoomApp/Views/NightFlock/SlumberPartyV4PartyDetailView.swift (in target 'PhoneInTheOtherRoom' from project 'PhoneInTheOtherRoom')

SwiftCompile normal arm64 /Users/ngawangchime/Desktop/Developer\ Projects/Phone\ in\ the\ Other\ Room/PhoneInTheOtherRoomApp/Views/NightFlock/SlumberPartySharedFarmFixtures.swift (in target 'PhoneInTheOtherRoom' from project 'PhoneInTheOtherRoom')
    cd /Users/ngawangchime/Desktop/Developer\ Projects/Phone\ in\ the\ Other\ Room
    

SwiftCompile normal arm64 /Users/ngawangchime/Desktop/Developer\ Projects/Phone\ in\ the\ Other\ Room/PhoneInTheOtherRoomApp/Views/NightFlock/SlumberPartyV4PartyDetailView.swift (in target 'PhoneInTheOtherRoom' from project 'PhoneInTheOtherRoom')
    cd /Users/ngawangchime/Desktop/Developer\ Projects/Phone\ in\ the\ Other\ Room
    

SwiftCompile normal arm64 Compiling\ NightFlockViewModel+Pasture.swift,\ NightFlockViewModel+V4.swift /Users/ngawangchime/Desktop/Developer\ Projects/Phone\ in\ the\ Other\ Room/PhoneInTheOtherRoomApp/ViewModels/NightFlockViewModel+Pasture.swift /Users/ngawangchime/Desktop/Developer\ Projects/Phone\ in\ the\ Other\ Room/PhoneInTheOtherRoomApp/ViewModels/NightFlockViewModel+V4.swift (in target 'PhoneInTheOtherRoom' from project 'PhoneInTheOtherRoom')

SwiftCompile normal arm64 /Users/ngawangchime/Desktop/Developer\ Projects/Phone\ in\ the\ Other\ Room/PhoneInTheOtherRoomApp/ViewModels/NightFlockViewModel+Pasture.swift (in target 'PhoneInTheOtherRoom' from project 'PhoneInTheOtherRoom')
    cd /Users/ngawangchime/Desktop/Developer\ Projects/Phone\ in\ the\ Other\ Room
    

SwiftCompile normal arm64 /Users/ngawangchime/Desktop/Developer\ Projects/Phone\ in\ the\ Other\ Room/PhoneInTheOtherRoomApp/ViewModels/NightFlockViewModel+V4.swift (in target 'PhoneInTheOtherRoom' from project 'PhoneInTheOtherRoom')
    cd /Users/ngawangchime/Desktop/Developer\ Projects/Phone\ in\ the\ Other\ Room
    

SwiftEmitModule normal x86_64 Emitting\ module\ for\ Counting_Sheep (in target 'PhoneInTheOtherRoom' from project 'PhoneInTheOtherRoom')
EmitSwiftModule normal x86_64 (in target 'PhoneInTheOtherRoom' from project 'PhoneInTheOtherRoom')
    cd /Users/ngawangchime/Desktop/Developer\ Projects/Phone\ in\ the\ Other\ Room
    
/Users/ngawangchime/Desktop/Developer Projects/Phone in the Other Room/PhoneInTheOtherRoomApp/Services/FarmBackupService.swift:57:25: warning: 'init(url:schema:headers:fetch:encoder:decoder:)' is deprecated: Replace usages of this initializer with new init(url:schema:headers:logger:fetch:encoder:decoder:)
        let transport = PostgrestClient(url: configuration.url.appendingPathComponent("rest/v1"),
                        ^

SwiftDriverJobDiscovery normal arm64 Compiling NightFlockViewModel+Pasture.swift, NightFlockViewModel+V4.swift (in target 'PhoneInTheOtherRoom' from project 'PhoneInTheOtherRoom')

SwiftCompile normal x86_64 Compiling\ NightFlockViewModel.swift,\ NightWatch.swift /Users/ngawangchime/Desktop/Developer\ Projects/Phone\ in\ the\ Other\ Room/PhoneInTheOtherRoomApp/ViewModels/NightFlockViewModel.swift /Users/ngawangchime/Desktop/Developer\ Projects/Phone\ in\ the\ Other\ Room/Shared/NightWatch.swift (in target 'PhoneInTheOtherRoom' from project 'PhoneInTheOtherRoom')

SwiftCompile normal x86_64 /Users/ngawangchime/Desktop/Developer\ Projects/Phone\ in\ the\ Other\ Room/PhoneInTheOtherRoomApp/ViewModels/NightFlockViewModel.swift (in target 'PhoneInTheOtherRoom' from project 'PhoneInTheOtherRoom')
    cd /Users/ngawangchime/Desktop/Developer\ Projects/Phone\ in\ the\ Other\ Room
    
/Users/ngawangchime/Desktop/Developer Projects/Phone in the Other Room/PhoneInTheOtherRoomApp/ViewModels/NightFlockViewModel.swift:640:23: warning: result of call to 'refreshState(showLoading:)' is unused
                await refreshState(showLoading: false)
                      ^           ~~~~~~~~~~~~~~~~~~~~
/Users/ngawangchime/Desktop/Developer Projects/Phone in the Other Room/PhoneInTheOtherRoomApp/ViewModels/NightFlockViewModel.swift:657:19: warning: result of call to 'refreshState(showLoading:)' is unused
            await refreshState(showLoading: false)
                  ^           ~~~~~~~~~~~~~~~~~~~~
/Users/ngawangchime/Desktop/Developer Projects/Phone in the Other Room/PhoneInTheOtherRoomApp/ViewModels/NightFlockViewModel.swift:1648:15: warning: result of call to 'refreshState(showLoading:)' is unused
        await refreshState(showLoading: true)
              ^           ~~~~~~~~~~~~~~~~~~~

SwiftCompile normal x86_64 /Users/ngawangchime/Desktop/Developer\ Projects/Phone\ in\ the\ Other\ Room/Shared/NightWatch.swift (in target 'PhoneInTheOtherRoom' from project 'PhoneInTheOtherRoom')
    cd /Users/ngawangchime/Desktop/Developer\ Projects/Phone\ in\ the\ Other\ Room
    

SwiftDriverJobDiscovery normal arm64 Compiling NightFlockViewModel.swift, NightWatch.swift (in target 'PhoneInTheOtherRoom' from project 'PhoneInTheOtherRoom')

SwiftCompile normal arm64 Compiling\ NightFlockPresentation.swift,\ NightFlockSharedHabits.swift,\ NightJourneyProgress.swift,\ NightWatchHistory.swift,\ NightWatchUsageMonitoringService.swift,\ NightsHistorySummary.swift /Users/ngawangchime/Desktop/Developer\ Projects/Phone\ in\ the\ Other\ Room/Shared/NightFlockPresentation.swift /Users/ngawangchime/Desktop/Developer\ Projects/Phone\ in\ the\ Other\ Room/Shared/NightFlockSharedHabits.swift /Users/ngawangchime/Desktop/Developer\ Projects/Phone\ in\ the\ Other\ Room/Shared/NightJourneyProgress.swift /Users/ngawangchime/Desktop/Developer\ Projects/Phone\ in\ the\ Other\ Room/Shared/NightWatchHistory.swift /Users/ngawangchime/Desktop/Developer\ Projects/Phone\ in\ the\ Other\ Room/PhoneInTheOtherRoomApp/Services/NightWatchUsageMonitoringService.swift /Users/ngawangchime/Desktop/Developer\ Projects/Phone\ in\ the\ Other\ Room/Shared/NightsHistorySummary.swift (in target 'PhoneInTheOtherRoom' from project 'PhoneInTheOtherRoom')

SwiftCompile normal arm64 /Users/ngawangchime/Desktop/Developer\ Projects/Phone\ in\ the\ Other\ Room/Shared/NightFlockPresentation.swift (in target 'PhoneInTheOtherRoom' from project 'PhoneInTheOtherRoom')
    cd /Users/ngawangchime/Desktop/Developer\ Projects/Phone\ in\ the\ Other\ Room
    

SwiftCompile normal arm64 /Users/ngawangchime/Desktop/Developer\ Projects/Phone\ in\ the\ Other\ Room/Shared/NightFlockSharedHabits.swift (in target 'PhoneInTheOtherRoom' from project 'PhoneInTheOtherRoom')
    cd /Users/ngawangchime/Desktop/Developer\ Projects/Phone\ in\ the\ Other\ Room
    

SwiftCompile normal arm64 /Users/ngawangchime/Desktop/Developer\ Projects/Phone\ in\ the\ Other\ Room/Shared/NightJourneyProgress.swift (in target 'PhoneInTheOtherRoom' from project 'PhoneInTheOtherRoom')
    cd /Users/ngawangchime/Desktop/Developer\ Projects/Phone\ in\ the\ Other\ Room
    

SwiftCompile normal arm64 /Users/ngawangchime/Desktop/Developer\ Projects/Phone\ in\ the\ Other\ Room/Shared/NightWatchHistory.swift (in target 'PhoneInTheOtherRoom' from project 'PhoneInTheOtherRoom')
    cd /Users/ngawangchime/Desktop/Developer\ Projects/Phone\ in\ the\ Other\ Room
    

SwiftCompile normal arm64 /Users/ngawangchime/Desktop/Developer\ Projects/Phone\ in\ the\ Other\ Room/PhoneInTheOtherRoomApp/Services/NightWatchUsageMonitoringService.swift (in target 'PhoneInTheOtherRoom' from project 'PhoneInTheOtherRoom')
    cd /Users/ngawangchime/Desktop/Developer\ Projects/Phone\ in\ the\ Other\ Room
    

SwiftCompile normal arm64 /Users/ngawangchime/Desktop/Developer\ Projects/Phone\ in\ the\ Other\ Room/Shared/NightsHistorySummary.swift (in target 'PhoneInTheOtherRoom' from project 'PhoneInTheOtherRoom')
    cd /Users/ngawangchime/Desktop/Developer\ Projects/Phone\ in\ the\ Other\ Room
    

SwiftDriverJobDiscovery normal arm64 Compiling FocusRunViewModel.swift, NightFlockViewModel+Campfire.swift (in target 'PhoneInTheOtherRoom' from project 'PhoneInTheOtherRoom')

SwiftCompile normal x86_64 Compiling\ Campfire.swift,\ CampfireViews.swift /Users/ngawangchime/Desktop/Developer\ Projects/Phone\ in\ the\ Other\ Room/Shared/Campfire.swift /Users/ngawangchime/Desktop/Developer\ Projects/Phone\ in\ the\ Other\ Room/PhoneInTheOtherRoomApp/Views/NightFlock/CampfireViews.swift (in target 'PhoneInTheOtherRoom' from project 'PhoneInTheOtherRoom')

SwiftCompile normal x86_64 /Users/ngawangchime/Desktop/Developer\ Projects/Phone\ in\ the\ Other\ Room/Shared/Campfire.swift (in target 'PhoneInTheOtherRoom' from project 'PhoneInTheOtherRoom')
    cd /Users/ngawangchime/Desktop/Developer\ Projects/Phone\ in\ the\ Other\ Room
    
/Users/ngawangchime/Desktop/Developer Projects/Phone in the Other Room/Shared/Campfire.swift:87:9: warning: default will never be executed
        default: return nil
        ^

SwiftCompile normal x86_64 /Users/ngawangchime/Desktop/Developer\ Projects/Phone\ in\ the\ Other\ Room/PhoneInTheOtherRoomApp/Views/NightFlock/CampfireViews.swift (in target 'PhoneInTheOtherRoom' from project 'PhoneInTheOtherRoom')
    cd /Users/ngawangchime/Desktop/Developer\ Projects/Phone\ in\ the\ Other\ Room
    

SwiftDriverJobDiscovery normal arm64 Compiling SlumberPartySharedFarmFixtures.swift, SlumberPartyV4PartyDetailView.swift (in target 'PhoneInTheOtherRoom' from project 'PhoneInTheOtherRoom')

SwiftCompile normal arm64 Compiling\ OllieWardrobePreview.swift,\ OnboardingAccountStepView.swift,\ OnboardingComponents.swift,\ OnboardingFlowView.swift,\ OnboardingPersonalizationView.swift,\ OnboardingProfileStepView.swift,\ OnboardingProtectionStepView.swift,\ OnboardingQuietStepView.swift,\ OnboardingReadyStepView.swift,\ OnboardingRecommendationStepView.swift,\ OnboardingScheduleStepView.swift,\ OnboardingWelcomeStepView.swift,\ OrientationTourOverlay.swift,\ PaperFarmObjectView.swift,\ PhoneBedTagEditorViews.swift,\ PhoneInTheOtherRoomApp.swift,\ PixelHomeDashboard.swift /Users/ngawangchime/Desktop/Developer\ Projects/Phone\ in\ the\ Other\ Room/PhoneInTheOtherRoomApp/Views/Components/OllieWardrobePreview.swift /Users/ngawangchime/Desktop/Developer\ Projects/Phone\ in\ the\ Other\ Room/PhoneInTheOtherRoomApp/Views/Onboarding/OnboardingAccountStepView.swift /Users/ngawangchime/Desktop/Developer\ Projects/Phone\ in\ the\ Other\ Room/PhoneInTheOtherRoomApp/Views/Onboarding/OnboardingComponents.swift /Users/ngawangchime/Desktop/Developer\ Projects/Phone\ in\ the\ Other\ Room/PhoneInTheOtherRoomApp/Views/Onboarding/OnboardingFlowView.swift /Users/ngawangchime/Desktop/Developer\ Projects/Phone\ in\ the\ Other\ Room/PhoneInTheOtherRoomApp/Views/Onboarding/OnboardingPersonalizationView.swift /Users/ngawangchime/Desktop/Developer\ Projects/Phone\ in\ the\ Other\ Room/PhoneInTheOtherRoomApp/Views/Onboarding/OnboardingProfileStepView.swift /Users/ngawangchime/Desktop/Developer\ Projects/Phone\ in\ the\ Other\ Room/PhoneInTheOtherRoomApp/Views/Onboarding/OnboardingProtectionStepView.swift /Users/ngawangchime/Desktop/Developer\ Projects/Phone\ in\ the\ Other\ Room/PhoneInTheOtherRoomApp/Views/Onboarding/OnboardingQuietStepView.swift /Users/ngawangchime/Desktop/Developer\ Projects/Phone\ in\ the\ Other\ Room/PhoneInTheOtherRoomApp/Views/Onboarding/OnboardingReadyStepView.swift /Users/ngawangchime/Desktop/Developer\ Projects/Phone\ in\ the\ Other\ Room/PhoneInTheOtherRoomApp/Views/Onboarding/OnboardingRecommendationStepView.swift /Users/ngawangchime/Desktop/Developer\ Projects/Phone\ in\ the\ Other\ Room/PhoneInTheOtherRoomApp/Views/Onboarding/OnboardingScheduleStepView.swift /Users/ngawangchime/Desktop/Developer\ Projects/Phone\ in\ the\ Other\ Room/PhoneInTheOtherRoomApp/Views/Onboarding/OnboardingWelcomeStepView.swift /Users/ngawangchime/Desktop/Developer\ Projects/Phone\ in\ the\ Other\ Room/PhoneInTheOtherRoomApp/Views/Components/OrientationTourOverlay.swift /Users/ngawangchime/Desktop/Developer\ Projects/Phone\ in\ the\ Other\ Room/PhoneInTheOtherRoomApp/Views/Components/PaperFarmObjectView.swift /Users/ngawangchime/Desktop/Developer\ Projects/Phone\ in\ the\ Other\ Room/PhoneInTheOtherRoomApp/Views/Components/PhoneBedTagEditorViews.swift /Users/ngawangchime/Desktop/Developer\ Projects/Phone\ in\ the\ Other\ Room/PhoneInTheOtherRoomApp/App/PhoneInTheOtherRoomApp.swift /Users/ngawangchime/Desktop/Developer\ Projects/Phone\ in\ the\ Other\ Room/PhoneInTheOtherRoomApp/Views/PixelHomeDashboard.swift (in target 'PhoneInTheOtherRoom' from project 'PhoneInTheOtherRoom')
SwiftCompile normal arm64 /Users/ngawangchime/Desktop/Developer\ Projects/Phone\ in\ the\ Other\ Room/PhoneInTheOtherRoomApp/Views/Components/OllieWardrobePreview.swift (in target 'PhoneInTheOtherRoom' from project 'PhoneInTheOtherRoom')
    cd /Users/ngawangchime/Desktop/Developer\ Projects/Phone\ in\ the\ Other\ Room
    

SwiftCompile normal arm64 /Users/ngawangchime/Desktop/Developer\ Projects/Phone\ in\ the\ Other\ Room/PhoneInTheOtherRoomApp/Views/Onboarding/OnboardingAccountStepView.swift (in target 'PhoneInTheOtherRoom' from project 'PhoneInTheOtherRoom')
    cd /Users/ngawangchime/Desktop/Developer\ Projects/Phone\ in\ the\ Other\ Room
    

SwiftCompile normal arm64 /Users/ngawangchime/Desktop/Developer\ Projects/Phone\ in\ the\ Other\ Room/PhoneInTheOtherRoomApp/Views/Onboarding/OnboardingComponents.swift (in target 'PhoneInTheOtherRoom' from project 'PhoneInTheOtherRoom')
    cd /Users/ngawangchime/Desktop/Developer\ Projects/Phone\ in\ the\ Other\ Room
    

SwiftCompile normal arm64 /Users/ngawangchime/Desktop/Developer\ Projects/Phone\ in\ the\ Other\ Room/PhoneInTheOtherRoomApp/Views/Onboarding/OnboardingFlowView.swift (in target 'PhoneInTheOtherRoom' from project 'PhoneInTheOtherRoom')
    cd /Users/ngawangchime/Desktop/Developer\ Projects/Phone\ in\ the\ Other\ Room
    

SwiftCompile normal arm64 /Users/ngawangchime/Desktop/Developer\ Projects/Phone\ in\ the\ Other\ Room/PhoneInTheOtherRoomApp/Views/Onboarding/OnboardingPersonalizationView.swift (in target 'PhoneInTheOtherRoom' from project 'PhoneInTheOtherRoom')
    cd /Users/ngawangchime/Desktop/Developer\ Projects/Phone\ in\ the\ Other\ Room
    

SwiftCompile normal arm64 /Users/ngawangchime/Desktop/Developer\ Projects/Phone\ in\ the\ Other\ Room/PhoneInTheOtherRoomApp/Views/Onboarding/OnboardingProfileStepView.swift (in target 'PhoneInTheOtherRoom' from project 'PhoneInTheOtherRoom')
    cd /Users/ngawangchime/Desktop/Developer\ Projects/Phone\ in\ the\ Other\ Room
    

SwiftCompile normal arm64 /Users/ngawangchime/Desktop/Developer\ Projects/Phone\ in\ the\ Other\ Room/PhoneInTheOtherRoomApp/Views/Onboarding/OnboardingProtectionStepView.swift (in target 'PhoneInTheOtherRoom' from project 'PhoneInTheOtherRoom')
    cd /Users/ngawangchime/Desktop/Developer\ Projects/Phone\ in\ the\ Other\ Room
    

SwiftCompile normal arm64 /Users/ngawangchime/Desktop/Developer\ Projects/Phone\ in\ the\ Other\ Room/PhoneInTheOtherRoomApp/Views/Onboarding/OnboardingQuietStepView.swift (in target 'PhoneInTheOtherRoom' from project 'PhoneInTheOtherRoom')
    cd /Users/ngawangchime/Desktop/Developer\ Projects/Phone\ in\ the\ Other\ Room
    

SwiftCompile normal arm64 /Users/ngawangchime/Desktop/Developer\ Projects/Phone\ in\ the\ Other\ Room/PhoneInTheOtherRoomApp/Views/Onboarding/OnboardingReadyStepView.swift (in target 'PhoneInTheOtherRoom' from project 'PhoneInTheOtherRoom')
    cd /Users/ngawangchime/Desktop/Developer\ Projects/Phone\ in\ the\ Other\ Room
    

SwiftCompile normal arm64 /Users/ngawangchime/Desktop/Developer\ Projects/Phone\ in\ the\ Other\ Room/PhoneInTheOtherRoomApp/Views/Onboarding/OnboardingRecommendationStepView.swift (in target 'PhoneInTheOtherRoom' from project 'PhoneInTheOtherRoom')
    cd /Users/ngawangchime/Desktop/Developer\ Projects/Phone\ in\ the\ Other\ Room
    

SwiftCompile normal arm64 /Users/ngawangchime/Desktop/Developer\ Projects/Phone\ in\ the\ Other\ Room/PhoneInTheOtherRoomApp/Views/Onboarding/OnboardingScheduleStepView.swift (in target 'PhoneInTheOtherRoom' from project 'PhoneInTheOtherRoom')
    cd /Users/ngawangchime/Desktop/Developer\ Projects/Phone\ in\ the\ Other\ Room
    

SwiftCompile normal arm64 /Users/ngawangchime/Desktop/Developer\ Projects/Phone\ in\ the\ Other\ Room/PhoneInTheOtherRoomApp/Views/Onboarding/OnboardingWelcomeStepView.swift (in target 'PhoneInTheOtherRoom' from project 'PhoneInTheOtherRoom')
    cd /Users/ngawangchime/Desktop/Developer\ Projects/Phone\ in\ the\ Other\ Room
    

SwiftCompile normal arm64 /Users/ngawangchime/Desktop/Developer\ Projects/Phone\ in\ the\ Other\ Room/PhoneInTheOtherRoomApp/Views/Components/OrientationTourOverlay.swift (in target 'PhoneInTheOtherRoom' from project 'PhoneInTheOtherRoom')
    cd /Users/ngawangchime/Desktop/Developer\ Projects/Phone\ in\ the\ Other\ Room
    

SwiftCompile normal arm64 /Users/ngawangchime/Desktop/Developer\ Projects/Phone\ in\ the\ Other\ Room/PhoneInTheOtherRoomApp/Views/Components/PaperFarmObjectView.swift (in target 'PhoneInTheOtherRoom' from project 'PhoneInTheOtherRoom')
    cd /Users/ngawangchime/Desktop/Developer\ Projects/Phone\ in\ the\ Other\ Room
    

SwiftCompile normal arm64 /Users/ngawangchime/Desktop/Developer\ Projects/Phone\ in\ the\ Other\ Room/PhoneInTheOtherRoomApp/Views/Components/PhoneBedTagEditorViews.swift (in target 'PhoneInTheOtherRoom' from project 'PhoneInTheOtherRoom')
    cd /Users/ngawangchime/Desktop/Developer\ Projects/Phone\ in\ the\ Other\ Room
    

SwiftCompile normal arm64 /Users/ngawangchime/Desktop/Developer\ Projects/Phone\ in\ the\ Other\ Room/PhoneInTheOtherRoomApp/App/PhoneInTheOtherRoomApp.swift (in target 'PhoneInTheOtherRoom' from project 'PhoneInTheOtherRoom')
    cd /Users/ngawangchime/Desktop/Developer\ Projects/Phone\ in\ the\ Other\ Room
    

SwiftCompile normal arm64 /Users/ngawangchime/Desktop/Developer\ Projects/Phone\ in\ the\ Other\ Room/PhoneInTheOtherRoomApp/Views/PixelHomeDashboard.swift (in target 'PhoneInTheOtherRoom' from project 'PhoneInTheOtherRoom')
    cd /Users/ngawangchime/Desktop/Developer\ Projects/Phone\ in\ the\ Other\ Room
    

SwiftDriverJobDiscovery normal arm64 Compiling WindDownStartSheet.swift (in target 'PhoneInTheOtherRoom' from project 'PhoneInTheOtherRoom')

SwiftCompile normal arm64 Compiling\ NotificationPlanning.swift,\ OllieModels.swift,\ OnboardingJourney.swift,\ PersistenceService.swift,\ PhoneAwaySearchSettlement.swift,\ PhoneNotificationService.swift /Users/ngawangchime/Desktop/Developer\ Projects/Phone\ in\ the\ Other\ Room/Shared/NotificationPlanning.swift /Users/ngawangchime/Desktop/Developer\ Projects/Phone\ in\ the\ Other\ Room/Shared/Models/OllieModels.swift /Users/ngawangchime/Desktop/Developer\ Projects/Phone\ in\ the\ Other\ Room/Shared/OnboardingJourney.swift /Users/ngawangchime/Desktop/Developer\ Projects/Phone\ in\ the\ Other\ Room/PhoneInTheOtherRoomApp/Services/PersistenceService.swift /Users/ngawangchime/Desktop/Developer\ Projects/Phone\ in\ the\ Other\ Room/Shared/PhoneAwaySearchSettlement.swift /Users/ngawangchime/Desktop/Developer\ Projects/Phone\ in\ the\ Other\ Room/PhoneInTheOtherRoomApp/Services/PhoneNotificationService.swift (in target 'PhoneInTheOtherRoom' from project 'PhoneInTheOtherRoom')

SwiftCompile normal arm64 /Users/ngawangchime/Desktop/Developer\ Projects/Phone\ in\ the\ Other\ Room/Shared/NotificationPlanning.swift (in target 'PhoneInTheOtherRoom' from project 'PhoneInTheOtherRoom')
    cd /Users/ngawangchime/Desktop/Developer\ Projects/Phone\ in\ the\ Other\ Room
    

SwiftCompile normal arm64 /Users/ngawangchime/Desktop/Developer\ Projects/Phone\ in\ the\ Other\ Room/Shared/Models/OllieModels.swift (in target 'PhoneInTheOtherRoom' from project 'PhoneInTheOtherRoom')
    cd /Users/ngawangchime/Desktop/Developer\ Projects/Phone\ in\ the\ Other\ Room
    

SwiftCompile normal arm64 /Users/ngawangchime/Desktop/Developer\ Projects/Phone\ in\ the\ Other\ Room/Shared/OnboardingJourney.swift (in target 'PhoneInTheOtherRoom' from project 'PhoneInTheOtherRoom')
    cd /Users/ngawangchime/Desktop/Developer\ Projects/Phone\ in\ the\ Other\ Room
    

SwiftCompile normal arm64 /Users/ngawangchime/Desktop/Developer\ Projects/Phone\ in\ the\ Other\ Room/PhoneInTheOtherRoomApp/Services/PersistenceService.swift (in target 'PhoneInTheOtherRoom' from project 'PhoneInTheOtherRoom')
    cd /Users/ngawangchime/Desktop/Developer\ Projects/Phone\ in\ the\ Other\ Room
    

SwiftCompile normal arm64 /Users/ngawangchime/Desktop/Developer\ Projects/Phone\ in\ the\ Other\ Room/Shared/PhoneAwaySearchSettlement.swift (in target 'PhoneInTheOtherRoom' from project 'PhoneInTheOtherRoom')
    cd /Users/ngawangchime/Desktop/Developer\ Projects/Phone\ in\ the\ Other\ Room
    

SwiftCompile normal arm64 /Users/ngawangchime/Desktop/Developer\ Projects/Phone\ in\ the\ Other\ Room/PhoneInTheOtherRoomApp/Services/PhoneNotificationService.swift (in target 'PhoneInTheOtherRoom' from project 'PhoneInTheOtherRoom')
    cd /Users/ngawangchime/Desktop/Developer\ Projects/Phone\ in\ the\ Other\ Room
    

SwiftDriverJobDiscovery normal arm64 Compiling Campfire.swift, CampfireViews.swift (in target 'PhoneInTheOtherRoom' from project 'PhoneInTheOtherRoom')

SwiftCompile normal arm64 Compiling\ ShepherdNameCard.swift,\ SlumberPartyFriendCardView.swift,\ SlumberPartyGroupStreamView.swift,\ SlumberPartyHomeSection.swift,\ SlumberPartyReceivedCheersSection.swift,\ SlumberPartySharedFarmView.swift,\ SlumberPartySharedHabitsConsentDisclosure.swift,\ SlumberPartySharedHabitsSummaryViews.swift,\ SlumberPartySharedHabitsViews.swift,\ SlumberPartySharedMeadowView.swift,\ SlumberPartySocialAvatar.swift,\ SlumberPartyUpdateCheerReceiptsView.swift,\ SlumberPartyV4GroupDetailsView.swift,\ SlumberPartyV4ListView.swift,\ SlumberPartyV4MembershipActivitiesSection.swift,\ SlumberPartyV4Previews.swift,\ TrailBoardView.swift /Users/ngawangchime/Desktop/Developer\ Projects/Phone\ in\ the\ Other\ Room/PhoneInTheOtherRoomApp/Views/ShepherdNameCard.swift /Users/ngawangchime/Desktop/Developer\ Projects/Phone\ in\ the\ Other\ Room/PhoneInTheOtherRoomApp/Views/NightFlock/SlumberPartyFriendCardView.swift /Users/ngawangchime/Desktop/Developer\ Projects/Phone\ in\ the\ Other\ Room/PhoneInTheOtherRoomApp/Views/NightFlock/SlumberPartyGroupStreamView.swift /Users/ngawangchime/Desktop/Developer\ Projects/Phone\ in\ the\ Other\ Room/PhoneInTheOtherRoomApp/Views/Components/SlumberPartyHomeSection.swift /Users/ngawangchime/Desktop/Developer\ Projects/Phone\ in\ the\ Other\ Room/PhoneInTheOtherRoomApp/Views/NightFlock/SlumberPartyReceivedCheersSection.swift /Users/ngawangchime/Desktop/Developer\ Projects/Phone\ in\ the\ Other\ Room/PhoneInTheOtherRoomApp/Views/NightFlock/SlumberPartySharedFarmView.swift /Users/ngawangchime/Desktop/Developer\ Projects/Phone\ in\ the\ Other\ Room/PhoneInTheOtherRoomApp/Views/NightFlock/SlumberPartySharedHabitsConsentDisclosure.swift /Users/ngawangchime/Desktop/Developer\ Projects/Phone\ in\ the\ Other\ Room/PhoneInTheOtherRoomApp/Views/NightFlock/SlumberPartySharedHabitsSummaryViews.swift /Users/ngawangchime/Desktop/Developer\ Projects/Phone\ in\ the\ Other\ Room/PhoneInTheOtherRoomApp/Views/NightFlock/SlumberPartySharedHabitsViews.swift /Users/ngawangchime/Desktop/Developer\ Projects/Phone\ in\ the\ Other\ Room/PhoneInTheOtherRoomApp/Views/NightFlock/SlumberPartySharedMeadowView.swift /Users/ngawangchime/Desktop/Developer\ Projects/Phone\ in\ the\ Other\ Room/PhoneInTheOtherRoomApp/Views/NightFlock/SlumberPartySocialAvatar.swift /Users/ngawangchime/Desktop/Developer\ Projects/Phone\ in\ the\ Other\ Room/PhoneInTheOtherRoomApp/Views/NightFlock/SlumberPartyUpdateCheerReceiptsView.swift /Users/ngawangchime/Desktop/Developer\ Projects/Phone\ in\ the\ Other\ Room/PhoneInTheOtherRoomApp/Views/NightFlock/SlumberPartyV4GroupDetailsView.swift /Users/ngawangchime/Desktop/Developer\ Projects/Phone\ in\ the\ Other\ Room/PhoneInTheOtherRoomApp/Views/NightFlock/SlumberPartyV4ListView.swift /Users/ngawangchime/Desktop/Developer\ Projects/Phone\ in\ the\ Other\ Room/PhoneInTheOtherRoomApp/Views/NightFlock/SlumberPartyV4MembershipActivitiesSection.swift /Users/ngawangchime/Desktop/Developer\ Projects/Phone\ in\ the\ Other\ Room/PhoneInTheOtherRoomApp/Views/NightFlock/SlumberPartyV4Previews.swift /Users/ngawangchime/Desktop/Developer\ Projects/Phone\ in\ the\ Other\ Room/PhoneInTheOtherRoomApp/Views/TrailBoardView.swift (in target 'PhoneInTheOtherRoom' from project 'PhoneInTheOtherRoom')
SwiftCompile normal arm64 /Users/ngawangchime/Desktop/Developer\ Projects/Phone\ in\ the\ Other\ Room/PhoneInTheOtherRoomApp/Views/ShepherdNameCard.swift (in target 'PhoneInTheOtherRoom' from project 'PhoneInTheOtherRoom')
    cd /Users/ngawangchime/Desktop/Developer\ Projects/Phone\ in\ the\ Other\ Room
    

SwiftCompile normal arm64 /Users/ngawangchime/Desktop/Developer\ Projects/Phone\ in\ the\ Other\ Room/PhoneInTheOtherRoomApp/Views/NightFlock/SlumberPartyFriendCardView.swift (in target 'PhoneInTheOtherRoom' from project 'PhoneInTheOtherRoom')
    cd /Users/ngawangchime/Desktop/Developer\ Projects/Phone\ in\ the\ Other\ Room
    

SwiftCompile normal arm64 /Users/ngawangchime/Desktop/Developer\ Projects/Phone\ in\ the\ Other\ Room/PhoneInTheOtherRoomApp/Views/NightFlock/SlumberPartyGroupStreamView.swift (in target 'PhoneInTheOtherRoom' from project 'PhoneInTheOtherRoom')
    cd /Users/ngawangchime/Desktop/Developer\ Projects/Phone\ in\ the\ Other\ Room
    

SwiftCompile normal arm64 /Users/ngawangchime/Desktop/Developer\ Projects/Phone\ in\ the\ Other\ Room/PhoneInTheOtherRoomApp/Views/Components/SlumberPartyHomeSection.swift (in target 'PhoneInTheOtherRoom' from project 'PhoneInTheOtherRoom')
    cd /Users/ngawangchime/Desktop/Developer\ Projects/Phone\ in\ the\ Other\ Room
    

SwiftCompile normal arm64 /Users/ngawangchime/Desktop/Developer\ Projects/Phone\ in\ the\ Other\ Room/PhoneInTheOtherRoomApp/Views/NightFlock/SlumberPartyReceivedCheersSection.swift (in target 'PhoneInTheOtherRoom' from project 'PhoneInTheOtherRoom')
    cd /Users/ngawangchime/Desktop/Developer\ Projects/Phone\ in\ the\ Other\ Room
    

SwiftCompile normal arm64 /Users/ngawangchime/Desktop/Developer\ Projects/Phone\ in\ the\ Other\ Room/PhoneInTheOtherRoomApp/Views/NightFlock/SlumberPartySharedFarmView.swift (in target 'PhoneInTheOtherRoom' from project 'PhoneInTheOtherRoom')
    cd /Users/ngawangchime/Desktop/Developer\ Projects/Phone\ in\ the\ Other\ Room
    

SwiftCompile normal arm64 /Users/ngawangchime/Desktop/Developer\ Projects/Phone\ in\ the\ Other\ Room/PhoneInTheOtherRoomApp/Views/NightFlock/SlumberPartySharedHabitsConsentDisclosure.swift (in target 'PhoneInTheOtherRoom' from project 'PhoneInTheOtherRoom')
    cd /Users/ngawangchime/Desktop/Developer\ Projects/Phone\ in\ the\ Other\ Room
    

SwiftCompile normal arm64 /Users/ngawangchime/Desktop/Developer\ Projects/Phone\ in\ the\ Other\ Room/PhoneInTheOtherRoomApp/Views/NightFlock/SlumberPartySharedHabitsSummaryViews.swift (in target 'PhoneInTheOtherRoom' from project 'PhoneInTheOtherRoom')
    cd /Users/ngawangchime/Desktop/Developer\ Projects/Phone\ in\ the\ Other\ Room
    

SwiftCompile normal arm64 /Users/ngawangchime/Desktop/Developer\ Projects/Phone\ in\ the\ Other\ Room/PhoneInTheOtherRoomApp/Views/NightFlock/SlumberPartySharedHabitsViews.swift (in target 'PhoneInTheOtherRoom' from project 'PhoneInTheOtherRoom')
    cd /Users/ngawangchime/Desktop/Developer\ Projects/Phone\ in\ the\ Other\ Room
    

SwiftCompile normal arm64 /Users/ngawangchime/Desktop/Developer\ Projects/Phone\ in\ the\ Other\ Room/PhoneInTheOtherRoomApp/Views/NightFlock/SlumberPartySharedMeadowView.swift (in target 'PhoneInTheOtherRoom' from project 'PhoneInTheOtherRoom')
    cd /Users/ngawangchime/Desktop/Developer\ Projects/Phone\ in\ the\ Other\ Room
    

SwiftCompile normal arm64 /Users/ngawangchime/Desktop/Developer\ Projects/Phone\ in\ the\ Other\ Room/PhoneInTheOtherRoomApp/Views/NightFlock/SlumberPartySocialAvatar.swift (in target 'PhoneInTheOtherRoom' from project 'PhoneInTheOtherRoom')
    cd /Users/ngawangchime/Desktop/Developer\ Projects/Phone\ in\ the\ Other\ Room
    

SwiftCompile normal arm64 /Users/ngawangchime/Desktop/Developer\ Projects/Phone\ in\ the\ Other\ Room/PhoneInTheOtherRoomApp/Views/NightFlock/SlumberPartyUpdateCheerReceiptsView.swift (in target 'PhoneInTheOtherRoom' from project 'PhoneInTheOtherRoom')
    cd /Users/ngawangchime/Desktop/Developer\ Projects/Phone\ in\ the\ Other\ Room
    

SwiftCompile normal arm64 /Users/ngawangchime/Desktop/Developer\ Projects/Phone\ in\ the\ Other\ Room/PhoneInTheOtherRoomApp/Views/NightFlock/SlumberPartyV4GroupDetailsView.swift (in target 'PhoneInTheOtherRoom' from project 'PhoneInTheOtherRoom')
    cd /Users/ngawangchime/Desktop/Developer\ Projects/Phone\ in\ the\ Other\ Room
    

SwiftCompile normal arm64 /Users/ngawangchime/Desktop/Developer\ Projects/Phone\ in\ the\ Other\ Room/PhoneInTheOtherRoomApp/Views/NightFlock/SlumberPartyV4ListView.swift (in target 'PhoneInTheOtherRoom' from project 'PhoneInTheOtherRoom')
    cd /Users/ngawangchime/Desktop/Developer\ Projects/Phone\ in\ the\ Other\ Room
    

SwiftCompile normal arm64 /Users/ngawangchime/Desktop/Developer\ Projects/Phone\ in\ the\ Other\ Room/PhoneInTheOtherRoomApp/Views/NightFlock/SlumberPartyV4MembershipActivitiesSection.swift (in target 'PhoneInTheOtherRoom' from project 'PhoneInTheOtherRoom')
    cd /Users/ngawangchime/Desktop/Developer\ Projects/Phone\ in\ the\ Other\ Room
    

SwiftCompile normal arm64 /Users/ngawangchime/Desktop/Developer\ Projects/Phone\ in\ the\ Other\ Room/PhoneInTheOtherRoomApp/Views/NightFlock/SlumberPartyV4Previews.swift (in target 'PhoneInTheOtherRoom' from project 'PhoneInTheOtherRoom')
    cd /Users/ngawangchime/Desktop/Developer\ Projects/Phone\ in\ the\ Other\ Room
    

SwiftCompile normal arm64 /Users/ngawangchime/Desktop/Developer\ Projects/Phone\ in\ the\ Other\ Room/PhoneInTheOtherRoomApp/Views/TrailBoardView.swift (in target 'PhoneInTheOtherRoom' from project 'PhoneInTheOtherRoom')
    cd /Users/ngawangchime/Desktop/Developer\ Projects/Phone\ in\ the\ Other\ Room
    

SwiftDriverJobDiscovery normal arm64 Compiling SharedPasture.swift, SharedPastureControls.swift (in target 'PhoneInTheOtherRoom' from project 'PhoneInTheOtherRoom')

SwiftCompile normal arm64 Compiling\ NightFlockService.swift /Users/ngawangchime/Desktop/Developer\ Projects/Phone\ in\ the\ Other\ Room/PhoneInTheOtherRoomApp/Services/NightFlockService.swift (in target 'PhoneInTheOtherRoom' from project 'PhoneInTheOtherRoom')

SwiftCompile normal arm64 /Users/ngawangchime/Desktop/Developer\ Projects/Phone\ in\ the\ Other\ Room/PhoneInTheOtherRoomApp/Services/NightFlockService.swift (in target 'PhoneInTheOtherRoom' from project 'PhoneInTheOtherRoom')
    cd /Users/ngawangchime/Desktop/Developer\ Projects/Phone\ in\ the\ Other\ Room
    

SwiftDriverJobDiscovery normal x86_64 Compiling NightFlockViewModel.swift, NightWatch.swift (in target 'PhoneInTheOtherRoom' from project 'PhoneInTheOtherRoom')

SwiftCompile normal x86_64 Compiling\ HomeReceiptRouting.swift,\ HomeStartRouting.swift,\ HomeView.swift,\ HomeWelcomeHero.swift,\ HomeWindDownSummary.swift,\ ImpactMeasurement.swift,\ ImpactSharingConsentSheet.swift,\ IndependentMorningSettlement.swift,\ LockScreenQuietNoteGuideView.swift,\ MonthlyNightsView.swift,\ MoreView.swift,\ MorningCheckInCard.swift,\ NightFlockDashboard.swift,\ NightFlockHubView.swift,\ NightFlockIdeasView.swift,\ NightFlockMemberBoardView.swift,\ NightFlockOrientationView.swift,\ NightFlockPresentation.swift,\ NightFlockPreviews.swift,\ NightFlockSharedHabits.swift,\ NightFlockSharedPastureView.swift,\ NightFlockSharingAccountView.swift,\ NightFlockTipCallout.swift /Users/ngawangchime/Desktop/Developer\ Projects/Phone\ in\ the\ Other\ Room/Shared/HomeReceiptRouting.swift /Users/ngawangchime/Desktop/Developer\ Projects/Phone\ in\ the\ Other\ Room/Shared/HomeStartRouting.swift /Users/ngawangchime/Desktop/Developer\ Projects/Phone\ in\ the\ Other\ Room/PhoneInTheOtherRoomApp/Views/HomeView.swift /Users/ngawangchime/Desktop/Developer\ Projects/Phone\ in\ the\ Other\ Room/PhoneInTheOtherRoomApp/Views/Components/HomeWelcomeHero.swift /Users/ngawangchime/Desktop/Developer\ Projects/Phone\ in\ the\ Other\ Room/PhoneInTheOtherRoomApp/Views/Components/HomeWindDownSummary.swift /Users/ngawangchime/Desktop/Developer\ Projects/Phone\ in\ the\ Other\ Room/Shared/ImpactMeasurement.swift /Users/ngawangchime/Desktop/Developer\ Projects/Phone\ in\ the\ Other\ Room/PhoneInTheOtherRoomApp/Views/Components/ImpactSharingConsentSheet.swift /Users/ngawangchime/Desktop/Developer\ Projects/Phone\ in\ the\ Other\ Room/Shared/IndependentMorningSettlement.swift /Users/ngawangchime/Desktop/Developer\ Projects/Phone\ in\ the\ Other\ Room/PhoneInTheOtherRoomApp/Views/LockScreenQuietNoteGuideView.swift /Users/ngawangchime/Desktop/Developer\ Projects/Phone\ in\ the\ Other\ Room/PhoneInTheOtherRoomApp/Views/MonthlyNightsView.swift /Users/ngawangchime/Desktop/Developer\ Projects/Phone\ in\ the\ Other\ Room/PhoneInTheOtherRoomApp/Views/MoreView.swift /Users/ngawangchime/Desktop/Developer\ Projects/Phone\ in\ the\ Other\ Room/PhoneInTheOtherRoomApp/Views/Components/MorningCheckInCard.swift /Users/ngawangchime/Desktop/Developer\ Projects/Phone\ in\ the\ Other\ Room/PhoneInTheOtherRoomApp/Views/NightFlock/NightFlockDashboard.swift /Users/ngawangchime/Desktop/Developer\ Projects/Phone\ in\ the\ Other\ Room/PhoneInTheOtherRoomApp/Views/NightFlock/NightFlockHubView.swift /Users/ngawangchime/Desktop/Developer\ Projects/Phone\ in\ the\ Other\ Room/PhoneInTheOtherRoomApp/Views/NightFlock/NightFlockIdeasView.swift /Users/ngawangchime/Desktop/Developer\ Projects/Phone\ in\ the\ Other\ Room/PhoneInTheOtherRoomApp/Views/NightFlock/NightFlockMemberBoardView.swift /Users/ngawangchime/Desktop/Developer\ Projects/Phone\ in\ the\ Other\ Room/PhoneInTheOtherRoomApp/Views/NightFlock/NightFlockOrientationView.swift /Users/ngawangchime/Desktop/Developer\ Projects/Phone\ in\ the\ Other\ Room/Shared/NightFlockPresentation.swift /Users/ngawangchime/Desktop/Developer\ Projects/Phone\ in\ the\ Other\ Room/PhoneInTheOtherRoomApp/Views/NightFlock/NightFlockPreviews.swift /Users/ngawangchime/Desktop/Developer\ Projects/Phone\ in\ the\ Other\ Room/Shared/NightFlockSharedHabits.swift /Users/ngawangchime/Desktop/Developer\ Projects/Phone\ in\ the\ Other\ Room/PhoneInTheOtherRoomApp/Views/NightFlock/NightFlockSharedPastureView.swift /Users/ngawangchime/Desktop/Developer\ Projects/Phone\ in\ the\ Other\ Room/PhoneInTheOtherRoomApp/Views/NightFlock/NightFlockSharingAccountView.swift /Users/ngawangchime/Desktop/Developer\ Projects/Phone\ in\ the\ Other\ Room/PhoneInTheOtherRoomApp/Views/NightFlock/NightFlockTipCallout.swift (in target 'PhoneInTheOtherRoom' from project 'PhoneInTheOtherRoom')
SwiftCompile normal x86_64 /Users/ngawangchime/Desktop/Developer\ Projects/Phone\ in\ the\ Other\ Room/Shared/HomeReceiptRouting.swift (in target 'PhoneInTheOtherRoom' from project 'PhoneInTheOtherRoom')
    cd /Users/ngawangchime/Desktop/Developer\ Projects/Phone\ in\ the\ Other\ Room
    

SwiftCompile normal x86_64 /Users/ngawangchime/Desktop/Developer\ Projects/Phone\ in\ the\ Other\ Room/Shared/HomeStartRouting.swift (in target 'PhoneInTheOtherRoom' from project 'PhoneInTheOtherRoom')
    cd /Users/ngawangchime/Desktop/Developer\ Projects/Phone\ in\ the\ Other\ Room
    

SwiftCompile normal x86_64 /Users/ngawangchime/Desktop/Developer\ Projects/Phone\ in\ the\ Other\ Room/PhoneInTheOtherRoomApp/Views/HomeView.swift (in target 'PhoneInTheOtherRoom' from project 'PhoneInTheOtherRoom')
    cd /Users/ngawangchime/Desktop/Developer\ Projects/Phone\ in\ the\ Other\ Room
    

SwiftCompile normal x86_64 /Users/ngawangchime/Desktop/Developer\ Projects/Phone\ in\ the\ Other\ Room/PhoneInTheOtherRoomApp/Views/Components/HomeWelcomeHero.swift (in target 'PhoneInTheOtherRoom' from project 'PhoneInTheOtherRoom')
    cd /Users/ngawangchime/Desktop/Developer\ Projects/Phone\ in\ the\ Other\ Room
    

SwiftCompile normal x86_64 /Users/ngawangchime/Desktop/Developer\ Projects/Phone\ in\ the\ Other\ Room/PhoneInTheOtherRoomApp/Views/Components/HomeWindDownSummary.swift (in target 'PhoneInTheOtherRoom' from project 'PhoneInTheOtherRoom')
    cd /Users/ngawangchime/Desktop/Developer\ Projects/Phone\ in\ the\ Other\ Room
    

SwiftCompile normal x86_64 /Users/ngawangchime/Desktop/Developer\ Projects/Phone\ in\ the\ Other\ Room/Shared/ImpactMeasurement.swift (in target 'PhoneInTheOtherRoom' from project 'PhoneInTheOtherRoom')
    cd /Users/ngawangchime/Desktop/Developer\ Projects/Phone\ in\ the\ Other\ Room
    

SwiftCompile normal x86_64 /Users/ngawangchime/Desktop/Developer\ Projects/Phone\ in\ the\ Other\ Room/PhoneInTheOtherRoomApp/Views/Components/ImpactSharingConsentSheet.swift (in target 'PhoneInTheOtherRoom' from project 'PhoneInTheOtherRoom')
    cd /Users/ngawangchime/Desktop/Developer\ Projects/Phone\ in\ the\ Other\ Room
    

SwiftCompile normal x86_64 /Users/ngawangchime/Desktop/Developer\ Projects/Phone\ in\ the\ Other\ Room/Shared/IndependentMorningSettlement.swift (in target 'PhoneInTheOtherRoom' from project 'PhoneInTheOtherRoom')
    cd /Users/ngawangchime/Desktop/Developer\ Projects/Phone\ in\ the\ Other\ Room
    

SwiftCompile normal x86_64 /Users/ngawangchime/Desktop/Developer\ Projects/Phone\ in\ the\ Other\ Room/PhoneInTheOtherRoomApp/Views/LockScreenQuietNoteGuideView.swift (in target 'PhoneInTheOtherRoom' from project 'PhoneInTheOtherRoom')
    cd /Users/ngawangchime/Desktop/Developer\ Projects/Phone\ in\ the\ Other\ Room
    

SwiftCompile normal x86_64 /Users/ngawangchime/Desktop/Developer\ Projects/Phone\ in\ the\ Other\ Room/PhoneInTheOtherRoomApp/Views/MonthlyNightsView.swift (in target 'PhoneInTheOtherRoom' from project 'PhoneInTheOtherRoom')
    cd /Users/ngawangchime/Desktop/Developer\ Projects/Phone\ in\ the\ Other\ Room
    

SwiftCompile normal x86_64 /Users/ngawangchime/Desktop/Developer\ Projects/Phone\ in\ the\ Other\ Room/PhoneInTheOtherRoomApp/Views/MoreView.swift (in target 'PhoneInTheOtherRoom' from project 'PhoneInTheOtherRoom')
    cd /Users/ngawangchime/Desktop/Developer\ Projects/Phone\ in\ the\ Other\ Room
    

SwiftCompile normal x86_64 /Users/ngawangchime/Desktop/Developer\ Projects/Phone\ in\ the\ Other\ Room/PhoneInTheOtherRoomApp/Views/Components/MorningCheckInCard.swift (in target 'PhoneInTheOtherRoom' from project 'PhoneInTheOtherRoom')
    cd /Users/ngawangchime/Desktop/Developer\ Projects/Phone\ in\ the\ Other\ Room
    

SwiftCompile normal x86_64 /Users/ngawangchime/Desktop/Developer\ Projects/Phone\ in\ the\ Other\ Room/PhoneInTheOtherRoomApp/Views/NightFlock/NightFlockDashboard.swift (in target 'PhoneInTheOtherRoom' from project 'PhoneInTheOtherRoom')
    cd /Users/ngawangchime/Desktop/Developer\ Projects/Phone\ in\ the\ Other\ Room
    

SwiftCompile normal x86_64 /Users/ngawangchime/Desktop/Developer\ Projects/Phone\ in\ the\ Other\ Room/PhoneInTheOtherRoomApp/Views/NightFlock/NightFlockHubView.swift (in target 'PhoneInTheOtherRoom' from project 'PhoneInTheOtherRoom')
    cd /Users/ngawangchime/Desktop/Developer\ Projects/Phone\ in\ the\ Other\ Room
    

SwiftCompile normal x86_64 /Users/ngawangchime/Desktop/Developer\ Projects/Phone\ in\ the\ Other\ Room/PhoneInTheOtherRoomApp/Views/NightFlock/NightFlockIdeasView.swift (in target 'PhoneInTheOtherRoom' from project 'PhoneInTheOtherRoom')
    cd /Users/ngawangchime/Desktop/Developer\ Projects/Phone\ in\ the\ Other\ Room
    

SwiftCompile normal x86_64 /Users/ngawangchime/Desktop/Developer\ Projects/Phone\ in\ the\ Other\ Room/PhoneInTheOtherRoomApp/Views/NightFlock/NightFlockMemberBoardView.swift (in target 'PhoneInTheOtherRoom' from project 'PhoneInTheOtherRoom')
    cd /Users/ngawangchime/Desktop/Developer\ Projects/Phone\ in\ the\ Other\ Room
    

SwiftCompile normal x86_64 /Users/ngawangchime/Desktop/Developer\ Projects/Phone\ in\ the\ Other\ Room/PhoneInTheOtherRoomApp/Views/NightFlock/NightFlockOrientationView.swift (in target 'PhoneInTheOtherRoom' from project 'PhoneInTheOtherRoom')
    cd /Users/ngawangchime/Desktop/Developer\ Projects/Phone\ in\ the\ Other\ Room
    

SwiftCompile normal x86_64 /Users/ngawangchime/Desktop/Developer\ Projects/Phone\ in\ the\ Other\ Room/Shared/NightFlockPresentation.swift (in target 'PhoneInTheOtherRoom' from project 'PhoneInTheOtherRoom')
    cd /Users/ngawangchime/Desktop/Developer\ Projects/Phone\ in\ the\ Other\ Room
    

SwiftCompile normal x86_64 /Users/ngawangchime/Desktop/Developer\ Projects/Phone\ in\ the\ Other\ Room/PhoneInTheOtherRoomApp/Views/NightFlock/NightFlockPreviews.swift (in target 'PhoneInTheOtherRoom' from project 'PhoneInTheOtherRoom')
    cd /Users/ngawangchime/Desktop/Developer\ Projects/Phone\ in\ the\ Other\ Room
    

SwiftCompile normal x86_64 /Users/ngawangchime/Desktop/Developer\ Projects/Phone\ in\ the\ Other\ Room/Shared/NightFlockSharedHabits.swift (in target 'PhoneInTheOtherRoom' from project 'PhoneInTheOtherRoom')
    cd /Users/ngawangchime/Desktop/Developer\ Projects/Phone\ in\ the\ Other\ Room
    

SwiftCompile normal x86_64 /Users/ngawangchime/Desktop/Developer\ Projects/Phone\ in\ the\ Other\ Room/PhoneInTheOtherRoomApp/Views/NightFlock/NightFlockSharedPastureView.swift (in target 'PhoneInTheOtherRoom' from project 'PhoneInTheOtherRoom')
    cd /Users/ngawangchime/Desktop/Developer\ Projects/Phone\ in\ the\ Other\ Room
    

SwiftCompile normal x86_64 /Users/ngawangchime/Desktop/Developer\ Projects/Phone\ in\ the\ Other\ Room/PhoneInTheOtherRoomApp/Views/NightFlock/NightFlockSharingAccountView.swift (in target 'PhoneInTheOtherRoom' from project 'PhoneInTheOtherRoom')
    cd /Users/ngawangchime/Desktop/Developer\ Projects/Phone\ in\ the\ Other\ Room
    

SwiftCompile normal x86_64 /Users/ngawangchime/Desktop/Developer\ Projects/Phone\ in\ the\ Other\ Room/PhoneInTheOtherRoomApp/Views/NightFlock/NightFlockTipCallout.swift (in target 'PhoneInTheOtherRoom' from project 'PhoneInTheOtherRoom')
    cd /Users/ngawangchime/Desktop/Developer\ Projects/Phone\ in\ the\ Other\ Room
    

SwiftDriverJobDiscovery normal arm64 Compiling NightFlockPresentation.swift, NightFlockSharedHabits.swift, NightJourneyProgress.swift, NightWatchHistory.swift, NightWatchUsageMonitoringService.swift, NightsHistorySummary.swift (in target 'PhoneInTheOtherRoom' from project 'PhoneInTheOtherRoom')

SwiftCompile normal arm64 Compiling\ ActiveRunPresentation.swift,\ CumulativeFarmCredit.swift,\ EarlyEndView.swift,\ FarmBackupViewModel.swift,\ FarmSaveDocument.swift,\ FarmShopView.swift /Users/ngawangchime/Desktop/Developer\ Projects/Phone\ in\ the\ Other\ Room/Shared/ActiveRunPresentation.swift /Users/ngawangchime/Desktop/Developer\ Projects/Phone\ in\ the\ Other\ Room/Shared/CumulativeFarmCredit.swift /Users/ngawangchime/Desktop/Developer\ Projects/Phone\ in\ the\ Other\ Room/PhoneInTheOtherRoomApp/Views/EarlyEndView.swift /Users/ngawangchime/Desktop/Developer\ Projects/Phone\ in\ the\ Other\ Room/PhoneInTheOtherRoomApp/ViewModels/FarmBackupViewModel.swift /Users/ngawangchime/Desktop/Developer\ Projects/Phone\ in\ the\ Other\ Room/Shared/FarmSaveDocument.swift /Users/ngawangchime/Desktop/Developer\ Projects/Phone\ in\ the\ Other\ Room/PhoneInTheOtherRoomApp/Views/FarmShopView.swift (in target 'PhoneInTheOtherRoom' from project 'PhoneInTheOtherRoom')

SwiftCompile normal arm64 /Users/ngawangchime/Desktop/Developer\ Projects/Phone\ in\ the\ Other\ Room/Shared/ActiveRunPresentation.swift (in target 'PhoneInTheOtherRoom' from project 'PhoneInTheOtherRoom')
    cd /Users/ngawangchime/Desktop/Developer\ Projects/Phone\ in\ the\ Other\ Room
    

SwiftCompile normal arm64 /Users/ngawangchime/Desktop/Developer\ Projects/Phone\ in\ the\ Other\ Room/Shared/CumulativeFarmCredit.swift (in target 'PhoneInTheOtherRoom' from project 'PhoneInTheOtherRoom')
    cd /Users/ngawangchime/Desktop/Developer\ Projects/Phone\ in\ the\ Other\ Room
    

SwiftCompile normal arm64 /Users/ngawangchime/Desktop/Developer\ Projects/Phone\ in\ the\ Other\ Room/PhoneInTheOtherRoomApp/Views/EarlyEndView.swift (in target 'PhoneInTheOtherRoom' from project 'PhoneInTheOtherRoom')
    cd /Users/ngawangchime/Desktop/Developer\ Projects/Phone\ in\ the\ Other\ Room
    

SwiftCompile normal arm64 /Users/ngawangchime/Desktop/Developer\ Projects/Phone\ in\ the\ Other\ Room/PhoneInTheOtherRoomApp/ViewModels/FarmBackupViewModel.swift (in target 'PhoneInTheOtherRoom' from project 'PhoneInTheOtherRoom')
    cd /Users/ngawangchime/Desktop/Developer\ Projects/Phone\ in\ the\ Other\ Room
    

SwiftCompile normal arm64 /Users/ngawangchime/Desktop/Developer\ Projects/Phone\ in\ the\ Other\ Room/Shared/FarmSaveDocument.swift (in target 'PhoneInTheOtherRoom' from project 'PhoneInTheOtherRoom')
    cd /Users/ngawangchime/Desktop/Developer\ Projects/Phone\ in\ the\ Other\ Room
    

SwiftCompile normal arm64 /Users/ngawangchime/Desktop/Developer\ Projects/Phone\ in\ the\ Other\ Room/PhoneInTheOtherRoomApp/Views/FarmShopView.swift (in target 'PhoneInTheOtherRoom' from project 'PhoneInTheOtherRoom')
    cd /Users/ngawangchime/Desktop/Developer\ Projects/Phone\ in\ the\ Other\ Room
    

SwiftDriverJobDiscovery normal arm64 Compiling NotificationPlanning.swift, OllieModels.swift, OnboardingJourney.swift, PersistenceService.swift, PhoneAwaySearchSettlement.swift, PhoneNotificationService.swift (in target 'PhoneInTheOtherRoom' from project 'PhoneInTheOtherRoom')

SwiftCompile normal x86_64 Compiling\ OllieModels.swift,\ OllieRitualView.swift,\ OllieWardrobePreview.swift,\ OnboardingAccountStepView.swift,\ OnboardingComponents.swift,\ OnboardingFlowView.swift,\ OnboardingJourney.swift,\ OnboardingPersonalizationView.swift,\ OnboardingProfileStepView.swift,\ OnboardingProtectionStepView.swift,\ OnboardingQuietStepView.swift,\ OnboardingReadyStepView.swift,\ OnboardingRecommendationStepView.swift,\ OnboardingScheduleStepView.swift,\ OnboardingWelcomeStepView.swift,\ OrientationTourOverlay.swift,\ PaperFarmObjectView.swift,\ PersistenceService.swift,\ PhoneAwaySearchSettlement.swift,\ PhoneBedTagEditorViews.swift,\ PhoneInTheOtherRoomApp.swift,\ PhoneNotificationService.swift,\ PixelHomeDashboard.swift /Users/ngawangchime/Desktop/Developer\ Projects/Phone\ in\ the\ Other\ Room/Shared/Models/OllieModels.swift /Users/ngawangchime/Desktop/Developer\ Projects/Phone\ in\ the\ Other\ Room/PhoneInTheOtherRoomApp/Views/Components/OllieRitualView.swift /Users/ngawangchime/Desktop/Developer\ Projects/Phone\ in\ the\ Other\ Room/PhoneInTheOtherRoomApp/Views/Components/OllieWardrobePreview.swift /Users/ngawangchime/Desktop/Developer\ Projects/Phone\ in\ the\ Other\ Room/PhoneInTheOtherRoomApp/Views/Onboarding/OnboardingAccountStepView.swift /Users/ngawangchime/Desktop/Developer\ Projects/Phone\ in\ the\ Other\ Room/PhoneInTheOtherRoomApp/Views/Onboarding/OnboardingComponents.swift /Users/ngawangchime/Desktop/Developer\ Projects/Phone\ in\ the\ Other\ Room/PhoneInTheOtherRoomApp/Views/Onboarding/OnboardingFlowView.swift /Users/ngawangchime/Desktop/Developer\ Projects/Phone\ in\ the\ Other\ Room/Shared/OnboardingJourney.swift /Users/ngawangchime/Desktop/Developer\ Projects/Phone\ in\ the\ Other\ Room/PhoneInTheOtherRoomApp/Views/Onboarding/OnboardingPersonalizationView.swift /Users/ngawangchime/Desktop/Developer\ Projects/Phone\ in\ the\ Other\ Room/PhoneInTheOtherRoomApp/Views/Onboarding/OnboardingProfileStepView.swift /Users/ngawangchime/Desktop/Developer\ Projects/Phone\ in\ the\ Other\ Room/PhoneInTheOtherRoomApp/Views/Onboarding/OnboardingProtectionStepView.swift /Users/ngawangchime/Desktop/Developer\ Projects/Phone\ in\ the\ Other\ Room/PhoneInTheOtherRoomApp/Views/Onboarding/OnboardingQuietStepView.swift /Users/ngawangchime/Desktop/Developer\ Projects/Phone\ in\ the\ Other\ Room/PhoneInTheOtherRoomApp/Views/Onboarding/OnboardingReadyStepView.swift /Users/ngawangchime/Desktop/Developer\ Projects/Phone\ in\ the\ Other\ Room/PhoneInTheOtherRoomApp/Views/Onboarding/OnboardingRecommendationStepView.swift /Users/ngawangchime/Desktop/Developer\ Projects/Phone\ in\ the\ Other\ Room/PhoneInTheOtherRoomApp/Views/Onboarding/OnboardingScheduleStepView.swift /Users/ngawangchime/Desktop/Developer\ Projects/Phone\ in\ the\ Other\ Room/PhoneInTheOtherRoomApp/Views/Onboarding/OnboardingWelcomeStepView.swift /Users/ngawangchime/Desktop/Developer\ Projects/Phone\ in\ the\ Other\ Room/PhoneInTheOtherRoomApp/Views/Components/OrientationTourOverlay.swift /Users/ngawangchime/Desktop/Developer\ Projects/Phone\ in\ the\ Other\ Room/PhoneInTheOtherRoomApp/Views/Components/PaperFarmObjectView.swift /Users/ngawangchime/Desktop/Developer\ Projects/Phone\ in\ the\ Other\ Room/PhoneInTheOtherRoomApp/Services/PersistenceService.swift /Users/ngawangchime/Desktop/Developer\ Projects/Phone\ in\ the\ Other\ Room/Shared/PhoneAwaySearchSettlement.swift /Users/ngawangchime/Desktop/Developer\ Projects/Phone\ in\ the\ Other\ Room/PhoneInTheOtherRoomApp/Views/Components/PhoneBedTagEditorViews.swift /Users/ngawangchime/Desktop/Developer\ Projects/Phone\ in\ the\ Other\ Room/PhoneInTheOtherRoomApp/App/PhoneInTheOtherRoomApp.swift /Users/ngawangchime/Desktop/Developer\ Projects/Phone\ in\ the\ Other\ Room/PhoneInTheOtherRoomApp/Services/PhoneNotificationService.swift /Users/ngawangchime/Desktop/Developer\ Projects/Phone\ in\ the\ Other\ Room/PhoneInTheOtherRoomApp/Views/PixelHomeDashboard.swift (in target 'PhoneInTheOtherRoom' from project 'PhoneInTheOtherRoom')

SwiftCompile normal x86_64 /Users/ngawangchime/Desktop/Developer\ Projects/Phone\ in\ the\ Other\ Room/Shared/Models/OllieModels.swift (in target 'PhoneInTheOtherRoom' from project 'PhoneInTheOtherRoom')
    cd /Users/ngawangchime/Desktop/Developer\ Projects/Phone\ in\ the\ Other\ Room
    

SwiftCompile normal x86_64 /Users/ngawangchime/Desktop/Developer\ Projects/Phone\ in\ the\ Other\ Room/PhoneInTheOtherRoomApp/Views/Components/OllieRitualView.swift (in target 'PhoneInTheOtherRoom' from project 'PhoneInTheOtherRoom')
    cd /Users/ngawangchime/Desktop/Developer\ Projects/Phone\ in\ the\ Other\ Room
    

SwiftCompile normal x86_64 /Users/ngawangchime/Desktop/Developer\ Projects/Phone\ in\ the\ Other\ Room/PhoneInTheOtherRoomApp/Views/Components/OllieWardrobePreview.swift (in target 'PhoneInTheOtherRoom' from project 'PhoneInTheOtherRoom')
    cd /Users/ngawangchime/Desktop/Developer\ Projects/Phone\ in\ the\ Other\ Room
    

SwiftCompile normal x86_64 /Users/ngawangchime/Desktop/Developer\ Projects/Phone\ in\ the\ Other\ Room/PhoneInTheOtherRoomApp/Views/Onboarding/OnboardingAccountStepView.swift (in target 'PhoneInTheOtherRoom' from project 'PhoneInTheOtherRoom')
    cd /Users/ngawangchime/Desktop/Developer\ Projects/Phone\ in\ the\ Other\ Room
    

SwiftCompile normal x86_64 /Users/ngawangchime/Desktop/Developer\ Projects/Phone\ in\ the\ Other\ Room/PhoneInTheOtherRoomApp/Views/Onboarding/OnboardingComponents.swift (in target 'PhoneInTheOtherRoom' from project 'PhoneInTheOtherRoom')
    cd /Users/ngawangchime/Desktop/Developer\ Projects/Phone\ in\ the\ Other\ Room
    

SwiftCompile normal x86_64 /Users/ngawangchime/Desktop/Developer\ Projects/Phone\ in\ the\ Other\ Room/PhoneInTheOtherRoomApp/Views/Onboarding/OnboardingFlowView.swift (in target 'PhoneInTheOtherRoom' from project 'PhoneInTheOtherRoom')
    cd /Users/ngawangchime/Desktop/Developer\ Projects/Phone\ in\ the\ Other\ Room
    

SwiftCompile normal x86_64 /Users/ngawangchime/Desktop/Developer\ Projects/Phone\ in\ the\ Other\ Room/Shared/OnboardingJourney.swift (in target 'PhoneInTheOtherRoom' from project 'PhoneInTheOtherRoom')
    cd /Users/ngawangchime/Desktop/Developer\ Projects/Phone\ in\ the\ Other\ Room
    

SwiftCompile normal x86_64 /Users/ngawangchime/Desktop/Developer\ Projects/Phone\ in\ the\ Other\ Room/PhoneInTheOtherRoomApp/Views/Onboarding/OnboardingPersonalizationView.swift (in target 'PhoneInTheOtherRoom' from project 'PhoneInTheOtherRoom')
    cd /Users/ngawangchime/Desktop/Developer\ Projects/Phone\ in\ the\ Other\ Room
    

SwiftCompile normal x86_64 /Users/ngawangchime/Desktop/Developer\ Projects/Phone\ in\ the\ Other\ Room/PhoneInTheOtherRoomApp/Views/Onboarding/OnboardingProfileStepView.swift (in target 'PhoneInTheOtherRoom' from project 'PhoneInTheOtherRoom')
    cd /Users/ngawangchime/Desktop/Developer\ Projects/Phone\ in\ the\ Other\ Room
    

SwiftCompile normal x86_64 /Users/ngawangchime/Desktop/Developer\ Projects/Phone\ in\ the\ Other\ Room/PhoneInTheOtherRoomApp/Views/Onboarding/OnboardingProtectionStepView.swift (in target 'PhoneInTheOtherRoom' from project 'PhoneInTheOtherRoom')
    cd /Users/ngawangchime/Desktop/Developer\ Projects/Phone\ in\ the\ Other\ Room
    

SwiftCompile normal x86_64 /Users/ngawangchime/Desktop/Developer\ Projects/Phone\ in\ the\ Other\ Room/PhoneInTheOtherRoomApp/Views/Onboarding/OnboardingQuietStepView.swift (in target 'PhoneInTheOtherRoom' from project 'PhoneInTheOtherRoom')
    cd /Users/ngawangchime/Desktop/Developer\ Projects/Phone\ in\ the\ Other\ Room
    

SwiftCompile normal x86_64 /Users/ngawangchime/Desktop/Developer\ Projects/Phone\ in\ the\ Other\ Room/PhoneInTheOtherRoomApp/Views/Onboarding/OnboardingReadyStepView.swift (in target 'PhoneInTheOtherRoom' from project 'PhoneInTheOtherRoom')
    cd /Users/ngawangchime/Desktop/Developer\ Projects/Phone\ in\ the\ Other\ Room
    

SwiftCompile normal x86_64 /Users/ngawangchime/Desktop/Developer\ Projects/Phone\ in\ the\ Other\ Room/PhoneInTheOtherRoomApp/Views/Onboarding/OnboardingRecommendationStepView.swift (in target 'PhoneInTheOtherRoom' from project 'PhoneInTheOtherRoom')
    cd /Users/ngawangchime/Desktop/Developer\ Projects/Phone\ in\ the\ Other\ Room
    

SwiftCompile normal x86_64 /Users/ngawangchime/Desktop/Developer\ Projects/Phone\ in\ the\ Other\ Room/PhoneInTheOtherRoomApp/Views/Onboarding/OnboardingScheduleStepView.swift (in target 'PhoneInTheOtherRoom' from project 'PhoneInTheOtherRoom')
    cd /Users/ngawangchime/Desktop/Developer\ Projects/Phone\ in\ the\ Other\ Room
    

SwiftCompile normal x86_64 /Users/ngawangchime/Desktop/Developer\ Projects/Phone\ in\ the\ Other\ Room/PhoneInTheOtherRoomApp/Views/Onboarding/OnboardingWelcomeStepView.swift (in target 'PhoneInTheOtherRoom' from project 'PhoneInTheOtherRoom')
    cd /Users/ngawangchime/Desktop/Developer\ Projects/Phone\ in\ the\ Other\ Room
    

SwiftCompile normal x86_64 /Users/ngawangchime/Desktop/Developer\ Projects/Phone\ in\ the\ Other\ Room/PhoneInTheOtherRoomApp/Views/Components/OrientationTourOverlay.swift (in target 'PhoneInTheOtherRoom' from project 'PhoneInTheOtherRoom')
    cd /Users/ngawangchime/Desktop/Developer\ Projects/Phone\ in\ the\ Other\ Room
    

SwiftCompile normal x86_64 /Users/ngawangchime/Desktop/Developer\ Projects/Phone\ in\ the\ Other\ Room/PhoneInTheOtherRoomApp/Views/Components/PaperFarmObjectView.swift (in target 'PhoneInTheOtherRoom' from project 'PhoneInTheOtherRoom')
    cd /Users/ngawangchime/Desktop/Developer\ Projects/Phone\ in\ the\ Other\ Room
    

SwiftCompile normal x86_64 /Users/ngawangchime/Desktop/Developer\ Projects/Phone\ in\ the\ Other\ Room/PhoneInTheOtherRoomApp/Services/PersistenceService.swift (in target 'PhoneInTheOtherRoom' from project 'PhoneInTheOtherRoom')
    cd /Users/ngawangchime/Desktop/Developer\ Projects/Phone\ in\ the\ Other\ Room
    

SwiftCompile normal x86_64 /Users/ngawangchime/Desktop/Developer\ Projects/Phone\ in\ the\ Other\ Room/Shared/PhoneAwaySearchSettlement.swift (in target 'PhoneInTheOtherRoom' from project 'PhoneInTheOtherRoom')
    cd /Users/ngawangchime/Desktop/Developer\ Projects/Phone\ in\ the\ Other\ Room
    

SwiftCompile normal x86_64 /Users/ngawangchime/Desktop/Developer\ Projects/Phone\ in\ the\ Other\ Room/PhoneInTheOtherRoomApp/Views/Components/PhoneBedTagEditorViews.swift (in target 'PhoneInTheOtherRoom' from project 'PhoneInTheOtherRoom')
    cd /Users/ngawangchime/Desktop/Developer\ Projects/Phone\ in\ the\ Other\ Room
    

SwiftCompile normal x86_64 /Users/ngawangchime/Desktop/Developer\ Projects/Phone\ in\ the\ Other\ Room/PhoneInTheOtherRoomApp/App/PhoneInTheOtherRoomApp.swift (in target 'PhoneInTheOtherRoom' from project 'PhoneInTheOtherRoom')
    cd /Users/ngawangchime/Desktop/Developer\ Projects/Phone\ in\ the\ Other\ Room
    

SwiftCompile normal x86_64 /Users/ngawangchime/Desktop/Developer\ Projects/Phone\ in\ the\ Other\ Room/PhoneInTheOtherRoomApp/Services/PhoneNotificationService.swift (in target 'PhoneInTheOtherRoom' from project 'PhoneInTheOtherRoom')
    cd /Users/ngawangchime/Desktop/Developer\ Projects/Phone\ in\ the\ Other\ Room
    

SwiftCompile normal x86_64 /Users/ngawangchime/Desktop/Developer\ Projects/Phone\ in\ the\ Other\ Room/PhoneInTheOtherRoomApp/Views/PixelHomeDashboard.swift (in target 'PhoneInTheOtherRoom' from project 'PhoneInTheOtherRoom')
    cd /Users/ngawangchime/Desktop/Developer\ Projects/Phone\ in\ the\ Other\ Room
    

SwiftDriverJobDiscovery normal arm64 Compiling NightFlockService.swift (in target 'PhoneInTheOtherRoom' from project 'PhoneInTheOtherRoom')

SwiftCompile normal x86_64 Compiling\ NightFlockViewModel+Pasture.swift,\ NightFlockViewModel+V4.swift /Users/ngawangchime/Desktop/Developer\ Projects/Phone\ in\ the\ Other\ Room/PhoneInTheOtherRoomApp/ViewModels/NightFlockViewModel+Pasture.swift /Users/ngawangchime/Desktop/Developer\ Projects/Phone\ in\ the\ Other\ Room/PhoneInTheOtherRoomApp/ViewModels/NightFlockViewModel+V4.swift (in target 'PhoneInTheOtherRoom' from project 'PhoneInTheOtherRoom')

SwiftCompile normal x86_64 /Users/ngawangchime/Desktop/Developer\ Projects/Phone\ in\ the\ Other\ Room/PhoneInTheOtherRoomApp/ViewModels/NightFlockViewModel+Pasture.swift (in target 'PhoneInTheOtherRoom' from project 'PhoneInTheOtherRoom')
    cd /Users/ngawangchime/Desktop/Developer\ Projects/Phone\ in\ the\ Other\ Room
    

SwiftCompile normal x86_64 /Users/ngawangchime/Desktop/Developer\ Projects/Phone\ in\ the\ Other\ Room/PhoneInTheOtherRoomApp/ViewModels/NightFlockViewModel+V4.swift (in target 'PhoneInTheOtherRoom' from project 'PhoneInTheOtherRoom')
    cd /Users/ngawangchime/Desktop/Developer\ Projects/Phone\ in\ the\ Other\ Room
    

SwiftDriverJobDiscovery normal x86_64 Compiling Campfire.swift, CampfireViews.swift (in target 'PhoneInTheOtherRoom' from project 'PhoneInTheOtherRoom')

SwiftCompile normal arm64 Compiling\ NightFlockV4API.swift /Users/ngawangchime/Desktop/Developer\ Projects/Phone\ in\ the\ Other\ Room/Shared/NightFlockV4API.swift (in target 'PhoneInTheOtherRoom' from project 'PhoneInTheOtherRoom')

SwiftCompile normal arm64 /Users/ngawangchime/Desktop/Developer\ Projects/Phone\ in\ the\ Other\ Room/Shared/NightFlockV4API.swift (in target 'PhoneInTheOtherRoom' from project 'PhoneInTheOtherRoom')
    cd /Users/ngawangchime/Desktop/Developer\ Projects/Phone\ in\ the\ Other\ Room
    

SwiftDriverJobDiscovery normal arm64 Emitting module for Counting_Sheep (in target 'PhoneInTheOtherRoom' from project 'PhoneInTheOtherRoom')

SwiftDriver\ Compilation\ Requirements PhoneInTheOtherRoom normal arm64 com.apple.xcode.tools.swift.compiler (in target 'PhoneInTheOtherRoom' from project 'PhoneInTheOtherRoom')
    cd /Users/ngawangchime/Desktop/Developer\ Projects/Phone\ in\ the\ Other\ Room
    builtin-Swift-Compilation-Requirements -- /Applications/Xcode.app/Contents/Developer/Toolchains/XcodeDefault.xctoolchain/usr/bin/swiftc -module-name Counting_Sheep -Onone @/tmp/counting-sheep-shop-build/Build/Intermediates.noindex/PhoneInTheOtherRoom.build/Debug-iphonesimulator/PhoneInTheOtherRoom.build/Objects-normal/arm64/Counting\ Sheep.SwiftFileList -DDEBUG -DSCREEN_TIME_REPORTS -enable-bare-slash-regex -enable-experimental-feature DebugDescriptionMacro -sdk /Applications/Xcode.app/Contents/Developer/Platforms/iPhoneSimulator.platform/Developer/SDKs/iPhoneSimulator26.5.sdk -target arm64-apple-ios17.0-simulator -g -module-cache-path /tmp/counting-sheep-shop-build/ModuleCache.noindex -Xfrontend -serialize-debugging-options -enable-testing -index-store-path /tmp/counting-sheep-shop-build/Index.noindex/DataStore -Xcc -D_LIBCPP_HARDENING_MODE\=_LIBCPP_HARDENING_MODE_DEBUG -swift-version 5 -I /tmp/counting-sheep-shop-build/Build/Products/Debug-iphonesimulator -F /tmp/counting-sheep-shop-build/Build/Products/Debug-iphonesimulator/PackageFrameworks -F /tmp/counting-sheep-shop-build/Build/Products/Debug-iphonesimulator/PackageFrameworks -F /tmp/counting-sheep-shop-build/Build/Products/Debug-iphonesimulator/PackageFrameworks -F /tmp/counting-sheep-shop-build/Build/Products/Debug-iphonesimulator/PackageFrameworks -F /tmp/counting-sheep-shop-build/Build/Products/Debug-iphonesimulator/PackageFrameworks -F /tmp/counting-sheep-shop-build/Build/Products/Debug-iphonesimulator/PackageFrameworks -F /tmp/counting-sheep-shop-build/Build/Products/Debug-iphonesimulator/PackageFrameworks -F /tmp/counting-sheep-shop-build/Build/Products/Debug-iphonesimulator/PackageFrameworks -F /tmp/counting-sheep-shop-build/Build/Products/Debug-iphonesimulator/PackageFrameworks -F /tmp/counting-sheep-shop-build/Build/Products/Debug-iphonesimulator/PackageFrameworks -F /tmp/counting-sheep-shop-build/Build/Products/Debug-iphonesimulator/PackageFrameworks -F /tmp/counting-sheep-shop-build/Build/Products/Debug-iphonesimulator/PackageFrameworks -F /tmp/counting-sheep-shop-build/Build/Products/Debug-iphonesimulator/PackageFrameworks -F /tmp/counting-sheep-shop-build/Build/Products/Debug-iphonesimulator/PackageFrameworks -F /tmp/counting-sheep-shop-build/Build/Products/Debug-iphonesimulator -c -j8 -enable-batch-mode -incremental -Xcc -ivfsstatcache -Xcc /tmp/counting-sheep-shop-build/SDKStatCaches.noindex/iphonesimulator26.5-23F81a-6cfe768891a92b912361537c460fe42b.sdkstatcache -output-file-map /tmp/counting-sheep-shop-build/Build/Intermediates.noindex/PhoneInTheOtherRoom.build/Debug-iphonesimulator/PhoneInTheOtherRoom.build/Objects-normal/arm64/PhoneInTheOtherRoom-OutputFileMap.json -use-frontend-parseable-output -save-temps -no-color-diagnostics -explicit-module-build -module-cache-path /tmp/counting-sheep-shop-build/Build/Intermediates.noindex/SwiftExplicitPrecompiledModules -clang-scanner-module-cache-path /tmp/counting-sheep-shop-build/ModuleCache.noindex -sdk-module-cache-path /tmp/counting-sheep-shop-build/ModuleCache.noindex -serialize-diagnostics -emit-dependencies -emit-module -emit-module-path /tmp/counting-sheep-shop-build/Build/Intermediates.noindex/PhoneInTheOtherRoom.build/Debug-iphonesimulator/PhoneInTheOtherRoom.build/Objects-normal/arm64/Counting_Sheep.swiftmodule -validate-clang-modules-once -clang-build-session-file /tmp/counting-sheep-shop-build/ModuleCache.noindex/Session.modulevalidation -Xcc -I/tmp/counting-sheep-shop-build/Build/Intermediates.noindex/PhoneInTheOtherRoom.build/Debug-iphonesimulator/PhoneInTheOtherRoom.build/swift-overrides.hmap -emit-const-values -Xfrontend -const-gather-protocols-file -Xfrontend /tmp/counting-sheep-shop-build/Build/Intermediates.noindex/PhoneInTheOtherRoom.build/Debug-iphonesimulator/PhoneInTheOtherRoom.build/Objects-normal/arm64/PhoneInTheOtherRoom_const_extract_protocols.json -Xcc -iquote -Xcc /tmp/counting-sheep-shop-build/Build/Intermediates.noindex/PhoneInTheOtherRoom.build/Debug-iphonesimulator/PhoneInTheOtherRoom.build/Counting\ Sheep-generated-files.hmap -Xcc -I/tmp/counting-sheep-shop-build/Build/Intermediates.noindex/PhoneInTheOtherRoom.build/Debug-iphonesimulator/PhoneInTheOtherRoom.build/Counting\ Sheep-own-target-headers.hmap -Xcc -I/tmp/counting-sheep-shop-build/Build/Intermediates.noindex/PhoneInTheOtherRoom.build/Debug-iphonesimulator/PhoneInTheOtherRoom.build/Counting\ Sheep-all-non-framework-target-headers.hmap -Xcc -ivfsoverlay -Xcc /tmp/counting-sheep-shop-build/Build/Intermediates.noindex/PhoneInTheOtherRoom.build/Debug-iphonesimulator/PhoneInTheOtherRoom-d9a00fb94435e678319518e524e23875-VFS-iphonesimulator/all-product-headers.yaml -Xcc -iquote -Xcc /tmp/counting-sheep-shop-build/Build/Intermediates.noindex/PhoneInTheOtherRoom.build/Debug-iphonesimulator/PhoneInTheOtherRoom.build/Counting\ Sheep-project-headers.hmap -Xcc -I/tmp/counting-sheep-shop-build/Build/Products/Debug-iphonesimulator/include -Xcc -I/tmp/counting-sheep-shop-build/Build/Intermediates.noindex/PhoneInTheOtherRoom.build/Debug-iphonesimulator/PhoneInTheOtherRoom.build/DerivedSources-normal/arm64 -Xcc -I/tmp/counting-sheep-shop-build/Build/Intermediates.noindex/PhoneInTheOtherRoom.build/Debug-iphonesimulator/PhoneInTheOtherRoom.build/DerivedSources/arm64 -Xcc -I/tmp/counting-sheep-shop-build/Build/Intermediates.noindex/PhoneInTheOtherRoom.build/Debug-iphonesimulator/PhoneInTheOtherRoom.build/DerivedSources -Xcc -DDEBUG\=1 -emit-objc-header -emit-objc-header-path /tmp/counting-sheep-shop-build/Build/Intermediates.noindex/PhoneInTheOtherRoom.build/Debug-iphonesimulator/PhoneInTheOtherRoom.build/Objects-normal/arm64/Counting_Sheep-Swift.h -working-directory /Users/ngawangchime/Desktop/Developer\ Projects/Phone\ in\ the\ Other\ Room -experimental-emit-module-separately -disable-cmo

SwiftDriverJobDiscovery normal x86_64 Compiling NightFlockViewModel+Pasture.swift, NightFlockViewModel+V4.swift (in target 'PhoneInTheOtherRoom' from project 'PhoneInTheOtherRoom')

SwiftCompile normal x86_64 Compiling\ NightFlockViewModel+Commitment.swift,\ NightFlockViewModel+Errors.swift,\ NightFlockViewModel+SharedHabits.swift,\ NightFlockViewModel+SharedHabitsAgreement.swift,\ NightFlockViewModel+SharedHabitsFence.swift,\ NightFlockViewModel+Social.swift,\ NightFlockViewModel+UpdateCheers.swift,\ NightJourneyProgress.swift,\ NightJourneyView.swift,\ NightWatchHistory.swift,\ NightWatchReceiptCard.swift,\ NightWatchUsageMonitoringService.swift,\ NightsDayDetailView.swift,\ NightsHistorySummary.swift,\ NightsWeekSection.swift,\ NotificationMessageEditorView.swift,\ NotificationMessageLibraryView.swift,\ NotificationPlanning.swift,\ NotificationSchedulePreviewView.swift,\ NotificationSettingsView.swift,\ OllieCompanionSpriteRenderer.swift,\ OllieDetailView.swift,\ OllieDressedSprite.swift /Users/ngawangchime/Desktop/Developer\ Projects/Phone\ in\ the\ Other\ Room/PhoneInTheOtherRoomApp/ViewModels/NightFlockViewModel+Commitment.swift /Users/ngawangchime/Desktop/Developer\ Projects/Phone\ in\ the\ Other\ Room/PhoneInTheOtherRoomApp/ViewModels/NightFlockViewModel+Errors.swift /Users/ngawangchime/Desktop/Developer\ Projects/Phone\ in\ the\ Other\ Room/PhoneInTheOtherRoomApp/ViewModels/NightFlockViewModel+SharedHabits.swift /Users/ngawangchime/Desktop/Developer\ Projects/Phone\ in\ the\ Other\ Room/PhoneInTheOtherRoomApp/ViewModels/NightFlockViewModel+SharedHabitsAgreement.swift /Users/ngawangchime/Desktop/Developer\ Projects/Phone\ in\ the\ Other\ Room/PhoneInTheOtherRoomApp/ViewModels/NightFlockViewModel+SharedHabitsFence.swift /Users/ngawangchime/Desktop/Developer\ Projects/Phone\ in\ the\ Other\ Room/PhoneInTheOtherRoomApp/ViewModels/NightFlockViewModel+Social.swift /Users/ngawangchime/Desktop/Developer\ Projects/Phone\ in\ the\ Other\ Room/PhoneInTheOtherRoomApp/ViewModels/NightFlockViewModel+UpdateCheers.swift /Users/ngawangchime/Desktop/Developer\ Projects/Phone\ in\ the\ Other\ Room/Shared/NightJourneyProgress.swift /Users/ngawangchime/Desktop/Developer\ Projects/Phone\ in\ the\ Other\ Room/PhoneInTheOtherRoomApp/Views/Components/NightJourneyView.swift /Users/ngawangchime/Desktop/Developer\ Projects/Phone\ in\ the\ Other\ Room/Shared/NightWatchHistory.swift /Users/ngawangchime/Desktop/Developer\ Projects/Phone\ in\ the\ Other\ Room/PhoneInTheOtherRoomApp/Views/Components/NightWatchReceiptCard.swift /Users/ngawangchime/Desktop/Developer\ Projects/Phone\ in\ the\ Other\ Room/PhoneInTheOtherRoomApp/Services/NightWatchUsageMonitoringService.swift /Users/ngawangchime/Desktop/Developer\ Projects/Phone\ in\ the\ Other\ Room/PhoneInTheOtherRoomApp/Views/NightsDayDetailView.swift /Users/ngawangchime/Desktop/Developer\ Projects/Phone\ in\ the\ Other\ Room/Shared/NightsHistorySummary.swift /Users/ngawangchime/Desktop/Developer\ Projects/Phone\ in\ the\ Other\ Room/PhoneInTheOtherRoomApp/Views/NightsWeekSection.swift /Users/ngawangchime/Desktop/Developer\ Projects/Phone\ in\ the\ Other\ Room/PhoneInTheOtherRoomApp/Views/NotificationMessageEditorView.swift /Users/ngawangchime/Desktop/Developer\ Projects/Phone\ in\ the\ Other\ Room/PhoneInTheOtherRoomApp/Views/NotificationMessageLibraryView.swift /Users/ngawangchime/Desktop/Developer\ Projects/Phone\ in\ the\ Other\ Room/Shared/NotificationPlanning.swift /Users/ngawangchime/Desktop/Developer\ Projects/Phone\ in\ the\ Other\ Room/PhoneInTheOtherRoomApp/Views/NotificationSchedulePreviewView.swift /Users/ngawangchime/Desktop/Developer\ Projects/Phone\ in\ the\ Other\ Room/PhoneInTheOtherRoomApp/Views/NotificationSettingsView.swift /Users/ngawangchime/Desktop/Developer\ Projects/Phone\ in\ the\ Other\ Room/PhoneInTheOtherRoomApp/Views/Components/OllieCompanionSpriteRenderer.swift /Users/ngawangchime/Desktop/Developer\ Projects/Phone\ in\ the\ Other\ Room/PhoneInTheOtherRoomApp/Views/OllieDetailView.swift /Users/ngawangchime/Desktop/Developer\ Projects/Phone\ in\ the\ Other\ Room/PhoneInTheOtherRoomApp/Views/Components/OllieDressedSprite.swift (in target 'PhoneInTheOtherRoom' from project 'PhoneInTheOtherRoom')

SwiftCompile normal x86_64 /Users/ngawangchime/Desktop/Developer\ Projects/Phone\ in\ the\ Other\ Room/PhoneInTheOtherRoomApp/ViewModels/NightFlockViewModel+Commitment.swift (in target 'PhoneInTheOtherRoom' from project 'PhoneInTheOtherRoom')
    cd /Users/ngawangchime/Desktop/Developer\ Projects/Phone\ in\ the\ Other\ Room
    

SwiftCompile normal x86_64 /Users/ngawangchime/Desktop/Developer\ Projects/Phone\ in\ the\ Other\ Room/PhoneInTheOtherRoomApp/ViewModels/NightFlockViewModel+Errors.swift (in target 'PhoneInTheOtherRoom' from project 'PhoneInTheOtherRoom')
    cd /Users/ngawangchime/Desktop/Developer\ Projects/Phone\ in\ the\ Other\ Room
    

SwiftCompile normal x86_64 /Users/ngawangchime/Desktop/Developer\ Projects/Phone\ in\ the\ Other\ Room/PhoneInTheOtherRoomApp/ViewModels/NightFlockViewModel+SharedHabits.swift (in target 'PhoneInTheOtherRoom' from project 'PhoneInTheOtherRoom')
    cd /Users/ngawangchime/Desktop/Developer\ Projects/Phone\ in\ the\ Other\ Room
    

SwiftCompile normal x86_64 /Users/ngawangchime/Desktop/Developer\ Projects/Phone\ in\ the\ Other\ Room/PhoneInTheOtherRoomApp/ViewModels/NightFlockViewModel+SharedHabitsAgreement.swift (in target 'PhoneInTheOtherRoom' from project 'PhoneInTheOtherRoom')
    cd /Users/ngawangchime/Desktop/Developer\ Projects/Phone\ in\ the\ Other\ Room
    

SwiftCompile normal x86_64 /Users/ngawangchime/Desktop/Developer\ Projects/Phone\ in\ the\ Other\ Room/PhoneInTheOtherRoomApp/ViewModels/NightFlockViewModel+SharedHabitsFence.swift (in target 'PhoneInTheOtherRoom' from project 'PhoneInTheOtherRoom')
    cd /Users/ngawangchime/Desktop/Developer\ Projects/Phone\ in\ the\ Other\ Room
    

SwiftCompile normal x86_64 /Users/ngawangchime/Desktop/Developer\ Projects/Phone\ in\ the\ Other\ Room/PhoneInTheOtherRoomApp/ViewModels/NightFlockViewModel+Social.swift (in target 'PhoneInTheOtherRoom' from project 'PhoneInTheOtherRoom')
    cd /Users/ngawangchime/Desktop/Developer\ Projects/Phone\ in\ the\ Other\ Room
    
/Users/ngawangchime/Desktop/Developer Projects/Phone in the Other Room/PhoneInTheOtherRoomApp/ViewModels/NightFlockViewModel+Social.swift:34:13: warning: initialization of immutable value 'transportEpoch' was never used; consider replacing with assignment to '_' or removing it
        let transportEpoch = transportRecoveryEpoch
        ~~~~^~~~~~~~~~~~~~
        _

SwiftCompile normal x86_64 /Users/ngawangchime/Desktop/Developer\ Projects/Phone\ in\ the\ Other\ Room/PhoneInTheOtherRoomApp/ViewModels/NightFlockViewModel+UpdateCheers.swift (in target 'PhoneInTheOtherRoom' from project 'PhoneInTheOtherRoom')
    cd /Users/ngawangchime/Desktop/Developer\ Projects/Phone\ in\ the\ Other\ Room
    

SwiftCompile normal x86_64 /Users/ngawangchime/Desktop/Developer\ Projects/Phone\ in\ the\ Other\ Room/Shared/NightJourneyProgress.swift (in target 'PhoneInTheOtherRoom' from project 'PhoneInTheOtherRoom')
    cd /Users/ngawangchime/Desktop/Developer\ Projects/Phone\ in\ the\ Other\ Room
    

SwiftCompile normal x86_64 /Users/ngawangchime/Desktop/Developer\ Projects/Phone\ in\ the\ Other\ Room/PhoneInTheOtherRoomApp/Views/Components/NightJourneyView.swift (in target 'PhoneInTheOtherRoom' from project 'PhoneInTheOtherRoom')
    cd /Users/ngawangchime/Desktop/Developer\ Projects/Phone\ in\ the\ Other\ Room
    

SwiftCompile normal x86_64 /Users/ngawangchime/Desktop/Developer\ Projects/Phone\ in\ the\ Other\ Room/Shared/NightWatchHistory.swift (in target 'PhoneInTheOtherRoom' from project 'PhoneInTheOtherRoom')
    cd /Users/ngawangchime/Desktop/Developer\ Projects/Phone\ in\ the\ Other\ Room
    

SwiftCompile normal x86_64 /Users/ngawangchime/Desktop/Developer\ Projects/Phone\ in\ the\ Other\ Room/PhoneInTheOtherRoomApp/Views/Components/NightWatchReceiptCard.swift (in target 'PhoneInTheOtherRoom' from project 'PhoneInTheOtherRoom')
    cd /Users/ngawangchime/Desktop/Developer\ Projects/Phone\ in\ the\ Other\ Room
    

SwiftCompile normal x86_64 /Users/ngawangchime/Desktop/Developer\ Projects/Phone\ in\ the\ Other\ Room/PhoneInTheOtherRoomApp/Services/NightWatchUsageMonitoringService.swift (in target 'PhoneInTheOtherRoom' from project 'PhoneInTheOtherRoom')
    cd /Users/ngawangchime/Desktop/Developer\ Projects/Phone\ in\ the\ Other\ Room
    

SwiftCompile normal x86_64 /Users/ngawangchime/Desktop/Developer\ Projects/Phone\ in\ the\ Other\ Room/PhoneInTheOtherRoomApp/Views/NightsDayDetailView.swift (in target 'PhoneInTheOtherRoom' from project 'PhoneInTheOtherRoom')
    cd /Users/ngawangchime/Desktop/Developer\ Projects/Phone\ in\ the\ Other\ Room
    

SwiftCompile normal x86_64 /Users/ngawangchime/Desktop/Developer\ Projects/Phone\ in\ the\ Other\ Room/Shared/NightsHistorySummary.swift (in target 'PhoneInTheOtherRoom' from project 'PhoneInTheOtherRoom')
    cd /Users/ngawangchime/Desktop/Developer\ Projects/Phone\ in\ the\ Other\ Room
    

SwiftCompile normal x86_64 /Users/ngawangchime/Desktop/Developer\ Projects/Phone\ in\ the\ Other\ Room/PhoneInTheOtherRoomApp/Views/NightsWeekSection.swift (in target 'PhoneInTheOtherRoom' from project 'PhoneInTheOtherRoom')
    cd /Users/ngawangchime/Desktop/Developer\ Projects/Phone\ in\ the\ Other\ Room
    

SwiftCompile normal x86_64 /Users/ngawangchime/Desktop/Developer\ Projects/Phone\ in\ the\ Other\ Room/PhoneInTheOtherRoomApp/Views/NotificationMessageEditorView.swift (in target 'PhoneInTheOtherRoom' from project 'PhoneInTheOtherRoom')
    cd /Users/ngawangchime/Desktop/Developer\ Projects/Phone\ in\ the\ Other\ Room
    

SwiftCompile normal x86_64 /Users/ngawangchime/Desktop/Developer\ Projects/Phone\ in\ the\ Other\ Room/PhoneInTheOtherRoomApp/Views/NotificationMessageLibraryView.swift (in target 'PhoneInTheOtherRoom' from project 'PhoneInTheOtherRoom')
    cd /Users/ngawangchime/Desktop/Developer\ Projects/Phone\ in\ the\ Other\ Room
    

SwiftCompile normal x86_64 /Users/ngawangchime/Desktop/Developer\ Projects/Phone\ in\ the\ Other\ Room/Shared/NotificationPlanning.swift (in target 'PhoneInTheOtherRoom' from project 'PhoneInTheOtherRoom')
    cd /Users/ngawangchime/Desktop/Developer\ Projects/Phone\ in\ the\ Other\ Room
    

SwiftCompile normal x86_64 /Users/ngawangchime/Desktop/Developer\ Projects/Phone\ in\ the\ Other\ Room/PhoneInTheOtherRoomApp/Views/NotificationSchedulePreviewView.swift (in target 'PhoneInTheOtherRoom' from project 'PhoneInTheOtherRoom')
    cd /Users/ngawangchime/Desktop/Developer\ Projects/Phone\ in\ the\ Other\ Room
    

SwiftCompile normal x86_64 /Users/ngawangchime/Desktop/Developer\ Projects/Phone\ in\ the\ Other\ Room/PhoneInTheOtherRoomApp/Views/NotificationSettingsView.swift (in target 'PhoneInTheOtherRoom' from project 'PhoneInTheOtherRoom')
    cd /Users/ngawangchime/Desktop/Developer\ Projects/Phone\ in\ the\ Other\ Room
    

SwiftCompile normal x86_64 /Users/ngawangchime/Desktop/Developer\ Projects/Phone\ in\ the\ Other\ Room/PhoneInTheOtherRoomApp/Views/Components/OllieCompanionSpriteRenderer.swift (in target 'PhoneInTheOtherRoom' from project 'PhoneInTheOtherRoom')
    cd /Users/ngawangchime/Desktop/Developer\ Projects/Phone\ in\ the\ Other\ Room
    

SwiftCompile normal x86_64 /Users/ngawangchime/Desktop/Developer\ Projects/Phone\ in\ the\ Other\ Room/PhoneInTheOtherRoomApp/Views/OllieDetailView.swift (in target 'PhoneInTheOtherRoom' from project 'PhoneInTheOtherRoom')
    cd /Users/ngawangchime/Desktop/Developer\ Projects/Phone\ in\ the\ Other\ Room
    

SwiftCompile normal x86_64 /Users/ngawangchime/Desktop/Developer\ Projects/Phone\ in\ the\ Other\ Room/PhoneInTheOtherRoomApp/Views/Components/OllieDressedSprite.swift (in target 'PhoneInTheOtherRoom' from project 'PhoneInTheOtherRoom')
    cd /Users/ngawangchime/Desktop/Developer\ Projects/Phone\ in\ the\ Other\ Room
    

Copy /tmp/counting-sheep-shop-build/Build/Products/Debug-iphonesimulator/Counting_Sheep.swiftmodule/arm64-apple-ios-simulator.swiftmodule /tmp/counting-sheep-shop-build/Build/Intermediates.noindex/PhoneInTheOtherRoom.build/Debug-iphonesimulator/PhoneInTheOtherRoom.build/Objects-normal/arm64/Counting_Sheep.swiftmodule (in target 'PhoneInTheOtherRoom' from project 'PhoneInTheOtherRoom')
    cd /Users/ngawangchime/Desktop/Developer\ Projects/Phone\ in\ the\ Other\ Room
    builtin-copy -exclude .DS_Store -exclude CVS -exclude .svn -exclude .git -exclude .hg -resolve-src-symlinks -rename /tmp/counting-sheep-shop-build/Build/Intermediates.noindex/PhoneInTheOtherRoom.build/Debug-iphonesimulator/PhoneInTheOtherRoom.build/Objects-normal/arm64/Counting_Sheep.swiftmodule /tmp/counting-sheep-shop-build/Build/Products/Debug-iphonesimulator/Counting_Sheep.swiftmodule/arm64-apple-ios-simulator.swiftmodule

SwiftDriverJobDiscovery normal arm64 Compiling NightFlockV4API.swift (in target 'PhoneInTheOtherRoom' from project 'PhoneInTheOtherRoom')

Copy /tmp/counting-sheep-shop-build/Build/Products/Debug-iphonesimulator/Counting_Sheep.swiftmodule/arm64-apple-ios-simulator.abi.json /tmp/counting-sheep-shop-build/Build/Intermediates.noindex/PhoneInTheOtherRoom.build/Debug-iphonesimulator/PhoneInTheOtherRoom.build/Objects-normal/arm64/Counting_Sheep.abi.json (in target 'PhoneInTheOtherRoom' from project 'PhoneInTheOtherRoom')
    cd /Users/ngawangchime/Desktop/Developer\ Projects/Phone\ in\ the\ Other\ Room
    builtin-copy -exclude .DS_Store -exclude CVS -exclude .svn -exclude .git -exclude .hg -resolve-src-symlinks -rename /tmp/counting-sheep-shop-build/Build/Intermediates.noindex/PhoneInTheOtherRoom.build/Debug-iphonesimulator/PhoneInTheOtherRoom.build/Objects-normal/arm64/Counting_Sheep.abi.json /tmp/counting-sheep-shop-build/Build/Products/Debug-iphonesimulator/Counting_Sheep.swiftmodule/arm64-apple-ios-simulator.abi.json

Copy /tmp/counting-sheep-shop-build/Build/Products/Debug-iphonesimulator/Counting_Sheep.swiftmodule/Project/arm64-apple-ios-simulator.swiftsourceinfo /tmp/counting-sheep-shop-build/Build/Intermediates.noindex/PhoneInTheOtherRoom.build/Debug-iphonesimulator/PhoneInTheOtherRoom.build/Objects-normal/arm64/Counting_Sheep.swiftsourceinfo (in target 'PhoneInTheOtherRoom' from project 'PhoneInTheOtherRoom')
    cd /Users/ngawangchime/Desktop/Developer\ Projects/Phone\ in\ the\ Other\ Room
    builtin-copy -exclude .DS_Store -exclude CVS -exclude .svn -exclude .git -exclude .hg -resolve-src-symlinks -rename /tmp/counting-sheep-shop-build/Build/Intermediates.noindex/PhoneInTheOtherRoom.build/Debug-iphonesimulator/PhoneInTheOtherRoom.build/Objects-normal/arm64/Counting_Sheep.swiftsourceinfo /tmp/counting-sheep-shop-build/Build/Products/Debug-iphonesimulator/Counting_Sheep.swiftmodule/Project/arm64-apple-ios-simulator.swiftsourceinfo

SwiftCompile normal x86_64 Compiling\ QuietTimeEditorView.swift,\ QuietTimeShieldSchedule.swift,\ QuietTimeShielding.swift,\ QuietTimeShieldingService.swift,\ QuietWindowDurationEditor.swift,\ RewardEngine.swift,\ RewardShelfView.swift,\ RitualPersonalisationView.swift,\ RitualPlanEditors.swift,\ RitualReflectionInvitation.swift,\ ScreenFreeMorningPresentation.swift,\ ScreenFreeMorningView.swift,\ ScreenTimeBookendCard.swift,\ ScreenbookFixtures.swift,\ ScreenbookHabitLoopProbe.swift,\ ScreenbookRecoveryProbe.swift,\ ScreenbookRootView.swift,\ SessionGuard.swift,\ SettingsDetailViews.swift,\ SettingsHelpGuideView.swift,\ SharedFarmForYouSection.swift,\ SharedFarmHomeLine.swift,\ SharedFarmPrototypeFixtures.swift /Users/ngawangchime/Desktop/Developer\ Projects/Phone\ in\ the\ Other\ Room/PhoneInTheOtherRoomApp/Views/QuietTimeEditorView.swift /Users/ngawangchime/Desktop/Developer\ Projects/Phone\ in\ the\ Other\ Room/Shared/QuietTimeShieldSchedule.swift /Users/ngawangchime/Desktop/Developer\ Projects/Phone\ in\ the\ Other\ Room/Shared/QuietTimeShielding.swift /Users/ngawangchime/Desktop/Developer\ Projects/Phone\ in\ the\ Other\ Room/PhoneInTheOtherRoomApp/Services/QuietTimeShieldingService.swift /Users/ngawangchime/Desktop/Developer\ Projects/Phone\ in\ the\ Other\ Room/PhoneInTheOtherRoomApp/Views/Components/QuietWindowDurationEditor.swift /Users/ngawangchime/Desktop/Developer\ Projects/Phone\ in\ the\ Other\ Room/Shared/RewardEngine.swift /Users/ngawangchime/Desktop/Developer\ Projects/Phone\ in\ the\ Other\ Room/PhoneInTheOtherRoomApp/Views/RewardShelfView.swift /Users/ngawangchime/Desktop/Developer\ Projects/Phone\ in\ the\ Other\ Room/PhoneInTheOtherRoomApp/Views/RitualPersonalisationView.swift /Users/ngawangchime/Desktop/Developer\ Projects/Phone\ in\ the\ Other\ Room/PhoneInTheOtherRoomApp/Views/Components/RitualPlanEditors.swift /Users/ngawangchime/Desktop/Developer\ Projects/Phone\ in\ the\ Other\ Room/PhoneInTheOtherRoomApp/Views/Components/RitualReflectionInvitation.swift /Users/ngawangchime/Desktop/Developer\ Projects/Phone\ in\ the\ Other\ Room/Shared/ScreenFreeMorningPresentation.swift /Users/ngawangchime/Desktop/Developer\ Projects/Phone\ in\ the\ Other\ Room/PhoneInTheOtherRoomApp/Views/ScreenFreeMorningView.swift /Users/ngawangchime/Desktop/Developer\ Projects/Phone\ in\ the\ Other\ Room/PhoneInTheOtherRoomApp/Views/Components/ScreenTimeBookendCard.swift /Users/ngawangchime/Desktop/Developer\ Projects/Phone\ in\ the\ Other\ Room/PhoneInTheOtherRoomApp/Screenbook/ScreenbookFixtures.swift /Users/ngawangchime/Desktop/Developer\ Projects/Phone\ in\ the\ Other\ Room/PhoneInTheOtherRoomApp/Screenbook/ScreenbookHabitLoopProbe.swift /Users/ngawangchime/Desktop/Developer\ Projects/Phone\ in\ the\ Other\ Room/PhoneInTheOtherRoomApp/Screenbook/ScreenbookRecoveryProbe.swift /Users/ngawangchime/Desktop/Developer\ Projects/Phone\ in\ the\ Other\ Room/PhoneInTheOtherRoomApp/Screenbook/ScreenbookRootView.swift /Users/ngawangchime/Desktop/Developer\ Projects/Phone\ in\ the\ Other\ Room/Shared/SessionGuard.swift /Users/ngawangchime/Desktop/Developer\ Projects/Phone\ in\ the\ Other\ Room/PhoneInTheOtherRoomApp/Views/SettingsDetailViews.swift /Users/ngawangchime/Desktop/Developer\ Projects/Phone\ in\ the\ Other\ Room/PhoneInTheOtherRoomApp/Views/SettingsHelpGuideView.swift /Users/ngawangchime/Desktop/Developer\ Projects/Phone\ in\ the\ Other\ Room/PhoneInTheOtherRoomApp/Views/NightFlock/SharedFarmForYouSection.swift /Users/ngawangchime/Desktop/Developer\ Projects/Phone\ in\ the\ Other\ Room/PhoneInTheOtherRoomApp/Views/Components/SharedFarmHomeLine.swift /Users/ngawangchime/Desktop/Developer\ Projects/Phone\ in\ the\ Other\ Room/PhoneInTheOtherRoomApp/Views/NightFlock/SharedFarmPrototypeFixtures.swift (in target 'PhoneInTheOtherRoom' from project 'PhoneInTheOtherRoom')

SwiftCompile normal x86_64 /Users/ngawangchime/Desktop/Developer\ Projects/Phone\ in\ the\ Other\ Room/PhoneInTheOtherRoomApp/Views/QuietTimeEditorView.swift (in target 'PhoneInTheOtherRoom' from project 'PhoneInTheOtherRoom')
    cd /Users/ngawangchime/Desktop/Developer\ Projects/Phone\ in\ the\ Other\ Room
    

SwiftCompile normal x86_64 /Users/ngawangchime/Desktop/Developer\ Projects/Phone\ in\ the\ Other\ Room/Shared/QuietTimeShieldSchedule.swift (in target 'PhoneInTheOtherRoom' from project 'PhoneInTheOtherRoom')
    cd /Users/ngawangchime/Desktop/Developer\ Projects/Phone\ in\ the\ Other\ Room
    

SwiftCompile normal x86_64 /Users/ngawangchime/Desktop/Developer\ Projects/Phone\ in\ the\ Other\ Room/Shared/QuietTimeShielding.swift (in target 'PhoneInTheOtherRoom' from project 'PhoneInTheOtherRoom')
    cd /Users/ngawangchime/Desktop/Developer\ Projects/Phone\ in\ the\ Other\ Room
    

SwiftCompile normal x86_64 /Users/ngawangchime/Desktop/Developer\ Projects/Phone\ in\ the\ Other\ Room/PhoneInTheOtherRoomApp/Services/QuietTimeShieldingService.swift (in target 'PhoneInTheOtherRoom' from project 'PhoneInTheOtherRoom')
    cd /Users/ngawangchime/Desktop/Developer\ Projects/Phone\ in\ the\ Other\ Room
    

SwiftCompile normal x86_64 /Users/ngawangchime/Desktop/Developer\ Projects/Phone\ in\ the\ Other\ Room/PhoneInTheOtherRoomApp/Views/Components/QuietWindowDurationEditor.swift (in target 'PhoneInTheOtherRoom' from project 'PhoneInTheOtherRoom')
    cd /Users/ngawangchime/Desktop/Developer\ Projects/Phone\ in\ the\ Other\ Room
    

SwiftCompile normal x86_64 /Users/ngawangchime/Desktop/Developer\ Projects/Phone\ in\ the\ Other\ Room/Shared/RewardEngine.swift (in target 'PhoneInTheOtherRoom' from project 'PhoneInTheOtherRoom')
    cd /Users/ngawangchime/Desktop/Developer\ Projects/Phone\ in\ the\ Other\ Room
    

SwiftCompile normal x86_64 /Users/ngawangchime/Desktop/Developer\ Projects/Phone\ in\ the\ Other\ Room/PhoneInTheOtherRoomApp/Views/RewardShelfView.swift (in target 'PhoneInTheOtherRoom' from project 'PhoneInTheOtherRoom')
    cd /Users/ngawangchime/Desktop/Developer\ Projects/Phone\ in\ the\ Other\ Room
    

SwiftCompile normal x86_64 /Users/ngawangchime/Desktop/Developer\ Projects/Phone\ in\ the\ Other\ Room/PhoneInTheOtherRoomApp/Views/RitualPersonalisationView.swift (in target 'PhoneInTheOtherRoom' from project 'PhoneInTheOtherRoom')
    cd /Users/ngawangchime/Desktop/Developer\ Projects/Phone\ in\ the\ Other\ Room
    

SwiftCompile normal x86_64 /Users/ngawangchime/Desktop/Developer\ Projects/Phone\ in\ the\ Other\ Room/PhoneInTheOtherRoomApp/Views/Components/RitualPlanEditors.swift (in target 'PhoneInTheOtherRoom' from project 'PhoneInTheOtherRoom')
    cd /Users/ngawangchime/Desktop/Developer\ Projects/Phone\ in\ the\ Other\ Room
    

SwiftCompile normal x86_64 /Users/ngawangchime/Desktop/Developer\ Projects/Phone\ in\ the\ Other\ Room/PhoneInTheOtherRoomApp/Views/Components/RitualReflectionInvitation.swift (in target 'PhoneInTheOtherRoom' from project 'PhoneInTheOtherRoom')
    cd /Users/ngawangchime/Desktop/Developer\ Projects/Phone\ in\ the\ Other\ Room
    

SwiftCompile normal x86_64 /Users/ngawangchime/Desktop/Developer\ Projects/Phone\ in\ the\ Other\ Room/Shared/ScreenFreeMorningPresentation.swift (in target 'PhoneInTheOtherRoom' from project 'PhoneInTheOtherRoom')
    cd /Users/ngawangchime/Desktop/Developer\ Projects/Phone\ in\ the\ Other\ Room
    

SwiftCompile normal x86_64 /Users/ngawangchime/Desktop/Developer\ Projects/Phone\ in\ the\ Other\ Room/PhoneInTheOtherRoomApp/Views/ScreenFreeMorningView.swift (in target 'PhoneInTheOtherRoom' from project 'PhoneInTheOtherRoom')
    cd /Users/ngawangchime/Desktop/Developer\ Projects/Phone\ in\ the\ Other\ Room
    

SwiftCompile normal x86_64 /Users/ngawangchime/Desktop/Developer\ Projects/Phone\ in\ the\ Other\ Room/PhoneInTheOtherRoomApp/Views/Components/ScreenTimeBookendCard.swift (in target 'PhoneInTheOtherRoom' from project 'PhoneInTheOtherRoom')
    cd /Users/ngawangchime/Desktop/Developer\ Projects/Phone\ in\ the\ Other\ Room
    

SwiftCompile normal x86_64 /Users/ngawangchime/Desktop/Developer\ Projects/Phone\ in\ the\ Other\ Room/PhoneInTheOtherRoomApp/Screenbook/ScreenbookFixtures.swift (in target 'PhoneInTheOtherRoom' from project 'PhoneInTheOtherRoom')
    cd /Users/ngawangchime/Desktop/Developer\ Projects/Phone\ in\ the\ Other\ Room
    

SwiftCompile normal x86_64 /Users/ngawangchime/Desktop/Developer\ Projects/Phone\ in\ the\ Other\ Room/PhoneInTheOtherRoomApp/Screenbook/ScreenbookHabitLoopProbe.swift (in target 'PhoneInTheOtherRoom' from project 'PhoneInTheOtherRoom')
    cd /Users/ngawangchime/Desktop/Developer\ Projects/Phone\ in\ the\ Other\ Room
    

SwiftCompile normal x86_64 /Users/ngawangchime/Desktop/Developer\ Projects/Phone\ in\ the\ Other\ Room/PhoneInTheOtherRoomApp/Screenbook/ScreenbookRecoveryProbe.swift (in target 'PhoneInTheOtherRoom' from project 'PhoneInTheOtherRoom')
    cd /Users/ngawangchime/Desktop/Developer\ Projects/Phone\ in\ the\ Other\ Room
    

SwiftCompile normal x86_64 /Users/ngawangchime/Desktop/Developer\ Projects/Phone\ in\ the\ Other\ Room/PhoneInTheOtherRoomApp/Screenbook/ScreenbookRootView.swift (in target 'PhoneInTheOtherRoom' from project 'PhoneInTheOtherRoom')
    cd /Users/ngawangchime/Desktop/Developer\ Projects/Phone\ in\ the\ Other\ Room
    

SwiftCompile normal x86_64 /Users/ngawangchime/Desktop/Developer\ Projects/Phone\ in\ the\ Other\ Room/Shared/SessionGuard.swift (in target 'PhoneInTheOtherRoom' from project 'PhoneInTheOtherRoom')
    cd /Users/ngawangchime/Desktop/Developer\ Projects/Phone\ in\ the\ Other\ Room
    

SwiftCompile normal x86_64 /Users/ngawangchime/Desktop/Developer\ Projects/Phone\ in\ the\ Other\ Room/PhoneInTheOtherRoomApp/Views/SettingsDetailViews.swift (in target 'PhoneInTheOtherRoom' from project 'PhoneInTheOtherRoom')
    cd /Users/ngawangchime/Desktop/Developer\ Projects/Phone\ in\ the\ Other\ Room
    

SwiftCompile normal x86_64 /Users/ngawangchime/Desktop/Developer\ Projects/Phone\ in\ the\ Other\ Room/PhoneInTheOtherRoomApp/Views/SettingsHelpGuideView.swift (in target 'PhoneInTheOtherRoom' from project 'PhoneInTheOtherRoom')
    cd /Users/ngawangchime/Desktop/Developer\ Projects/Phone\ in\ the\ Other\ Room
    

SwiftCompile normal x86_64 /Users/ngawangchime/Desktop/Developer\ Projects/Phone\ in\ the\ Other\ Room/PhoneInTheOtherRoomApp/Views/NightFlock/SharedFarmForYouSection.swift (in target 'PhoneInTheOtherRoom' from project 'PhoneInTheOtherRoom')
    cd /Users/ngawangchime/Desktop/Developer\ Projects/Phone\ in\ the\ Other\ Room
    

SwiftCompile normal x86_64 /Users/ngawangchime/Desktop/Developer\ Projects/Phone\ in\ the\ Other\ Room/PhoneInTheOtherRoomApp/Views/Components/SharedFarmHomeLine.swift (in target 'PhoneInTheOtherRoom' from project 'PhoneInTheOtherRoom')
    cd /Users/ngawangchime/Desktop/Developer\ Projects/Phone\ in\ the\ Other\ Room
    

SwiftCompile normal x86_64 /Users/ngawangchime/Desktop/Developer\ Projects/Phone\ in\ the\ Other\ Room/PhoneInTheOtherRoomApp/Views/NightFlock/SharedFarmPrototypeFixtures.swift (in target 'PhoneInTheOtherRoom' from project 'PhoneInTheOtherRoom')
    cd /Users/ngawangchime/Desktop/Developer\ Projects/Phone\ in\ the\ Other\ Room
    

SwiftCompile normal x86_64 Compiling\ UpcomingQuietTimesCard.swift,\ WatchConnectivityManager.swift,\ WatchMessage.swift,\ WatchPhysicalQAFixture.swift,\ WelcomeReward.swift,\ WindDownGuidance.swift,\ WindDownGuidanceDetailView.swift,\ WindDownGuidanceLibraryView.swift,\ WindDownGuidanceSourcesView.swift,\ WindDownGuidanceTopicView.swift,\ WindDownGuideCard.swift,\ WindDownHabit.swift,\ WindDownHabitHomeCard.swift,\ WindDownHabitReflectionCard.swift,\ WindDownHabitSupportEditor.swift,\ WindDownPhaseProgressView.swift,\ WindDownRoutineSequenceCard.swift,\ WindDownSchedulePreviews.swift,\ WindDownScheduleView.swift,\ WindDownScheduling.swift,\ WindDownTagManagementCard.swift,\ WindDownTimingView.swift /Users/ngawangchime/Desktop/Developer\ Projects/Phone\ in\ the\ Other\ Room/PhoneInTheOtherRoomApp/Views/Components/UpcomingQuietTimesCard.swift /Users/ngawangchime/Desktop/Developer\ Projects/Phone\ in\ the\ Other\ Room/PhoneInTheOtherRoomApp/Services/WatchConnectivityManager.swift /Users/ngawangchime/Desktop/Developer\ Projects/Phone\ in\ the\ Other\ Room/Shared/WatchMessage.swift /Users/ngawangchime/Desktop/Developer\ Projects/Phone\ in\ the\ Other\ Room/PhoneInTheOtherRoomApp/Debug/WatchPhysicalQAFixture.swift /Users/ngawangchime/Desktop/Developer\ Projects/Phone\ in\ the\ Other\ Room/Shared/WelcomeReward.swift /Users/ngawangchime/Desktop/Developer\ Projects/Phone\ in\ the\ Other\ Room/Shared/WindDownGuidance.swift /Users/ngawangchime/Desktop/Developer\ Projects/Phone\ in\ the\ Other\ Room/PhoneInTheOtherRoomApp/Views/Components/WindDownGuidanceDetailView.swift /Users/ngawangchime/Desktop/Developer\ Projects/Phone\ in\ the\ Other\ Room/PhoneInTheOtherRoomApp/Views/Components/WindDownGuidanceLibraryView.swift /Users/ngawangchime/Desktop/Developer\ Projects/Phone\ in\ the\ Other\ Room/PhoneInTheOtherRoomApp/Views/Components/WindDownGuidanceSourcesView.swift /Users/ngawangchime/Desktop/Developer\ Projects/Phone\ in\ the\ Other\ Room/PhoneInTheOtherRoomApp/Views/Components/WindDownGuidanceTopicView.swift /Users/ngawangchime/Desktop/Developer\ Projects/Phone\ in\ the\ Other\ Room/PhoneInTheOtherRoomApp/Views/Components/WindDownGuideCard.swift /Users/ngawangchime/Desktop/Developer\ Projects/Phone\ in\ the\ Other\ Room/Shared/WindDownHabit.swift /Users/ngawangchime/Desktop/Developer\ Projects/Phone\ in\ the\ Other\ Room/PhoneInTheOtherRoomApp/Views/Components/WindDownHabitHomeCard.swift /Users/ngawangchime/Desktop/Developer\ Projects/Phone\ in\ the\ Other\ Room/PhoneInTheOtherRoomApp/Views/Components/WindDownHabitReflectionCard.swift /Users/ngawangchime/Desktop/Developer\ Projects/Phone\ in\ the\ Other\ Room/PhoneInTheOtherRoomApp/Views/Components/WindDownHabitSupportEditor.swift /Users/ngawangchime/Desktop/Developer\ Projects/Phone\ in\ the\ Other\ Room/PhoneInTheOtherRoomApp/Views/Components/WindDownPhaseProgressView.swift /Users/ngawangchime/Desktop/Developer\ Projects/Phone\ in\ the\ Other\ Room/PhoneInTheOtherRoomApp/Views/Components/WindDownRoutineSequenceCard.swift /Users/ngawangchime/Desktop/Developer\ Projects/Phone\ in\ the\ Other\ Room/PhoneInTheOtherRoomApp/Views/WindDownSchedulePreviews.swift /Users/ngawangchime/Desktop/Developer\ Projects/Phone\ in\ the\ Other\ Room/PhoneInTheOtherRoomApp/Views/WindDownScheduleView.swift /Users/ngawangchime/Desktop/Developer\ Projects/Phone\ in\ the\ Other\ Room/Shared/WindDownScheduling.swift /Users/ngawangchime/Desktop/Developer\ Projects/Phone\ in\ the\ Other\ Room/PhoneInTheOtherRoomApp/Views/Components/WindDownTagManagementCard.swift /Users/ngawangchime/Desktop/Developer\ Projects/Phone\ in\ the\ Other\ Room/PhoneInTheOtherRoomApp/Views/WindDownTimingView.swift (in target 'PhoneInTheOtherRoom' from project 'PhoneInTheOtherRoom')

SwiftCompile normal x86_64 /Users/ngawangchime/Desktop/Developer\ Projects/Phone\ in\ the\ Other\ Room/PhoneInTheOtherRoomApp/Views/Components/UpcomingQuietTimesCard.swift (in target 'PhoneInTheOtherRoom' from project 'PhoneInTheOtherRoom')
    cd /Users/ngawangchime/Desktop/Developer\ Projects/Phone\ in\ the\ Other\ Room
    

SwiftCompile normal x86_64 /Users/ngawangchime/Desktop/Developer\ Projects/Phone\ in\ the\ Other\ Room/PhoneInTheOtherRoomApp/Services/WatchConnectivityManager.swift (in target 'PhoneInTheOtherRoom' from project 'PhoneInTheOtherRoom')
    cd /Users/ngawangchime/Desktop/Developer\ Projects/Phone\ in\ the\ Other\ Room
    

SwiftCompile normal x86_64 /Users/ngawangchime/Desktop/Developer\ Projects/Phone\ in\ the\ Other\ Room/Shared/WatchMessage.swift (in target 'PhoneInTheOtherRoom' from project 'PhoneInTheOtherRoom')
    cd /Users/ngawangchime/Desktop/Developer\ Projects/Phone\ in\ the\ Other\ Room
    

SwiftCompile normal x86_64 /Users/ngawangchime/Desktop/Developer\ Projects/Phone\ in\ the\ Other\ Room/PhoneInTheOtherRoomApp/Debug/WatchPhysicalQAFixture.swift (in target 'PhoneInTheOtherRoom' from project 'PhoneInTheOtherRoom')
    cd /Users/ngawangchime/Desktop/Developer\ Projects/Phone\ in\ the\ Other\ Room
    
/Users/ngawangchime/Desktop/Developer Projects/Phone in the Other Room/PhoneInTheOtherRoomApp/Debug/WatchPhysicalQAFixture.swift:49:25: warning: result of call to 'start(configuration:focusAccepted:startedAt:autoConfirmPlacement:appShieldingRequested:liveActivityRequested:replacesAutomaticSchedule:runID:)' is unused
            coordinator.start(
                        ^    ~

SwiftCompile normal x86_64 /Users/ngawangchime/Desktop/Developer\ Projects/Phone\ in\ the\ Other\ Room/Shared/WelcomeReward.swift (in target 'PhoneInTheOtherRoom' from project 'PhoneInTheOtherRoom')
    cd /Users/ngawangchime/Desktop/Developer\ Projects/Phone\ in\ the\ Other\ Room
    

SwiftCompile normal x86_64 /Users/ngawangchime/Desktop/Developer\ Projects/Phone\ in\ the\ Other\ Room/Shared/WindDownGuidance.swift (in target 'PhoneInTheOtherRoom' from project 'PhoneInTheOtherRoom')
    cd /Users/ngawangchime/Desktop/Developer\ Projects/Phone\ in\ the\ Other\ Room
    

SwiftCompile normal x86_64 /Users/ngawangchime/Desktop/Developer\ Projects/Phone\ in\ the\ Other\ Room/PhoneInTheOtherRoomApp/Views/Components/WindDownGuidanceDetailView.swift (in target 'PhoneInTheOtherRoom' from project 'PhoneInTheOtherRoom')
    cd /Users/ngawangchime/Desktop/Developer\ Projects/Phone\ in\ the\ Other\ Room
    

SwiftCompile normal x86_64 /Users/ngawangchime/Desktop/Developer\ Projects/Phone\ in\ the\ Other\ Room/PhoneInTheOtherRoomApp/Views/Components/WindDownGuidanceLibraryView.swift (in target 'PhoneInTheOtherRoom' from project 'PhoneInTheOtherRoom')
    cd /Users/ngawangchime/Desktop/Developer\ Projects/Phone\ in\ the\ Other\ Room
    

SwiftCompile normal x86_64 /Users/ngawangchime/Desktop/Developer\ Projects/Phone\ in\ the\ Other\ Room/PhoneInTheOtherRoomApp/Views/Components/WindDownGuidanceSourcesView.swift (in target 'PhoneInTheOtherRoom' from project 'PhoneInTheOtherRoom')
    cd /Users/ngawangchime/Desktop/Developer\ Projects/Phone\ in\ the\ Other\ Room
    

SwiftCompile normal x86_64 /Users/ngawangchime/Desktop/Developer\ Projects/Phone\ in\ the\ Other\ Room/PhoneInTheOtherRoomApp/Views/Components/WindDownGuidanceTopicView.swift (in target 'PhoneInTheOtherRoom' from project 'PhoneInTheOtherRoom')
    cd /Users/ngawangchime/Desktop/Developer\ Projects/Phone\ in\ the\ Other\ Room
    

SwiftCompile normal x86_64 /Users/ngawangchime/Desktop/Developer\ Projects/Phone\ in\ the\ Other\ Room/PhoneInTheOtherRoomApp/Views/Components/WindDownGuideCard.swift (in target 'PhoneInTheOtherRoom' from project 'PhoneInTheOtherRoom')
    cd /Users/ngawangchime/Desktop/Developer\ Projects/Phone\ in\ the\ Other\ Room
    

SwiftCompile normal x86_64 /Users/ngawangchime/Desktop/Developer\ Projects/Phone\ in\ the\ Other\ Room/Shared/WindDownHabit.swift (in target 'PhoneInTheOtherRoom' from project 'PhoneInTheOtherRoom')
    cd /Users/ngawangchime/Desktop/Developer\ Projects/Phone\ in\ the\ Other\ Room
    

SwiftCompile normal x86_64 /Users/ngawangchime/Desktop/Developer\ Projects/Phone\ in\ the\ Other\ Room/PhoneInTheOtherRoomApp/Views/Components/WindDownHabitHomeCard.swift (in target 'PhoneInTheOtherRoom' from project 'PhoneInTheOtherRoom')
    cd /Users/ngawangchime/Desktop/Developer\ Projects/Phone\ in\ the\ Other\ Room
    

SwiftCompile normal x86_64 /Users/ngawangchime/Desktop/Developer\ Projects/Phone\ in\ the\ Other\ Room/PhoneInTheOtherRoomApp/Views/Components/WindDownHabitReflectionCard.swift (in target 'PhoneInTheOtherRoom' from project 'PhoneInTheOtherRoom')
    cd /Users/ngawangchime/Desktop/Developer\ Projects/Phone\ in\ the\ Other\ Room
    

SwiftCompile normal x86_64 /Users/ngawangchime/Desktop/Developer\ Projects/Phone\ in\ the\ Other\ Room/PhoneInTheOtherRoomApp/Views/Components/WindDownHabitSupportEditor.swift (in target 'PhoneInTheOtherRoom' from project 'PhoneInTheOtherRoom')
    cd /Users/ngawangchime/Desktop/Developer\ Projects/Phone\ in\ the\ Other\ Room
    

SwiftCompile normal x86_64 /Users/ngawangchime/Desktop/Developer\ Projects/Phone\ in\ the\ Other\ Room/PhoneInTheOtherRoomApp/Views/Components/WindDownPhaseProgressView.swift (in target 'PhoneInTheOtherRoom' from project 'PhoneInTheOtherRoom')
    cd /Users/ngawangchime/Desktop/Developer\ Projects/Phone\ in\ the\ Other\ Room
    

SwiftCompile normal x86_64 /Users/ngawangchime/Desktop/Developer\ Projects/Phone\ in\ the\ Other\ Room/PhoneInTheOtherRoomApp/Views/Components/WindDownRoutineSequenceCard.swift (in target 'PhoneInTheOtherRoom' from project 'PhoneInTheOtherRoom')
    cd /Users/ngawangchime/Desktop/Developer\ Projects/Phone\ in\ the\ Other\ Room
    

SwiftCompile normal x86_64 /Users/ngawangchime/Desktop/Developer\ Projects/Phone\ in\ the\ Other\ Room/PhoneInTheOtherRoomApp/Views/WindDownSchedulePreviews.swift (in target 'PhoneInTheOtherRoom' from project 'PhoneInTheOtherRoom')
    cd /Users/ngawangchime/Desktop/Developer\ Projects/Phone\ in\ the\ Other\ Room
    

SwiftCompile normal x86_64 /Users/ngawangchime/Desktop/Developer\ Projects/Phone\ in\ the\ Other\ Room/PhoneInTheOtherRoomApp/Views/WindDownScheduleView.swift (in target 'PhoneInTheOtherRoom' from project 'PhoneInTheOtherRoom')
    cd /Users/ngawangchime/Desktop/Developer\ Projects/Phone\ in\ the\ Other\ Room
    

SwiftCompile normal x86_64 /Users/ngawangchime/Desktop/Developer\ Projects/Phone\ in\ the\ Other\ Room/Shared/WindDownScheduling.swift (in target 'PhoneInTheOtherRoom' from project 'PhoneInTheOtherRoom')
    cd /Users/ngawangchime/Desktop/Developer\ Projects/Phone\ in\ the\ Other\ Room
    

SwiftCompile normal x86_64 /Users/ngawangchime/Desktop/Developer\ Projects/Phone\ in\ the\ Other\ Room/PhoneInTheOtherRoomApp/Views/Components/WindDownTagManagementCard.swift (in target 'PhoneInTheOtherRoom' from project 'PhoneInTheOtherRoom')
    cd /Users/ngawangchime/Desktop/Developer\ Projects/Phone\ in\ the\ Other\ Room
    

SwiftCompile normal x86_64 /Users/ngawangchime/Desktop/Developer\ Projects/Phone\ in\ the\ Other\ Room/PhoneInTheOtherRoomApp/Views/WindDownTimingView.swift (in target 'PhoneInTheOtherRoom' from project 'PhoneInTheOtherRoom')
    cd /Users/ngawangchime/Desktop/Developer\ Projects/Phone\ in\ the\ Other\ Room
    

SwiftDriverJobDiscovery normal arm64 Compiling ActiveRunPresentation.swift, CumulativeFarmCredit.swift, EarlyEndView.swift, FarmBackupViewModel.swift, FarmSaveDocument.swift, FarmShopView.swift (in target 'PhoneInTheOtherRoom' from project 'PhoneInTheOtherRoom')

SwiftCompile normal arm64 Compiling\ FocusSessionCoordinator.swift,\ FocusSessionStartResult.swift,\ HomeReceiptRouting.swift,\ HomeStartRouting.swift,\ ImpactMeasurement.swift,\ IndependentMorningSettlement.swift /Users/ngawangchime/Desktop/Developer\ Projects/Phone\ in\ the\ Other\ Room/PhoneInTheOtherRoomApp/Proximity/FocusSessionCoordinator.swift /Users/ngawangchime/Desktop/Developer\ Projects/Phone\ in\ the\ Other\ Room/Shared/FocusSessionStartResult.swift /Users/ngawangchime/Desktop/Developer\ Projects/Phone\ in\ the\ Other\ Room/Shared/HomeReceiptRouting.swift /Users/ngawangchime/Desktop/Developer\ Projects/Phone\ in\ the\ Other\ Room/Shared/HomeStartRouting.swift /Users/ngawangchime/Desktop/Developer\ Projects/Phone\ in\ the\ Other\ Room/Shared/ImpactMeasurement.swift /Users/ngawangchime/Desktop/Developer\ Projects/Phone\ in\ the\ Other\ Room/Shared/IndependentMorningSettlement.swift (in target 'PhoneInTheOtherRoom' from project 'PhoneInTheOtherRoom')

SwiftCompile normal arm64 /Users/ngawangchime/Desktop/Developer\ Projects/Phone\ in\ the\ Other\ Room/PhoneInTheOtherRoomApp/Proximity/FocusSessionCoordinator.swift (in target 'PhoneInTheOtherRoom' from project 'PhoneInTheOtherRoom')
    cd /Users/ngawangchime/Desktop/Developer\ Projects/Phone\ in\ the\ Other\ Room
    

SwiftCompile normal arm64 /Users/ngawangchime/Desktop/Developer\ Projects/Phone\ in\ the\ Other\ Room/Shared/FocusSessionStartResult.swift (in target 'PhoneInTheOtherRoom' from project 'PhoneInTheOtherRoom')
    cd /Users/ngawangchime/Desktop/Developer\ Projects/Phone\ in\ the\ Other\ Room
    

SwiftCompile normal arm64 /Users/ngawangchime/Desktop/Developer\ Projects/Phone\ in\ the\ Other\ Room/Shared/HomeReceiptRouting.swift (in target 'PhoneInTheOtherRoom' from project 'PhoneInTheOtherRoom')
    cd /Users/ngawangchime/Desktop/Developer\ Projects/Phone\ in\ the\ Other\ Room
    

SwiftCompile normal arm64 /Users/ngawangchime/Desktop/Developer\ Projects/Phone\ in\ the\ Other\ Room/Shared/HomeStartRouting.swift (in target 'PhoneInTheOtherRoom' from project 'PhoneInTheOtherRoom')
    cd /Users/ngawangchime/Desktop/Developer\ Projects/Phone\ in\ the\ Other\ Room
    

SwiftCompile normal arm64 /Users/ngawangchime/Desktop/Developer\ Projects/Phone\ in\ the\ Other\ Room/Shared/ImpactMeasurement.swift (in target 'PhoneInTheOtherRoom' from project 'PhoneInTheOtherRoom')
    cd /Users/ngawangchime/Desktop/Developer\ Projects/Phone\ in\ the\ Other\ Room
    

SwiftCompile normal arm64 /Users/ngawangchime/Desktop/Developer\ Projects/Phone\ in\ the\ Other\ Room/Shared/IndependentMorningSettlement.swift (in target 'PhoneInTheOtherRoom' from project 'PhoneInTheOtherRoom')
    cd /Users/ngawangchime/Desktop/Developer\ Projects/Phone\ in\ the\ Other\ Room
    

SwiftDriverJobDiscovery normal x86_64 Emitting module for Counting_Sheep (in target 'PhoneInTheOtherRoom' from project 'PhoneInTheOtherRoom')

SwiftDriver\ Compilation\ Requirements PhoneInTheOtherRoom normal x86_64 com.apple.xcode.tools.swift.compiler (in target 'PhoneInTheOtherRoom' from project 'PhoneInTheOtherRoom')
    cd /Users/ngawangchime/Desktop/Developer\ Projects/Phone\ in\ the\ Other\ Room
    builtin-Swift-Compilation-Requirements -- /Applications/Xcode.app/Contents/Developer/Toolchains/XcodeDefault.xctoolchain/usr/bin/swiftc -module-name Counting_Sheep -Onone @/tmp/counting-sheep-shop-build/Build/Intermediates.noindex/PhoneInTheOtherRoom.build/Debug-iphonesimulator/PhoneInTheOtherRoom.build/Objects-normal/x86_64/Counting\ Sheep.SwiftFileList -DDEBUG -DSCREEN_TIME_REPORTS -enable-bare-slash-regex -enable-experimental-feature DebugDescriptionMacro -sdk /Applications/Xcode.app/Contents/Developer/Platforms/iPhoneSimulator.platform/Developer/SDKs/iPhoneSimulator26.5.sdk -target x86_64-apple-ios17.0-simulator -g -module-cache-path /tmp/counting-sheep-shop-build/ModuleCache.noindex -Xfrontend -serialize-debugging-options -enable-testing -index-store-path /tmp/counting-sheep-shop-build/Index.noindex/DataStore -Xcc -D_LIBCPP_HARDENING_MODE\=_LIBCPP_HARDENING_MODE_DEBUG -swift-version 5 -I /tmp/counting-sheep-shop-build/Build/Products/Debug-iphonesimulator -F /tmp/counting-sheep-shop-build/Build/Products/Debug-iphonesimulator/PackageFrameworks -F /tmp/counting-sheep-shop-build/Build/Products/Debug-iphonesimulator/PackageFrameworks -F /tmp/counting-sheep-shop-build/Build/Products/Debug-iphonesimulator/PackageFrameworks -F /tmp/counting-sheep-shop-build/Build/Products/Debug-iphonesimulator/PackageFrameworks -F /tmp/counting-sheep-shop-build/Build/Products/Debug-iphonesimulator/PackageFrameworks -F /tmp/counting-sheep-shop-build/Build/Products/Debug-iphonesimulator/PackageFrameworks -F /tmp/counting-sheep-shop-build/Build/Products/Debug-iphonesimulator/PackageFrameworks -F /tmp/counting-sheep-shop-build/Build/Products/Debug-iphonesimulator/PackageFrameworks -F /tmp/counting-sheep-shop-build/Build/Products/Debug-iphonesimulator/PackageFrameworks -F /tmp/counting-sheep-shop-build/Build/Products/Debug-iphonesimulator/PackageFrameworks -F /tmp/counting-sheep-shop-build/Build/Products/Debug-iphonesimulator/PackageFrameworks -F /tmp/counting-sheep-shop-build/Build/Products/Debug-iphonesimulator/PackageFrameworks -F /tmp/counting-sheep-shop-build/Build/Products/Debug-iphonesimulator/PackageFrameworks -F /tmp/counting-sheep-shop-build/Build/Products/Debug-iphonesimulator/PackageFrameworks -F /tmp/counting-sheep-shop-build/Build/Products/Debug-iphonesimulator -c -j8 -enable-batch-mode -incremental -Xcc -ivfsstatcache -Xcc /tmp/counting-sheep-shop-build/SDKStatCaches.noindex/iphonesimulator26.5-23F81a-6cfe768891a92b912361537c460fe42b.sdkstatcache -output-file-map /tmp/counting-sheep-shop-build/Build/Intermediates.noindex/PhoneInTheOtherRoom.build/Debug-iphonesimulator/PhoneInTheOtherRoom.build/Objects-normal/x86_64/PhoneInTheOtherRoom-OutputFileMap.json -use-frontend-parseable-output -save-temps -no-color-diagnostics -explicit-module-build -module-cache-path /tmp/counting-sheep-shop-build/Build/Intermediates.noindex/SwiftExplicitPrecompiledModules -clang-scanner-module-cache-path /tmp/counting-sheep-shop-build/ModuleCache.noindex -sdk-module-cache-path /tmp/counting-sheep-shop-build/ModuleCache.noindex -serialize-diagnostics -emit-dependencies -emit-module -emit-module-path /tmp/counting-sheep-shop-build/Build/Intermediates.noindex/PhoneInTheOtherRoom.build/Debug-iphonesimulator/PhoneInTheOtherRoom.build/Objects-normal/x86_64/Counting_Sheep.swiftmodule -validate-clang-modules-once -clang-build-session-file /tmp/counting-sheep-shop-build/ModuleCache.noindex/Session.modulevalidation -Xcc -I/tmp/counting-sheep-shop-build/Build/Intermediates.noindex/PhoneInTheOtherRoom.build/Debug-iphonesimulator/PhoneInTheOtherRoom.build/swift-overrides.hmap -emit-const-values -Xfrontend -const-gather-protocols-file -Xfrontend /tmp/counting-sheep-shop-build/Build/Intermediates.noindex/PhoneInTheOtherRoom.build/Debug-iphonesimulator/PhoneInTheOtherRoom.build/Objects-normal/x86_64/PhoneInTheOtherRoom_const_extract_protocols.json -Xcc -iquote -Xcc /tmp/counting-sheep-shop-build/Build/Intermediates.noindex/PhoneInTheOtherRoom.build/Debug-iphonesimulator/PhoneInTheOtherRoom.build/Counting\ Sheep-generated-files.hmap -Xcc -I/tmp/counting-sheep-shop-build/Build/Intermediates.noindex/PhoneInTheOtherRoom.build/Debug-iphonesimulator/PhoneInTheOtherRoom.build/Counting\ Sheep-own-target-headers.hmap -Xcc -I/tmp/counting-sheep-shop-build/Build/Intermediates.noindex/PhoneInTheOtherRoom.build/Debug-iphonesimulator/PhoneInTheOtherRoom.build/Counting\ Sheep-all-non-framework-target-headers.hmap -Xcc -ivfsoverlay -Xcc /tmp/counting-sheep-shop-build/Build/Intermediates.noindex/PhoneInTheOtherRoom.build/Debug-iphonesimulator/PhoneInTheOtherRoom-d9a00fb94435e678319518e524e23875-VFS-iphonesimulator/all-product-headers.yaml -Xcc -iquote -Xcc /tmp/counting-sheep-shop-build/Build/Intermediates.noindex/PhoneInTheOtherRoom.build/Debug-iphonesimulator/PhoneInTheOtherRoom.build/Counting\ Sheep-project-headers.hmap -Xcc -I/tmp/counting-sheep-shop-build/Build/Products/Debug-iphonesimulator/include -Xcc -I/tmp/counting-sheep-shop-build/Build/Intermediates.noindex/PhoneInTheOtherRoom.build/Debug-iphonesimulator/PhoneInTheOtherRoom.build/DerivedSources-normal/x86_64 -Xcc -I/tmp/counting-sheep-shop-build/Build/Intermediates.noindex/PhoneInTheOtherRoom.build/Debug-iphonesimulator/PhoneInTheOtherRoom.build/DerivedSources/x86_64 -Xcc -I/tmp/counting-sheep-shop-build/Build/Intermediates.noindex/PhoneInTheOtherRoom.build/Debug-iphonesimulator/PhoneInTheOtherRoom.build/DerivedSources -Xcc -DDEBUG\=1 -emit-objc-header -emit-objc-header-path /tmp/counting-sheep-shop-build/Build/Intermediates.noindex/PhoneInTheOtherRoom.build/Debug-iphonesimulator/PhoneInTheOtherRoom.build/Objects-normal/x86_64/Counting_Sheep-Swift.h -working-directory /Users/ngawangchime/Desktop/Developer\ Projects/Phone\ in\ the\ Other\ Room -experimental-emit-module-separately -disable-cmo

SwiftDriverJobDiscovery normal arm64 Compiling FocusSessionCoordinator.swift, FocusSessionStartResult.swift, HomeReceiptRouting.swift, HomeStartRouting.swift, ImpactMeasurement.swift, IndependentMorningSettlement.swift (in target 'PhoneInTheOtherRoom' from project 'PhoneInTheOtherRoom')

SwiftCompile normal arm64 Compiling\ FarmSaveNotice.swift,\ FarmShopItemDetailView.swift,\ FarmShopOwnedItemAction.swift,\ FarmShopPresentation.swift,\ FarmShopPreviews.swift,\ FarmView.swift,\ FeedbackFormView.swift,\ FirstRunGuideCards.swift,\ FocusRunSetupView.swift,\ FocusRunViewModel+Farm.swift,\ FocusRunViewModel+FarmBackup.swift,\ FocusRunViewModel+SharedHabits.swift,\ FocusStatsContextSections.swift,\ FocusStatsRecordSections.swift,\ FocusStatsView.swift,\ HomeView.swift,\ HomeWelcomeHero.swift /Users/ngawangchime/Desktop/Developer\ Projects/Phone\ in\ the\ Other\ Room/PhoneInTheOtherRoomApp/Views/Components/FarmSaveNotice.swift /Users/ngawangchime/Desktop/Developer\ Projects/Phone\ in\ the\ Other\ Room/PhoneInTheOtherRoomApp/Views/FarmShopItemDetailView.swift /Users/ngawangchime/Desktop/Developer\ Projects/Phone\ in\ the\ Other\ Room/PhoneInTheOtherRoomApp/Views/FarmShopOwnedItemAction.swift /Users/ngawangchime/Desktop/Developer\ Projects/Phone\ in\ the\ Other\ Room/PhoneInTheOtherRoomApp/Views/FarmShopPresentation.swift /Users/ngawangchime/Desktop/Developer\ Projects/Phone\ in\ the\ Other\ Room/PhoneInTheOtherRoomApp/Views/FarmShopPreviews.swift /Users/ngawangchime/Desktop/Developer\ Projects/Phone\ in\ the\ Other\ Room/PhoneInTheOtherRoomApp/Views/FarmView.swift /Users/ngawangchime/Desktop/Developer\ Projects/Phone\ in\ the\ Other\ Room/PhoneInTheOtherRoomApp/Views/FeedbackFormView.swift /Users/ngawangchime/Desktop/Developer\ Projects/Phone\ in\ the\ Other\ Room/PhoneInTheOtherRoomApp/Views/Components/FirstRunGuideCards.swift /Users/ngawangchime/Desktop/Developer\ Projects/Phone\ in\ the\ Other\ Room/PhoneInTheOtherRoomApp/Views/FocusRunSetupView.swift /Users/ngawangchime/Desktop/Developer\ Projects/Phone\ in\ the\ Other\ Room/PhoneInTheOtherRoomApp/ViewModels/FocusRunViewModel+Farm.swift /Users/ngawangchime/Desktop/Developer\ Projects/Phone\ in\ the\ Other\ Room/PhoneInTheOtherRoomApp/ViewModels/FocusRunViewModel+FarmBackup.swift /Users/ngawangchime/Desktop/Developer\ Projects/Phone\ in\ the\ Other\ Room/PhoneInTheOtherRoomApp/ViewModels/FocusRunViewModel+SharedHabits.swift /Users/ngawangchime/Desktop/Developer\ Projects/Phone\ in\ the\ Other\ Room/PhoneInTheOtherRoomApp/Views/FocusStatsContextSections.swift /Users/ngawangchime/Desktop/Developer\ Projects/Phone\ in\ the\ Other\ Room/PhoneInTheOtherRoomApp/Views/FocusStatsRecordSections.swift /Users/ngawangchime/Desktop/Developer\ Projects/Phone\ in\ the\ Other\ Room/PhoneInTheOtherRoomApp/Views/FocusStatsView.swift /Users/ngawangchime/Desktop/Developer\ Projects/Phone\ in\ the\ Other\ Room/PhoneInTheOtherRoomApp/Views/HomeView.swift /Users/ngawangchime/Desktop/Developer\ Projects/Phone\ in\ the\ Other\ Room/PhoneInTheOtherRoomApp/Views/Components/HomeWelcomeHero.swift (in target 'PhoneInTheOtherRoom' from project 'PhoneInTheOtherRoom')
SwiftCompile normal arm64 /Users/ngawangchime/Desktop/Developer\ Projects/Phone\ in\ the\ Other\ Room/PhoneInTheOtherRoomApp/Views/Components/FarmSaveNotice.swift (in target 'PhoneInTheOtherRoom' from project 'PhoneInTheOtherRoom')
    cd /Users/ngawangchime/Desktop/Developer\ Projects/Phone\ in\ the\ Other\ Room
    

SwiftCompile normal arm64 /Users/ngawangchime/Desktop/Developer\ Projects/Phone\ in\ the\ Other\ Room/PhoneInTheOtherRoomApp/Views/FarmShopItemDetailView.swift (in target 'PhoneInTheOtherRoom' from project 'PhoneInTheOtherRoom')
    cd /Users/ngawangchime/Desktop/Developer\ Projects/Phone\ in\ the\ Other\ Room
    

SwiftCompile normal arm64 /Users/ngawangchime/Desktop/Developer\ Projects/Phone\ in\ the\ Other\ Room/PhoneInTheOtherRoomApp/Views/FarmShopOwnedItemAction.swift (in target 'PhoneInTheOtherRoom' from project 'PhoneInTheOtherRoom')
    cd /Users/ngawangchime/Desktop/Developer\ Projects/Phone\ in\ the\ Other\ Room
    

SwiftCompile normal arm64 /Users/ngawangchime/Desktop/Developer\ Projects/Phone\ in\ the\ Other\ Room/PhoneInTheOtherRoomApp/Views/FarmShopPresentation.swift (in target 'PhoneInTheOtherRoom' from project 'PhoneInTheOtherRoom')
    cd /Users/ngawangchime/Desktop/Developer\ Projects/Phone\ in\ the\ Other\ Room
    

SwiftCompile normal arm64 /Users/ngawangchime/Desktop/Developer\ Projects/Phone\ in\ the\ Other\ Room/PhoneInTheOtherRoomApp/Views/FarmShopPreviews.swift (in target 'PhoneInTheOtherRoom' from project 'PhoneInTheOtherRoom')
    cd /Users/ngawangchime/Desktop/Developer\ Projects/Phone\ in\ the\ Other\ Room
    

SwiftCompile normal arm64 /Users/ngawangchime/Desktop/Developer\ Projects/Phone\ in\ the\ Other\ Room/PhoneInTheOtherRoomApp/Views/FarmView.swift (in target 'PhoneInTheOtherRoom' from project 'PhoneInTheOtherRoom')
    cd /Users/ngawangchime/Desktop/Developer\ Projects/Phone\ in\ the\ Other\ Room
    

SwiftCompile normal arm64 /Users/ngawangchime/Desktop/Developer\ Projects/Phone\ in\ the\ Other\ Room/PhoneInTheOtherRoomApp/Views/FeedbackFormView.swift (in target 'PhoneInTheOtherRoom' from project 'PhoneInTheOtherRoom')
    cd /Users/ngawangchime/Desktop/Developer\ Projects/Phone\ in\ the\ Other\ Room
    

SwiftCompile normal arm64 /Users/ngawangchime/Desktop/Developer\ Projects/Phone\ in\ the\ Other\ Room/PhoneInTheOtherRoomApp/Views/Components/FirstRunGuideCards.swift (in target 'PhoneInTheOtherRoom' from project 'PhoneInTheOtherRoom')
    cd /Users/ngawangchime/Desktop/Developer\ Projects/Phone\ in\ the\ Other\ Room
    

SwiftCompile normal arm64 /Users/ngawangchime/Desktop/Developer\ Projects/Phone\ in\ the\ Other\ Room/PhoneInTheOtherRoomApp/Views/FocusRunSetupView.swift (in target 'PhoneInTheOtherRoom' from project 'PhoneInTheOtherRoom')
    cd /Users/ngawangchime/Desktop/Developer\ Projects/Phone\ in\ the\ Other\ Room
    

SwiftCompile normal arm64 /Users/ngawangchime/Desktop/Developer\ Projects/Phone\ in\ the\ Other\ Room/PhoneInTheOtherRoomApp/ViewModels/FocusRunViewModel+Farm.swift (in target 'PhoneInTheOtherRoom' from project 'PhoneInTheOtherRoom')
    cd /Users/ngawangchime/Desktop/Developer\ Projects/Phone\ in\ the\ Other\ Room
    

SwiftCompile normal arm64 /Users/ngawangchime/Desktop/Developer\ Projects/Phone\ in\ the\ Other\ Room/PhoneInTheOtherRoomApp/ViewModels/FocusRunViewModel+FarmBackup.swift (in target 'PhoneInTheOtherRoom' from project 'PhoneInTheOtherRoom')
    cd /Users/ngawangchime/Desktop/Developer\ Projects/Phone\ in\ the\ Other\ Room
    

SwiftCompile normal arm64 /Users/ngawangchime/Desktop/Developer\ Projects/Phone\ in\ the\ Other\ Room/PhoneInTheOtherRoomApp/ViewModels/FocusRunViewModel+SharedHabits.swift (in target 'PhoneInTheOtherRoom' from project 'PhoneInTheOtherRoom')
    cd /Users/ngawangchime/Desktop/Developer\ Projects/Phone\ in\ the\ Other\ Room
    

SwiftCompile normal arm64 /Users/ngawangchime/Desktop/Developer\ Projects/Phone\ in\ the\ Other\ Room/PhoneInTheOtherRoomApp/Views/FocusStatsContextSections.swift (in target 'PhoneInTheOtherRoom' from project 'PhoneInTheOtherRoom')
    cd /Users/ngawangchime/Desktop/Developer\ Projects/Phone\ in\ the\ Other\ Room
    

SwiftCompile normal arm64 /Users/ngawangchime/Desktop/Developer\ Projects/Phone\ in\ the\ Other\ Room/PhoneInTheOtherRoomApp/Views/FocusStatsRecordSections.swift (in target 'PhoneInTheOtherRoom' from project 'PhoneInTheOtherRoom')
    cd /Users/ngawangchime/Desktop/Developer\ Projects/Phone\ in\ the\ Other\ Room
    

SwiftCompile normal arm64 /Users/ngawangchime/Desktop/Developer\ Projects/Phone\ in\ the\ Other\ Room/PhoneInTheOtherRoomApp/Views/FocusStatsView.swift (in target 'PhoneInTheOtherRoom' from project 'PhoneInTheOtherRoom')
    cd /Users/ngawangchime/Desktop/Developer\ Projects/Phone\ in\ the\ Other\ Room
    

SwiftCompile normal arm64 /Users/ngawangchime/Desktop/Developer\ Projects/Phone\ in\ the\ Other\ Room/PhoneInTheOtherRoomApp/Views/HomeView.swift (in target 'PhoneInTheOtherRoom' from project 'PhoneInTheOtherRoom')
    cd /Users/ngawangchime/Desktop/Developer\ Projects/Phone\ in\ the\ Other\ Room
    

SwiftCompile normal arm64 /Users/ngawangchime/Desktop/Developer\ Projects/Phone\ in\ the\ Other\ Room/PhoneInTheOtherRoomApp/Views/Components/HomeWelcomeHero.swift (in target 'PhoneInTheOtherRoom' from project 'PhoneInTheOtherRoom')
    cd /Users/ngawangchime/Desktop/Developer\ Projects/Phone\ in\ the\ Other\ Room
    

Copy /tmp/counting-sheep-shop-build/Build/Products/Debug-iphonesimulator/Counting_Sheep.swiftmodule/x86_64-apple-ios-simulator.swiftmodule /tmp/counting-sheep-shop-build/Build/Intermediates.noindex/PhoneInTheOtherRoom.build/Debug-iphonesimulator/PhoneInTheOtherRoom.build/Objects-normal/x86_64/Counting_Sheep.swiftmodule (in target 'PhoneInTheOtherRoom' from project 'PhoneInTheOtherRoom')
    cd /Users/ngawangchime/Desktop/Developer\ Projects/Phone\ in\ the\ Other\ Room
    builtin-copy -exclude .DS_Store -exclude CVS -exclude .svn -exclude .git -exclude .hg -resolve-src-symlinks -rename /tmp/counting-sheep-shop-build/Build/Intermediates.noindex/PhoneInTheOtherRoom.build/Debug-iphonesimulator/PhoneInTheOtherRoom.build/Objects-normal/x86_64/Counting_Sheep.swiftmodule /tmp/counting-sheep-shop-build/Build/Products/Debug-iphonesimulator/Counting_Sheep.swiftmodule/x86_64-apple-ios-simulator.swiftmodule

SwiftDriverJobDiscovery normal arm64 Compiling OllieWardrobePreview.swift, OnboardingAccountStepView.swift, OnboardingComponents.swift, OnboardingFlowView.swift, OnboardingPersonalizationView.swift, OnboardingProfileStepView.swift, OnboardingProtectionStepView.swift, OnboardingQuietStepView.swift, OnboardingReadyStepView.swift, OnboardingRecommendationStepView.swift, OnboardingScheduleStepView.swift, OnboardingWelcomeStepView.swift, OrientationTourOverlay.swift, PaperFarmObjectView.swift, PhoneBedTagEditorViews.swift, PhoneInTheOtherRoomApp.swift, PixelHomeDashboard.swift (in target 'PhoneInTheOtherRoom' from project 'PhoneInTheOtherRoom')

Copy /tmp/counting-sheep-shop-build/Build/Products/Debug-iphonesimulator/Counting_Sheep.swiftmodule/x86_64-apple-ios-simulator.abi.json /tmp/counting-sheep-shop-build/Build/Intermediates.noindex/PhoneInTheOtherRoom.build/Debug-iphonesimulator/PhoneInTheOtherRoom.build/Objects-normal/x86_64/Counting_Sheep.abi.json (in target 'PhoneInTheOtherRoom' from project 'PhoneInTheOtherRoom')
    cd /Users/ngawangchime/Desktop/Developer\ Projects/Phone\ in\ the\ Other\ Room
    builtin-copy -exclude .DS_Store -exclude CVS -exclude .svn -exclude .git -exclude .hg -resolve-src-symlinks -rename /tmp/counting-sheep-shop-build/Build/Intermediates.noindex/PhoneInTheOtherRoom.build/Debug-iphonesimulator/PhoneInTheOtherRoom.build/Objects-normal/x86_64/Counting_Sheep.abi.json /tmp/counting-sheep-shop-build/Build/Products/Debug-iphonesimulator/Counting_Sheep.swiftmodule/x86_64-apple-ios-simulator.abi.json

Copy /tmp/counting-sheep-shop-build/Build/Products/Debug-iphonesimulator/Counting_Sheep.swiftmodule/Project/x86_64-apple-ios-simulator.swiftsourceinfo /tmp/counting-sheep-shop-build/Build/Intermediates.noindex/PhoneInTheOtherRoom.build/Debug-iphonesimulator/PhoneInTheOtherRoom.build/Objects-normal/x86_64/Counting_Sheep.swiftsourceinfo (in target 'PhoneInTheOtherRoom' from project 'PhoneInTheOtherRoom')
    cd /Users/ngawangchime/Desktop/Developer\ Projects/Phone\ in\ the\ Other\ Room
    builtin-copy -exclude .DS_Store -exclude CVS -exclude .svn -exclude .git -exclude .hg -resolve-src-symlinks -rename /tmp/counting-sheep-shop-build/Build/Intermediates.noindex/PhoneInTheOtherRoom.build/Debug-iphonesimulator/PhoneInTheOtherRoom.build/Objects-normal/x86_64/Counting_Sheep.swiftsourceinfo /tmp/counting-sheep-shop-build/Build/Products/Debug-iphonesimulator/Counting_Sheep.swiftmodule/Project/x86_64-apple-ios-simulator.swiftsourceinfo

SwiftCompile normal arm64 Compiling\ QuietTimeEditorView.swift,\ QuietWindowDurationEditor.swift,\ RewardShelfView.swift,\ RitualPlanEditors.swift,\ ScreenFreeMorningView.swift,\ ScreenTimeBookendCard.swift,\ ScreenbookFixtures.swift,\ ScreenbookHabitLoopProbe.swift,\ ScreenbookRootView.swift,\ SettingsDetailViews.swift,\ SettingsHelpGuideView.swift,\ SharedFarmForYouSection.swift,\ SharedFarmHomeLine.swift,\ SharedFarmPrototypeFixtures.swift,\ SheepSearchExplainerView.swift,\ ShepherdArtStudyView.swift,\ ShepherdCustomizationView.swift /Users/ngawangchime/Desktop/Developer\ Projects/Phone\ in\ the\ Other\ Room/PhoneInTheOtherRoomApp/Views/QuietTimeEditorView.swift /Users/ngawangchime/Desktop/Developer\ Projects/Phone\ in\ the\ Other\ Room/PhoneInTheOtherRoomApp/Views/Components/QuietWindowDurationEditor.swift /Users/ngawangchime/Desktop/Developer\ Projects/Phone\ in\ the\ Other\ Room/PhoneInTheOtherRoomApp/Views/RewardShelfView.swift /Users/ngawangchime/Desktop/Developer\ Projects/Phone\ in\ the\ Other\ Room/PhoneInTheOtherRoomApp/Views/Components/RitualPlanEditors.swift /Users/ngawangchime/Desktop/Developer\ Projects/Phone\ in\ the\ Other\ Room/PhoneInTheOtherRoomApp/Views/ScreenFreeMorningView.swift /Users/ngawangchime/Desktop/Developer\ Projects/Phone\ in\ the\ Other\ Room/PhoneInTheOtherRoomApp/Views/Components/ScreenTimeBookendCard.swift /Users/ngawangchime/Desktop/Developer\ Projects/Phone\ in\ the\ Other\ Room/PhoneInTheOtherRoomApp/Screenbook/ScreenbookFixtures.swift /Users/ngawangchime/Desktop/Developer\ Projects/Phone\ in\ the\ Other\ Room/PhoneInTheOtherRoomApp/Screenbook/ScreenbookHabitLoopProbe.swift /Users/ngawangchime/Desktop/Developer\ Projects/Phone\ in\ the\ Other\ Room/PhoneInTheOtherRoomApp/Screenbook/ScreenbookRootView.swift /Users/ngawangchime/Desktop/Developer\ Projects/Phone\ in\ the\ Other\ Room/PhoneInTheOtherRoomApp/Views/SettingsDetailViews.swift /Users/ngawangchime/Desktop/Developer\ Projects/Phone\ in\ the\ Other\ Room/PhoneInTheOtherRoomApp/Views/SettingsHelpGuideView.swift /Users/ngawangchime/Desktop/Developer\ Projects/Phone\ in\ the\ Other\ Room/PhoneInTheOtherRoomApp/Views/NightFlock/SharedFarmForYouSection.swift /Users/ngawangchime/Desktop/Developer\ Projects/Phone\ in\ the\ Other\ Room/PhoneInTheOtherRoomApp/Views/Components/SharedFarmHomeLine.swift /Users/ngawangchime/Desktop/Developer\ Projects/Phone\ in\ the\ Other\ Room/PhoneInTheOtherRoomApp/Views/NightFlock/SharedFarmPrototypeFixtures.swift /Users/ngawangchime/Desktop/Developer\ Projects/Phone\ in\ the\ Other\ Room/PhoneInTheOtherRoomApp/Views/SheepSearchExplainerView.swift /Users/ngawangchime/Desktop/Developer\ Projects/Phone\ in\ the\ Other\ Room/PhoneInTheOtherRoomApp/Views/ShepherdArtStudy/ShepherdArtStudyView.swift /Users/ngawangchime/Desktop/Developer\ Projects/Phone\ in\ the\ Other\ Room/PhoneInTheOtherRoomApp/Views/ShepherdCustomizationView.swift (in target 'PhoneInTheOtherRoom' from project 'PhoneInTheOtherRoom')

SwiftCompile normal arm64 /Users/ngawangchime/Desktop/Developer\ Projects/Phone\ in\ the\ Other\ Room/PhoneInTheOtherRoomApp/Views/QuietTimeEditorView.swift (in target 'PhoneInTheOtherRoom' from project 'PhoneInTheOtherRoom')
    cd /Users/ngawangchime/Desktop/Developer\ Projects/Phone\ in\ the\ Other\ Room
    

SwiftCompile normal arm64 /Users/ngawangchime/Desktop/Developer\ Projects/Phone\ in\ the\ Other\ Room/PhoneInTheOtherRoomApp/Views/Components/QuietWindowDurationEditor.swift (in target 'PhoneInTheOtherRoom' from project 'PhoneInTheOtherRoom')
    cd /Users/ngawangchime/Desktop/Developer\ Projects/Phone\ in\ the\ Other\ Room
    

SwiftCompile normal arm64 /Users/ngawangchime/Desktop/Developer\ Projects/Phone\ in\ the\ Other\ Room/PhoneInTheOtherRoomApp/Views/RewardShelfView.swift (in target 'PhoneInTheOtherRoom' from project 'PhoneInTheOtherRoom')
    cd /Users/ngawangchime/Desktop/Developer\ Projects/Phone\ in\ the\ Other\ Room
    

SwiftCompile normal arm64 /Users/ngawangchime/Desktop/Developer\ Projects/Phone\ in\ the\ Other\ Room/PhoneInTheOtherRoomApp/Views/Components/RitualPlanEditors.swift (in target 'PhoneInTheOtherRoom' from project 'PhoneInTheOtherRoom')
    cd /Users/ngawangchime/Desktop/Developer\ Projects/Phone\ in\ the\ Other\ Room
    

SwiftCompile normal arm64 /Users/ngawangchime/Desktop/Developer\ Projects/Phone\ in\ the\ Other\ Room/PhoneInTheOtherRoomApp/Views/ScreenFreeMorningView.swift (in target 'PhoneInTheOtherRoom' from project 'PhoneInTheOtherRoom')
    cd /Users/ngawangchime/Desktop/Developer\ Projects/Phone\ in\ the\ Other\ Room
    

SwiftCompile normal arm64 /Users/ngawangchime/Desktop/Developer\ Projects/Phone\ in\ the\ Other\ Room/PhoneInTheOtherRoomApp/Views/Components/ScreenTimeBookendCard.swift (in target 'PhoneInTheOtherRoom' from project 'PhoneInTheOtherRoom')
    cd /Users/ngawangchime/Desktop/Developer\ Projects/Phone\ in\ the\ Other\ Room
    

SwiftCompile normal arm64 /Users/ngawangchime/Desktop/Developer\ Projects/Phone\ in\ the\ Other\ Room/PhoneInTheOtherRoomApp/Screenbook/ScreenbookFixtures.swift (in target 'PhoneInTheOtherRoom' from project 'PhoneInTheOtherRoom')
    cd /Users/ngawangchime/Desktop/Developer\ Projects/Phone\ in\ the\ Other\ Room
    

SwiftCompile normal arm64 /Users/ngawangchime/Desktop/Developer\ Projects/Phone\ in\ the\ Other\ Room/PhoneInTheOtherRoomApp/Screenbook/ScreenbookHabitLoopProbe.swift (in target 'PhoneInTheOtherRoom' from project 'PhoneInTheOtherRoom')
    cd /Users/ngawangchime/Desktop/Developer\ Projects/Phone\ in\ the\ Other\ Room
    

SwiftCompile normal arm64 /Users/ngawangchime/Desktop/Developer\ Projects/Phone\ in\ the\ Other\ Room/PhoneInTheOtherRoomApp/Screenbook/ScreenbookRootView.swift (in target 'PhoneInTheOtherRoom' from project 'PhoneInTheOtherRoom')
    cd /Users/ngawangchime/Desktop/Developer\ Projects/Phone\ in\ the\ Other\ Room
    

SwiftCompile normal arm64 /Users/ngawangchime/Desktop/Developer\ Projects/Phone\ in\ the\ Other\ Room/PhoneInTheOtherRoomApp/Views/SettingsDetailViews.swift (in target 'PhoneInTheOtherRoom' from project 'PhoneInTheOtherRoom')
    cd /Users/ngawangchime/Desktop/Developer\ Projects/Phone\ in\ the\ Other\ Room
    

SwiftCompile normal arm64 /Users/ngawangchime/Desktop/Developer\ Projects/Phone\ in\ the\ Other\ Room/PhoneInTheOtherRoomApp/Views/SettingsHelpGuideView.swift (in target 'PhoneInTheOtherRoom' from project 'PhoneInTheOtherRoom')
    cd /Users/ngawangchime/Desktop/Developer\ Projects/Phone\ in\ the\ Other\ Room
    

SwiftCompile normal arm64 /Users/ngawangchime/Desktop/Developer\ Projects/Phone\ in\ the\ Other\ Room/PhoneInTheOtherRoomApp/Views/NightFlock/SharedFarmForYouSection.swift (in target 'PhoneInTheOtherRoom' from project 'PhoneInTheOtherRoom')
    cd /Users/ngawangchime/Desktop/Developer\ Projects/Phone\ in\ the\ Other\ Room
    

SwiftCompile normal arm64 /Users/ngawangchime/Desktop/Developer\ Projects/Phone\ in\ the\ Other\ Room/PhoneInTheOtherRoomApp/Views/Components/SharedFarmHomeLine.swift (in target 'PhoneInTheOtherRoom' from project 'PhoneInTheOtherRoom')
    cd /Users/ngawangchime/Desktop/Developer\ Projects/Phone\ in\ the\ Other\ Room
    

SwiftCompile normal arm64 /Users/ngawangchime/Desktop/Developer\ Projects/Phone\ in\ the\ Other\ Room/PhoneInTheOtherRoomApp/Views/NightFlock/SharedFarmPrototypeFixtures.swift (in target 'PhoneInTheOtherRoom' from project 'PhoneInTheOtherRoom')
    cd /Users/ngawangchime/Desktop/Developer\ Projects/Phone\ in\ the\ Other\ Room
    

SwiftCompile normal arm64 /Users/ngawangchime/Desktop/Developer\ Projects/Phone\ in\ the\ Other\ Room/PhoneInTheOtherRoomApp/Views/SheepSearchExplainerView.swift (in target 'PhoneInTheOtherRoom' from project 'PhoneInTheOtherRoom')
    cd /Users/ngawangchime/Desktop/Developer\ Projects/Phone\ in\ the\ Other\ Room
    

SwiftCompile normal arm64 /Users/ngawangchime/Desktop/Developer\ Projects/Phone\ in\ the\ Other\ Room/PhoneInTheOtherRoomApp/Views/ShepherdArtStudy/ShepherdArtStudyView.swift (in target 'PhoneInTheOtherRoom' from project 'PhoneInTheOtherRoom')
    cd /Users/ngawangchime/Desktop/Developer\ Projects/Phone\ in\ the\ Other\ Room
    

SwiftCompile normal arm64 /Users/ngawangchime/Desktop/Developer\ Projects/Phone\ in\ the\ Other\ Room/PhoneInTheOtherRoomApp/Views/ShepherdCustomizationView.swift (in target 'PhoneInTheOtherRoom' from project 'PhoneInTheOtherRoom')
    cd /Users/ngawangchime/Desktop/Developer\ Projects/Phone\ in\ the\ Other\ Room
    

SwiftDriverJobDiscovery normal x86_64 Compiling OllieModels.swift, OllieRitualView.swift, OllieWardrobePreview.swift, OnboardingAccountStepView.swift, OnboardingComponents.swift, OnboardingFlowView.swift, OnboardingJourney.swift, OnboardingPersonalizationView.swift, OnboardingProfileStepView.swift, OnboardingProtectionStepView.swift, OnboardingQuietStepView.swift, OnboardingReadyStepView.swift, OnboardingRecommendationStepView.swift, OnboardingScheduleStepView.swift, OnboardingWelcomeStepView.swift, OrientationTourOverlay.swift, PaperFarmObjectView.swift, PersistenceService.swift, PhoneAwaySearchSettlement.swift, PhoneBedTagEditorViews.swift, PhoneInTheOtherRoomApp.swift, PhoneNotificationService.swift, PixelHomeDashboard.swift (in target 'PhoneInTheOtherRoom' from project 'PhoneInTheOtherRoom')

SwiftCompile normal arm64 Compiling\ NightFlockViewModel+SharedHabits.swift,\ NightFlockViewModel+SharedHabitsAgreement.swift,\ NightFlockViewModel+SharedHabitsFence.swift,\ NightFlockViewModel+Social.swift,\ NightFlockViewModel+UpdateCheers.swift,\ NightJourneyView.swift,\ NightWatchReceiptCard.swift,\ NightsDayDetailView.swift,\ NightsWeekSection.swift,\ NotificationMessageEditorView.swift,\ NotificationMessageLibraryView.swift,\ NotificationSchedulePreviewView.swift,\ NotificationSettingsView.swift,\ OllieCompanionSpriteRenderer.swift,\ OllieDetailView.swift,\ OllieDressedSprite.swift,\ OllieRitualView.swift /Users/ngawangchime/Desktop/Developer\ Projects/Phone\ in\ the\ Other\ Room/PhoneInTheOtherRoomApp/ViewModels/NightFlockViewModel+SharedHabits.swift /Users/ngawangchime/Desktop/Developer\ Projects/Phone\ in\ the\ Other\ Room/PhoneInTheOtherRoomApp/ViewModels/NightFlockViewModel+SharedHabitsAgreement.swift /Users/ngawangchime/Desktop/Developer\ Projects/Phone\ in\ the\ Other\ Room/PhoneInTheOtherRoomApp/ViewModels/NightFlockViewModel+SharedHabitsFence.swift /Users/ngawangchime/Desktop/Developer\ Projects/Phone\ in\ the\ Other\ Room/PhoneInTheOtherRoomApp/ViewModels/NightFlockViewModel+Social.swift /Users/ngawangchime/Desktop/Developer\ Projects/Phone\ in\ the\ Other\ Room/PhoneInTheOtherRoomApp/ViewModels/NightFlockViewModel+UpdateCheers.swift /Users/ngawangchime/Desktop/Developer\ Projects/Phone\ in\ the\ Other\ Room/PhoneInTheOtherRoomApp/Views/Components/NightJourneyView.swift /Users/ngawangchime/Desktop/Developer\ Projects/Phone\ in\ the\ Other\ Room/PhoneInTheOtherRoomApp/Views/Components/NightWatchReceiptCard.swift /Users/ngawangchime/Desktop/Developer\ Projects/Phone\ in\ the\ Other\ Room/PhoneInTheOtherRoomApp/Views/NightsDayDetailView.swift /Users/ngawangchime/Desktop/Developer\ Projects/Phone\ in\ the\ Other\ Room/PhoneInTheOtherRoomApp/Views/NightsWeekSection.swift /Users/ngawangchime/Desktop/Developer\ Projects/Phone\ in\ the\ Other\ Room/PhoneInTheOtherRoomApp/Views/NotificationMessageEditorView.swift /Users/ngawangchime/Desktop/Developer\ Projects/Phone\ in\ the\ Other\ Room/PhoneInTheOtherRoomApp/Views/NotificationMessageLibraryView.swift /Users/ngawangchime/Desktop/Developer\ Projects/Phone\ in\ the\ Other\ Room/PhoneInTheOtherRoomApp/Views/NotificationSchedulePreviewView.swift /Users/ngawangchime/Desktop/Developer\ Projects/Phone\ in\ the\ Other\ Room/PhoneInTheOtherRoomApp/Views/NotificationSettingsView.swift /Users/ngawangchime/Desktop/Developer\ Projects/Phone\ in\ the\ Other\ Room/PhoneInTheOtherRoomApp/Views/Components/OllieCompanionSpriteRenderer.swift /Users/ngawangchime/Desktop/Developer\ Projects/Phone\ in\ the\ Other\ Room/PhoneInTheOtherRoomApp/Views/OllieDetailView.swift /Users/ngawangchime/Desktop/Developer\ Projects/Phone\ in\ the\ Other\ Room/PhoneInTheOtherRoomApp/Views/Components/OllieDressedSprite.swift /Users/ngawangchime/Desktop/Developer\ Projects/Phone\ in\ the\ Other\ Room/PhoneInTheOtherRoomApp/Views/Components/OllieRitualView.swift (in target 'PhoneInTheOtherRoom' from project 'PhoneInTheOtherRoom')

SwiftCompile normal arm64 /Users/ngawangchime/Desktop/Developer\ Projects/Phone\ in\ the\ Other\ Room/PhoneInTheOtherRoomApp/ViewModels/NightFlockViewModel+SharedHabits.swift (in target 'PhoneInTheOtherRoom' from project 'PhoneInTheOtherRoom')
    cd /Users/ngawangchime/Desktop/Developer\ Projects/Phone\ in\ the\ Other\ Room
    

SwiftCompile normal arm64 /Users/ngawangchime/Desktop/Developer\ Projects/Phone\ in\ the\ Other\ Room/PhoneInTheOtherRoomApp/ViewModels/NightFlockViewModel+SharedHabitsAgreement.swift (in target 'PhoneInTheOtherRoom' from project 'PhoneInTheOtherRoom')
    cd /Users/ngawangchime/Desktop/Developer\ Projects/Phone\ in\ the\ Other\ Room
    

SwiftCompile normal arm64 /Users/ngawangchime/Desktop/Developer\ Projects/Phone\ in\ the\ Other\ Room/PhoneInTheOtherRoomApp/ViewModels/NightFlockViewModel+SharedHabitsFence.swift (in target 'PhoneInTheOtherRoom' from project 'PhoneInTheOtherRoom')
    cd /Users/ngawangchime/Desktop/Developer\ Projects/Phone\ in\ the\ Other\ Room
    

SwiftCompile normal arm64 /Users/ngawangchime/Desktop/Developer\ Projects/Phone\ in\ the\ Other\ Room/PhoneInTheOtherRoomApp/ViewModels/NightFlockViewModel+Social.swift (in target 'PhoneInTheOtherRoom' from project 'PhoneInTheOtherRoom')
    cd /Users/ngawangchime/Desktop/Developer\ Projects/Phone\ in\ the\ Other\ Room
    
/Users/ngawangchime/Desktop/Developer Projects/Phone in the Other Room/PhoneInTheOtherRoomApp/ViewModels/NightFlockViewModel+Social.swift:34:13: warning: initialization of immutable value 'transportEpoch' was never used; consider replacing with assignment to '_' or removing it
        let transportEpoch = transportRecoveryEpoch
        ~~~~^~~~~~~~~~~~~~
        _

SwiftCompile normal arm64 /Users/ngawangchime/Desktop/Developer\ Projects/Phone\ in\ the\ Other\ Room/PhoneInTheOtherRoomApp/ViewModels/NightFlockViewModel+UpdateCheers.swift (in target 'PhoneInTheOtherRoom' from project 'PhoneInTheOtherRoom')
    cd /Users/ngawangchime/Desktop/Developer\ Projects/Phone\ in\ the\ Other\ Room
    

SwiftCompile normal arm64 /Users/ngawangchime/Desktop/Developer\ Projects/Phone\ in\ the\ Other\ Room/PhoneInTheOtherRoomApp/Views/Components/NightJourneyView.swift (in target 'PhoneInTheOtherRoom' from project 'PhoneInTheOtherRoom')
    cd /Users/ngawangchime/Desktop/Developer\ Projects/Phone\ in\ the\ Other\ Room
    

SwiftCompile normal arm64 /Users/ngawangchime/Desktop/Developer\ Projects/Phone\ in\ the\ Other\ Room/PhoneInTheOtherRoomApp/Views/Components/NightWatchReceiptCard.swift (in target 'PhoneInTheOtherRoom' from project 'PhoneInTheOtherRoom')
    cd /Users/ngawangchime/Desktop/Developer\ Projects/Phone\ in\ the\ Other\ Room
    

SwiftCompile normal arm64 /Users/ngawangchime/Desktop/Developer\ Projects/Phone\ in\ the\ Other\ Room/PhoneInTheOtherRoomApp/Views/NightsDayDetailView.swift (in target 'PhoneInTheOtherRoom' from project 'PhoneInTheOtherRoom')
    cd /Users/ngawangchime/Desktop/Developer\ Projects/Phone\ in\ the\ Other\ Room
    

SwiftCompile normal arm64 /Users/ngawangchime/Desktop/Developer\ Projects/Phone\ in\ the\ Other\ Room/PhoneInTheOtherRoomApp/Views/NightsWeekSection.swift (in target 'PhoneInTheOtherRoom' from project 'PhoneInTheOtherRoom')
    cd /Users/ngawangchime/Desktop/Developer\ Projects/Phone\ in\ the\ Other\ Room
    

SwiftCompile normal arm64 /Users/ngawangchime/Desktop/Developer\ Projects/Phone\ in\ the\ Other\ Room/PhoneInTheOtherRoomApp/Views/NotificationMessageEditorView.swift (in target 'PhoneInTheOtherRoom' from project 'PhoneInTheOtherRoom')
    cd /Users/ngawangchime/Desktop/Developer\ Projects/Phone\ in\ the\ Other\ Room
    

SwiftCompile normal arm64 /Users/ngawangchime/Desktop/Developer\ Projects/Phone\ in\ the\ Other\ Room/PhoneInTheOtherRoomApp/Views/NotificationMessageLibraryView.swift (in target 'PhoneInTheOtherRoom' from project 'PhoneInTheOtherRoom')
    cd /Users/ngawangchime/Desktop/Developer\ Projects/Phone\ in\ the\ Other\ Room
    

SwiftCompile normal arm64 /Users/ngawangchime/Desktop/Developer\ Projects/Phone\ in\ the\ Other\ Room/PhoneInTheOtherRoomApp/Views/NotificationSchedulePreviewView.swift (in target 'PhoneInTheOtherRoom' from project 'PhoneInTheOtherRoom')
    cd /Users/ngawangchime/Desktop/Developer\ Projects/Phone\ in\ the\ Other\ Room
    

SwiftCompile normal arm64 /Users/ngawangchime/Desktop/Developer\ Projects/Phone\ in\ the\ Other\ Room/PhoneInTheOtherRoomApp/Views/NotificationSettingsView.swift (in target 'PhoneInTheOtherRoom' from project 'PhoneInTheOtherRoom')
    cd /Users/ngawangchime/Desktop/Developer\ Projects/Phone\ in\ the\ Other\ Room
    

SwiftCompile normal arm64 /Users/ngawangchime/Desktop/Developer\ Projects/Phone\ in\ the\ Other\ Room/PhoneInTheOtherRoomApp/Views/Components/OllieCompanionSpriteRenderer.swift (in target 'PhoneInTheOtherRoom' from project 'PhoneInTheOtherRoom')
    cd /Users/ngawangchime/Desktop/Developer\ Projects/Phone\ in\ the\ Other\ Room
    

SwiftCompile normal arm64 /Users/ngawangchime/Desktop/Developer\ Projects/Phone\ in\ the\ Other\ Room/PhoneInTheOtherRoomApp/Views/OllieDetailView.swift (in target 'PhoneInTheOtherRoom' from project 'PhoneInTheOtherRoom')
    cd /Users/ngawangchime/Desktop/Developer\ Projects/Phone\ in\ the\ Other\ Room
    

SwiftCompile normal arm64 /Users/ngawangchime/Desktop/Developer\ Projects/Phone\ in\ the\ Other\ Room/PhoneInTheOtherRoomApp/Views/Components/OllieDressedSprite.swift (in target 'PhoneInTheOtherRoom' from project 'PhoneInTheOtherRoom')
    cd /Users/ngawangchime/Desktop/Developer\ Projects/Phone\ in\ the\ Other\ Room
    

SwiftCompile normal arm64 /Users/ngawangchime/Desktop/Developer\ Projects/Phone\ in\ the\ Other\ Room/PhoneInTheOtherRoomApp/Views/Components/OllieRitualView.swift (in target 'PhoneInTheOtherRoom' from project 'PhoneInTheOtherRoom')
    cd /Users/ngawangchime/Desktop/Developer\ Projects/Phone\ in\ the\ Other\ Room
    

SwiftCompile normal arm64 Compiling\ WatchPhysicalQAFixture.swift,\ WelcomeReward.swift,\ WindDownGuidance.swift,\ WindDownHabit.swift,\ WindDownScheduling.swift /Users/ngawangchime/Desktop/Developer\ Projects/Phone\ in\ the\ Other\ Room/PhoneInTheOtherRoomApp/Debug/WatchPhysicalQAFixture.swift /Users/ngawangchime/Desktop/Developer\ Projects/Phone\ in\ the\ Other\ Room/Shared/WelcomeReward.swift /Users/ngawangchime/Desktop/Developer\ Projects/Phone\ in\ the\ Other\ Room/Shared/WindDownGuidance.swift /Users/ngawangchime/Desktop/Developer\ Projects/Phone\ in\ the\ Other\ Room/Shared/WindDownHabit.swift /Users/ngawangchime/Desktop/Developer\ Projects/Phone\ in\ the\ Other\ Room/Shared/WindDownScheduling.swift (in target 'PhoneInTheOtherRoom' from project 'PhoneInTheOtherRoom')

SwiftCompile normal arm64 /Users/ngawangchime/Desktop/Developer\ Projects/Phone\ in\ the\ Other\ Room/PhoneInTheOtherRoomApp/Debug/WatchPhysicalQAFixture.swift (in target 'PhoneInTheOtherRoom' from project 'PhoneInTheOtherRoom')
    cd /Users/ngawangchime/Desktop/Developer\ Projects/Phone\ in\ the\ Other\ Room
    
/Users/ngawangchime/Desktop/Developer Projects/Phone in the Other Room/PhoneInTheOtherRoomApp/Debug/WatchPhysicalQAFixture.swift:49:25: warning: result of call to 'start(configuration:focusAccepted:startedAt:autoConfirmPlacement:appShieldingRequested:liveActivityRequested:replacesAutomaticSchedule:runID:)' is unused
            coordinator.start(
                        ^    ~

SwiftCompile normal arm64 /Users/ngawangchime/Desktop/Developer\ Projects/Phone\ in\ the\ Other\ Room/Shared/WelcomeReward.swift (in target 'PhoneInTheOtherRoom' from project 'PhoneInTheOtherRoom')
    cd /Users/ngawangchime/Desktop/Developer\ Projects/Phone\ in\ the\ Other\ Room
    

SwiftCompile normal arm64 /Users/ngawangchime/Desktop/Developer\ Projects/Phone\ in\ the\ Other\ Room/Shared/WindDownGuidance.swift (in target 'PhoneInTheOtherRoom' from project 'PhoneInTheOtherRoom')
    cd /Users/ngawangchime/Desktop/Developer\ Projects/Phone\ in\ the\ Other\ Room
    

SwiftCompile normal arm64 /Users/ngawangchime/Desktop/Developer\ Projects/Phone\ in\ the\ Other\ Room/Shared/WindDownHabit.swift (in target 'PhoneInTheOtherRoom' from project 'PhoneInTheOtherRoom')
    cd /Users/ngawangchime/Desktop/Developer\ Projects/Phone\ in\ the\ Other\ Room
    

SwiftCompile normal arm64 /Users/ngawangchime/Desktop/Developer\ Projects/Phone\ in\ the\ Other\ Room/Shared/WindDownScheduling.swift (in target 'PhoneInTheOtherRoom' from project 'PhoneInTheOtherRoom')
    cd /Users/ngawangchime/Desktop/Developer\ Projects/Phone\ in\ the\ Other\ Room
    

SwiftDriverJobDiscovery normal arm64 Compiling ShepherdNameCard.swift, SlumberPartyFriendCardView.swift, SlumberPartyGroupStreamView.swift, SlumberPartyHomeSection.swift, SlumberPartyReceivedCheersSection.swift, SlumberPartySharedFarmView.swift, SlumberPartySharedHabitsConsentDisclosure.swift, SlumberPartySharedHabitsSummaryViews.swift, SlumberPartySharedHabitsViews.swift, SlumberPartySharedMeadowView.swift, SlumberPartySocialAvatar.swift, SlumberPartyUpdateCheerReceiptsView.swift, SlumberPartyV4GroupDetailsView.swift, SlumberPartyV4ListView.swift, SlumberPartyV4MembershipActivitiesSection.swift, SlumberPartyV4Previews.swift, TrailBoardView.swift (in target 'PhoneInTheOtherRoom' from project 'PhoneInTheOtherRoom')

SwiftCompile normal arm64 Compiling\ FarmSharedComponents.swift /Users/ngawangchime/Desktop/Developer\ Projects/Phone\ in\ the\ Other\ Room/PhoneInTheOtherRoomApp/Views/Components/FarmSharedComponents.swift (in target 'PhoneInTheOtherRoom' from project 'PhoneInTheOtherRoom')

SwiftCompile normal arm64 /Users/ngawangchime/Desktop/Developer\ Projects/Phone\ in\ the\ Other\ Room/PhoneInTheOtherRoomApp/Views/Components/FarmSharedComponents.swift (in target 'PhoneInTheOtherRoom' from project 'PhoneInTheOtherRoom')
    cd /Users/ngawangchime/Desktop/Developer\ Projects/Phone\ in\ the\ Other\ Room
    

SwiftDriverJobDiscovery normal x86_64 Compiling NightFlockViewModel+Commitment.swift, NightFlockViewModel+Errors.swift, NightFlockViewModel+SharedHabits.swift, NightFlockViewModel+SharedHabitsAgreement.swift, NightFlockViewModel+SharedHabitsFence.swift, NightFlockViewModel+Social.swift, NightFlockViewModel+UpdateCheers.swift, NightJourneyProgress.swift, NightJourneyView.swift, NightWatchHistory.swift, NightWatchReceiptCard.swift, NightWatchUsageMonitoringService.swift, NightsDayDetailView.swift, NightsHistorySummary.swift, NightsWeekSection.swift, NotificationMessageEditorView.swift, NotificationMessageLibraryView.swift, NotificationPlanning.swift, NotificationSchedulePreviewView.swift, NotificationSettingsView.swift, OllieCompanionSpriteRenderer.swift, OllieDetailView.swift, OllieDressedSprite.swift (in target 'PhoneInTheOtherRoom' from project 'PhoneInTheOtherRoom')

SwiftCompile normal arm64 Compiling\ QuietTimeShieldSchedule.swift,\ QuietTimeShielding.swift,\ QuietTimeShieldingService.swift,\ RewardEngine.swift,\ RitualPersonalisationView.swift,\ RitualReflectionInvitation.swift /Users/ngawangchime/Desktop/Developer\ Projects/Phone\ in\ the\ Other\ Room/Shared/QuietTimeShieldSchedule.swift /Users/ngawangchime/Desktop/Developer\ Projects/Phone\ in\ the\ Other\ Room/Shared/QuietTimeShielding.swift /Users/ngawangchime/Desktop/Developer\ Projects/Phone\ in\ the\ Other\ Room/PhoneInTheOtherRoomApp/Services/QuietTimeShieldingService.swift /Users/ngawangchime/Desktop/Developer\ Projects/Phone\ in\ the\ Other\ Room/Shared/RewardEngine.swift /Users/ngawangchime/Desktop/Developer\ Projects/Phone\ in\ the\ Other\ Room/PhoneInTheOtherRoomApp/Views/RitualPersonalisationView.swift /Users/ngawangchime/Desktop/Developer\ Projects/Phone\ in\ the\ Other\ Room/PhoneInTheOtherRoomApp/Views/Components/RitualReflectionInvitation.swift (in target 'PhoneInTheOtherRoom' from project 'PhoneInTheOtherRoom')

SwiftCompile normal arm64 /Users/ngawangchime/Desktop/Developer\ Projects/Phone\ in\ the\ Other\ Room/Shared/QuietTimeShieldSchedule.swift (in target 'PhoneInTheOtherRoom' from project 'PhoneInTheOtherRoom')
    cd /Users/ngawangchime/Desktop/Developer\ Projects/Phone\ in\ the\ Other\ Room
    

SwiftCompile normal arm64 /Users/ngawangchime/Desktop/Developer\ Projects/Phone\ in\ the\ Other\ Room/Shared/QuietTimeShielding.swift (in target 'PhoneInTheOtherRoom' from project 'PhoneInTheOtherRoom')
    cd /Users/ngawangchime/Desktop/Developer\ Projects/Phone\ in\ the\ Other\ Room
    

SwiftCompile normal arm64 /Users/ngawangchime/Desktop/Developer\ Projects/Phone\ in\ the\ Other\ Room/PhoneInTheOtherRoomApp/Services/QuietTimeShieldingService.swift (in target 'PhoneInTheOtherRoom' from project 'PhoneInTheOtherRoom')
    cd /Users/ngawangchime/Desktop/Developer\ Projects/Phone\ in\ the\ Other\ Room
    

SwiftCompile normal arm64 /Users/ngawangchime/Desktop/Developer\ Projects/Phone\ in\ the\ Other\ Room/Shared/RewardEngine.swift (in target 'PhoneInTheOtherRoom' from project 'PhoneInTheOtherRoom')
    cd /Users/ngawangchime/Desktop/Developer\ Projects/Phone\ in\ the\ Other\ Room
    

SwiftCompile normal arm64 /Users/ngawangchime/Desktop/Developer\ Projects/Phone\ in\ the\ Other\ Room/PhoneInTheOtherRoomApp/Views/RitualPersonalisationView.swift (in target 'PhoneInTheOtherRoom' from project 'PhoneInTheOtherRoom')
    cd /Users/ngawangchime/Desktop/Developer\ Projects/Phone\ in\ the\ Other\ Room
    

SwiftCompile normal arm64 /Users/ngawangchime/Desktop/Developer\ Projects/Phone\ in\ the\ Other\ Room/PhoneInTheOtherRoomApp/Views/Components/RitualReflectionInvitation.swift (in target 'PhoneInTheOtherRoom' from project 'PhoneInTheOtherRoom')
    cd /Users/ngawangchime/Desktop/Developer\ Projects/Phone\ in\ the\ Other\ Room
    

SwiftDriverJobDiscovery normal x86_64 Compiling UpcomingQuietTimesCard.swift, WatchConnectivityManager.swift, WatchMessage.swift, WatchPhysicalQAFixture.swift, WelcomeReward.swift, WindDownGuidance.swift, WindDownGuidanceDetailView.swift, WindDownGuidanceLibraryView.swift, WindDownGuidanceSourcesView.swift, WindDownGuidanceTopicView.swift, WindDownGuideCard.swift, WindDownHabit.swift, WindDownHabitHomeCard.swift, WindDownHabitReflectionCard.swift, WindDownHabitSupportEditor.swift, WindDownPhaseProgressView.swift, WindDownRoutineSequenceCard.swift, WindDownSchedulePreviews.swift, WindDownScheduleView.swift, WindDownScheduling.swift, WindDownTagManagementCard.swift, WindDownTimingView.swift (in target 'PhoneInTheOtherRoom' from project 'PhoneInTheOtherRoom')

SwiftCompile normal arm64 Compiling\ SlumberPartyHomePresentation.swift /Users/ngawangchime/Desktop/Developer\ Projects/Phone\ in\ the\ Other\ Room/Shared/SlumberPartyHomePresentation.swift (in target 'PhoneInTheOtherRoom' from project 'PhoneInTheOtherRoom')

SwiftCompile normal arm64 /Users/ngawangchime/Desktop/Developer\ Projects/Phone\ in\ the\ Other\ Room/Shared/SlumberPartyHomePresentation.swift (in target 'PhoneInTheOtherRoom' from project 'PhoneInTheOtherRoom')
    cd /Users/ngawangchime/Desktop/Developer\ Projects/Phone\ in\ the\ Other\ Room
    

SwiftDriverJobDiscovery normal arm64 Compiling WatchPhysicalQAFixture.swift, WelcomeReward.swift, WindDownGuidance.swift, WindDownHabit.swift, WindDownScheduling.swift (in target 'PhoneInTheOtherRoom' from project 'PhoneInTheOtherRoom')

SwiftCompile normal x86_64 Compiling\ SlumberPartySharedFarmFixtures.swift,\ SlumberPartyV4PartyDetailView.swift /Users/ngawangchime/Desktop/Developer\ Projects/Phone\ in\ the\ Other\ Room/PhoneInTheOtherRoomApp/Views/NightFlock/SlumberPartySharedFarmFixtures.swift /Users/ngawangchime/Desktop/Developer\ Projects/Phone\ in\ the\ Other\ Room/PhoneInTheOtherRoomApp/Views/NightFlock/SlumberPartyV4PartyDetailView.swift (in target 'PhoneInTheOtherRoom' from project 'PhoneInTheOtherRoom')

SwiftCompile normal x86_64 /Users/ngawangchime/Desktop/Developer\ Projects/Phone\ in\ the\ Other\ Room/PhoneInTheOtherRoomApp/Views/NightFlock/SlumberPartySharedFarmFixtures.swift (in target 'PhoneInTheOtherRoom' from project 'PhoneInTheOtherRoom')
    cd /Users/ngawangchime/Desktop/Developer\ Projects/Phone\ in\ the\ Other\ Room
    

SwiftCompile normal x86_64 /Users/ngawangchime/Desktop/Developer\ Projects/Phone\ in\ the\ Other\ Room/PhoneInTheOtherRoomApp/Views/NightFlock/SlumberPartyV4PartyDetailView.swift (in target 'PhoneInTheOtherRoom' from project 'PhoneInTheOtherRoom')
    cd /Users/ngawangchime/Desktop/Developer\ Projects/Phone\ in\ the\ Other\ Room
    

SwiftDriverJobDiscovery normal arm64 Compiling FarmSharedComponents.swift (in target 'PhoneInTheOtherRoom' from project 'PhoneInTheOtherRoom')

SwiftCompile normal x86_64 Compiling\ SharedPastureOutboxService.swift,\ SlumberPartyPastureView.swift /Users/ngawangchime/Desktop/Developer\ Projects/Phone\ in\ the\ Other\ Room/PhoneInTheOtherRoomApp/Services/SharedPastureOutboxService.swift /Users/ngawangchime/Desktop/Developer\ Projects/Phone\ in\ the\ Other\ Room/PhoneInTheOtherRoomApp/Views/NightFlock/SlumberPartyPastureView.swift (in target 'PhoneInTheOtherRoom' from project 'PhoneInTheOtherRoom')

SwiftCompile normal x86_64 /Users/ngawangchime/Desktop/Developer\ Projects/Phone\ in\ the\ Other\ Room/PhoneInTheOtherRoomApp/Services/SharedPastureOutboxService.swift (in target 'PhoneInTheOtherRoom' from project 'PhoneInTheOtherRoom')
    cd /Users/ngawangchime/Desktop/Developer\ Projects/Phone\ in\ the\ Other\ Room
    

SwiftCompile normal x86_64 /Users/ngawangchime/Desktop/Developer\ Projects/Phone\ in\ the\ Other\ Room/PhoneInTheOtherRoomApp/Views/NightFlock/SlumberPartyPastureView.swift (in target 'PhoneInTheOtherRoom' from project 'PhoneInTheOtherRoom')
    cd /Users/ngawangchime/Desktop/Developer\ Projects/Phone\ in\ the\ Other\ Room
    

SwiftDriverJobDiscovery normal arm64 Compiling SlumberPartyHomePresentation.swift (in target 'PhoneInTheOtherRoom' from project 'PhoneInTheOtherRoom')

SwiftCompile normal x86_64 Compiling\ SharedPasture.swift,\ SharedPastureControls.swift /Users/ngawangchime/Desktop/Developer\ Projects/Phone\ in\ the\ Other\ Room/Shared/SharedPasture.swift /Users/ngawangchime/Desktop/Developer\ Projects/Phone\ in\ the\ Other\ Room/PhoneInTheOtherRoomApp/Views/NightFlock/SharedPastureControls.swift (in target 'PhoneInTheOtherRoom' from project 'PhoneInTheOtherRoom')

SwiftCompile normal x86_64 /Users/ngawangchime/Desktop/Developer\ Projects/Phone\ in\ the\ Other\ Room/Shared/SharedPasture.swift (in target 'PhoneInTheOtherRoom' from project 'PhoneInTheOtherRoom')
    cd /Users/ngawangchime/Desktop/Developer\ Projects/Phone\ in\ the\ Other\ Room
    

SwiftCompile normal x86_64 /Users/ngawangchime/Desktop/Developer\ Projects/Phone\ in\ the\ Other\ Room/PhoneInTheOtherRoomApp/Views/NightFlock/SharedPastureControls.swift (in target 'PhoneInTheOtherRoom' from project 'PhoneInTheOtherRoom')
    cd /Users/ngawangchime/Desktop/Developer\ Projects/Phone\ in\ the\ Other\ Room
    

SwiftDriverJobDiscovery normal x86_64 Compiling QuietTimeEditorView.swift, QuietTimeShieldSchedule.swift, QuietTimeShielding.swift, QuietTimeShieldingService.swift, QuietWindowDurationEditor.swift, RewardEngine.swift, RewardShelfView.swift, RitualPersonalisationView.swift, RitualPlanEditors.swift, RitualReflectionInvitation.swift, ScreenFreeMorningPresentation.swift, ScreenFreeMorningView.swift, ScreenTimeBookendCard.swift, ScreenbookFixtures.swift, ScreenbookHabitLoopProbe.swift, ScreenbookRecoveryProbe.swift, ScreenbookRootView.swift, SessionGuard.swift, SettingsDetailViews.swift, SettingsHelpGuideView.swift, SharedFarmForYouSection.swift, SharedFarmHomeLine.swift, SharedFarmPrototypeFixtures.swift (in target 'PhoneInTheOtherRoom' from project 'PhoneInTheOtherRoom')

SwiftCompile normal x86_64 Compiling\ WindDownStartSheet.swift /Users/ngawangchime/Desktop/Developer\ Projects/Phone\ in\ the\ Other\ Room/PhoneInTheOtherRoomApp/Views/Components/WindDownStartSheet.swift (in target 'PhoneInTheOtherRoom' from project 'PhoneInTheOtherRoom')

SwiftCompile normal x86_64 /Users/ngawangchime/Desktop/Developer\ Projects/Phone\ in\ the\ Other\ Room/PhoneInTheOtherRoomApp/Views/Components/WindDownStartSheet.swift (in target 'PhoneInTheOtherRoom' from project 'PhoneInTheOtherRoom')
    cd /Users/ngawangchime/Desktop/Developer\ Projects/Phone\ in\ the\ Other\ Room
    

SwiftDriverJobDiscovery normal arm64 Compiling QuietTimeShieldSchedule.swift, QuietTimeShielding.swift, QuietTimeShieldingService.swift, RewardEngine.swift, RitualPersonalisationView.swift, RitualReflectionInvitation.swift (in target 'PhoneInTheOtherRoom' from project 'PhoneInTheOtherRoom')

SwiftCompile normal x86_64 Compiling\ AccountAccessGate.swift,\ AccountCredentialsView.swift,\ AccountScreenbookView.swift,\ ActiveRunPresentation.swift,\ ActiveRunView.swift,\ AppRootView.swift,\ AppShieldExplainerSheet.swift,\ AppearancePreferenceCard.swift,\ BarnView.swift,\ CompletionRewardCard.swift,\ CompletionView.swift,\ ConnectionStatusCard.swift,\ ContextualGuideOverlay.swift,\ CumulativeFarmCredit.swift,\ CumulativeFarmProgressCard.swift,\ EarlyEndView.swift,\ EarlyWakeSheet.swift,\ FarmAccountControlsView.swift,\ FarmBackupView.swift,\ FarmBackupViewModel.swift,\ FarmPreviewData.swift,\ FarmSaveDocument.swift,\ FarmSaveNotice.swift /Users/ngawangchime/Desktop/Developer\ Projects/Phone\ in\ the\ Other\ Room/PhoneInTheOtherRoomApp/Views/AccountAccessGate.swift /Users/ngawangchime/Desktop/Developer\ Projects/Phone\ in\ the\ Other\ Room/PhoneInTheOtherRoomApp/Views/AccountCredentialsView.swift /Users/ngawangchime/Desktop/Developer\ Projects/Phone\ in\ the\ Other\ Room/PhoneInTheOtherRoomApp/Screenbook/AccountScreenbookView.swift /Users/ngawangchime/Desktop/Developer\ Projects/Phone\ in\ the\ Other\ Room/Shared/ActiveRunPresentation.swift /Users/ngawangchime/Desktop/Developer\ Projects/Phone\ in\ the\ Other\ Room/PhoneInTheOtherRoomApp/Views/ActiveRunView.swift /Users/ngawangchime/Desktop/Developer\ Projects/Phone\ in\ the\ Other\ Room/PhoneInTheOtherRoomApp/App/AppRootView.swift /Users/ngawangchime/Desktop/Developer\ Projects/Phone\ in\ the\ Other\ Room/PhoneInTheOtherRoomApp/Views/Components/AppShieldExplainerSheet.swift /Users/ngawangchime/Desktop/Developer\ Projects/Phone\ in\ the\ Other\ Room/PhoneInTheOtherRoomApp/Views/Components/AppearancePreferenceCard.swift /Users/ngawangchime/Desktop/Developer\ Projects/Phone\ in\ the\ Other\ Room/PhoneInTheOtherRoomApp/Views/BarnView.swift /Users/ngawangchime/Desktop/Developer\ Projects/Phone\ in\ the\ Other\ Room/PhoneInTheOtherRoomApp/Views/Components/CompletionRewardCard.swift /Users/ngawangchime/Desktop/Developer\ Projects/Phone\ in\ the\ Other\ Room/PhoneInTheOtherRoomApp/Views/CompletionView.swift /Users/ngawangchime/Desktop/Developer\ Projects/Phone\ in\ the\ Other\ Room/PhoneInTheOtherRoomApp/Views/Components/ConnectionStatusCard.swift /Users/ngawangchime/Desktop/Developer\ Projects/Phone\ in\ the\ Other\ Room/PhoneInTheOtherRoomApp/Views/Components/ContextualGuideOverlay.swift /Users/ngawangchime/Desktop/Developer\ Projects/Phone\ in\ the\ Other\ Room/Shared/CumulativeFarmCredit.swift /Users/ngawangchime/Desktop/Developer\ Projects/Phone\ in\ the\ Other\ Room/PhoneInTheOtherRoomApp/Views/Components/CumulativeFarmProgressCard.swift /Users/ngawangchime/Desktop/Developer\ Projects/Phone\ in\ the\ Other\ Room/PhoneInTheOtherRoomApp/Views/EarlyEndView.swift /Users/ngawangchime/Desktop/Developer\ Projects/Phone\ in\ the\ Other\ Room/PhoneInTheOtherRoomApp/Views/Components/EarlyWakeSheet.swift /Users/ngawangchime/Desktop/Developer\ Projects/Phone\ in\ the\ Other\ Room/PhoneInTheOtherRoomApp/Views/FarmAccountControlsView.swift /Users/ngawangchime/Desktop/Developer\ Projects/Phone\ in\ the\ Other\ Room/PhoneInTheOtherRoomApp/Views/FarmBackupView.swift /Users/ngawangchime/Desktop/Developer\ Projects/Phone\ in\ the\ Other\ Room/PhoneInTheOtherRoomApp/ViewModels/FarmBackupViewModel.swift /Users/ngawangchime/Desktop/Developer\ Projects/Phone\ in\ the\ Other\ Room/PhoneInTheOtherRoomApp/Views/FarmPreviewData.swift /Users/ngawangchime/Desktop/Developer\ Projects/Phone\ in\ the\ Other\ Room/Shared/FarmSaveDocument.swift /Users/ngawangchime/Desktop/Developer\ Projects/Phone\ in\ the\ Other\ Room/PhoneInTheOtherRoomApp/Views/Components/FarmSaveNotice.swift (in target 'PhoneInTheOtherRoom' from project 'PhoneInTheOtherRoom')
SwiftCompile normal x86_64 /Users/ngawangchime/Desktop/Developer\ Projects/Phone\ in\ the\ Other\ Room/PhoneInTheOtherRoomApp/Views/AccountAccessGate.swift (in target 'PhoneInTheOtherRoom' from project 'PhoneInTheOtherRoom')
    cd /Users/ngawangchime/Desktop/Developer\ Projects/Phone\ in\ the\ Other\ Room
    

SwiftCompile normal x86_64 /Users/ngawangchime/Desktop/Developer\ Projects/Phone\ in\ the\ Other\ Room/PhoneInTheOtherRoomApp/Views/AccountCredentialsView.swift (in target 'PhoneInTheOtherRoom' from project 'PhoneInTheOtherRoom')
    cd /Users/ngawangchime/Desktop/Developer\ Projects/Phone\ in\ the\ Other\ Room
    

SwiftCompile normal x86_64 /Users/ngawangchime/Desktop/Developer\ Projects/Phone\ in\ the\ Other\ Room/PhoneInTheOtherRoomApp/Screenbook/AccountScreenbookView.swift (in target 'PhoneInTheOtherRoom' from project 'PhoneInTheOtherRoom')
    cd /Users/ngawangchime/Desktop/Developer\ Projects/Phone\ in\ the\ Other\ Room
    

SwiftCompile normal x86_64 /Users/ngawangchime/Desktop/Developer\ Projects/Phone\ in\ the\ Other\ Room/Shared/ActiveRunPresentation.swift (in target 'PhoneInTheOtherRoom' from project 'PhoneInTheOtherRoom')
    cd /Users/ngawangchime/Desktop/Developer\ Projects/Phone\ in\ the\ Other\ Room
    

SwiftCompile normal x86_64 /Users/ngawangchime/Desktop/Developer\ Projects/Phone\ in\ the\ Other\ Room/PhoneInTheOtherRoomApp/Views/ActiveRunView.swift (in target 'PhoneInTheOtherRoom' from project 'PhoneInTheOtherRoom')
    cd /Users/ngawangchime/Desktop/Developer\ Projects/Phone\ in\ the\ Other\ Room
    

SwiftCompile normal x86_64 /Users/ngawangchime/Desktop/Developer\ Projects/Phone\ in\ the\ Other\ Room/PhoneInTheOtherRoomApp/App/AppRootView.swift (in target 'PhoneInTheOtherRoom' from project 'PhoneInTheOtherRoom')
    cd /Users/ngawangchime/Desktop/Developer\ Projects/Phone\ in\ the\ Other\ Room
    

SwiftCompile normal x86_64 /Users/ngawangchime/Desktop/Developer\ Projects/Phone\ in\ the\ Other\ Room/PhoneInTheOtherRoomApp/Views/Components/AppShieldExplainerSheet.swift (in target 'PhoneInTheOtherRoom' from project 'PhoneInTheOtherRoom')
    cd /Users/ngawangchime/Desktop/Developer\ Projects/Phone\ in\ the\ Other\ Room
    

SwiftCompile normal x86_64 /Users/ngawangchime/Desktop/Developer\ Projects/Phone\ in\ the\ Other\ Room/PhoneInTheOtherRoomApp/Views/Components/AppearancePreferenceCard.swift (in target 'PhoneInTheOtherRoom' from project 'PhoneInTheOtherRoom')
    cd /Users/ngawangchime/Desktop/Developer\ Projects/Phone\ in\ the\ Other\ Room
    

SwiftCompile normal x86_64 /Users/ngawangchime/Desktop/Developer\ Projects/Phone\ in\ the\ Other\ Room/PhoneInTheOtherRoomApp/Views/BarnView.swift (in target 'PhoneInTheOtherRoom' from project 'PhoneInTheOtherRoom')
    cd /Users/ngawangchime/Desktop/Developer\ Projects/Phone\ in\ the\ Other\ Room
    
/Users/ngawangchime/Desktop/Developer Projects/Phone in the Other Room/PhoneInTheOtherRoomApp/Views/BarnView.swift:309:13: warning: initialization of immutable value 'remaining' was never used; consider replacing with assignment to '_' or removing it
        let remaining = FarmEconomyRules.remainingRegrowthNights(for: sheep, protectedNightCount: protectedNights)
        ~~~~^~~~~~~~~
        _
/Users/ngawangchime/Desktop/Developer Projects/Phone in the Other Room/PhoneInTheOtherRoomApp/Views/BarnView.swift:337:29: warning: initialization of immutable value 'remaining' was never used; consider replacing with assignment to '_' or removing it
                        let remaining = FarmEconomyRules.remainingRegrowthNights(
                        ~~~~^~~~~~~~~
                        _

SwiftCompile normal x86_64 /Users/ngawangchime/Desktop/Developer\ Projects/Phone\ in\ the\ Other\ Room/PhoneInTheOtherRoomApp/Views/Components/CompletionRewardCard.swift (in target 'PhoneInTheOtherRoom' from project 'PhoneInTheOtherRoom')
    cd /Users/ngawangchime/Desktop/Developer\ Projects/Phone\ in\ the\ Other\ Room
    

SwiftCompile normal x86_64 /Users/ngawangchime/Desktop/Developer\ Projects/Phone\ in\ the\ Other\ Room/PhoneInTheOtherRoomApp/Views/CompletionView.swift (in target 'PhoneInTheOtherRoom' from project 'PhoneInTheOtherRoom')
    cd /Users/ngawangchime/Desktop/Developer\ Projects/Phone\ in\ the\ Other\ Room
    

SwiftCompile normal x86_64 /Users/ngawangchime/Desktop/Developer\ Projects/Phone\ in\ the\ Other\ Room/PhoneInTheOtherRoomApp/Views/Components/ConnectionStatusCard.swift (in target 'PhoneInTheOtherRoom' from project 'PhoneInTheOtherRoom')
    cd /Users/ngawangchime/Desktop/Developer\ Projects/Phone\ in\ the\ Other\ Room
    

SwiftCompile normal x86_64 /Users/ngawangchime/Desktop/Developer\ Projects/Phone\ in\ the\ Other\ Room/PhoneInTheOtherRoomApp/Views/Components/ContextualGuideOverlay.swift (in target 'PhoneInTheOtherRoom' from project 'PhoneInTheOtherRoom')
    cd /Users/ngawangchime/Desktop/Developer\ Projects/Phone\ in\ the\ Other\ Room
    

SwiftCompile normal x86_64 /Users/ngawangchime/Desktop/Developer\ Projects/Phone\ in\ the\ Other\ Room/Shared/CumulativeFarmCredit.swift (in target 'PhoneInTheOtherRoom' from project 'PhoneInTheOtherRoom')
    cd /Users/ngawangchime/Desktop/Developer\ Projects/Phone\ in\ the\ Other\ Room
    

SwiftCompile normal x86_64 /Users/ngawangchime/Desktop/Developer\ Projects/Phone\ in\ the\ Other\ Room/PhoneInTheOtherRoomApp/Views/Components/CumulativeFarmProgressCard.swift (in target 'PhoneInTheOtherRoom' from project 'PhoneInTheOtherRoom')
    cd /Users/ngawangchime/Desktop/Developer\ Projects/Phone\ in\ the\ Other\ Room
    

SwiftCompile normal x86_64 /Users/ngawangchime/Desktop/Developer\ Projects/Phone\ in\ the\ Other\ Room/PhoneInTheOtherRoomApp/Views/EarlyEndView.swift (in target 'PhoneInTheOtherRoom' from project 'PhoneInTheOtherRoom')
    cd /Users/ngawangchime/Desktop/Developer\ Projects/Phone\ in\ the\ Other\ Room
    

SwiftCompile normal x86_64 /Users/ngawangchime/Desktop/Developer\ Projects/Phone\ in\ the\ Other\ Room/PhoneInTheOtherRoomApp/Views/Components/EarlyWakeSheet.swift (in target 'PhoneInTheOtherRoom' from project 'PhoneInTheOtherRoom')
    cd /Users/ngawangchime/Desktop/Developer\ Projects/Phone\ in\ the\ Other\ Room
    

SwiftCompile normal x86_64 /Users/ngawangchime/Desktop/Developer\ Projects/Phone\ in\ the\ Other\ Room/PhoneInTheOtherRoomApp/Views/FarmAccountControlsView.swift (in target 'PhoneInTheOtherRoom' from project 'PhoneInTheOtherRoom')
    cd /Users/ngawangchime/Desktop/Developer\ Projects/Phone\ in\ the\ Other\ Room
    

SwiftCompile normal x86_64 /Users/ngawangchime/Desktop/Developer\ Projects/Phone\ in\ the\ Other\ Room/PhoneInTheOtherRoomApp/Views/FarmBackupView.swift (in target 'PhoneInTheOtherRoom' from project 'PhoneInTheOtherRoom')
    cd /Users/ngawangchime/Desktop/Developer\ Projects/Phone\ in\ the\ Other\ Room
    

SwiftCompile normal x86_64 /Users/ngawangchime/Desktop/Developer\ Projects/Phone\ in\ the\ Other\ Room/PhoneInTheOtherRoomApp/ViewModels/FarmBackupViewModel.swift (in target 'PhoneInTheOtherRoom' from project 'PhoneInTheOtherRoom')
    cd /Users/ngawangchime/Desktop/Developer\ Projects/Phone\ in\ the\ Other\ Room
    

SwiftCompile normal x86_64 /Users/ngawangchime/Desktop/Developer\ Projects/Phone\ in\ the\ Other\ Room/PhoneInTheOtherRoomApp/Views/FarmPreviewData.swift (in target 'PhoneInTheOtherRoom' from project 'PhoneInTheOtherRoom')
    cd /Users/ngawangchime/Desktop/Developer\ Projects/Phone\ in\ the\ Other\ Room
    

SwiftCompile normal x86_64 /Users/ngawangchime/Desktop/Developer\ Projects/Phone\ in\ the\ Other\ Room/Shared/FarmSaveDocument.swift (in target 'PhoneInTheOtherRoom' from project 'PhoneInTheOtherRoom')
    cd /Users/ngawangchime/Desktop/Developer\ Projects/Phone\ in\ the\ Other\ Room
    

SwiftCompile normal x86_64 /Users/ngawangchime/Desktop/Developer\ Projects/Phone\ in\ the\ Other\ Room/PhoneInTheOtherRoomApp/Views/Components/FarmSaveNotice.swift (in target 'PhoneInTheOtherRoom' from project 'PhoneInTheOtherRoom')
    cd /Users/ngawangchime/Desktop/Developer\ Projects/Phone\ in\ the\ Other\ Room
    

SwiftDriverJobDiscovery normal x86_64 Compiling HomeReceiptRouting.swift, HomeStartRouting.swift, HomeView.swift, HomeWelcomeHero.swift, HomeWindDownSummary.swift, ImpactMeasurement.swift, ImpactSharingConsentSheet.swift, IndependentMorningSettlement.swift, LockScreenQuietNoteGuideView.swift, MonthlyNightsView.swift, MoreView.swift, MorningCheckInCard.swift, NightFlockDashboard.swift, NightFlockHubView.swift, NightFlockIdeasView.swift, NightFlockMemberBoardView.swift, NightFlockOrientationView.swift, NightFlockPresentation.swift, NightFlockPreviews.swift, NightFlockSharedHabits.swift, NightFlockSharedPastureView.swift, NightFlockSharingAccountView.swift, NightFlockTipCallout.swift (in target 'PhoneInTheOtherRoom' from project 'PhoneInTheOtherRoom')

SwiftCompile normal x86_64 Compiling\ FarmShopItemDetailView.swift,\ FarmShopOwnedItemAction.swift,\ FarmShopPresentation.swift,\ FarmShopPreviews.swift,\ FarmShopView.swift,\ FarmView.swift,\ FeedbackFormView.swift,\ FirstRunGuideCards.swift,\ FocusRunLiveActivity.swift,\ FocusRunLiveActivityService.swift,\ FocusRunRules.swift,\ FocusRunSetupView.swift,\ FocusRunViewModel+Farm.swift,\ FocusRunViewModel+FarmBackup.swift,\ FocusRunViewModel+Personalisation.swift,\ FocusRunViewModel+SharedHabits.swift,\ FocusRunViewModel+WindDownHabit.swift,\ FocusSessionCoordinator+Placement.swift,\ FocusSessionCoordinator.swift,\ FocusSessionStartResult.swift,\ FocusStatsContextSections.swift,\ FocusStatsRecordSections.swift,\ FocusStatsView.swift /Users/ngawangchime/Desktop/Developer\ Projects/Phone\ in\ the\ Other\ Room/PhoneInTheOtherRoomApp/Views/FarmShopItemDetailView.swift /Users/ngawangchime/Desktop/Developer\ Projects/Phone\ in\ the\ Other\ Room/PhoneInTheOtherRoomApp/Views/FarmShopOwnedItemAction.swift /Users/ngawangchime/Desktop/Developer\ Projects/Phone\ in\ the\ Other\ Room/PhoneInTheOtherRoomApp/Views/FarmShopPresentation.swift /Users/ngawangchime/Desktop/Developer\ Projects/Phone\ in\ the\ Other\ Room/PhoneInTheOtherRoomApp/Views/FarmShopPreviews.swift /Users/ngawangchime/Desktop/Developer\ Projects/Phone\ in\ the\ Other\ Room/PhoneInTheOtherRoomApp/Views/FarmShopView.swift /Users/ngawangchime/Desktop/Developer\ Projects/Phone\ in\ the\ Other\ Room/PhoneInTheOtherRoomApp/Views/FarmView.swift /Users/ngawangchime/Desktop/Developer\ Projects/Phone\ in\ the\ Other\ Room/PhoneInTheOtherRoomApp/Views/FeedbackFormView.swift /Users/ngawangchime/Desktop/Developer\ Projects/Phone\ in\ the\ Other\ Room/PhoneInTheOtherRoomApp/Views/Components/FirstRunGuideCards.swift /Users/ngawangchime/Desktop/Developer\ Projects/Phone\ in\ the\ Other\ Room/Shared/FocusRunLiveActivity.swift /Users/ngawangchime/Desktop/Developer\ Projects/Phone\ in\ the\ Other\ Room/PhoneInTheOtherRoomApp/Services/FocusRunLiveActivityService.swift /Users/ngawangchime/Desktop/Developer\ Projects/Phone\ in\ the\ Other\ Room/Shared/FocusRunRules.swift /Users/ngawangchime/Desktop/Developer\ Projects/Phone\ in\ the\ Other\ Room/PhoneInTheOtherRoomApp/Views/FocusRunSetupView.swift /Users/ngawangchime/Desktop/Developer\ Projects/Phone\ in\ the\ Other\ Room/PhoneInTheOtherRoomApp/ViewModels/FocusRunViewModel+Farm.swift /Users/ngawangchime/Desktop/Developer\ Projects/Phone\ in\ the\ Other\ Room/PhoneInTheOtherRoomApp/ViewModels/FocusRunViewModel+FarmBackup.swift /Users/ngawangchime/Desktop/Developer\ Projects/Phone\ in\ the\ Other\ Room/PhoneInTheOtherRoomApp/ViewModels/FocusRunViewModel+Personalisation.swift /Users/ngawangchime/Desktop/Developer\ Projects/Phone\ in\ the\ Other\ Room/PhoneInTheOtherRoomApp/ViewModels/FocusRunViewModel+SharedHabits.swift /Users/ngawangchime/Desktop/Developer\ Projects/Phone\ in\ the\ Other\ Room/PhoneInTheOtherRoomApp/ViewModels/FocusRunViewModel+WindDownHabit.swift /Users/ngawangchime/Desktop/Developer\ Projects/Phone\ in\ the\ Other\ Room/PhoneInTheOtherRoomApp/Proximity/FocusSessionCoordinator+Placement.swift /Users/ngawangchime/Desktop/Developer\ Projects/Phone\ in\ the\ Other\ Room/PhoneInTheOtherRoomApp/Proximity/FocusSessionCoordinator.swift /Users/ngawangchime/Desktop/Developer\ Projects/Phone\ in\ the\ Other\ Room/Shared/FocusSessionStartResult.swift /Users/ngawangchime/Desktop/Developer\ Projects/Phone\ in\ the\ Other\ Room/PhoneInTheOtherRoomApp/Views/FocusStatsContextSections.swift /Users/ngawangchime/Desktop/Developer\ Projects/Phone\ in\ the\ Other\ Room/PhoneInTheOtherRoomApp/Views/FocusStatsRecordSections.swift /Users/ngawangchime/Desktop/Developer\ Projects/Phone\ in\ the\ Other\ Room/PhoneInTheOtherRoomApp/Views/FocusStatsView.swift (in target 'PhoneInTheOtherRoom' from project 'PhoneInTheOtherRoom')
SwiftCompile normal x86_64 /Users/ngawangchime/Desktop/Developer\ Projects/Phone\ in\ the\ Other\ Room/PhoneInTheOtherRoomApp/Views/FarmShopItemDetailView.swift (in target 'PhoneInTheOtherRoom' from project 'PhoneInTheOtherRoom')
    cd /Users/ngawangchime/Desktop/Developer\ Projects/Phone\ in\ the\ Other\ Room
    

SwiftCompile normal x86_64 /Users/ngawangchime/Desktop/Developer\ Projects/Phone\ in\ the\ Other\ Room/PhoneInTheOtherRoomApp/Views/FarmShopOwnedItemAction.swift (in target 'PhoneInTheOtherRoom' from project 'PhoneInTheOtherRoom')
    cd /Users/ngawangchime/Desktop/Developer\ Projects/Phone\ in\ the\ Other\ Room
    

SwiftCompile normal x86_64 /Users/ngawangchime/Desktop/Developer\ Projects/Phone\ in\ the\ Other\ Room/PhoneInTheOtherRoomApp/Views/FarmShopPresentation.swift (in target 'PhoneInTheOtherRoom' from project 'PhoneInTheOtherRoom')
    cd /Users/ngawangchime/Desktop/Developer\ Projects/Phone\ in\ the\ Other\ Room
    

SwiftCompile normal x86_64 /Users/ngawangchime/Desktop/Developer\ Projects/Phone\ in\ the\ Other\ Room/PhoneInTheOtherRoomApp/Views/FarmShopPreviews.swift (in target 'PhoneInTheOtherRoom' from project 'PhoneInTheOtherRoom')
    cd /Users/ngawangchime/Desktop/Developer\ Projects/Phone\ in\ the\ Other\ Room
    

SwiftCompile normal x86_64 /Users/ngawangchime/Desktop/Developer\ Projects/Phone\ in\ the\ Other\ Room/PhoneInTheOtherRoomApp/Views/FarmShopView.swift (in target 'PhoneInTheOtherRoom' from project 'PhoneInTheOtherRoom')
    cd /Users/ngawangchime/Desktop/Developer\ Projects/Phone\ in\ the\ Other\ Room
    

SwiftCompile normal x86_64 /Users/ngawangchime/Desktop/Developer\ Projects/Phone\ in\ the\ Other\ Room/PhoneInTheOtherRoomApp/Views/FarmView.swift (in target 'PhoneInTheOtherRoom' from project 'PhoneInTheOtherRoom')
    cd /Users/ngawangchime/Desktop/Developer\ Projects/Phone\ in\ the\ Other\ Room
    

SwiftCompile normal x86_64 /Users/ngawangchime/Desktop/Developer\ Projects/Phone\ in\ the\ Other\ Room/PhoneInTheOtherRoomApp/Views/FeedbackFormView.swift (in target 'PhoneInTheOtherRoom' from project 'PhoneInTheOtherRoom')
    cd /Users/ngawangchime/Desktop/Developer\ Projects/Phone\ in\ the\ Other\ Room
    

SwiftCompile normal x86_64 /Users/ngawangchime/Desktop/Developer\ Projects/Phone\ in\ the\ Other\ Room/PhoneInTheOtherRoomApp/Views/Components/FirstRunGuideCards.swift (in target 'PhoneInTheOtherRoom' from project 'PhoneInTheOtherRoom')
    cd /Users/ngawangchime/Desktop/Developer\ Projects/Phone\ in\ the\ Other\ Room
    

SwiftCompile normal x86_64 /Users/ngawangchime/Desktop/Developer\ Projects/Phone\ in\ the\ Other\ Room/Shared/FocusRunLiveActivity.swift (in target 'PhoneInTheOtherRoom' from project 'PhoneInTheOtherRoom')
    cd /Users/ngawangchime/Desktop/Developer\ Projects/Phone\ in\ the\ Other\ Room
    

SwiftCompile normal x86_64 /Users/ngawangchime/Desktop/Developer\ Projects/Phone\ in\ the\ Other\ Room/PhoneInTheOtherRoomApp/Services/FocusRunLiveActivityService.swift (in target 'PhoneInTheOtherRoom' from project 'PhoneInTheOtherRoom')
    cd /Users/ngawangchime/Desktop/Developer\ Projects/Phone\ in\ the\ Other\ Room
    

SwiftCompile normal x86_64 /Users/ngawangchime/Desktop/Developer\ Projects/Phone\ in\ the\ Other\ Room/Shared/FocusRunRules.swift (in target 'PhoneInTheOtherRoom' from project 'PhoneInTheOtherRoom')
    cd /Users/ngawangchime/Desktop/Developer\ Projects/Phone\ in\ the\ Other\ Room
    

SwiftCompile normal x86_64 /Users/ngawangchime/Desktop/Developer\ Projects/Phone\ in\ the\ Other\ Room/PhoneInTheOtherRoomApp/Views/FocusRunSetupView.swift (in target 'PhoneInTheOtherRoom' from project 'PhoneInTheOtherRoom')
    cd /Users/ngawangchime/Desktop/Developer\ Projects/Phone\ in\ the\ Other\ Room
    

SwiftCompile normal x86_64 /Users/ngawangchime/Desktop/Developer\ Projects/Phone\ in\ the\ Other\ Room/PhoneInTheOtherRoomApp/ViewModels/FocusRunViewModel+Farm.swift (in target 'PhoneInTheOtherRoom' from project 'PhoneInTheOtherRoom')
    cd /Users/ngawangchime/Desktop/Developer\ Projects/Phone\ in\ the\ Other\ Room
    

SwiftCompile normal x86_64 /Users/ngawangchime/Desktop/Developer\ Projects/Phone\ in\ the\ Other\ Room/PhoneInTheOtherRoomApp/ViewModels/FocusRunViewModel+FarmBackup.swift (in target 'PhoneInTheOtherRoom' from project 'PhoneInTheOtherRoom')
    cd /Users/ngawangchime/Desktop/Developer\ Projects/Phone\ in\ the\ Other\ Room
    

SwiftCompile normal x86_64 /Users/ngawangchime/Desktop/Developer\ Projects/Phone\ in\ the\ Other\ Room/PhoneInTheOtherRoomApp/ViewModels/FocusRunViewModel+Personalisation.swift (in target 'PhoneInTheOtherRoom' from project 'PhoneInTheOtherRoom')
    cd /Users/ngawangchime/Desktop/Developer\ Projects/Phone\ in\ the\ Other\ Room
    

SwiftCompile normal x86_64 /Users/ngawangchime/Desktop/Developer\ Projects/Phone\ in\ the\ Other\ Room/PhoneInTheOtherRoomApp/ViewModels/FocusRunViewModel+SharedHabits.swift (in target 'PhoneInTheOtherRoom' from project 'PhoneInTheOtherRoom')
    cd /Users/ngawangchime/Desktop/Developer\ Projects/Phone\ in\ the\ Other\ Room
    

SwiftCompile normal x86_64 /Users/ngawangchime/Desktop/Developer\ Projects/Phone\ in\ the\ Other\ Room/PhoneInTheOtherRoomApp/ViewModels/FocusRunViewModel+WindDownHabit.swift (in target 'PhoneInTheOtherRoom' from project 'PhoneInTheOtherRoom')
    cd /Users/ngawangchime/Desktop/Developer\ Projects/Phone\ in\ the\ Other\ Room
    

SwiftCompile normal x86_64 /Users/ngawangchime/Desktop/Developer\ Projects/Phone\ in\ the\ Other\ Room/PhoneInTheOtherRoomApp/Proximity/FocusSessionCoordinator+Placement.swift (in target 'PhoneInTheOtherRoom' from project 'PhoneInTheOtherRoom')
    cd /Users/ngawangchime/Desktop/Developer\ Projects/Phone\ in\ the\ Other\ Room
    

SwiftCompile normal x86_64 /Users/ngawangchime/Desktop/Developer\ Projects/Phone\ in\ the\ Other\ Room/PhoneInTheOtherRoomApp/Proximity/FocusSessionCoordinator.swift (in target 'PhoneInTheOtherRoom' from project 'PhoneInTheOtherRoom')
    cd /Users/ngawangchime/Desktop/Developer\ Projects/Phone\ in\ the\ Other\ Room
    

SwiftCompile normal x86_64 /Users/ngawangchime/Desktop/Developer\ Projects/Phone\ in\ the\ Other\ Room/Shared/FocusSessionStartResult.swift (in target 'PhoneInTheOtherRoom' from project 'PhoneInTheOtherRoom')
    cd /Users/ngawangchime/Desktop/Developer\ Projects/Phone\ in\ the\ Other\ Room
    

SwiftCompile normal x86_64 /Users/ngawangchime/Desktop/Developer\ Projects/Phone\ in\ the\ Other\ Room/PhoneInTheOtherRoomApp/Views/FocusStatsContextSections.swift (in target 'PhoneInTheOtherRoom' from project 'PhoneInTheOtherRoom')
    cd /Users/ngawangchime/Desktop/Developer\ Projects/Phone\ in\ the\ Other\ Room
    

SwiftCompile normal x86_64 /Users/ngawangchime/Desktop/Developer\ Projects/Phone\ in\ the\ Other\ Room/PhoneInTheOtherRoomApp/Views/FocusStatsRecordSections.swift (in target 'PhoneInTheOtherRoom' from project 'PhoneInTheOtherRoom')
    cd /Users/ngawangchime/Desktop/Developer\ Projects/Phone\ in\ the\ Other\ Room
    

SwiftCompile normal x86_64 /Users/ngawangchime/Desktop/Developer\ Projects/Phone\ in\ the\ Other\ Room/PhoneInTheOtherRoomApp/Views/FocusStatsView.swift (in target 'PhoneInTheOtherRoom' from project 'PhoneInTheOtherRoom')
    cd /Users/ngawangchime/Desktop/Developer\ Projects/Phone\ in\ the\ Other\ Room
    

SwiftDriverJobDiscovery normal arm64 Compiling QuietTimeEditorView.swift, QuietWindowDurationEditor.swift, RewardShelfView.swift, RitualPlanEditors.swift, ScreenFreeMorningView.swift, ScreenTimeBookendCard.swift, ScreenbookFixtures.swift, ScreenbookHabitLoopProbe.swift, ScreenbookRootView.swift, SettingsDetailViews.swift, SettingsHelpGuideView.swift, SharedFarmForYouSection.swift, SharedFarmHomeLine.swift, SharedFarmPrototypeFixtures.swift, SheepSearchExplainerView.swift, ShepherdArtStudyView.swift, ShepherdCustomizationView.swift (in target 'PhoneInTheOtherRoom' from project 'PhoneInTheOtherRoom')

SwiftCompile normal arm64 Compiling\ NightFlockV4Models.swift /Users/ngawangchime/Desktop/Developer\ Projects/Phone\ in\ the\ Other\ Room/Shared/NightFlockV4Models.swift (in target 'PhoneInTheOtherRoom' from project 'PhoneInTheOtherRoom')

SwiftCompile normal arm64 /Users/ngawangchime/Desktop/Developer\ Projects/Phone\ in\ the\ Other\ Room/Shared/NightFlockV4Models.swift (in target 'PhoneInTheOtherRoom' from project 'PhoneInTheOtherRoom')
    cd /Users/ngawangchime/Desktop/Developer\ Projects/Phone\ in\ the\ Other\ Room
    

SwiftDriverJobDiscovery normal x86_64 Compiling SlumberPartySharedFarmFixtures.swift, SlumberPartyV4PartyDetailView.swift (in target 'PhoneInTheOtherRoom' from project 'PhoneInTheOtherRoom')

SwiftCompile normal arm64 Compiling\ TrailNotesArchiveView.swift,\ UpcomingQuietTimesCard.swift,\ WindDownGuidanceDetailView.swift,\ WindDownGuidanceLibraryView.swift,\ WindDownGuidanceSourcesView.swift,\ WindDownGuidanceTopicView.swift,\ WindDownGuideCard.swift,\ WindDownHabitHomeCard.swift,\ WindDownHabitReflectionCard.swift,\ WindDownHabitSupportEditor.swift,\ WindDownPhaseProgressView.swift,\ WindDownRoutineSequenceCard.swift,\ WindDownSchedulePreviews.swift,\ WindDownScheduleView.swift,\ WindDownTagManagementCard.swift,\ WindDownTimingView.swift /Users/ngawangchime/Desktop/Developer\ Projects/Phone\ in\ the\ Other\ Room/PhoneInTheOtherRoomApp/Views/TrailNotesArchiveView.swift /Users/ngawangchime/Desktop/Developer\ Projects/Phone\ in\ the\ Other\ Room/PhoneInTheOtherRoomApp/Views/Components/UpcomingQuietTimesCard.swift /Users/ngawangchime/Desktop/Developer\ Projects/Phone\ in\ the\ Other\ Room/PhoneInTheOtherRoomApp/Views/Components/WindDownGuidanceDetailView.swift /Users/ngawangchime/Desktop/Developer\ Projects/Phone\ in\ the\ Other\ Room/PhoneInTheOtherRoomApp/Views/Components/WindDownGuidanceLibraryView.swift /Users/ngawangchime/Desktop/Developer\ Projects/Phone\ in\ the\ Other\ Room/PhoneInTheOtherRoomApp/Views/Components/WindDownGuidanceSourcesView.swift /Users/ngawangchime/Desktop/Developer\ Projects/Phone\ in\ the\ Other\ Room/PhoneInTheOtherRoomApp/Views/Components/WindDownGuidanceTopicView.swift /Users/ngawangchime/Desktop/Developer\ Projects/Phone\ in\ the\ Other\ Room/PhoneInTheOtherRoomApp/Views/Components/WindDownGuideCard.swift /Users/ngawangchime/Desktop/Developer\ Projects/Phone\ in\ the\ Other\ Room/PhoneInTheOtherRoomApp/Views/Components/WindDownHabitHomeCard.swift /Users/ngawangchime/Desktop/Developer\ Projects/Phone\ in\ the\ Other\ Room/PhoneInTheOtherRoomApp/Views/Components/WindDownHabitReflectionCard.swift /Users/ngawangchime/Desktop/Developer\ Projects/Phone\ in\ the\ Other\ Room/PhoneInTheOtherRoomApp/Views/Components/WindDownHabitSupportEditor.swift /Users/ngawangchime/Desktop/Developer\ Projects/Phone\ in\ the\ Other\ Room/PhoneInTheOtherRoomApp/Views/Components/WindDownPhaseProgressView.swift /Users/ngawangchime/Desktop/Developer\ Projects/Phone\ in\ the\ Other\ Room/PhoneInTheOtherRoomApp/Views/Components/WindDownRoutineSequenceCard.swift /Users/ngawangchime/Desktop/Developer\ Projects/Phone\ in\ the\ Other\ Room/PhoneInTheOtherRoomApp/Views/WindDownSchedulePreviews.swift /Users/ngawangchime/Desktop/Developer\ Projects/Phone\ in\ the\ Other\ Room/PhoneInTheOtherRoomApp/Views/WindDownScheduleView.swift /Users/ngawangchime/Desktop/Developer\ Projects/Phone\ in\ the\ Other\ Room/PhoneInTheOtherRoomApp/Views/Components/WindDownTagManagementCard.swift /Users/ngawangchime/Desktop/Developer\ Projects/Phone\ in\ the\ Other\ Room/PhoneInTheOtherRoomApp/Views/WindDownTimingView.swift (in target 'PhoneInTheOtherRoom' from project 'PhoneInTheOtherRoom')

SwiftCompile normal arm64 /Users/ngawangchime/Desktop/Developer\ Projects/Phone\ in\ the\ Other\ Room/PhoneInTheOtherRoomApp/Views/TrailNotesArchiveView.swift (in target 'PhoneInTheOtherRoom' from project 'PhoneInTheOtherRoom')
    cd /Users/ngawangchime/Desktop/Developer\ Projects/Phone\ in\ the\ Other\ Room
    

SwiftCompile normal arm64 /Users/ngawangchime/Desktop/Developer\ Projects/Phone\ in\ the\ Other\ Room/PhoneInTheOtherRoomApp/Views/Components/UpcomingQuietTimesCard.swift (in target 'PhoneInTheOtherRoom' from project 'PhoneInTheOtherRoom')
    cd /Users/ngawangchime/Desktop/Developer\ Projects/Phone\ in\ the\ Other\ Room
    

SwiftCompile normal arm64 /Users/ngawangchime/Desktop/Developer\ Projects/Phone\ in\ the\ Other\ Room/PhoneInTheOtherRoomApp/Views/Components/WindDownGuidanceDetailView.swift (in target 'PhoneInTheOtherRoom' from project 'PhoneInTheOtherRoom')
    cd /Users/ngawangchime/Desktop/Developer\ Projects/Phone\ in\ the\ Other\ Room
    

SwiftCompile normal arm64 /Users/ngawangchime/Desktop/Developer\ Projects/Phone\ in\ the\ Other\ Room/PhoneInTheOtherRoomApp/Views/Components/WindDownGuidanceLibraryView.swift (in target 'PhoneInTheOtherRoom' from project 'PhoneInTheOtherRoom')
    cd /Users/ngawangchime/Desktop/Developer\ Projects/Phone\ in\ the\ Other\ Room
    

SwiftCompile normal arm64 /Users/ngawangchime/Desktop/Developer\ Projects/Phone\ in\ the\ Other\ Room/PhoneInTheOtherRoomApp/Views/Components/WindDownGuidanceSourcesView.swift (in target 'PhoneInTheOtherRoom' from project 'PhoneInTheOtherRoom')
    cd /Users/ngawangchime/Desktop/Developer\ Projects/Phone\ in\ the\ Other\ Room
    

SwiftCompile normal arm64 /Users/ngawangchime/Desktop/Developer\ Projects/Phone\ in\ the\ Other\ Room/PhoneInTheOtherRoomApp/Views/Components/WindDownGuidanceTopicView.swift (in target 'PhoneInTheOtherRoom' from project 'PhoneInTheOtherRoom')
    cd /Users/ngawangchime/Desktop/Developer\ Projects/Phone\ in\ the\ Other\ Room
    

SwiftCompile normal arm64 /Users/ngawangchime/Desktop/Developer\ Projects/Phone\ in\ the\ Other\ Room/PhoneInTheOtherRoomApp/Views/Components/WindDownGuideCard.swift (in target 'PhoneInTheOtherRoom' from project 'PhoneInTheOtherRoom')
    cd /Users/ngawangchime/Desktop/Developer\ Projects/Phone\ in\ the\ Other\ Room
    

SwiftCompile normal arm64 /Users/ngawangchime/Desktop/Developer\ Projects/Phone\ in\ the\ Other\ Room/PhoneInTheOtherRoomApp/Views/Components/WindDownHabitHomeCard.swift (in target 'PhoneInTheOtherRoom' from project 'PhoneInTheOtherRoom')
    cd /Users/ngawangchime/Desktop/Developer\ Projects/Phone\ in\ the\ Other\ Room
    

SwiftCompile normal arm64 /Users/ngawangchime/Desktop/Developer\ Projects/Phone\ in\ the\ Other\ Room/PhoneInTheOtherRoomApp/Views/Components/WindDownHabitReflectionCard.swift (in target 'PhoneInTheOtherRoom' from project 'PhoneInTheOtherRoom')
    cd /Users/ngawangchime/Desktop/Developer\ Projects/Phone\ in\ the\ Other\ Room
    

SwiftCompile normal arm64 /Users/ngawangchime/Desktop/Developer\ Projects/Phone\ in\ the\ Other\ Room/PhoneInTheOtherRoomApp/Views/Components/WindDownHabitSupportEditor.swift (in target 'PhoneInTheOtherRoom' from project 'PhoneInTheOtherRoom')
    cd /Users/ngawangchime/Desktop/Developer\ Projects/Phone\ in\ the\ Other\ Room
    

SwiftCompile normal arm64 /Users/ngawangchime/Desktop/Developer\ Projects/Phone\ in\ the\ Other\ Room/PhoneInTheOtherRoomApp/Views/Components/WindDownPhaseProgressView.swift (in target 'PhoneInTheOtherRoom' from project 'PhoneInTheOtherRoom')
    cd /Users/ngawangchime/Desktop/Developer\ Projects/Phone\ in\ the\ Other\ Room
    

SwiftCompile normal arm64 /Users/ngawangchime/Desktop/Developer\ Projects/Phone\ in\ the\ Other\ Room/PhoneInTheOtherRoomApp/Views/Components/WindDownRoutineSequenceCard.swift (in target 'PhoneInTheOtherRoom' from project 'PhoneInTheOtherRoom')
    cd /Users/ngawangchime/Desktop/Developer\ Projects/Phone\ in\ the\ Other\ Room
    

SwiftCompile normal arm64 /Users/ngawangchime/Desktop/Developer\ Projects/Phone\ in\ the\ Other\ Room/PhoneInTheOtherRoomApp/Views/WindDownSchedulePreviews.swift (in target 'PhoneInTheOtherRoom' from project 'PhoneInTheOtherRoom')
    cd /Users/ngawangchime/Desktop/Developer\ Projects/Phone\ in\ the\ Other\ Room
    

SwiftCompile normal arm64 /Users/ngawangchime/Desktop/Developer\ Projects/Phone\ in\ the\ Other\ Room/PhoneInTheOtherRoomApp/Views/WindDownScheduleView.swift (in target 'PhoneInTheOtherRoom' from project 'PhoneInTheOtherRoom')
    cd /Users/ngawangchime/Desktop/Developer\ Projects/Phone\ in\ the\ Other\ Room
    

SwiftCompile normal arm64 /Users/ngawangchime/Desktop/Developer\ Projects/Phone\ in\ the\ Other\ Room/PhoneInTheOtherRoomApp/Views/Components/WindDownTagManagementCard.swift (in target 'PhoneInTheOtherRoom' from project 'PhoneInTheOtherRoom')
    cd /Users/ngawangchime/Desktop/Developer\ Projects/Phone\ in\ the\ Other\ Room
    

SwiftCompile normal arm64 /Users/ngawangchime/Desktop/Developer\ Projects/Phone\ in\ the\ Other\ Room/PhoneInTheOtherRoomApp/Views/WindDownTimingView.swift (in target 'PhoneInTheOtherRoom' from project 'PhoneInTheOtherRoom')
    cd /Users/ngawangchime/Desktop/Developer\ Projects/Phone\ in\ the\ Other\ Room
    

SwiftDriverJobDiscovery normal x86_64 Compiling SharedPasture.swift, SharedPastureControls.swift (in target 'PhoneInTheOtherRoom' from project 'PhoneInTheOtherRoom')

SwiftCompile normal x86_64 Compiling\ SlumberPartyHomePresentation.swift /Users/ngawangchime/Desktop/Developer\ Projects/Phone\ in\ the\ Other\ Room/Shared/SlumberPartyHomePresentation.swift (in target 'PhoneInTheOtherRoom' from project 'PhoneInTheOtherRoom')

SwiftCompile normal x86_64 /Users/ngawangchime/Desktop/Developer\ Projects/Phone\ in\ the\ Other\ Room/Shared/SlumberPartyHomePresentation.swift (in target 'PhoneInTheOtherRoom' from project 'PhoneInTheOtherRoom')
    cd /Users/ngawangchime/Desktop/Developer\ Projects/Phone\ in\ the\ Other\ Room
    

SwiftDriverJobDiscovery normal arm64 Compiling NightFlockV4Models.swift (in target 'PhoneInTheOtherRoom' from project 'PhoneInTheOtherRoom')

SwiftCompile normal x86_64 Compiling\ SlumberPartySharedFarm.swift /Users/ngawangchime/Desktop/Developer\ Projects/Phone\ in\ the\ Other\ Room/Shared/SlumberPartySharedFarm.swift (in target 'PhoneInTheOtherRoom' from project 'PhoneInTheOtherRoom')

SwiftCompile normal x86_64 /Users/ngawangchime/Desktop/Developer\ Projects/Phone\ in\ the\ Other\ Room/Shared/SlumberPartySharedFarm.swift (in target 'PhoneInTheOtherRoom' from project 'PhoneInTheOtherRoom')
    cd /Users/ngawangchime/Desktop/Developer\ Projects/Phone\ in\ the\ Other\ Room
    

SwiftDriverJobDiscovery normal x86_64 Compiling WindDownStartSheet.swift (in target 'PhoneInTheOtherRoom' from project 'PhoneInTheOtherRoom')

SwiftCompile normal x86_64 Compiling\ NightFlockService.swift /Users/ngawangchime/Desktop/Developer\ Projects/Phone\ in\ the\ Other\ Room/PhoneInTheOtherRoomApp/Services/NightFlockService.swift (in target 'PhoneInTheOtherRoom' from project 'PhoneInTheOtherRoom')

SwiftCompile normal x86_64 /Users/ngawangchime/Desktop/Developer\ Projects/Phone\ in\ the\ Other\ Room/PhoneInTheOtherRoomApp/Services/NightFlockService.swift (in target 'PhoneInTheOtherRoom' from project 'PhoneInTheOtherRoom')
    cd /Users/ngawangchime/Desktop/Developer\ Projects/Phone\ in\ the\ Other\ Room
    

SwiftDriverJobDiscovery normal x86_64 Compiling SharedPastureOutboxService.swift, SlumberPartyPastureView.swift (in target 'PhoneInTheOtherRoom' from project 'PhoneInTheOtherRoom')

SwiftCompile normal arm64 Compiling\ ScreenFreeMorningPresentation.swift,\ ScreenbookRecoveryProbe.swift,\ SessionGuard.swift,\ ShopWardrobeNativeQA.swift,\ WatchConnectivityManager.swift,\ WatchMessage.swift /Users/ngawangchime/Desktop/Developer\ Projects/Phone\ in\ the\ Other\ Room/Shared/ScreenFreeMorningPresentation.swift /Users/ngawangchime/Desktop/Developer\ Projects/Phone\ in\ the\ Other\ Room/PhoneInTheOtherRoomApp/Screenbook/ScreenbookRecoveryProbe.swift /Users/ngawangchime/Desktop/Developer\ Projects/Phone\ in\ the\ Other\ Room/Shared/SessionGuard.swift /Users/ngawangchime/Desktop/Developer\ Projects/Phone\ in\ the\ Other\ Room/PhoneInTheOtherRoomApp/Views/ShopWardrobeNativeQA.swift /Users/ngawangchime/Desktop/Developer\ Projects/Phone\ in\ the\ Other\ Room/PhoneInTheOtherRoomApp/Services/WatchConnectivityManager.swift /Users/ngawangchime/Desktop/Developer\ Projects/Phone\ in\ the\ Other\ Room/Shared/WatchMessage.swift (in target 'PhoneInTheOtherRoom' from project 'PhoneInTheOtherRoom')

SwiftCompile normal arm64 /Users/ngawangchime/Desktop/Developer\ Projects/Phone\ in\ the\ Other\ Room/Shared/ScreenFreeMorningPresentation.swift (in target 'PhoneInTheOtherRoom' from project 'PhoneInTheOtherRoom')
    cd /Users/ngawangchime/Desktop/Developer\ Projects/Phone\ in\ the\ Other\ Room
    

SwiftCompile normal arm64 /Users/ngawangchime/Desktop/Developer\ Projects/Phone\ in\ the\ Other\ Room/PhoneInTheOtherRoomApp/Screenbook/ScreenbookRecoveryProbe.swift (in target 'PhoneInTheOtherRoom' from project 'PhoneInTheOtherRoom')
    cd /Users/ngawangchime/Desktop/Developer\ Projects/Phone\ in\ the\ Other\ Room
    

SwiftCompile normal arm64 /Users/ngawangchime/Desktop/Developer\ Projects/Phone\ in\ the\ Other\ Room/Shared/SessionGuard.swift (in target 'PhoneInTheOtherRoom' from project 'PhoneInTheOtherRoom')
    cd /Users/ngawangchime/Desktop/Developer\ Projects/Phone\ in\ the\ Other\ Room
    

SwiftCompile normal arm64 /Users/ngawangchime/Desktop/Developer\ Projects/Phone\ in\ the\ Other\ Room/PhoneInTheOtherRoomApp/Views/ShopWardrobeNativeQA.swift (in target 'PhoneInTheOtherRoom' from project 'PhoneInTheOtherRoom')
    cd /Users/ngawangchime/Desktop/Developer\ Projects/Phone\ in\ the\ Other\ Room
    

SwiftCompile normal arm64 /Users/ngawangchime/Desktop/Developer\ Projects/Phone\ in\ the\ Other\ Room/PhoneInTheOtherRoomApp/Services/WatchConnectivityManager.swift (in target 'PhoneInTheOtherRoom' from project 'PhoneInTheOtherRoom')
    cd /Users/ngawangchime/Desktop/Developer\ Projects/Phone\ in\ the\ Other\ Room
    

SwiftCompile normal arm64 /Users/ngawangchime/Desktop/Developer\ Projects/Phone\ in\ the\ Other\ Room/Shared/WatchMessage.swift (in target 'PhoneInTheOtherRoom' from project 'PhoneInTheOtherRoom')
    cd /Users/ngawangchime/Desktop/Developer\ Projects/Phone\ in\ the\ Other\ Room
    

SwiftDriverJobDiscovery normal x86_64 Compiling SlumberPartyHomePresentation.swift (in target 'PhoneInTheOtherRoom' from project 'PhoneInTheOtherRoom')

SwiftCompile normal arm64 Compiling\ FocusRunLiveActivity.swift,\ FocusRunLiveActivityService.swift,\ FocusRunRules.swift,\ FocusRunViewModel+Personalisation.swift,\ FocusRunViewModel+WindDownHabit.swift,\ FocusSessionCoordinator+Placement.swift /Users/ngawangchime/Desktop/Developer\ Projects/Phone\ in\ the\ Other\ Room/Shared/FocusRunLiveActivity.swift /Users/ngawangchime/Desktop/Developer\ Projects/Phone\ in\ the\ Other\ Room/PhoneInTheOtherRoomApp/Services/FocusRunLiveActivityService.swift /Users/ngawangchime/Desktop/Developer\ Projects/Phone\ in\ the\ Other\ Room/Shared/FocusRunRules.swift /Users/ngawangchime/Desktop/Developer\ Projects/Phone\ in\ the\ Other\ Room/PhoneInTheOtherRoomApp/ViewModels/FocusRunViewModel+Personalisation.swift /Users/ngawangchime/Desktop/Developer\ Projects/Phone\ in\ the\ Other\ Room/PhoneInTheOtherRoomApp/ViewModels/FocusRunViewModel+WindDownHabit.swift /Users/ngawangchime/Desktop/Developer\ Projects/Phone\ in\ the\ Other\ Room/PhoneInTheOtherRoomApp/Proximity/FocusSessionCoordinator+Placement.swift (in target 'PhoneInTheOtherRoom' from project 'PhoneInTheOtherRoom')

SwiftCompile normal arm64 /Users/ngawangchime/Desktop/Developer\ Projects/Phone\ in\ the\ Other\ Room/Shared/FocusRunLiveActivity.swift (in target 'PhoneInTheOtherRoom' from project 'PhoneInTheOtherRoom')
    cd /Users/ngawangchime/Desktop/Developer\ Projects/Phone\ in\ the\ Other\ Room
    

SwiftCompile normal arm64 /Users/ngawangchime/Desktop/Developer\ Projects/Phone\ in\ the\ Other\ Room/PhoneInTheOtherRoomApp/Services/FocusRunLiveActivityService.swift (in target 'PhoneInTheOtherRoom' from project 'PhoneInTheOtherRoom')
    cd /Users/ngawangchime/Desktop/Developer\ Projects/Phone\ in\ the\ Other\ Room
    

SwiftCompile normal arm64 /Users/ngawangchime/Desktop/Developer\ Projects/Phone\ in\ the\ Other\ Room/Shared/FocusRunRules.swift (in target 'PhoneInTheOtherRoom' from project 'PhoneInTheOtherRoom')
    cd /Users/ngawangchime/Desktop/Developer\ Projects/Phone\ in\ the\ Other\ Room
    

SwiftCompile normal arm64 /Users/ngawangchime/Desktop/Developer\ Projects/Phone\ in\ the\ Other\ Room/PhoneInTheOtherRoomApp/ViewModels/FocusRunViewModel+Personalisation.swift (in target 'PhoneInTheOtherRoom' from project 'PhoneInTheOtherRoom')
    cd /Users/ngawangchime/Desktop/Developer\ Projects/Phone\ in\ the\ Other\ Room
    

SwiftCompile normal arm64 /Users/ngawangchime/Desktop/Developer\ Projects/Phone\ in\ the\ Other\ Room/PhoneInTheOtherRoomApp/ViewModels/FocusRunViewModel+WindDownHabit.swift (in target 'PhoneInTheOtherRoom' from project 'PhoneInTheOtherRoom')
    cd /Users/ngawangchime/Desktop/Developer\ Projects/Phone\ in\ the\ Other\ Room
    

SwiftCompile normal arm64 /Users/ngawangchime/Desktop/Developer\ Projects/Phone\ in\ the\ Other\ Room/PhoneInTheOtherRoomApp/Proximity/FocusSessionCoordinator+Placement.swift (in target 'PhoneInTheOtherRoom' from project 'PhoneInTheOtherRoom')
    cd /Users/ngawangchime/Desktop/Developer\ Projects/Phone\ in\ the\ Other\ Room
    

SwiftDriverJobDiscovery normal x86_64 Compiling SlumberPartySharedFarm.swift (in target 'PhoneInTheOtherRoom' from project 'PhoneInTheOtherRoom')

SwiftCompile normal x86_64 Compiling\ SheepSearchExplainerView.swift,\ ShepherdArtStudyView.swift,\ ShepherdCustomizationView.swift,\ ShepherdNameCard.swift,\ ShopWardrobeNativeQA.swift,\ SlumberPartyFriendCardView.swift,\ SlumberPartyGroupStreamView.swift,\ SlumberPartyHomeSection.swift,\ SlumberPartyReceivedCheersSection.swift,\ SlumberPartySharedFarmView.swift,\ SlumberPartySharedHabitsConsentDisclosure.swift,\ SlumberPartySharedHabitsSummaryViews.swift,\ SlumberPartySharedHabitsViews.swift,\ SlumberPartySharedMeadowView.swift,\ SlumberPartySocialAvatar.swift,\ SlumberPartyUpdateCheerReceiptsView.swift,\ SlumberPartyV4GroupDetailsView.swift,\ SlumberPartyV4ListView.swift,\ SlumberPartyV4MembershipActivitiesSection.swift,\ SlumberPartyV4Previews.swift,\ TrailBoardView.swift,\ TrailNotesArchiveView.swift /Users/ngawangchime/Desktop/Developer\ Projects/Phone\ in\ the\ Other\ Room/PhoneInTheOtherRoomApp/Views/SheepSearchExplainerView.swift /Users/ngawangchime/Desktop/Developer\ Projects/Phone\ in\ the\ Other\ Room/PhoneInTheOtherRoomApp/Views/ShepherdArtStudy/ShepherdArtStudyView.swift /Users/ngawangchime/Desktop/Developer\ Projects/Phone\ in\ the\ Other\ Room/PhoneInTheOtherRoomApp/Views/ShepherdCustomizationView.swift /Users/ngawangchime/Desktop/Developer\ Projects/Phone\ in\ the\ Other\ Room/PhoneInTheOtherRoomApp/Views/ShepherdNameCard.swift /Users/ngawangchime/Desktop/Developer\ Projects/Phone\ in\ the\ Other\ Room/PhoneInTheOtherRoomApp/Views/ShopWardrobeNativeQA.swift /Users/ngawangchime/Desktop/Developer\ Projects/Phone\ in\ the\ Other\ Room/PhoneInTheOtherRoomApp/Views/NightFlock/SlumberPartyFriendCardView.swift /Users/ngawangchime/Desktop/Developer\ Projects/Phone\ in\ the\ Other\ Room/PhoneInTheOtherRoomApp/Views/NightFlock/SlumberPartyGroupStreamView.swift /Users/ngawangchime/Desktop/Developer\ Projects/Phone\ in\ the\ Other\ Room/PhoneInTheOtherRoomApp/Views/Components/SlumberPartyHomeSection.swift /Users/ngawangchime/Desktop/Developer\ Projects/Phone\ in\ the\ Other\ Room/PhoneInTheOtherRoomApp/Views/NightFlock/SlumberPartyReceivedCheersSection.swift /Users/ngawangchime/Desktop/Developer\ Projects/Phone\ in\ the\ Other\ Room/PhoneInTheOtherRoomApp/Views/NightFlock/SlumberPartySharedFarmView.swift /Users/ngawangchime/Desktop/Developer\ Projects/Phone\ in\ the\ Other\ Room/PhoneInTheOtherRoomApp/Views/NightFlock/SlumberPartySharedHabitsConsentDisclosure.swift /Users/ngawangchime/Desktop/Developer\ Projects/Phone\ in\ the\ Other\ Room/PhoneInTheOtherRoomApp/Views/NightFlock/SlumberPartySharedHabitsSummaryViews.swift /Users/ngawangchime/Desktop/Developer\ Projects/Phone\ in\ the\ Other\ Room/PhoneInTheOtherRoomApp/Views/NightFlock/SlumberPartySharedHabitsViews.swift /Users/ngawangchime/Desktop/Developer\ Projects/Phone\ in\ the\ Other\ Room/PhoneInTheOtherRoomApp/Views/NightFlock/SlumberPartySharedMeadowView.swift /Users/ngawangchime/Desktop/Developer\ Projects/Phone\ in\ the\ Other\ Room/PhoneInTheOtherRoomApp/Views/NightFlock/SlumberPartySocialAvatar.swift /Users/ngawangchime/Desktop/Developer\ Projects/Phone\ in\ the\ Other\ Room/PhoneInTheOtherRoomApp/Views/NightFlock/SlumberPartyUpdateCheerReceiptsView.swift /Users/ngawangchime/Desktop/Developer\ Projects/Phone\ in\ the\ Other\ Room/PhoneInTheOtherRoomApp/Views/NightFlock/SlumberPartyV4GroupDetailsView.swift /Users/ngawangchime/Desktop/Developer\ Projects/Phone\ in\ the\ Other\ Room/PhoneInTheOtherRoomApp/Views/NightFlock/SlumberPartyV4ListView.swift /Users/ngawangchime/Desktop/Developer\ Projects/Phone\ in\ the\ Other\ Room/PhoneInTheOtherRoomApp/Views/NightFlock/SlumberPartyV4MembershipActivitiesSection.swift /Users/ngawangchime/Desktop/Developer\ Projects/Phone\ in\ the\ Other\ Room/PhoneInTheOtherRoomApp/Views/NightFlock/SlumberPartyV4Previews.swift /Users/ngawangchime/Desktop/Developer\ Projects/Phone\ in\ the\ Other\ Room/PhoneInTheOtherRoomApp/Views/TrailBoardView.swift /Users/ngawangchime/Desktop/Developer\ Projects/Phone\ in\ the\ Other\ Room/PhoneInTheOtherRoomApp/Views/TrailNotesArchiveView.swift (in target 'PhoneInTheOtherRoom' from project 'PhoneInTheOtherRoom')
SwiftCompile normal x86_64 /Users/ngawangchime/Desktop/Developer\ Projects/Phone\ in\ the\ Other\ Room/PhoneInTheOtherRoomApp/Views/SheepSearchExplainerView.swift (in target 'PhoneInTheOtherRoom' from project 'PhoneInTheOtherRoom')
    cd /Users/ngawangchime/Desktop/Developer\ Projects/Phone\ in\ the\ Other\ Room
    

SwiftCompile normal x86_64 /Users/ngawangchime/Desktop/Developer\ Projects/Phone\ in\ the\ Other\ Room/PhoneInTheOtherRoomApp/Views/ShepherdArtStudy/ShepherdArtStudyView.swift (in target 'PhoneInTheOtherRoom' from project 'PhoneInTheOtherRoom')
    cd /Users/ngawangchime/Desktop/Developer\ Projects/Phone\ in\ the\ Other\ Room
    

SwiftCompile normal x86_64 /Users/ngawangchime/Desktop/Developer\ Projects/Phone\ in\ the\ Other\ Room/PhoneInTheOtherRoomApp/Views/ShepherdCustomizationView.swift (in target 'PhoneInTheOtherRoom' from project 'PhoneInTheOtherRoom')
    cd /Users/ngawangchime/Desktop/Developer\ Projects/Phone\ in\ the\ Other\ Room
    

SwiftCompile normal x86_64 /Users/ngawangchime/Desktop/Developer\ Projects/Phone\ in\ the\ Other\ Room/PhoneInTheOtherRoomApp/Views/ShepherdNameCard.swift (in target 'PhoneInTheOtherRoom' from project 'PhoneInTheOtherRoom')
    cd /Users/ngawangchime/Desktop/Developer\ Projects/Phone\ in\ the\ Other\ Room
    

SwiftCompile normal x86_64 /Users/ngawangchime/Desktop/Developer\ Projects/Phone\ in\ the\ Other\ Room/PhoneInTheOtherRoomApp/Views/ShopWardrobeNativeQA.swift (in target 'PhoneInTheOtherRoom' from project 'PhoneInTheOtherRoom')
    cd /Users/ngawangchime/Desktop/Developer\ Projects/Phone\ in\ the\ Other\ Room
    

SwiftCompile normal x86_64 /Users/ngawangchime/Desktop/Developer\ Projects/Phone\ in\ the\ Other\ Room/PhoneInTheOtherRoomApp/Views/NightFlock/SlumberPartyFriendCardView.swift (in target 'PhoneInTheOtherRoom' from project 'PhoneInTheOtherRoom')
    cd /Users/ngawangchime/Desktop/Developer\ Projects/Phone\ in\ the\ Other\ Room
    

SwiftCompile normal x86_64 /Users/ngawangchime/Desktop/Developer\ Projects/Phone\ in\ the\ Other\ Room/PhoneInTheOtherRoomApp/Views/NightFlock/SlumberPartyGroupStreamView.swift (in target 'PhoneInTheOtherRoom' from project 'PhoneInTheOtherRoom')
    cd /Users/ngawangchime/Desktop/Developer\ Projects/Phone\ in\ the\ Other\ Room
    

SwiftCompile normal x86_64 /Users/ngawangchime/Desktop/Developer\ Projects/Phone\ in\ the\ Other\ Room/PhoneInTheOtherRoomApp/Views/Components/SlumberPartyHomeSection.swift (in target 'PhoneInTheOtherRoom' from project 'PhoneInTheOtherRoom')
    cd /Users/ngawangchime/Desktop/Developer\ Projects/Phone\ in\ the\ Other\ Room
    

SwiftCompile normal x86_64 /Users/ngawangchime/Desktop/Developer\ Projects/Phone\ in\ the\ Other\ Room/PhoneInTheOtherRoomApp/Views/NightFlock/SlumberPartyReceivedCheersSection.swift (in target 'PhoneInTheOtherRoom' from project 'PhoneInTheOtherRoom')
    cd /Users/ngawangchime/Desktop/Developer\ Projects/Phone\ in\ the\ Other\ Room
    

SwiftCompile normal x86_64 /Users/ngawangchime/Desktop/Developer\ Projects/Phone\ in\ the\ Other\ Room/PhoneInTheOtherRoomApp/Views/NightFlock/SlumberPartySharedFarmView.swift (in target 'PhoneInTheOtherRoom' from project 'PhoneInTheOtherRoom')
    cd /Users/ngawangchime/Desktop/Developer\ Projects/Phone\ in\ the\ Other\ Room
    

SwiftCompile normal x86_64 /Users/ngawangchime/Desktop/Developer\ Projects/Phone\ in\ the\ Other\ Room/PhoneInTheOtherRoomApp/Views/NightFlock/SlumberPartySharedHabitsConsentDisclosure.swift (in target 'PhoneInTheOtherRoom' from project 'PhoneInTheOtherRoom')
    cd /Users/ngawangchime/Desktop/Developer\ Projects/Phone\ in\ the\ Other\ Room
    

SwiftCompile normal x86_64 /Users/ngawangchime/Desktop/Developer\ Projects/Phone\ in\ the\ Other\ Room/PhoneInTheOtherRoomApp/Views/NightFlock/SlumberPartySharedHabitsSummaryViews.swift (in target 'PhoneInTheOtherRoom' from project 'PhoneInTheOtherRoom')
    cd /Users/ngawangchime/Desktop/Developer\ Projects/Phone\ in\ the\ Other\ Room
    

SwiftCompile normal x86_64 /Users/ngawangchime/Desktop/Developer\ Projects/Phone\ in\ the\ Other\ Room/PhoneInTheOtherRoomApp/Views/NightFlock/SlumberPartySharedHabitsViews.swift (in target 'PhoneInTheOtherRoom' from project 'PhoneInTheOtherRoom')
    cd /Users/ngawangchime/Desktop/Developer\ Projects/Phone\ in\ the\ Other\ Room
    

SwiftCompile normal x86_64 /Users/ngawangchime/Desktop/Developer\ Projects/Phone\ in\ the\ Other\ Room/PhoneInTheOtherRoomApp/Views/NightFlock/SlumberPartySharedMeadowView.swift (in target 'PhoneInTheOtherRoom' from project 'PhoneInTheOtherRoom')
    cd /Users/ngawangchime/Desktop/Developer\ Projects/Phone\ in\ the\ Other\ Room
    

SwiftCompile normal x86_64 /Users/ngawangchime/Desktop/Developer\ Projects/Phone\ in\ the\ Other\ Room/PhoneInTheOtherRoomApp/Views/NightFlock/SlumberPartySocialAvatar.swift (in target 'PhoneInTheOtherRoom' from project 'PhoneInTheOtherRoom')
    cd /Users/ngawangchime/Desktop/Developer\ Projects/Phone\ in\ the\ Other\ Room
    

SwiftCompile normal x86_64 /Users/ngawangchime/Desktop/Developer\ Projects/Phone\ in\ the\ Other\ Room/PhoneInTheOtherRoomApp/Views/NightFlock/SlumberPartyUpdateCheerReceiptsView.swift (in target 'PhoneInTheOtherRoom' from project 'PhoneInTheOtherRoom')
    cd /Users/ngawangchime/Desktop/Developer\ Projects/Phone\ in\ the\ Other\ Room
    

SwiftCompile normal x86_64 /Users/ngawangchime/Desktop/Developer\ Projects/Phone\ in\ the\ Other\ Room/PhoneInTheOtherRoomApp/Views/NightFlock/SlumberPartyV4GroupDetailsView.swift (in target 'PhoneInTheOtherRoom' from project 'PhoneInTheOtherRoom')
    cd /Users/ngawangchime/Desktop/Developer\ Projects/Phone\ in\ the\ Other\ Room
    

SwiftCompile normal x86_64 /Users/ngawangchime/Desktop/Developer\ Projects/Phone\ in\ the\ Other\ Room/PhoneInTheOtherRoomApp/Views/NightFlock/SlumberPartyV4ListView.swift (in target 'PhoneInTheOtherRoom' from project 'PhoneInTheOtherRoom')
    cd /Users/ngawangchime/Desktop/Developer\ Projects/Phone\ in\ the\ Other\ Room
    

SwiftCompile normal x86_64 /Users/ngawangchime/Desktop/Developer\ Projects/Phone\ in\ the\ Other\ Room/PhoneInTheOtherRoomApp/Views/NightFlock/SlumberPartyV4MembershipActivitiesSection.swift (in target 'PhoneInTheOtherRoom' from project 'PhoneInTheOtherRoom')
    cd /Users/ngawangchime/Desktop/Developer\ Projects/Phone\ in\ the\ Other\ Room
    

SwiftCompile normal x86_64 /Users/ngawangchime/Desktop/Developer\ Projects/Phone\ in\ the\ Other\ Room/PhoneInTheOtherRoomApp/Views/NightFlock/SlumberPartyV4Previews.swift (in target 'PhoneInTheOtherRoom' from project 'PhoneInTheOtherRoom')
    cd /Users/ngawangchime/Desktop/Developer\ Projects/Phone\ in\ the\ Other\ Room
    

SwiftCompile normal x86_64 /Users/ngawangchime/Desktop/Developer\ Projects/Phone\ in\ the\ Other\ Room/PhoneInTheOtherRoomApp/Views/TrailBoardView.swift (in target 'PhoneInTheOtherRoom' from project 'PhoneInTheOtherRoom')
    cd /Users/ngawangchime/Desktop/Developer\ Projects/Phone\ in\ the\ Other\ Room
    

SwiftCompile normal x86_64 /Users/ngawangchime/Desktop/Developer\ Projects/Phone\ in\ the\ Other\ Room/PhoneInTheOtherRoomApp/Views/TrailNotesArchiveView.swift (in target 'PhoneInTheOtherRoom' from project 'PhoneInTheOtherRoom')
    cd /Users/ngawangchime/Desktop/Developer\ Projects/Phone\ in\ the\ Other\ Room
    

SwiftDriverJobDiscovery normal x86_64 Compiling NightFlockService.swift (in target 'PhoneInTheOtherRoom' from project 'PhoneInTheOtherRoom')

SwiftCompile normal x86_64 Compiling\ NightFlockV4API.swift /Users/ngawangchime/Desktop/Developer\ Projects/Phone\ in\ the\ Other\ Room/Shared/NightFlockV4API.swift (in target 'PhoneInTheOtherRoom' from project 'PhoneInTheOtherRoom')

SwiftCompile normal x86_64 /Users/ngawangchime/Desktop/Developer\ Projects/Phone\ in\ the\ Other\ Room/Shared/NightFlockV4API.swift (in target 'PhoneInTheOtherRoom' from project 'PhoneInTheOtherRoom')
    cd /Users/ngawangchime/Desktop/Developer\ Projects/Phone\ in\ the\ Other\ Room
    

SwiftDriverJobDiscovery normal arm64 Compiling FocusRunLiveActivity.swift, FocusRunLiveActivityService.swift, FocusRunRules.swift, FocusRunViewModel+Personalisation.swift, FocusRunViewModel+WindDownHabit.swift, FocusSessionCoordinator+Placement.swift (in target 'PhoneInTheOtherRoom' from project 'PhoneInTheOtherRoom')

SwiftCompile normal arm64 Compiling\ HomeWindDownSummary.swift,\ ImpactSharingConsentSheet.swift,\ LockScreenQuietNoteGuideView.swift,\ MonthlyNightsView.swift,\ MoreView.swift,\ MorningCheckInCard.swift,\ NightFlockDashboard.swift,\ NightFlockHubView.swift,\ NightFlockIdeasView.swift,\ NightFlockMemberBoardView.swift,\ NightFlockOrientationView.swift,\ NightFlockPreviews.swift,\ NightFlockSharedPastureView.swift,\ NightFlockSharingAccountView.swift,\ NightFlockTipCallout.swift,\ NightFlockViewModel+Commitment.swift,\ NightFlockViewModel+Errors.swift /Users/ngawangchime/Desktop/Developer\ Projects/Phone\ in\ the\ Other\ Room/PhoneInTheOtherRoomApp/Views/Components/HomeWindDownSummary.swift /Users/ngawangchime/Desktop/Developer\ Projects/Phone\ in\ the\ Other\ Room/PhoneInTheOtherRoomApp/Views/Components/ImpactSharingConsentSheet.swift /Users/ngawangchime/Desktop/Developer\ Projects/Phone\ in\ the\ Other\ Room/PhoneInTheOtherRoomApp/Views/LockScreenQuietNoteGuideView.swift /Users/ngawangchime/Desktop/Developer\ Projects/Phone\ in\ the\ Other\ Room/PhoneInTheOtherRoomApp/Views/MonthlyNightsView.swift /Users/ngawangchime/Desktop/Developer\ Projects/Phone\ in\ the\ Other\ Room/PhoneInTheOtherRoomApp/Views/MoreView.swift /Users/ngawangchime/Desktop/Developer\ Projects/Phone\ in\ the\ Other\ Room/PhoneInTheOtherRoomApp/Views/Components/MorningCheckInCard.swift /Users/ngawangchime/Desktop/Developer\ Projects/Phone\ in\ the\ Other\ Room/PhoneInTheOtherRoomApp/Views/NightFlock/NightFlockDashboard.swift /Users/ngawangchime/Desktop/Developer\ Projects/Phone\ in\ the\ Other\ Room/PhoneInTheOtherRoomApp/Views/NightFlock/NightFlockHubView.swift /Users/ngawangchime/Desktop/Developer\ Projects/Phone\ in\ the\ Other\ Room/PhoneInTheOtherRoomApp/Views/NightFlock/NightFlockIdeasView.swift /Users/ngawangchime/Desktop/Developer\ Projects/Phone\ in\ the\ Other\ Room/PhoneInTheOtherRoomApp/Views/NightFlock/NightFlockMemberBoardView.swift /Users/ngawangchime/Desktop/Developer\ Projects/Phone\ in\ the\ Other\ Room/PhoneInTheOtherRoomApp/Views/NightFlock/NightFlockOrientationView.swift /Users/ngawangchime/Desktop/Developer\ Projects/Phone\ in\ the\ Other\ Room/PhoneInTheOtherRoomApp/Views/NightFlock/NightFlockPreviews.swift /Users/ngawangchime/Desktop/Developer\ Projects/Phone\ in\ the\ Other\ Room/PhoneInTheOtherRoomApp/Views/NightFlock/NightFlockSharedPastureView.swift /Users/ngawangchime/Desktop/Developer\ Projects/Phone\ in\ the\ Other\ Room/PhoneInTheOtherRoomApp/Views/NightFlock/NightFlockSharingAccountView.swift /Users/ngawangchime/Desktop/Developer\ Projects/Phone\ in\ the\ Other\ Room/PhoneInTheOtherRoomApp/Views/NightFlock/NightFlockTipCallout.swift /Users/ngawangchime/Desktop/Developer\ Projects/Phone\ in\ the\ Other\ Room/PhoneInTheOtherRoomApp/ViewModels/NightFlockViewModel+Commitment.swift /Users/ngawangchime/Desktop/Developer\ Projects/Phone\ in\ the\ Other\ Room/PhoneInTheOtherRoomApp/ViewModels/NightFlockViewModel+Errors.swift (in target 'PhoneInTheOtherRoom' from project 'PhoneInTheOtherRoom')

SwiftCompile normal arm64 /Users/ngawangchime/Desktop/Developer\ Projects/Phone\ in\ the\ Other\ Room/PhoneInTheOtherRoomApp/Views/Components/HomeWindDownSummary.swift (in target 'PhoneInTheOtherRoom' from project 'PhoneInTheOtherRoom')
    cd /Users/ngawangchime/Desktop/Developer\ Projects/Phone\ in\ the\ Other\ Room
    

SwiftCompile normal arm64 /Users/ngawangchime/Desktop/Developer\ Projects/Phone\ in\ the\ Other\ Room/PhoneInTheOtherRoomApp/Views/Components/ImpactSharingConsentSheet.swift (in target 'PhoneInTheOtherRoom' from project 'PhoneInTheOtherRoom')
    cd /Users/ngawangchime/Desktop/Developer\ Projects/Phone\ in\ the\ Other\ Room
    

SwiftCompile normal arm64 /Users/ngawangchime/Desktop/Developer\ Projects/Phone\ in\ the\ Other\ Room/PhoneInTheOtherRoomApp/Views/LockScreenQuietNoteGuideView.swift (in target 'PhoneInTheOtherRoom' from project 'PhoneInTheOtherRoom')
    cd /Users/ngawangchime/Desktop/Developer\ Projects/Phone\ in\ the\ Other\ Room
    

SwiftCompile normal arm64 /Users/ngawangchime/Desktop/Developer\ Projects/Phone\ in\ the\ Other\ Room/PhoneInTheOtherRoomApp/Views/MonthlyNightsView.swift (in target 'PhoneInTheOtherRoom' from project 'PhoneInTheOtherRoom')
    cd /Users/ngawangchime/Desktop/Developer\ Projects/Phone\ in\ the\ Other\ Room
    

SwiftCompile normal arm64 /Users/ngawangchime/Desktop/Developer\ Projects/Phone\ in\ the\ Other\ Room/PhoneInTheOtherRoomApp/Views/MoreView.swift (in target 'PhoneInTheOtherRoom' from project 'PhoneInTheOtherRoom')
    cd /Users/ngawangchime/Desktop/Developer\ Projects/Phone\ in\ the\ Other\ Room
    

SwiftCompile normal arm64 /Users/ngawangchime/Desktop/Developer\ Projects/Phone\ in\ the\ Other\ Room/PhoneInTheOtherRoomApp/Views/Components/MorningCheckInCard.swift (in target 'PhoneInTheOtherRoom' from project 'PhoneInTheOtherRoom')
    cd /Users/ngawangchime/Desktop/Developer\ Projects/Phone\ in\ the\ Other\ Room
    

SwiftCompile normal arm64 /Users/ngawangchime/Desktop/Developer\ Projects/Phone\ in\ the\ Other\ Room/PhoneInTheOtherRoomApp/Views/NightFlock/NightFlockDashboard.swift (in target 'PhoneInTheOtherRoom' from project 'PhoneInTheOtherRoom')
    cd /Users/ngawangchime/Desktop/Developer\ Projects/Phone\ in\ the\ Other\ Room
    

SwiftCompile normal arm64 /Users/ngawangchime/Desktop/Developer\ Projects/Phone\ in\ the\ Other\ Room/PhoneInTheOtherRoomApp/Views/NightFlock/NightFlockHubView.swift (in target 'PhoneInTheOtherRoom' from project 'PhoneInTheOtherRoom')
    cd /Users/ngawangchime/Desktop/Developer\ Projects/Phone\ in\ the\ Other\ Room
    

SwiftCompile normal arm64 /Users/ngawangchime/Desktop/Developer\ Projects/Phone\ in\ the\ Other\ Room/PhoneInTheOtherRoomApp/Views/NightFlock/NightFlockIdeasView.swift (in target 'PhoneInTheOtherRoom' from project 'PhoneInTheOtherRoom')
    cd /Users/ngawangchime/Desktop/Developer\ Projects/Phone\ in\ the\ Other\ Room
    

SwiftCompile normal arm64 /Users/ngawangchime/Desktop/Developer\ Projects/Phone\ in\ the\ Other\ Room/PhoneInTheOtherRoomApp/Views/NightFlock/NightFlockMemberBoardView.swift (in target 'PhoneInTheOtherRoom' from project 'PhoneInTheOtherRoom')
    cd /Users/ngawangchime/Desktop/Developer\ Projects/Phone\ in\ the\ Other\ Room
    

SwiftCompile normal arm64 /Users/ngawangchime/Desktop/Developer\ Projects/Phone\ in\ the\ Other\ Room/PhoneInTheOtherRoomApp/Views/NightFlock/NightFlockOrientationView.swift (in target 'PhoneInTheOtherRoom' from project 'PhoneInTheOtherRoom')
    cd /Users/ngawangchime/Desktop/Developer\ Projects/Phone\ in\ the\ Other\ Room
    

SwiftCompile normal arm64 /Users/ngawangchime/Desktop/Developer\ Projects/Phone\ in\ the\ Other\ Room/PhoneInTheOtherRoomApp/Views/NightFlock/NightFlockPreviews.swift (in target 'PhoneInTheOtherRoom' from project 'PhoneInTheOtherRoom')
    cd /Users/ngawangchime/Desktop/Developer\ Projects/Phone\ in\ the\ Other\ Room
    

SwiftCompile normal arm64 /Users/ngawangchime/Desktop/Developer\ Projects/Phone\ in\ the\ Other\ Room/PhoneInTheOtherRoomApp/Views/NightFlock/NightFlockSharedPastureView.swift (in target 'PhoneInTheOtherRoom' from project 'PhoneInTheOtherRoom')
    cd /Users/ngawangchime/Desktop/Developer\ Projects/Phone\ in\ the\ Other\ Room
    

SwiftCompile normal arm64 /Users/ngawangchime/Desktop/Developer\ Projects/Phone\ in\ the\ Other\ Room/PhoneInTheOtherRoomApp/Views/NightFlock/NightFlockSharingAccountView.swift (in target 'PhoneInTheOtherRoom' from project 'PhoneInTheOtherRoom')
    cd /Users/ngawangchime/Desktop/Developer\ Projects/Phone\ in\ the\ Other\ Room
    

SwiftCompile normal arm64 /Users/ngawangchime/Desktop/Developer\ Projects/Phone\ in\ the\ Other\ Room/PhoneInTheOtherRoomApp/Views/NightFlock/NightFlockTipCallout.swift (in target 'PhoneInTheOtherRoom' from project 'PhoneInTheOtherRoom')
    cd /Users/ngawangchime/Desktop/Developer\ Projects/Phone\ in\ the\ Other\ Room
    

SwiftCompile normal arm64 /Users/ngawangchime/Desktop/Developer\ Projects/Phone\ in\ the\ Other\ Room/PhoneInTheOtherRoomApp/ViewModels/NightFlockViewModel+Commitment.swift (in target 'PhoneInTheOtherRoom' from project 'PhoneInTheOtherRoom')
    cd /Users/ngawangchime/Desktop/Developer\ Projects/Phone\ in\ the\ Other\ Room
    

SwiftCompile normal arm64 /Users/ngawangchime/Desktop/Developer\ Projects/Phone\ in\ the\ Other\ Room/PhoneInTheOtherRoomApp/ViewModels/NightFlockViewModel+Errors.swift (in target 'PhoneInTheOtherRoom' from project 'PhoneInTheOtherRoom')
    cd /Users/ngawangchime/Desktop/Developer\ Projects/Phone\ in\ the\ Other\ Room
    

SwiftDriverJobDiscovery normal arm64 Compiling NightFlockViewModel+SharedHabits.swift, NightFlockViewModel+SharedHabitsAgreement.swift, NightFlockViewModel+SharedHabitsFence.swift, NightFlockViewModel+Social.swift, NightFlockViewModel+UpdateCheers.swift, NightJourneyView.swift, NightWatchReceiptCard.swift, NightsDayDetailView.swift, NightsWeekSection.swift, NotificationMessageEditorView.swift, NotificationMessageLibraryView.swift, NotificationSchedulePreviewView.swift, NotificationSettingsView.swift, OllieCompanionSpriteRenderer.swift, OllieDetailView.swift, OllieDressedSprite.swift, OllieRitualView.swift (in target 'PhoneInTheOtherRoom' from project 'PhoneInTheOtherRoom')

SwiftCompile normal arm64 Compiling\ AccountAccessGate.swift,\ AccountCredentialsView.swift,\ AccountScreenbookView.swift,\ ActiveRunView.swift,\ AppRootView.swift,\ AppShieldExplainerSheet.swift,\ AppearancePreferenceCard.swift,\ BarnView.swift,\ CompletionRewardCard.swift,\ CompletionView.swift,\ ConnectionStatusCard.swift,\ ContextualGuideOverlay.swift,\ CumulativeFarmProgressCard.swift,\ EarlyWakeSheet.swift,\ FarmAccountControlsView.swift,\ FarmBackupView.swift,\ FarmPreviewData.swift /Users/ngawangchime/Desktop/Developer\ Projects/Phone\ in\ the\ Other\ Room/PhoneInTheOtherRoomApp/Views/AccountAccessGate.swift /Users/ngawangchime/Desktop/Developer\ Projects/Phone\ in\ the\ Other\ Room/PhoneInTheOtherRoomApp/Views/AccountCredentialsView.swift /Users/ngawangchime/Desktop/Developer\ Projects/Phone\ in\ the\ Other\ Room/PhoneInTheOtherRoomApp/Screenbook/AccountScreenbookView.swift /Users/ngawangchime/Desktop/Developer\ Projects/Phone\ in\ the\ Other\ Room/PhoneInTheOtherRoomApp/Views/ActiveRunView.swift /Users/ngawangchime/Desktop/Developer\ Projects/Phone\ in\ the\ Other\ Room/PhoneInTheOtherRoomApp/App/AppRootView.swift /Users/ngawangchime/Desktop/Developer\ Projects/Phone\ in\ the\ Other\ Room/PhoneInTheOtherRoomApp/Views/Components/AppShieldExplainerSheet.swift /Users/ngawangchime/Desktop/Developer\ Projects/Phone\ in\ the\ Other\ Room/PhoneInTheOtherRoomApp/Views/Components/AppearancePreferenceCard.swift /Users/ngawangchime/Desktop/Developer\ Projects/Phone\ in\ the\ Other\ Room/PhoneInTheOtherRoomApp/Views/BarnView.swift /Users/ngawangchime/Desktop/Developer\ Projects/Phone\ in\ the\ Other\ Room/PhoneInTheOtherRoomApp/Views/Components/CompletionRewardCard.swift /Users/ngawangchime/Desktop/Developer\ Projects/Phone\ in\ the\ Other\ Room/PhoneInTheOtherRoomApp/Views/CompletionView.swift /Users/ngawangchime/Desktop/Developer\ Projects/Phone\ in\ the\ Other\ Room/PhoneInTheOtherRoomApp/Views/Components/ConnectionStatusCard.swift /Users/ngawangchime/Desktop/Developer\ Projects/Phone\ in\ the\ Other\ Room/PhoneInTheOtherRoomApp/Views/Components/ContextualGuideOverlay.swift /Users/ngawangchime/Desktop/Developer\ Projects/Phone\ in\ the\ Other\ Room/PhoneInTheOtherRoomApp/Views/Components/CumulativeFarmProgressCard.swift /Users/ngawangchime/Desktop/Developer\ Projects/Phone\ in\ the\ Other\ Room/PhoneInTheOtherRoomApp/Views/Components/EarlyWakeSheet.swift /Users/ngawangchime/Desktop/Developer\ Projects/Phone\ in\ the\ Other\ Room/PhoneInTheOtherRoomApp/Views/FarmAccountControlsView.swift /Users/ngawangchime/Desktop/Developer\ Projects/Phone\ in\ the\ Other\ Room/PhoneInTheOtherRoomApp/Views/FarmBackupView.swift /Users/ngawangchime/Desktop/Developer\ Projects/Phone\ in\ the\ Other\ Room/PhoneInTheOtherRoomApp/Views/FarmPreviewData.swift (in target 'PhoneInTheOtherRoom' from project 'PhoneInTheOtherRoom')

SwiftCompile normal arm64 /Users/ngawangchime/Desktop/Developer\ Projects/Phone\ in\ the\ Other\ Room/PhoneInTheOtherRoomApp/Views/AccountAccessGate.swift (in target 'PhoneInTheOtherRoom' from project 'PhoneInTheOtherRoom')
    cd /Users/ngawangchime/Desktop/Developer\ Projects/Phone\ in\ the\ Other\ Room
    

SwiftCompile normal arm64 /Users/ngawangchime/Desktop/Developer\ Projects/Phone\ in\ the\ Other\ Room/PhoneInTheOtherRoomApp/Views/AccountCredentialsView.swift (in target 'PhoneInTheOtherRoom' from project 'PhoneInTheOtherRoom')
    cd /Users/ngawangchime/Desktop/Developer\ Projects/Phone\ in\ the\ Other\ Room
    

SwiftCompile normal arm64 /Users/ngawangchime/Desktop/Developer\ Projects/Phone\ in\ the\ Other\ Room/PhoneInTheOtherRoomApp/Screenbook/AccountScreenbookView.swift (in target 'PhoneInTheOtherRoom' from project 'PhoneInTheOtherRoom')
    cd /Users/ngawangchime/Desktop/Developer\ Projects/Phone\ in\ the\ Other\ Room
    

SwiftCompile normal arm64 /Users/ngawangchime/Desktop/Developer\ Projects/Phone\ in\ the\ Other\ Room/PhoneInTheOtherRoomApp/Views/ActiveRunView.swift (in target 'PhoneInTheOtherRoom' from project 'PhoneInTheOtherRoom')
    cd /Users/ngawangchime/Desktop/Developer\ Projects/Phone\ in\ the\ Other\ Room
    

SwiftCompile normal arm64 /Users/ngawangchime/Desktop/Developer\ Projects/Phone\ in\ the\ Other\ Room/PhoneInTheOtherRoomApp/App/AppRootView.swift (in target 'PhoneInTheOtherRoom' from project 'PhoneInTheOtherRoom')
    cd /Users/ngawangchime/Desktop/Developer\ Projects/Phone\ in\ the\ Other\ Room
    

SwiftCompile normal arm64 /Users/ngawangchime/Desktop/Developer\ Projects/Phone\ in\ the\ Other\ Room/PhoneInTheOtherRoomApp/Views/Components/AppShieldExplainerSheet.swift (in target 'PhoneInTheOtherRoom' from project 'PhoneInTheOtherRoom')
    cd /Users/ngawangchime/Desktop/Developer\ Projects/Phone\ in\ the\ Other\ Room
    

SwiftCompile normal arm64 /Users/ngawangchime/Desktop/Developer\ Projects/Phone\ in\ the\ Other\ Room/PhoneInTheOtherRoomApp/Views/Components/AppearancePreferenceCard.swift (in target 'PhoneInTheOtherRoom' from project 'PhoneInTheOtherRoom')
    cd /Users/ngawangchime/Desktop/Developer\ Projects/Phone\ in\ the\ Other\ Room
    

SwiftCompile normal arm64 /Users/ngawangchime/Desktop/Developer\ Projects/Phone\ in\ the\ Other\ Room/PhoneInTheOtherRoomApp/Views/BarnView.swift (in target 'PhoneInTheOtherRoom' from project 'PhoneInTheOtherRoom')
    cd /Users/ngawangchime/Desktop/Developer\ Projects/Phone\ in\ the\ Other\ Room
    
/Users/ngawangchime/Desktop/Developer Projects/Phone in the Other Room/PhoneInTheOtherRoomApp/Views/BarnView.swift:309:13: warning: initialization of immutable value 'remaining' was never used; consider replacing with assignment to '_' or removing it
        let remaining = FarmEconomyRules.remainingRegrowthNights(for: sheep, protectedNightCount: protectedNights)
        ~~~~^~~~~~~~~
        _
/Users/ngawangchime/Desktop/Developer Projects/Phone in the Other Room/PhoneInTheOtherRoomApp/Views/BarnView.swift:337:29: warning: initialization of immutable value 'remaining' was never used; consider replacing with assignment to '_' or removing it
                        let remaining = FarmEconomyRules.remainingRegrowthNights(
                        ~~~~^~~~~~~~~
                        _

SwiftCompile normal arm64 /Users/ngawangchime/Desktop/Developer\ Projects/Phone\ in\ the\ Other\ Room/PhoneInTheOtherRoomApp/Views/Components/CompletionRewardCard.swift (in target 'PhoneInTheOtherRoom' from project 'PhoneInTheOtherRoom')
    cd /Users/ngawangchime/Desktop/Developer\ Projects/Phone\ in\ the\ Other\ Room
    

SwiftCompile normal arm64 /Users/ngawangchime/Desktop/Developer\ Projects/Phone\ in\ the\ Other\ Room/PhoneInTheOtherRoomApp/Views/CompletionView.swift (in target 'PhoneInTheOtherRoom' from project 'PhoneInTheOtherRoom')
    cd /Users/ngawangchime/Desktop/Developer\ Projects/Phone\ in\ the\ Other\ Room
    

SwiftCompile normal arm64 /Users/ngawangchime/Desktop/Developer\ Projects/Phone\ in\ the\ Other\ Room/PhoneInTheOtherRoomApp/Views/Components/ConnectionStatusCard.swift (in target 'PhoneInTheOtherRoom' from project 'PhoneInTheOtherRoom')
    cd /Users/ngawangchime/Desktop/Developer\ Projects/Phone\ in\ the\ Other\ Room
    

SwiftCompile normal arm64 /Users/ngawangchime/Desktop/Developer\ Projects/Phone\ in\ the\ Other\ Room/PhoneInTheOtherRoomApp/Views/Components/ContextualGuideOverlay.swift (in target 'PhoneInTheOtherRoom' from project 'PhoneInTheOtherRoom')
    cd /Users/ngawangchime/Desktop/Developer\ Projects/Phone\ in\ the\ Other\ Room
    

SwiftCompile normal arm64 /Users/ngawangchime/Desktop/Developer\ Projects/Phone\ in\ the\ Other\ Room/PhoneInTheOtherRoomApp/Views/Components/CumulativeFarmProgressCard.swift (in target 'PhoneInTheOtherRoom' from project 'PhoneInTheOtherRoom')
    cd /Users/ngawangchime/Desktop/Developer\ Projects/Phone\ in\ the\ Other\ Room
    

SwiftCompile normal arm64 /Users/ngawangchime/Desktop/Developer\ Projects/Phone\ in\ the\ Other\ Room/PhoneInTheOtherRoomApp/Views/Components/EarlyWakeSheet.swift (in target 'PhoneInTheOtherRoom' from project 'PhoneInTheOtherRoom')
    cd /Users/ngawangchime/Desktop/Developer\ Projects/Phone\ in\ the\ Other\ Room
    

SwiftCompile normal arm64 /Users/ngawangchime/Desktop/Developer\ Projects/Phone\ in\ the\ Other\ Room/PhoneInTheOtherRoomApp/Views/FarmAccountControlsView.swift (in target 'PhoneInTheOtherRoom' from project 'PhoneInTheOtherRoom')
    cd /Users/ngawangchime/Desktop/Developer\ Projects/Phone\ in\ the\ Other\ Room
    

SwiftCompile normal arm64 /Users/ngawangchime/Desktop/Developer\ Projects/Phone\ in\ the\ Other\ Room/PhoneInTheOtherRoomApp/Views/FarmBackupView.swift (in target 'PhoneInTheOtherRoom' from project 'PhoneInTheOtherRoom')
    cd /Users/ngawangchime/Desktop/Developer\ Projects/Phone\ in\ the\ Other\ Room
    

SwiftCompile normal arm64 /Users/ngawangchime/Desktop/Developer\ Projects/Phone\ in\ the\ Other\ Room/PhoneInTheOtherRoomApp/Views/FarmPreviewData.swift (in target 'PhoneInTheOtherRoom' from project 'PhoneInTheOtherRoom')
    cd /Users/ngawangchime/Desktop/Developer\ Projects/Phone\ in\ the\ Other\ Room
    

SwiftDriverJobDiscovery normal arm64 Compiling FarmSaveNotice.swift, FarmShopItemDetailView.swift, FarmShopOwnedItemAction.swift, FarmShopPresentation.swift, FarmShopPreviews.swift, FarmView.swift, FeedbackFormView.swift, FirstRunGuideCards.swift, FocusRunSetupView.swift, FocusRunViewModel+Farm.swift, FocusRunViewModel+FarmBackup.swift, FocusRunViewModel+SharedHabits.swift, FocusStatsContextSections.swift, FocusStatsRecordSections.swift, FocusStatsView.swift, HomeView.swift, HomeWelcomeHero.swift (in target 'PhoneInTheOtherRoom' from project 'PhoneInTheOtherRoom')

SwiftCompile normal x86_64 Compiling\ NightFlockV4Models.swift /Users/ngawangchime/Desktop/Developer\ Projects/Phone\ in\ the\ Other\ Room/Shared/NightFlockV4Models.swift (in target 'PhoneInTheOtherRoom' from project 'PhoneInTheOtherRoom')

SwiftCompile normal x86_64 /Users/ngawangchime/Desktop/Developer\ Projects/Phone\ in\ the\ Other\ Room/Shared/NightFlockV4Models.swift (in target 'PhoneInTheOtherRoom' from project 'PhoneInTheOtherRoom')
    cd /Users/ngawangchime/Desktop/Developer\ Projects/Phone\ in\ the\ Other\ Room
    

SwiftDriverJobDiscovery normal arm64 Compiling ScreenFreeMorningPresentation.swift, ScreenbookRecoveryProbe.swift, SessionGuard.swift, ShopWardrobeNativeQA.swift, WatchConnectivityManager.swift, WatchMessage.swift (in target 'PhoneInTheOtherRoom' from project 'PhoneInTheOtherRoom')

SwiftCompile normal arm64 Compiling\ SlumberPartySharedFarm.swift /Users/ngawangchime/Desktop/Developer\ Projects/Phone\ in\ the\ Other\ Room/Shared/SlumberPartySharedFarm.swift (in target 'PhoneInTheOtherRoom' from project 'PhoneInTheOtherRoom')

SwiftCompile normal arm64 /Users/ngawangchime/Desktop/Developer\ Projects/Phone\ in\ the\ Other\ Room/Shared/SlumberPartySharedFarm.swift (in target 'PhoneInTheOtherRoom' from project 'PhoneInTheOtherRoom')
    cd /Users/ngawangchime/Desktop/Developer\ Projects/Phone\ in\ the\ Other\ Room
    

SwiftDriverJobDiscovery normal x86_64 Compiling NightFlockV4API.swift (in target 'PhoneInTheOtherRoom' from project 'PhoneInTheOtherRoom')

SwiftCompile normal arm64 Compiling\ SharedPastureOutboxService.swift,\ SlumberPartyPastureView.swift /Users/ngawangchime/Desktop/Developer\ Projects/Phone\ in\ the\ Other\ Room/PhoneInTheOtherRoomApp/Services/SharedPastureOutboxService.swift /Users/ngawangchime/Desktop/Developer\ Projects/Phone\ in\ the\ Other\ Room/PhoneInTheOtherRoomApp/Views/NightFlock/SlumberPartyPastureView.swift (in target 'PhoneInTheOtherRoom' from project 'PhoneInTheOtherRoom')

SwiftCompile normal arm64 /Users/ngawangchime/Desktop/Developer\ Projects/Phone\ in\ the\ Other\ Room/PhoneInTheOtherRoomApp/Services/SharedPastureOutboxService.swift (in target 'PhoneInTheOtherRoom' from project 'PhoneInTheOtherRoom')
    cd /Users/ngawangchime/Desktop/Developer\ Projects/Phone\ in\ the\ Other\ Room
    

SwiftCompile normal arm64 /Users/ngawangchime/Desktop/Developer\ Projects/Phone\ in\ the\ Other\ Room/PhoneInTheOtherRoomApp/Views/NightFlock/SlumberPartyPastureView.swift (in target 'PhoneInTheOtherRoom' from project 'PhoneInTheOtherRoom')
    cd /Users/ngawangchime/Desktop/Developer\ Projects/Phone\ in\ the\ Other\ Room
    

SwiftDriverJobDiscovery normal arm64 Compiling SlumberPartySharedFarm.swift (in target 'PhoneInTheOtherRoom' from project 'PhoneInTheOtherRoom')

SwiftCompile normal x86_64 Compiling\ FocusRunViewModel.swift,\ NightFlockViewModel+Campfire.swift /Users/ngawangchime/Desktop/Developer\ Projects/Phone\ in\ the\ Other\ Room/PhoneInTheOtherRoomApp/ViewModels/FocusRunViewModel.swift /Users/ngawangchime/Desktop/Developer\ Projects/Phone\ in\ the\ Other\ Room/PhoneInTheOtherRoomApp/ViewModels/NightFlockViewModel+Campfire.swift (in target 'PhoneInTheOtherRoom' from project 'PhoneInTheOtherRoom')

SwiftCompile normal x86_64 /Users/ngawangchime/Desktop/Developer\ Projects/Phone\ in\ the\ Other\ Room/PhoneInTheOtherRoomApp/ViewModels/FocusRunViewModel.swift (in target 'PhoneInTheOtherRoom' from project 'PhoneInTheOtherRoom')
    cd /Users/ngawangchime/Desktop/Developer\ Projects/Phone\ in\ the\ Other\ Room
    

SwiftCompile normal x86_64 /Users/ngawangchime/Desktop/Developer\ Projects/Phone\ in\ the\ Other\ Room/PhoneInTheOtherRoomApp/ViewModels/NightFlockViewModel+Campfire.swift (in target 'PhoneInTheOtherRoom' from project 'PhoneInTheOtherRoom')
    cd /Users/ngawangchime/Desktop/Developer\ Projects/Phone\ in\ the\ Other\ Room
    

SwiftDriverJobDiscovery normal x86_64 Compiling NightFlockV4Models.swift (in target 'PhoneInTheOtherRoom' from project 'PhoneInTheOtherRoom')

SwiftDriverJobDiscovery normal x86_64 Compiling FocusRunViewModel.swift, NightFlockViewModel+Campfire.swift (in target 'PhoneInTheOtherRoom' from project 'PhoneInTheOtherRoom')

SwiftCompile normal x86_64 Compiling\ FarmSharedComponents.swift /Users/ngawangchime/Desktop/Developer\ Projects/Phone\ in\ the\ Other\ Room/PhoneInTheOtherRoomApp/Views/Components/FarmSharedComponents.swift (in target 'PhoneInTheOtherRoom' from project 'PhoneInTheOtherRoom')

SwiftCompile normal x86_64 /Users/ngawangchime/Desktop/Developer\ Projects/Phone\ in\ the\ Other\ Room/PhoneInTheOtherRoomApp/Views/Components/FarmSharedComponents.swift (in target 'PhoneInTheOtherRoom' from project 'PhoneInTheOtherRoom')
    cd /Users/ngawangchime/Desktop/Developer\ Projects/Phone\ in\ the\ Other\ Room
    

SwiftDriverJobDiscovery normal arm64 Compiling TrailNotesArchiveView.swift, UpcomingQuietTimesCard.swift, WindDownGuidanceDetailView.swift, WindDownGuidanceLibraryView.swift, WindDownGuidanceSourcesView.swift, WindDownGuidanceTopicView.swift, WindDownGuideCard.swift, WindDownHabitHomeCard.swift, WindDownHabitReflectionCard.swift, WindDownHabitSupportEditor.swift, WindDownPhaseProgressView.swift, WindDownRoutineSequenceCard.swift, WindDownSchedulePreviews.swift, WindDownScheduleView.swift, WindDownTagManagementCard.swift, WindDownTimingView.swift (in target 'PhoneInTheOtherRoom' from project 'PhoneInTheOtherRoom')

SwiftDriverJobDiscovery normal x86_64 Compiling AccountAccessGate.swift, AccountCredentialsView.swift, AccountScreenbookView.swift, ActiveRunPresentation.swift, ActiveRunView.swift, AppRootView.swift, AppShieldExplainerSheet.swift, AppearancePreferenceCard.swift, BarnView.swift, CompletionRewardCard.swift, CompletionView.swift, ConnectionStatusCard.swift, ContextualGuideOverlay.swift, CumulativeFarmCredit.swift, CumulativeFarmProgressCard.swift, EarlyEndView.swift, EarlyWakeSheet.swift, FarmAccountControlsView.swift, FarmBackupView.swift, FarmBackupViewModel.swift, FarmPreviewData.swift, FarmSaveDocument.swift, FarmSaveNotice.swift (in target 'PhoneInTheOtherRoom' from project 'PhoneInTheOtherRoom')

SwiftDriverJobDiscovery normal x86_64 Compiling FarmSharedComponents.swift (in target 'PhoneInTheOtherRoom' from project 'PhoneInTheOtherRoom')

SwiftDriverJobDiscovery normal arm64 Compiling SharedPastureOutboxService.swift, SlumberPartyPastureView.swift (in target 'PhoneInTheOtherRoom' from project 'PhoneInTheOtherRoom')

SwiftDriverJobDiscovery normal arm64 Compiling HomeWindDownSummary.swift, ImpactSharingConsentSheet.swift, LockScreenQuietNoteGuideView.swift, MonthlyNightsView.swift, MoreView.swift, MorningCheckInCard.swift, NightFlockDashboard.swift, NightFlockHubView.swift, NightFlockIdeasView.swift, NightFlockMemberBoardView.swift, NightFlockOrientationView.swift, NightFlockPreviews.swift, NightFlockSharedPastureView.swift, NightFlockSharingAccountView.swift, NightFlockTipCallout.swift, NightFlockViewModel+Commitment.swift, NightFlockViewModel+Errors.swift (in target 'PhoneInTheOtherRoom' from project 'PhoneInTheOtherRoom')

SwiftDriverJobDiscovery normal x86_64 Compiling FarmShopItemDetailView.swift, FarmShopOwnedItemAction.swift, FarmShopPresentation.swift, FarmShopPreviews.swift, FarmShopView.swift, FarmView.swift, FeedbackFormView.swift, FirstRunGuideCards.swift, FocusRunLiveActivity.swift, FocusRunLiveActivityService.swift, FocusRunRules.swift, FocusRunSetupView.swift, FocusRunViewModel+Farm.swift, FocusRunViewModel+FarmBackup.swift, FocusRunViewModel+Personalisation.swift, FocusRunViewModel+SharedHabits.swift, FocusRunViewModel+WindDownHabit.swift, FocusSessionCoordinator+Placement.swift, FocusSessionCoordinator.swift, FocusSessionStartResult.swift, FocusStatsContextSections.swift, FocusStatsRecordSections.swift, FocusStatsView.swift (in target 'PhoneInTheOtherRoom' from project 'PhoneInTheOtherRoom')

SwiftDriverJobDiscovery normal arm64 Compiling AccountAccessGate.swift, AccountCredentialsView.swift, AccountScreenbookView.swift, ActiveRunView.swift, AppRootView.swift, AppShieldExplainerSheet.swift, AppearancePreferenceCard.swift, BarnView.swift, CompletionRewardCard.swift, CompletionView.swift, ConnectionStatusCard.swift, ContextualGuideOverlay.swift, CumulativeFarmProgressCard.swift, EarlyWakeSheet.swift, FarmAccountControlsView.swift, FarmBackupView.swift, FarmPreviewData.swift (in target 'PhoneInTheOtherRoom' from project 'PhoneInTheOtherRoom')

SwiftDriver\ Compilation PhoneInTheOtherRoom normal arm64 com.apple.xcode.tools.swift.compiler (in target 'PhoneInTheOtherRoom' from project 'PhoneInTheOtherRoom')
    cd /Users/ngawangchime/Desktop/Developer\ Projects/Phone\ in\ the\ Other\ Room
    builtin-Swift-Compilation -- /Applications/Xcode.app/Contents/Developer/Toolchains/XcodeDefault.xctoolchain/usr/bin/swiftc -module-name Counting_Sheep -Onone @/tmp/counting-sheep-shop-build/Build/Intermediates.noindex/PhoneInTheOtherRoom.build/Debug-iphonesimulator/PhoneInTheOtherRoom.build/Objects-normal/arm64/Counting\ Sheep.SwiftFileList -DDEBUG -DSCREEN_TIME_REPORTS -enable-bare-slash-regex -enable-experimental-feature DebugDescriptionMacro -sdk /Applications/Xcode.app/Contents/Developer/Platforms/iPhoneSimulator.platform/Developer/SDKs/iPhoneSimulator26.5.sdk -target arm64-apple-ios17.0-simulator -g -module-cache-path /tmp/counting-sheep-shop-build/ModuleCache.noindex -Xfrontend -serialize-debugging-options -enable-testing -index-store-path /tmp/counting-sheep-shop-build/Index.noindex/DataStore -Xcc -D_LIBCPP_HARDENING_MODE\=_LIBCPP_HARDENING_MODE_DEBUG -swift-version 5 -I /tmp/counting-sheep-shop-build/Build/Products/Debug-iphonesimulator -F /tmp/counting-sheep-shop-build/Build/Products/Debug-iphonesimulator/PackageFrameworks -F /tmp/counting-sheep-shop-build/Build/Products/Debug-iphonesimulator/PackageFrameworks -F /tmp/counting-sheep-shop-build/Build/Products/Debug-iphonesimulator/PackageFrameworks -F /tmp/counting-sheep-shop-build/Build/Products/Debug-iphonesimulator/PackageFrameworks -F /tmp/counting-sheep-shop-build/Build/Products/Debug-iphonesimulator/PackageFrameworks -F /tmp/counting-sheep-shop-build/Build/Products/Debug-iphonesimulator/PackageFrameworks -F /tmp/counting-sheep-shop-build/Build/Products/Debug-iphonesimulator/PackageFrameworks -F /tmp/counting-sheep-shop-build/Build/Products/Debug-iphonesimulator/PackageFrameworks -F /tmp/counting-sheep-shop-build/Build/Products/Debug-iphonesimulator/PackageFrameworks -F /tmp/counting-sheep-shop-build/Build/Products/Debug-iphonesimulator/PackageFrameworks -F /tmp/counting-sheep-shop-build/Build/Products/Debug-iphonesimulator/PackageFrameworks -F /tmp/counting-sheep-shop-build/Build/Products/Debug-iphonesimulator/PackageFrameworks -F /tmp/counting-sheep-shop-build/Build/Products/Debug-iphonesimulator/PackageFrameworks -F /tmp/counting-sheep-shop-build/Build/Products/Debug-iphonesimulator/PackageFrameworks -F /tmp/counting-sheep-shop-build/Build/Products/Debug-iphonesimulator -c -j8 -enable-batch-mode -incremental -Xcc -ivfsstatcache -Xcc /tmp/counting-sheep-shop-build/SDKStatCaches.noindex/iphonesimulator26.5-23F81a-6cfe768891a92b912361537c460fe42b.sdkstatcache -output-file-map /tmp/counting-sheep-shop-build/Build/Intermediates.noindex/PhoneInTheOtherRoom.build/Debug-iphonesimulator/PhoneInTheOtherRoom.build/Objects-normal/arm64/PhoneInTheOtherRoom-OutputFileMap.json -use-frontend-parseable-output -save-temps -no-color-diagnostics -explicit-module-build -module-cache-path /tmp/counting-sheep-shop-build/Build/Intermediates.noindex/SwiftExplicitPrecompiledModules -clang-scanner-module-cache-path /tmp/counting-sheep-shop-build/ModuleCache.noindex -sdk-module-cache-path /tmp/counting-sheep-shop-build/ModuleCache.noindex -serialize-diagnostics -emit-dependencies -emit-module -emit-module-path /tmp/counting-sheep-shop-build/Build/Intermediates.noindex/PhoneInTheOtherRoom.build/Debug-iphonesimulator/PhoneInTheOtherRoom.build/Objects-normal/arm64/Counting_Sheep.swiftmodule -validate-clang-modules-once -clang-build-session-file /tmp/counting-sheep-shop-build/ModuleCache.noindex/Session.modulevalidation -Xcc -I/tmp/counting-sheep-shop-build/Build/Intermediates.noindex/PhoneInTheOtherRoom.build/Debug-iphonesimulator/PhoneInTheOtherRoom.build/swift-overrides.hmap -emit-const-values -Xfrontend -const-gather-protocols-file -Xfrontend /tmp/counting-sheep-shop-build/Build/Intermediates.noindex/PhoneInTheOtherRoom.build/Debug-iphonesimulator/PhoneInTheOtherRoom.build/Objects-normal/arm64/PhoneInTheOtherRoom_const_extract_protocols.json -Xcc -iquote -Xcc /tmp/counting-sheep-shop-build/Build/Intermediates.noindex/PhoneInTheOtherRoom.build/Debug-iphonesimulator/PhoneInTheOtherRoom.build/Counting\ Sheep-generated-files.hmap -Xcc -I/tmp/counting-sheep-shop-build/Build/Intermediates.noindex/PhoneInTheOtherRoom.build/Debug-iphonesimulator/PhoneInTheOtherRoom.build/Counting\ Sheep-own-target-headers.hmap -Xcc -I/tmp/counting-sheep-shop-build/Build/Intermediates.noindex/PhoneInTheOtherRoom.build/Debug-iphonesimulator/PhoneInTheOtherRoom.build/Counting\ Sheep-all-non-framework-target-headers.hmap -Xcc -ivfsoverlay -Xcc /tmp/counting-sheep-shop-build/Build/Intermediates.noindex/PhoneInTheOtherRoom.build/Debug-iphonesimulator/PhoneInTheOtherRoom-d9a00fb94435e678319518e524e23875-VFS-iphonesimulator/all-product-headers.yaml -Xcc -iquote -Xcc /tmp/counting-sheep-shop-build/Build/Intermediates.noindex/PhoneInTheOtherRoom.build/Debug-iphonesimulator/PhoneInTheOtherRoom.build/Counting\ Sheep-project-headers.hmap -Xcc -I/tmp/counting-sheep-shop-build/Build/Products/Debug-iphonesimulator/include -Xcc -I/tmp/counting-sheep-shop-build/Build/Intermediates.noindex/PhoneInTheOtherRoom.build/Debug-iphonesimulator/PhoneInTheOtherRoom.build/DerivedSources-normal/arm64 -Xcc -I/tmp/counting-sheep-shop-build/Build/Intermediates.noindex/PhoneInTheOtherRoom.build/Debug-iphonesimulator/PhoneInTheOtherRoom.build/DerivedSources/arm64 -Xcc -I/tmp/counting-sheep-shop-build/Build/Intermediates.noindex/PhoneInTheOtherRoom.build/Debug-iphonesimulator/PhoneInTheOtherRoom.build/DerivedSources -Xcc -DDEBUG\=1 -emit-objc-header -emit-objc-header-path /tmp/counting-sheep-shop-build/Build/Intermediates.noindex/PhoneInTheOtherRoom.build/Debug-iphonesimulator/PhoneInTheOtherRoom.build/Objects-normal/arm64/Counting_Sheep-Swift.h -working-directory /Users/ngawangchime/Desktop/Developer\ Projects/Phone\ in\ the\ Other\ Room -experimental-emit-module-separately -disable-cmo

Ld /tmp/counting-sheep-shop-build/Build/Intermediates.noindex/PhoneInTheOtherRoom.build/Debug-iphonesimulator/PhoneInTheOtherRoom.build/Objects-normal/arm64/Binary/Counting\ Sheep.debug.dylib normal arm64 (in target 'PhoneInTheOtherRoom' from project 'PhoneInTheOtherRoom')
    cd /Users/ngawangchime/Desktop/Developer\ Projects/Phone\ in\ the\ Other\ Room
    /Applications/Xcode.app/Contents/Developer/Toolchains/XcodeDefault.xctoolchain/usr/bin/clang -Xlinker -reproducible -target arm64-apple-ios17.0-simulator -dynamiclib -isysroot /Applications/Xcode.app/Contents/Developer/Platforms/iPhoneSimulator.platform/Developer/SDKs/iPhoneSimulator26.5.sdk -O0 -L/tmp/counting-sheep-shop-build/Build/Intermediates.noindex/EagerLinkingTBDs/Debug-iphonesimulator -L/tmp/counting-sheep-shop-build/Build/Products/Debug-iphonesimulator -F/tmp/counting-sheep-shop-build/Build/Intermediates.noindex/EagerLinkingTBDs/Debug-iphonesimulator -F/tmp/counting-sheep-shop-build/Build/Products/Debug-iphonesimulator/PackageFrameworks -F/tmp/counting-sheep-shop-build/Build/Products/Debug-iphonesimulator/PackageFrameworks -F/tmp/counting-sheep-shop-build/Build/Products/Debug-iphonesimulator/PackageFrameworks -F/tmp/counting-sheep-shop-build/Build/Products/Debug-iphonesimulator/PackageFrameworks -F/tmp/counting-sheep-shop-build/Build/Products/Debug-iphonesimulator/PackageFrameworks -F/tmp/counting-sheep-shop-build/Build/Products/Debug-iphonesimulator/PackageFrameworks -F/tmp/counting-sheep-shop-build/Build/Products/Debug-iphonesimulator/PackageFrameworks -F/tmp/counting-sheep-shop-build/Build/Products/Debug-iphonesimulator/PackageFrameworks -F/tmp/counting-sheep-shop-build/Build/Products/Debug-iphonesimulator/PackageFrameworks -F/tmp/counting-sheep-shop-build/Build/Products/Debug-iphonesimulator/PackageFrameworks -F/tmp/counting-sheep-shop-build/Build/Products/Debug-iphonesimulator/PackageFrameworks -F/tmp/counting-sheep-shop-build/Build/Products/Debug-iphonesimulator/PackageFrameworks -F/tmp/counting-sheep-shop-build/Build/Products/Debug-iphonesimulator/PackageFrameworks -F/tmp/counting-sheep-shop-build/Build/Products/Debug-iphonesimulator/PackageFrameworks -F/tmp/counting-sheep-shop-build/Build/Products/Debug-iphonesimulator -filelist /tmp/counting-sheep-shop-build/Build/Intermediates.noindex/PhoneInTheOtherRoom.build/Debug-iphonesimulator/PhoneInTheOtherRoom.build/Objects-normal/arm64/Counting\ Sheep.LinkFileList -install_name @rpath/Counting\ Sheep.debug.dylib -Xlinker -rpath -Xlinker /usr/lib/swift -Xlinker -rpath -Xlinker /tmp/counting-sheep-shop-build/Build/Products/Debug-iphonesimulator/PackageFrameworks -Xlinker -rpath -Xlinker @executable_path/Frameworks -Xlinker -dead_strip -Xlinker -object_path_lto -Xlinker /tmp/counting-sheep-shop-build/Build/Intermediates.noindex/PhoneInTheOtherRoom.build/Debug-iphonesimulator/PhoneInTheOtherRoom.build/Objects-normal/arm64/Counting\ Sheep_lto.o -rdynamic -Xlinker -no_deduplicate -Xlinker -objc_abi_version -Xlinker 2 -Xlinker -dependency_info -Xlinker /tmp/counting-sheep-shop-build/Build/Intermediates.noindex/PhoneInTheOtherRoom.build/Debug-iphonesimulator/PhoneInTheOtherRoom.build/Objects-normal/arm64/Counting\ Sheep_dependency_info.dat -fobjc-link-runtime -L/Applications/Xcode.app/Contents/Developer/Toolchains/XcodeDefault.xctoolchain/usr/lib/swift/iphonesimulator -L/usr/lib/swift -Xlinker -add_ast_path -Xlinker /tmp/counting-sheep-shop-build/Build/Intermediates.noindex/PhoneInTheOtherRoom.build/Debug-iphonesimulator/PhoneInTheOtherRoom.build/Objects-normal/arm64/Counting_Sheep.swiftmodule @/tmp/counting-sheep-shop-build/Build/Intermediates.noindex/PhoneInTheOtherRoom.build/Debug-iphonesimulator/PhoneInTheOtherRoom.build/Objects-normal/arm64/Counting_Sheep-linker-args.resp -Wl,-no_warn_duplicate_libraries -Wl,-no_warn_duplicate_libraries -Wl,-no_warn_duplicate_libraries -Wl,-no_warn_duplicate_libraries -Wl,-no_warn_duplicate_libraries -Wl,-no_warn_duplicate_libraries -Wl,-no_warn_duplicate_libraries -Wl,-no_warn_duplicate_libraries -Wl,-no_warn_duplicate_libraries -Wl,-no_warn_duplicate_libraries -Wl,-no_warn_duplicate_libraries -Wl,-no_warn_duplicate_libraries -Wl,-no_warn_duplicate_libraries -Wl,-no_warn_duplicate_libraries -Xlinker -alias -Xlinker _main -Xlinker ___debug_main_executable_dylib_entry_point -Xlinker -no_adhoc_codesign -o /tmp/counting-sheep-shop-build/Build/Intermediates.noindex/PhoneInTheOtherRoom.build/Debug-iphonesimulator/PhoneInTheOtherRoom.build/Objects-normal/arm64/Binary/Counting\ Sheep.debug.dylib -Xlinker -add_ast_path -Xlinker /tmp/counting-sheep-shop-build/Build/Intermediates.noindex/Supabase.build/Debug-iphonesimulator/Supabase.build/Objects-normal/arm64/Supabase.swiftmodule @/tmp/counting-sheep-shop-build/Build/Intermediates.noindex/Supabase.build/Debug-iphonesimulator/Supabase.build/Objects-normal/arm64/Supabase-linker-args.resp -Xlinker -add_ast_path -Xlinker /tmp/counting-sheep-shop-build/Build/Intermediates.noindex/swift-concurrency-extras.build/Debug-iphonesimulator/ConcurrencyExtras.build/Objects-normal/arm64/ConcurrencyExtras.swiftmodule @/tmp/counting-sheep-shop-build/Build/Intermediates.noindex/swift-concurrency-extras.build/Debug-iphonesimulator/ConcurrencyExtras.build/Objects-normal/arm64/ConcurrencyExtras-linker-args.resp -Xlinker -add_ast_path -Xlinker /tmp/counting-sheep-shop-build/Build/Intermediates.noindex/swift-http-types.build/Debug-iphonesimulator/HTTPTypes.build/Objects-normal/arm64/HTTPTypes.swiftmodule @/tmp/counting-sheep-shop-build/Build/Intermediates.noindex/swift-http-types.build/Debug-iphonesimulator/HTTPTypes.build/Objects-normal/arm64/HTTPTypes-linker-args.resp -Xlinker -add_ast_path -Xlinker /tmp/counting-sheep-shop-build/Build/Intermediates.noindex/swift-clocks.build/Debug-iphonesimulator/Clocks.build/Objects-normal/arm64/Clocks.swiftmodule @/tmp/counting-sheep-shop-build/Build/Intermediates.noindex/swift-clocks.build/Debug-iphonesimulator/Clocks.build/Objects-normal/arm64/Clocks-linker-args.resp -Xlinker -add_ast_path -Xlinker /tmp/counting-sheep-shop-build/Build/Intermediates.noindex/xctest-dynamic-overlay.build/Debug-iphonesimulator/IssueReporting.build/Objects-normal/arm64/IssueReporting.swiftmodule @/tmp/counting-sheep-shop-build/Build/Intermediates.noindex/xctest-dynamic-overlay.build/Debug-iphonesimulator/IssueReporting.build/Objects-normal/arm64/IssueReporting-linker-args.resp -Xlinker -add_ast_path -Xlinker /tmp/counting-sheep-shop-build/Build/Intermediates.noindex/xctest-dynamic-overlay.build/Debug-iphonesimulator/XCTestDynamicOverlay.build/Objects-normal/arm64/XCTestDynamicOverlay.swiftmodule @/tmp/counting-sheep-shop-build/Build/Intermediates.noindex/xctest-dynamic-overlay.build/Debug-iphonesimulator/XCTestDynamicOverlay.build/Objects-normal/arm64/XCTestDynamicOverlay-linker-args.resp -Xlinker -add_ast_path -Xlinker /tmp/counting-sheep-shop-build/Build/Intermediates.noindex/Supabase.build/Debug-iphonesimulator/Helpers.build/Objects-normal/arm64/Helpers.swiftmodule @/tmp/counting-sheep-shop-build/Build/Intermediates.noindex/Supabase.build/Debug-iphonesimulator/Helpers.build/Objects-normal/arm64/Helpers-linker-args.resp -Xlinker -add_ast_path -Xlinker /tmp/counting-sheep-shop-build/Build/Intermediates.noindex/swift-crypto.build/Debug-iphonesimulator/Crypto.build/Objects-normal/arm64/Crypto.swiftmodule @/tmp/counting-sheep-shop-build/Build/Intermediates.noindex/swift-crypto.build/Debug-iphonesimulator/Crypto.build/Objects-normal/arm64/Crypto-linker-args.resp -Xlinker -add_ast_path -Xlinker /tmp/counting-sheep-shop-build/Build/Intermediates.noindex/Supabase.build/Debug-iphonesimulator/Auth.build/Objects-normal/arm64/Auth.swiftmodule @/tmp/counting-sheep-shop-build/Build/Intermediates.noindex/Supabase.build/Debug-iphonesimulator/Auth.build/Objects-normal/arm64/Auth-linker-args.resp -Xlinker -add_ast_path -Xlinker /tmp/counting-sheep-shop-build/Build/Intermediates.noindex/Supabase.build/Debug-iphonesimulator/Functions.build/Objects-normal/arm64/Functions.swiftmodule @/tmp/counting-sheep-shop-build/Build/Intermediates.noindex/Supabase.build/Debug-iphonesimulator/Functions.build/Objects-normal/arm64/Functions-linker-args.resp -Xlinker -add_ast_path -Xlinker /tmp/counting-sheep-shop-build/Build/Intermediates.noindex/Supabase.build/Debug-iphonesimulator/PostgREST.build/Objects-normal/arm64/PostgREST.swiftmodule @/tmp/counting-sheep-shop-build/Build/Intermediates.noindex/Supabase.build/Debug-iphonesimulator/PostgREST.build/Objects-normal/arm64/PostgREST-linker-args.resp -Xlinker -add_ast_path -Xlinker /tmp/counting-sheep-shop-build/Build/Intermediates.noindex/Supabase.build/Debug-iphonesimulator/RealtimeV2.build/Objects-normal/arm64/RealtimeV2.swiftmodule @/tmp/counting-sheep-shop-build/Build/Intermediates.noindex/Supabase.build/Debug-iphonesimulator/RealtimeV2.build/Objects-normal/arm64/RealtimeV2-linker-args.resp -Xlinker -add_ast_path -Xlinker /tmp/counting-sheep-shop-build/Build/Intermediates.noindex/Supabase.build/Debug-iphonesimulator/Realtime.build/Objects-normal/arm64/Realtime.swiftmodule @/tmp/counting-sheep-shop-build/Build/Intermediates.noindex/Supabase.build/Debug-iphonesimulator/Realtime.build/Objects-normal/arm64/Realtime-linker-args.resp -Xlinker -add_ast_path -Xlinker /tmp/counting-sheep-shop-build/Build/Intermediates.noindex/Supabase.build/Debug-iphonesimulator/Storage.build/Objects-normal/arm64/Storage.swiftmodule @/tmp/counting-sheep-shop-build/Build/Intermediates.noindex/Supabase.build/Debug-iphonesimulator/Storage.build/Objects-normal/arm64/Storage-linker-args.resp

ConstructStubExecutorLinkFileList /tmp/counting-sheep-shop-build/Build/Intermediates.noindex/PhoneInTheOtherRoom.build/Debug-iphonesimulator/PhoneInTheOtherRoom.build/Counting\ Sheep-ExecutorLinkFileList-normal-arm64.txt (in target 'PhoneInTheOtherRoom' from project 'PhoneInTheOtherRoom')
    cd /Users/ngawangchime/Desktop/Developer\ Projects/Phone\ in\ the\ Other\ Room
    construct-stub-executor-link-file-list /tmp/counting-sheep-shop-build/Build/Intermediates.noindex/PhoneInTheOtherRoom.build/Debug-iphonesimulator/PhoneInTheOtherRoom.build/Objects-normal/arm64/Binary/Counting\ Sheep.debug.dylib /Applications/Xcode.app/Contents/Developer/Platforms/iPhoneSimulator.platform/Developer/usr/lib/libPreviewsJITStubExecutor_no_swift_entry_point.a /Applications/Xcode.app/Contents/Developer/Platforms/iPhoneSimulator.platform/Developer/usr/lib/libPreviewsJITStubExecutor.a --output /tmp/counting-sheep-shop-build/Build/Intermediates.noindex/PhoneInTheOtherRoom.build/Debug-iphonesimulator/PhoneInTheOtherRoom.build/Counting\ Sheep-ExecutorLinkFileList-normal-arm64.txt
note: Using stub executor library with Swift entry point. (in target 'PhoneInTheOtherRoom' from project 'PhoneInTheOtherRoom')

Ld /tmp/counting-sheep-shop-build/Build/Intermediates.noindex/PhoneInTheOtherRoom.build/Debug-iphonesimulator/PhoneInTheOtherRoom.build/Objects-normal/arm64/Binary/Counting\ Sheep normal arm64 (in target 'PhoneInTheOtherRoom' from project 'PhoneInTheOtherRoom')
    cd /Users/ngawangchime/Desktop/Developer\ Projects/Phone\ in\ the\ Other\ Room
    /Applications/Xcode.app/Contents/Developer/Toolchains/XcodeDefault.xctoolchain/usr/bin/clang -Xlinker -reproducible -target arm64-apple-ios17.0-simulator -isysroot /Applications/Xcode.app/Contents/Developer/Platforms/iPhoneSimulator.platform/Developer/SDKs/iPhoneSimulator26.5.sdk -O0 -L/tmp/counting-sheep-shop-build/Build/Products/Debug-iphonesimulator -F/tmp/counting-sheep-shop-build/Build/Products/Debug-iphonesimulator/PackageFrameworks -F/tmp/counting-sheep-shop-build/Build/Products/Debug-iphonesimulator/PackageFrameworks -F/tmp/counting-sheep-shop-build/Build/Products/Debug-iphonesimulator/PackageFrameworks -F/tmp/counting-sheep-shop-build/Build/Products/Debug-iphonesimulator/PackageFrameworks -F/tmp/counting-sheep-shop-build/Build/Products/Debug-iphonesimulator/PackageFrameworks -F/tmp/counting-sheep-shop-build/Build/Products/Debug-iphonesimulator/PackageFrameworks -F/tmp/counting-sheep-shop-build/Build/Products/Debug-iphonesimulator/PackageFrameworks -F/tmp/counting-sheep-shop-build/Build/Products/Debug-iphonesimulator/PackageFrameworks -F/tmp/counting-sheep-shop-build/Build/Products/Debug-iphonesimulator/PackageFrameworks -F/tmp/counting-sheep-shop-build/Build/Products/Debug-iphonesimulator/PackageFrameworks -F/tmp/counting-sheep-shop-build/Build/Products/Debug-iphonesimulator/PackageFrameworks -F/tmp/counting-sheep-shop-build/Build/Products/Debug-iphonesimulator/PackageFrameworks -F/tmp/counting-sheep-shop-build/Build/Products/Debug-iphonesimulator/PackageFrameworks -F/tmp/counting-sheep-shop-build/Build/Products/Debug-iphonesimulator/PackageFrameworks -F/tmp/counting-sheep-shop-build/Build/Products/Debug-iphonesimulator -Xlinker -rpath -Xlinker @executable_path -Xlinker -rpath -Xlinker /tmp/counting-sheep-shop-build/Build/Products/Debug-iphonesimulator/PackageFrameworks -Xlinker -rpath -Xlinker @executable_path/Frameworks -rdynamic -Xlinker -no_deduplicate -Xlinker -objc_abi_version -Xlinker 2 -e ___debug_blank_executor_main -Xlinker -sectcreate -Xlinker __TEXT -Xlinker __debug_dylib -Xlinker /tmp/counting-sheep-shop-build/Build/Intermediates.noindex/PhoneInTheOtherRoom.build/Debug-iphonesimulator/PhoneInTheOtherRoom.build/Counting\ Sheep-DebugDylibPath-normal-arm64.txt -Xlinker -sectcreate -Xlinker __TEXT -Xlinker __debug_instlnm -Xlinker /tmp/counting-sheep-shop-build/Build/Intermediates.noindex/PhoneInTheOtherRoom.build/Debug-iphonesimulator/PhoneInTheOtherRoom.build/Counting\ Sheep-DebugDylibInstallName-normal-arm64.txt -Xlinker -filelist -Xlinker /tmp/counting-sheep-shop-build/Build/Intermediates.noindex/PhoneInTheOtherRoom.build/Debug-iphonesimulator/PhoneInTheOtherRoom.build/Counting\ Sheep-ExecutorLinkFileList-normal-arm64.txt -Xlinker -sectcreate -Xlinker __TEXT -Xlinker __entitlements -Xlinker /tmp/counting-sheep-shop-build/Build/Intermediates.noindex/PhoneInTheOtherRoom.build/Debug-iphonesimulator/PhoneInTheOtherRoom.build/Counting\ Sheep.app-Simulated.xcent -Xlinker -sectcreate -Xlinker __TEXT -Xlinker __ents_der -Xlinker /tmp/counting-sheep-shop-build/Build/Intermediates.noindex/PhoneInTheOtherRoom.build/Debug-iphonesimulator/PhoneInTheOtherRoom.build/Counting\ Sheep.app-Simulated.xcent.der /tmp/counting-sheep-shop-build/Build/Intermediates.noindex/PhoneInTheOtherRoom.build/Debug-iphonesimulator/PhoneInTheOtherRoom.build/Objects-normal/arm64/Binary/Counting\ Sheep.debug.dylib -Xlinker -no_adhoc_codesign -o /tmp/counting-sheep-shop-build/Build/Intermediates.noindex/PhoneInTheOtherRoom.build/Debug-iphonesimulator/PhoneInTheOtherRoom.build/Objects-normal/arm64/Binary/Counting\ Sheep

SwiftDriverJobDiscovery normal x86_64 Compiling SheepSearchExplainerView.swift, ShepherdArtStudyView.swift, ShepherdCustomizationView.swift, ShepherdNameCard.swift, ShopWardrobeNativeQA.swift, SlumberPartyFriendCardView.swift, SlumberPartyGroupStreamView.swift, SlumberPartyHomeSection.swift, SlumberPartyReceivedCheersSection.swift, SlumberPartySharedFarmView.swift, SlumberPartySharedHabitsConsentDisclosure.swift, SlumberPartySharedHabitsSummaryViews.swift, SlumberPartySharedHabitsViews.swift, SlumberPartySharedMeadowView.swift, SlumberPartySocialAvatar.swift, SlumberPartyUpdateCheerReceiptsView.swift, SlumberPartyV4GroupDetailsView.swift, SlumberPartyV4ListView.swift, SlumberPartyV4MembershipActivitiesSection.swift, SlumberPartyV4Previews.swift, TrailBoardView.swift, TrailNotesArchiveView.swift (in target 'PhoneInTheOtherRoom' from project 'PhoneInTheOtherRoom')

SwiftDriver\ Compilation PhoneInTheOtherRoom normal x86_64 com.apple.xcode.tools.swift.compiler (in target 'PhoneInTheOtherRoom' from project 'PhoneInTheOtherRoom')
    cd /Users/ngawangchime/Desktop/Developer\ Projects/Phone\ in\ the\ Other\ Room
    builtin-Swift-Compilation -- /Applications/Xcode.app/Contents/Developer/Toolchains/XcodeDefault.xctoolchain/usr/bin/swiftc -module-name Counting_Sheep -Onone @/tmp/counting-sheep-shop-build/Build/Intermediates.noindex/PhoneInTheOtherRoom.build/Debug-iphonesimulator/PhoneInTheOtherRoom.build/Objects-normal/x86_64/Counting\ Sheep.SwiftFileList -DDEBUG -DSCREEN_TIME_REPORTS -enable-bare-slash-regex -enable-experimental-feature DebugDescriptionMacro -sdk /Applications/Xcode.app/Contents/Developer/Platforms/iPhoneSimulator.platform/Developer/SDKs/iPhoneSimulator26.5.sdk -target x86_64-apple-ios17.0-simulator -g -module-cache-path /tmp/counting-sheep-shop-build/ModuleCache.noindex -Xfrontend -serialize-debugging-options -enable-testing -index-store-path /tmp/counting-sheep-shop-build/Index.noindex/DataStore -Xcc -D_LIBCPP_HARDENING_MODE\=_LIBCPP_HARDENING_MODE_DEBUG -swift-version 5 -I /tmp/counting-sheep-shop-build/Build/Products/Debug-iphonesimulator -F /tmp/counting-sheep-shop-build/Build/Products/Debug-iphonesimulator/PackageFrameworks -F /tmp/counting-sheep-shop-build/Build/Products/Debug-iphonesimulator/PackageFrameworks -F /tmp/counting-sheep-shop-build/Build/Products/Debug-iphonesimulator/PackageFrameworks -F /tmp/counting-sheep-shop-build/Build/Products/Debug-iphonesimulator/PackageFrameworks -F /tmp/counting-sheep-shop-build/Build/Products/Debug-iphonesimulator/PackageFrameworks -F /tmp/counting-sheep-shop-build/Build/Products/Debug-iphonesimulator/PackageFrameworks -F /tmp/counting-sheep-shop-build/Build/Products/Debug-iphonesimulator/PackageFrameworks -F /tmp/counting-sheep-shop-build/Build/Products/Debug-iphonesimulator/PackageFrameworks -F /tmp/counting-sheep-shop-build/Build/Products/Debug-iphonesimulator/PackageFrameworks -F /tmp/counting-sheep-shop-build/Build/Products/Debug-iphonesimulator/PackageFrameworks -F /tmp/counting-sheep-shop-build/Build/Products/Debug-iphonesimulator/PackageFrameworks -F /tmp/counting-sheep-shop-build/Build/Products/Debug-iphonesimulator/PackageFrameworks -F /tmp/counting-sheep-shop-build/Build/Products/Debug-iphonesimulator/PackageFrameworks -F /tmp/counting-sheep-shop-build/Build/Products/Debug-iphonesimulator/PackageFrameworks -F /tmp/counting-sheep-shop-build/Build/Products/Debug-iphonesimulator -c -j8 -enable-batch-mode -incremental -Xcc -ivfsstatcache -Xcc /tmp/counting-sheep-shop-build/SDKStatCaches.noindex/iphonesimulator26.5-23F81a-6cfe768891a92b912361537c460fe42b.sdkstatcache -output-file-map /tmp/counting-sheep-shop-build/Build/Intermediates.noindex/PhoneInTheOtherRoom.build/Debug-iphonesimulator/PhoneInTheOtherRoom.build/Objects-normal/x86_64/PhoneInTheOtherRoom-OutputFileMap.json -use-frontend-parseable-output -save-temps -no-color-diagnostics -explicit-module-build -module-cache-path /tmp/counting-sheep-shop-build/Build/Intermediates.noindex/SwiftExplicitPrecompiledModules -clang-scanner-module-cache-path /tmp/counting-sheep-shop-build/ModuleCache.noindex -sdk-module-cache-path /tmp/counting-sheep-shop-build/ModuleCache.noindex -serialize-diagnostics -emit-dependencies -emit-module -emit-module-path /tmp/counting-sheep-shop-build/Build/Intermediates.noindex/PhoneInTheOtherRoom.build/Debug-iphonesimulator/PhoneInTheOtherRoom.build/Objects-normal/x86_64/Counting_Sheep.swiftmodule -validate-clang-modules-once -clang-build-session-file /tmp/counting-sheep-shop-build/ModuleCache.noindex/Session.modulevalidation -Xcc -I/tmp/counting-sheep-shop-build/Build/Intermediates.noindex/PhoneInTheOtherRoom.build/Debug-iphonesimulator/PhoneInTheOtherRoom.build/swift-overrides.hmap -emit-const-values -Xfrontend -const-gather-protocols-file -Xfrontend /tmp/counting-sheep-shop-build/Build/Intermediates.noindex/PhoneInTheOtherRoom.build/Debug-iphonesimulator/PhoneInTheOtherRoom.build/Objects-normal/x86_64/PhoneInTheOtherRoom_const_extract_protocols.json -Xcc -iquote -Xcc /tmp/counting-sheep-shop-build/Build/Intermediates.noindex/PhoneInTheOtherRoom.build/Debug-iphonesimulator/PhoneInTheOtherRoom.build/Counting\ Sheep-generated-files.hmap -Xcc -I/tmp/counting-sheep-shop-build/Build/Intermediates.noindex/PhoneInTheOtherRoom.build/Debug-iphonesimulator/PhoneInTheOtherRoom.build/Counting\ Sheep-own-target-headers.hmap -Xcc -I/tmp/counting-sheep-shop-build/Build/Intermediates.noindex/PhoneInTheOtherRoom.build/Debug-iphonesimulator/PhoneInTheOtherRoom.build/Counting\ Sheep-all-non-framework-target-headers.hmap -Xcc -ivfsoverlay -Xcc /tmp/counting-sheep-shop-build/Build/Intermediates.noindex/PhoneInTheOtherRoom.build/Debug-iphonesimulator/PhoneInTheOtherRoom-d9a00fb94435e678319518e524e23875-VFS-iphonesimulator/all-product-headers.yaml -Xcc -iquote -Xcc /tmp/counting-sheep-shop-build/Build/Intermediates.noindex/PhoneInTheOtherRoom.build/Debug-iphonesimulator/PhoneInTheOtherRoom.build/Counting\ Sheep-project-headers.hmap -Xcc -I/tmp/counting-sheep-shop-build/Build/Products/Debug-iphonesimulator/include -Xcc -I/tmp/counting-sheep-shop-build/Build/Intermediates.noindex/PhoneInTheOtherRoom.build/Debug-iphonesimulator/PhoneInTheOtherRoom.build/DerivedSources-normal/x86_64 -Xcc -I/tmp/counting-sheep-shop-build/Build/Intermediates.noindex/PhoneInTheOtherRoom.build/Debug-iphonesimulator/PhoneInTheOtherRoom.build/DerivedSources/x86_64 -Xcc -I/tmp/counting-sheep-shop-build/Build/Intermediates.noindex/PhoneInTheOtherRoom.build/Debug-iphonesimulator/PhoneInTheOtherRoom.build/DerivedSources -Xcc -DDEBUG\=1 -emit-objc-header -emit-objc-header-path /tmp/counting-sheep-shop-build/Build/Intermediates.noindex/PhoneInTheOtherRoom.build/Debug-iphonesimulator/PhoneInTheOtherRoom.build/Objects-normal/x86_64/Counting_Sheep-Swift.h -working-directory /Users/ngawangchime/Desktop/Developer\ Projects/Phone\ in\ the\ Other\ Room -experimental-emit-module-separately -disable-cmo

Ld /tmp/counting-sheep-shop-build/Build/Intermediates.noindex/PhoneInTheOtherRoom.build/Debug-iphonesimulator/PhoneInTheOtherRoom.build/Objects-normal/x86_64/Binary/Counting\ Sheep.debug.dylib normal x86_64 (in target 'PhoneInTheOtherRoom' from project 'PhoneInTheOtherRoom')
    cd /Users/ngawangchime/Desktop/Developer\ Projects/Phone\ in\ the\ Other\ Room
    /Applications/Xcode.app/Contents/Developer/Toolchains/XcodeDefault.xctoolchain/usr/bin/clang -Xlinker -reproducible -target x86_64-apple-ios17.0-simulator -dynamiclib -isysroot /Applications/Xcode.app/Contents/Developer/Platforms/iPhoneSimulator.platform/Developer/SDKs/iPhoneSimulator26.5.sdk -O0 -L/tmp/counting-sheep-shop-build/Build/Intermediates.noindex/EagerLinkingTBDs/Debug-iphonesimulator -L/tmp/counting-sheep-shop-build/Build/Products/Debug-iphonesimulator -F/tmp/counting-sheep-shop-build/Build/Intermediates.noindex/EagerLinkingTBDs/Debug-iphonesimulator -F/tmp/counting-sheep-shop-build/Build/Products/Debug-iphonesimulator/PackageFrameworks -F/tmp/counting-sheep-shop-build/Build/Products/Debug-iphonesimulator/PackageFrameworks -F/tmp/counting-sheep-shop-build/Build/Products/Debug-iphonesimulator/PackageFrameworks -F/tmp/counting-sheep-shop-build/Build/Products/Debug-iphonesimulator/PackageFrameworks -F/tmp/counting-sheep-shop-build/Build/Products/Debug-iphonesimulator/PackageFrameworks -F/tmp/counting-sheep-shop-build/Build/Products/Debug-iphonesimulator/PackageFrameworks -F/tmp/counting-sheep-shop-build/Build/Products/Debug-iphonesimulator/PackageFrameworks -F/tmp/counting-sheep-shop-build/Build/Products/Debug-iphonesimulator/PackageFrameworks -F/tmp/counting-sheep-shop-build/Build/Products/Debug-iphonesimulator/PackageFrameworks -F/tmp/counting-sheep-shop-build/Build/Products/Debug-iphonesimulator/PackageFrameworks -F/tmp/counting-sheep-shop-build/Build/Products/Debug-iphonesimulator/PackageFrameworks -F/tmp/counting-sheep-shop-build/Build/Products/Debug-iphonesimulator/PackageFrameworks -F/tmp/counting-sheep-shop-build/Build/Products/Debug-iphonesimulator/PackageFrameworks -F/tmp/counting-sheep-shop-build/Build/Products/Debug-iphonesimulator/PackageFrameworks -F/tmp/counting-sheep-shop-build/Build/Products/Debug-iphonesimulator -filelist /tmp/counting-sheep-shop-build/Build/Intermediates.noindex/PhoneInTheOtherRoom.build/Debug-iphonesimulator/PhoneInTheOtherRoom.build/Objects-normal/x86_64/Counting\ Sheep.LinkFileList -install_name @rpath/Counting\ Sheep.debug.dylib -Xlinker -rpath -Xlinker /usr/lib/swift -Xlinker -rpath -Xlinker /tmp/counting-sheep-shop-build/Build/Products/Debug-iphonesimulator/PackageFrameworks -Xlinker -rpath -Xlinker @executable_path/Frameworks -Xlinker -dead_strip -Xlinker -object_path_lto -Xlinker /tmp/counting-sheep-shop-build/Build/Intermediates.noindex/PhoneInTheOtherRoom.build/Debug-iphonesimulator/PhoneInTheOtherRoom.build/Objects-normal/x86_64/Counting\ Sheep_lto.o -rdynamic -Xlinker -no_deduplicate -Xlinker -objc_abi_version -Xlinker 2 -Xlinker -dependency_info -Xlinker /tmp/counting-sheep-shop-build/Build/Intermediates.noindex/PhoneInTheOtherRoom.build/Debug-iphonesimulator/PhoneInTheOtherRoom.build/Objects-normal/x86_64/Counting\ Sheep_dependency_info.dat -fobjc-link-runtime -L/Applications/Xcode.app/Contents/Developer/Toolchains/XcodeDefault.xctoolchain/usr/lib/swift/iphonesimulator -L/usr/lib/swift -Xlinker -add_ast_path -Xlinker /tmp/counting-sheep-shop-build/Build/Intermediates.noindex/PhoneInTheOtherRoom.build/Debug-iphonesimulator/PhoneInTheOtherRoom.build/Objects-normal/x86_64/Counting_Sheep.swiftmodule @/tmp/counting-sheep-shop-build/Build/Intermediates.noindex/PhoneInTheOtherRoom.build/Debug-iphonesimulator/PhoneInTheOtherRoom.build/Objects-normal/x86_64/Counting_Sheep-linker-args.resp -Wl,-no_warn_duplicate_libraries -Wl,-no_warn_duplicate_libraries -Wl,-no_warn_duplicate_libraries -Wl,-no_warn_duplicate_libraries -Wl,-no_warn_duplicate_libraries -Wl,-no_warn_duplicate_libraries -Wl,-no_warn_duplicate_libraries -Wl,-no_warn_duplicate_libraries -Wl,-no_warn_duplicate_libraries -Wl,-no_warn_duplicate_libraries -Wl,-no_warn_duplicate_libraries -Wl,-no_warn_duplicate_libraries -Wl,-no_warn_duplicate_libraries -Wl,-no_warn_duplicate_libraries -Xlinker -alias -Xlinker _main -Xlinker ___debug_main_executable_dylib_entry_point -Xlinker -no_adhoc_codesign -o /tmp/counting-sheep-shop-build/Build/Intermediates.noindex/PhoneInTheOtherRoom.build/Debug-iphonesimulator/PhoneInTheOtherRoom.build/Objects-normal/x86_64/Binary/Counting\ Sheep.debug.dylib -Xlinker -add_ast_path -Xlinker /tmp/counting-sheep-shop-build/Build/Intermediates.noindex/Supabase.build/Debug-iphonesimulator/Supabase.build/Objects-normal/x86_64/Supabase.swiftmodule @/tmp/counting-sheep-shop-build/Build/Intermediates.noindex/Supabase.build/Debug-iphonesimulator/Supabase.build/Objects-normal/x86_64/Supabase-linker-args.resp -Xlinker -add_ast_path -Xlinker /tmp/counting-sheep-shop-build/Build/Intermediates.noindex/swift-concurrency-extras.build/Debug-iphonesimulator/ConcurrencyExtras.build/Objects-normal/x86_64/ConcurrencyExtras.swiftmodule @/tmp/counting-sheep-shop-build/Build/Intermediates.noindex/swift-concurrency-extras.build/Debug-iphonesimulator/ConcurrencyExtras.build/Objects-normal/x86_64/ConcurrencyExtras-linker-args.resp -Xlinker -add_ast_path -Xlinker /tmp/counting-sheep-shop-build/Build/Intermediates.noindex/swift-http-types.build/Debug-iphonesimulator/HTTPTypes.build/Objects-normal/x86_64/HTTPTypes.swiftmodule @/tmp/counting-sheep-shop-build/Build/Intermediates.noindex/swift-http-types.build/Debug-iphonesimulator/HTTPTypes.build/Objects-normal/x86_64/HTTPTypes-linker-args.resp -Xlinker -add_ast_path -Xlinker /tmp/counting-sheep-shop-build/Build/Intermediates.noindex/swift-clocks.build/Debug-iphonesimulator/Clocks.build/Objects-normal/x86_64/Clocks.swiftmodule @/tmp/counting-sheep-shop-build/Build/Intermediates.noindex/swift-clocks.build/Debug-iphonesimulator/Clocks.build/Objects-normal/x86_64/Clocks-linker-args.resp -Xlinker -add_ast_path -Xlinker /tmp/counting-sheep-shop-build/Build/Intermediates.noindex/xctest-dynamic-overlay.build/Debug-iphonesimulator/IssueReporting.build/Objects-normal/x86_64/IssueReporting.swiftmodule @/tmp/counting-sheep-shop-build/Build/Intermediates.noindex/xctest-dynamic-overlay.build/Debug-iphonesimulator/IssueReporting.build/Objects-normal/x86_64/IssueReporting-linker-args.resp -Xlinker -add_ast_path -Xlinker /tmp/counting-sheep-shop-build/Build/Intermediates.noindex/xctest-dynamic-overlay.build/Debug-iphonesimulator/XCTestDynamicOverlay.build/Objects-normal/x86_64/XCTestDynamicOverlay.swiftmodule @/tmp/counting-sheep-shop-build/Build/Intermediates.noindex/xctest-dynamic-overlay.build/Debug-iphonesimulator/XCTestDynamicOverlay.build/Objects-normal/x86_64/XCTestDynamicOverlay-linker-args.resp -Xlinker -add_ast_path -Xlinker /tmp/counting-sheep-shop-build/Build/Intermediates.noindex/Supabase.build/Debug-iphonesimulator/Helpers.build/Objects-normal/x86_64/Helpers.swiftmodule @/tmp/counting-sheep-shop-build/Build/Intermediates.noindex/Supabase.build/Debug-iphonesimulator/Helpers.build/Objects-normal/x86_64/Helpers-linker-args.resp -Xlinker -add_ast_path -Xlinker /tmp/counting-sheep-shop-build/Build/Intermediates.noindex/swift-crypto.build/Debug-iphonesimulator/Crypto.build/Objects-normal/x86_64/Crypto.swiftmodule @/tmp/counting-sheep-shop-build/Build/Intermediates.noindex/swift-crypto.build/Debug-iphonesimulator/Crypto.build/Objects-normal/x86_64/Crypto-linker-args.resp -Xlinker -add_ast_path -Xlinker /tmp/counting-sheep-shop-build/Build/Intermediates.noindex/Supabase.build/Debug-iphonesimulator/Auth.build/Objects-normal/x86_64/Auth.swiftmodule @/tmp/counting-sheep-shop-build/Build/Intermediates.noindex/Supabase.build/Debug-iphonesimulator/Auth.build/Objects-normal/x86_64/Auth-linker-args.resp -Xlinker -add_ast_path -Xlinker /tmp/counting-sheep-shop-build/Build/Intermediates.noindex/Supabase.build/Debug-iphonesimulator/Functions.build/Objects-normal/x86_64/Functions.swiftmodule @/tmp/counting-sheep-shop-build/Build/Intermediates.noindex/Supabase.build/Debug-iphonesimulator/Functions.build/Objects-normal/x86_64/Functions-linker-args.resp -Xlinker -add_ast_path -Xlinker /tmp/counting-sheep-shop-build/Build/Intermediates.noindex/Supabase.build/Debug-iphonesimulator/PostgREST.build/Objects-normal/x86_64/PostgREST.swiftmodule @/tmp/counting-sheep-shop-build/Build/Intermediates.noindex/Supabase.build/Debug-iphonesimulator/PostgREST.build/Objects-normal/x86_64/PostgREST-linker-args.resp -Xlinker -add_ast_path -Xlinker /tmp/counting-sheep-shop-build/Build/Intermediates.noindex/Supabase.build/Debug-iphonesimulator/RealtimeV2.build/Objects-normal/x86_64/RealtimeV2.swiftmodule @/tmp/counting-sheep-shop-build/Build/Intermediates.noindex/Supabase.build/Debug-iphonesimulator/RealtimeV2.build/Objects-normal/x86_64/RealtimeV2-linker-args.resp -Xlinker -add_ast_path -Xlinker /tmp/counting-sheep-shop-build/Build/Intermediates.noindex/Supabase.build/Debug-iphonesimulator/Realtime.build/Objects-normal/x86_64/Realtime.swiftmodule @/tmp/counting-sheep-shop-build/Build/Intermediates.noindex/Supabase.build/Debug-iphonesimulator/Realtime.build/Objects-normal/x86_64/Realtime-linker-args.resp -Xlinker -add_ast_path -Xlinker /tmp/counting-sheep-shop-build/Build/Intermediates.noindex/Supabase.build/Debug-iphonesimulator/Storage.build/Objects-normal/x86_64/Storage.swiftmodule @/tmp/counting-sheep-shop-build/Build/Intermediates.noindex/Supabase.build/Debug-iphonesimulator/Storage.build/Objects-normal/x86_64/Storage-linker-args.resp

ConstructStubExecutorLinkFileList /tmp/counting-sheep-shop-build/Build/Intermediates.noindex/PhoneInTheOtherRoom.build/Debug-iphonesimulator/PhoneInTheOtherRoom.build/Counting\ Sheep-ExecutorLinkFileList-normal-x86_64.txt (in target 'PhoneInTheOtherRoom' from project 'PhoneInTheOtherRoom')
    cd /Users/ngawangchime/Desktop/Developer\ Projects/Phone\ in\ the\ Other\ Room
    construct-stub-executor-link-file-list /tmp/counting-sheep-shop-build/Build/Intermediates.noindex/PhoneInTheOtherRoom.build/Debug-iphonesimulator/PhoneInTheOtherRoom.build/Objects-normal/x86_64/Binary/Counting\ Sheep.debug.dylib /Applications/Xcode.app/Contents/Developer/Platforms/iPhoneSimulator.platform/Developer/usr/lib/libPreviewsJITStubExecutor_no_swift_entry_point.a /Applications/Xcode.app/Contents/Developer/Platforms/iPhoneSimulator.platform/Developer/usr/lib/libPreviewsJITStubExecutor.a --output /tmp/counting-sheep-shop-build/Build/Intermediates.noindex/PhoneInTheOtherRoom.build/Debug-iphonesimulator/PhoneInTheOtherRoom.build/Counting\ Sheep-ExecutorLinkFileList-normal-x86_64.txt
note: Using stub executor library with Swift entry point. (in target 'PhoneInTheOtherRoom' from project 'PhoneInTheOtherRoom')

CreateUniversalBinary /tmp/counting-sheep-shop-build/Build/Products/Debug-iphonesimulator/Counting\ Sheep.app/Counting\ Sheep.debug.dylib normal arm64\ x86_64 (in target 'PhoneInTheOtherRoom' from project 'PhoneInTheOtherRoom')
    cd /Users/ngawangchime/Desktop/Developer\ Projects/Phone\ in\ the\ Other\ Room
    /Applications/Xcode.app/Contents/Developer/Toolchains/XcodeDefault.xctoolchain/usr/bin/lipo -create /tmp/counting-sheep-shop-build/Build/Intermediates.noindex/PhoneInTheOtherRoom.build/Debug-iphonesimulator/PhoneInTheOtherRoom.build/Objects-normal/arm64/Binary/Counting\ Sheep.debug.dylib /tmp/counting-sheep-shop-build/Build/Intermediates.noindex/PhoneInTheOtherRoom.build/Debug-iphonesimulator/PhoneInTheOtherRoom.build/Objects-normal/x86_64/Binary/Counting\ Sheep.debug.dylib -output /tmp/counting-sheep-shop-build/Build/Products/Debug-iphonesimulator/Counting\ Sheep.app/Counting\ Sheep.debug.dylib

Ld /tmp/counting-sheep-shop-build/Build/Intermediates.noindex/PhoneInTheOtherRoom.build/Debug-iphonesimulator/PhoneInTheOtherRoom.build/Objects-normal/x86_64/Binary/Counting\ Sheep normal x86_64 (in target 'PhoneInTheOtherRoom' from project 'PhoneInTheOtherRoom')
    cd /Users/ngawangchime/Desktop/Developer\ Projects/Phone\ in\ the\ Other\ Room
    /Applications/Xcode.app/Contents/Developer/Toolchains/XcodeDefault.xctoolchain/usr/bin/clang -Xlinker -reproducible -target x86_64-apple-ios17.0-simulator -isysroot /Applications/Xcode.app/Contents/Developer/Platforms/iPhoneSimulator.platform/Developer/SDKs/iPhoneSimulator26.5.sdk -O0 -L/tmp/counting-sheep-shop-build/Build/Products/Debug-iphonesimulator -F/tmp/counting-sheep-shop-build/Build/Products/Debug-iphonesimulator/PackageFrameworks -F/tmp/counting-sheep-shop-build/Build/Products/Debug-iphonesimulator/PackageFrameworks -F/tmp/counting-sheep-shop-build/Build/Products/Debug-iphonesimulator/PackageFrameworks -F/tmp/counting-sheep-shop-build/Build/Products/Debug-iphonesimulator/PackageFrameworks -F/tmp/counting-sheep-shop-build/Build/Products/Debug-iphonesimulator/PackageFrameworks -F/tmp/counting-sheep-shop-build/Build/Products/Debug-iphonesimulator/PackageFrameworks -F/tmp/counting-sheep-shop-build/Build/Products/Debug-iphonesimulator/PackageFrameworks -F/tmp/counting-sheep-shop-build/Build/Products/Debug-iphonesimulator/PackageFrameworks -F/tmp/counting-sheep-shop-build/Build/Products/Debug-iphonesimulator/PackageFrameworks -F/tmp/counting-sheep-shop-build/Build/Products/Debug-iphonesimulator/PackageFrameworks -F/tmp/counting-sheep-shop-build/Build/Products/Debug-iphonesimulator/PackageFrameworks -F/tmp/counting-sheep-shop-build/Build/Products/Debug-iphonesimulator/PackageFrameworks -F/tmp/counting-sheep-shop-build/Build/Products/Debug-iphonesimulator/PackageFrameworks -F/tmp/counting-sheep-shop-build/Build/Products/Debug-iphonesimulator/PackageFrameworks -F/tmp/counting-sheep-shop-build/Build/Products/Debug-iphonesimulator -Xlinker -rpath -Xlinker @executable_path -Xlinker -rpath -Xlinker /tmp/counting-sheep-shop-build/Build/Products/Debug-iphonesimulator/PackageFrameworks -Xlinker -rpath -Xlinker @executable_path/Frameworks -rdynamic -Xlinker -no_deduplicate -Xlinker -objc_abi_version -Xlinker 2 -e ___debug_blank_executor_main -Xlinker -sectcreate -Xlinker __TEXT -Xlinker __debug_dylib -Xlinker /tmp/counting-sheep-shop-build/Build/Intermediates.noindex/PhoneInTheOtherRoom.build/Debug-iphonesimulator/PhoneInTheOtherRoom.build/Counting\ Sheep-DebugDylibPath-normal-x86_64.txt -Xlinker -sectcreate -Xlinker __TEXT -Xlinker __debug_instlnm -Xlinker /tmp/counting-sheep-shop-build/Build/Intermediates.noindex/PhoneInTheOtherRoom.build/Debug-iphonesimulator/PhoneInTheOtherRoom.build/Counting\ Sheep-DebugDylibInstallName-normal-x86_64.txt -Xlinker -filelist -Xlinker /tmp/counting-sheep-shop-build/Build/Intermediates.noindex/PhoneInTheOtherRoom.build/Debug-iphonesimulator/PhoneInTheOtherRoom.build/Counting\ Sheep-ExecutorLinkFileList-normal-x86_64.txt -Xlinker -sectcreate -Xlinker __TEXT -Xlinker __entitlements -Xlinker /tmp/counting-sheep-shop-build/Build/Intermediates.noindex/PhoneInTheOtherRoom.build/Debug-iphonesimulator/PhoneInTheOtherRoom.build/Counting\ Sheep.app-Simulated.xcent -Xlinker -sectcreate -Xlinker __TEXT -Xlinker __ents_der -Xlinker /tmp/counting-sheep-shop-build/Build/Intermediates.noindex/PhoneInTheOtherRoom.build/Debug-iphonesimulator/PhoneInTheOtherRoom.build/Counting\ Sheep.app-Simulated.xcent.der /tmp/counting-sheep-shop-build/Build/Intermediates.noindex/PhoneInTheOtherRoom.build/Debug-iphonesimulator/PhoneInTheOtherRoom.build/Objects-normal/x86_64/Binary/Counting\ Sheep.debug.dylib -Xlinker -no_adhoc_codesign -o /tmp/counting-sheep-shop-build/Build/Intermediates.noindex/PhoneInTheOtherRoom.build/Debug-iphonesimulator/PhoneInTheOtherRoom.build/Objects-normal/x86_64/Binary/Counting\ Sheep

CreateUniversalBinary /tmp/counting-sheep-shop-build/Build/Products/Debug-iphonesimulator/Counting\ Sheep.app/Counting\ Sheep normal arm64\ x86_64 (in target 'PhoneInTheOtherRoom' from project 'PhoneInTheOtherRoom')
    cd /Users/ngawangchime/Desktop/Developer\ Projects/Phone\ in\ the\ Other\ Room
    /Applications/Xcode.app/Contents/Developer/Toolchains/XcodeDefault.xctoolchain/usr/bin/lipo -create /tmp/counting-sheep-shop-build/Build/Intermediates.noindex/PhoneInTheOtherRoom.build/Debug-iphonesimulator/PhoneInTheOtherRoom.build/Objects-normal/arm64/Binary/Counting\ Sheep /tmp/counting-sheep-shop-build/Build/Intermediates.noindex/PhoneInTheOtherRoom.build/Debug-iphonesimulator/PhoneInTheOtherRoom.build/Objects-normal/x86_64/Binary/Counting\ Sheep -output /tmp/counting-sheep-shop-build/Build/Products/Debug-iphonesimulator/Counting\ Sheep.app/Counting\ Sheep

Copy /tmp/counting-sheep-shop-build/Build/Products/Debug-iphonesimulator/Counting\ Sheep.app/PlugIns/Counting\ Sheep\ Wind\ Down\ Action.appex /tmp/counting-sheep-shop-build/Build/Products/Debug-iphonesimulator/Counting\ Sheep\ Wind\ Down\ Action.appex (in target 'PhoneInTheOtherRoom' from project 'PhoneInTheOtherRoom')
    cd /Users/ngawangchime/Desktop/Developer\ Projects/Phone\ in\ the\ Other\ Room
    builtin-copy -exclude .DS_Store -exclude CVS -exclude .svn -exclude .git -exclude .hg -exclude Headers -exclude PrivateHeaders -exclude Modules -exclude \*.tbd -resolve-src-symlinks -remove-static-executable /tmp/counting-sheep-shop-build/Build/Products/Debug-iphonesimulator/Counting\ Sheep\ Wind\ Down\ Action.appex /tmp/counting-sheep-shop-build/Build/Products/Debug-iphonesimulator/Counting\ Sheep.app/PlugIns

Copy /tmp/counting-sheep-shop-build/Build/Products/Debug-iphonesimulator/Counting\ Sheep.app/PlugIns/Counting\ Sheep\ Wind\ Down\ Shield.appex /tmp/counting-sheep-shop-build/Build/Products/Debug-iphonesimulator/Counting\ Sheep\ Wind\ Down\ Shield.appex (in target 'PhoneInTheOtherRoom' from project 'PhoneInTheOtherRoom')
    cd /Users/ngawangchime/Desktop/Developer\ Projects/Phone\ in\ the\ Other\ Room
    builtin-copy -exclude .DS_Store -exclude CVS -exclude .svn -exclude .git -exclude .hg -exclude Headers -exclude PrivateHeaders -exclude Modules -exclude \*.tbd -resolve-src-symlinks -remove-static-executable /tmp/counting-sheep-shop-build/Build/Products/Debug-iphonesimulator/Counting\ Sheep\ Wind\ Down\ Shield.appex /tmp/counting-sheep-shop-build/Build/Products/Debug-iphonesimulator/Counting\ Sheep.app/PlugIns

Copy /tmp/counting-sheep-shop-build/Build/Products/Debug-iphonesimulator/Counting\ Sheep.app/PlugIns/Counting\ Sheep\ Wind\ Down\ Monitor.appex /tmp/counting-sheep-shop-build/Build/Products/Debug-iphonesimulator/Counting\ Sheep\ Wind\ Down\ Monitor.appex (in target 'PhoneInTheOtherRoom' from project 'PhoneInTheOtherRoom')
    cd /Users/ngawangchime/Desktop/Developer\ Projects/Phone\ in\ the\ Other\ Room
    builtin-copy -exclude .DS_Store -exclude CVS -exclude .svn -exclude .git -exclude .hg -exclude Headers -exclude PrivateHeaders -exclude Modules -exclude \*.tbd -resolve-src-symlinks -remove-static-executable /tmp/counting-sheep-shop-build/Build/Products/Debug-iphonesimulator/Counting\ Sheep\ Wind\ Down\ Monitor.appex /tmp/counting-sheep-shop-build/Build/Products/Debug-iphonesimulator/Counting\ Sheep.app/PlugIns

Copy /tmp/counting-sheep-shop-build/Build/Products/Debug-iphonesimulator/Counting\ Sheep.app/PlugIns/Counting\ Sheep\ Live\ Activity.appex /tmp/counting-sheep-shop-build/Build/Products/Debug-iphonesimulator/Counting\ Sheep\ Live\ Activity.appex (in target 'PhoneInTheOtherRoom' from project 'PhoneInTheOtherRoom')
    cd /Users/ngawangchime/Desktop/Developer\ Projects/Phone\ in\ the\ Other\ Room
    builtin-copy -exclude .DS_Store -exclude CVS -exclude .svn -exclude .git -exclude .hg -exclude Headers -exclude PrivateHeaders -exclude Modules -exclude \*.tbd -resolve-src-symlinks -remove-static-executable /tmp/counting-sheep-shop-build/Build/Products/Debug-iphonesimulator/Counting\ Sheep\ Live\ Activity.appex /tmp/counting-sheep-shop-build/Build/Products/Debug-iphonesimulator/Counting\ Sheep.app/PlugIns

Copy /tmp/counting-sheep-shop-build/Build/Products/Debug-iphonesimulator/Counting\ Sheep.app/Extensions/Counting\ Sheep\ Screen\ Time\ Report.appex /tmp/counting-sheep-shop-build/Build/Products/Debug-iphonesimulator/Counting\ Sheep\ Screen\ Time\ Report.appex (in target 'PhoneInTheOtherRoom' from project 'PhoneInTheOtherRoom')
    cd /Users/ngawangchime/Desktop/Developer\ Projects/Phone\ in\ the\ Other\ Room
    builtin-copy -exclude .DS_Store -exclude CVS -exclude .svn -exclude .git -exclude .hg -exclude Headers -exclude PrivateHeaders -exclude Modules -exclude \*.tbd -resolve-src-symlinks -remove-static-executable /tmp/counting-sheep-shop-build/Build/Products/Debug-iphonesimulator/Counting\ Sheep\ Screen\ Time\ Report.appex /tmp/counting-sheep-shop-build/Build/Products/Debug-iphonesimulator/Counting\ Sheep.app/Extensions

Copy /tmp/counting-sheep-shop-build/Build/Products/Debug-iphonesimulator/Counting\ Sheep.app/Watch/Counting\ Sheep\ Watch.app /tmp/counting-sheep-shop-build/Build/Products/Debug-watchsimulator/Counting\ Sheep\ Watch.app (in target 'PhoneInTheOtherRoom' from project 'PhoneInTheOtherRoom')
    cd /Users/ngawangchime/Desktop/Developer\ Projects/Phone\ in\ the\ Other\ Room
    builtin-copy -exclude .DS_Store -exclude CVS -exclude .svn -exclude .git -exclude .hg -exclude Headers -exclude PrivateHeaders -exclude Modules -exclude \*.tbd -resolve-src-symlinks -remove-static-executable /tmp/counting-sheep-shop-build/Build/Products/Debug-watchsimulator/Counting\ Sheep\ Watch.app /tmp/counting-sheep-shop-build/Build/Products/Debug-iphonesimulator/Counting\ Sheep.app/Watch

ProcessInfoPlistFile /tmp/counting-sheep-shop-build/Build/Products/Debug-iphonesimulator/Counting\ Sheep.app/Info.plist /Users/ngawangchime/Desktop/Developer\ Projects/Phone\ in\ the\ Other\ Room/PhoneInTheOtherRoomApp/Info.plist (in target 'PhoneInTheOtherRoom' from project 'PhoneInTheOtherRoom')
    cd /Users/ngawangchime/Desktop/Developer\ Projects/Phone\ in\ the\ Other\ Room
    builtin-infoPlistUtility /Users/ngawangchime/Desktop/Developer\ Projects/Phone\ in\ the\ Other\ Room/PhoneInTheOtherRoomApp/Info.plist -producttype com.apple.product-type.application -genpkginfo /tmp/counting-sheep-shop-build/Build/Products/Debug-iphonesimulator/Counting\ Sheep.app/PkgInfo -expandbuildsettings -format binary -platform iphonesimulator -additionalcontentfile /tmp/counting-sheep-shop-build/Build/Intermediates.noindex/PhoneInTheOtherRoom.build/Debug-iphonesimulator/PhoneInTheOtherRoom.build/assetcatalog_generated_info.plist -scanforprivacyfile /tmp/counting-sheep-shop-build/Build/Products/Debug-iphonesimulator/Counting\ Sheep.app/Extensions/Counting\ Sheep\ Screen\ Time\ Report.appex -scanforprivacyfile /tmp/counting-sheep-shop-build/Build/Products/Debug-iphonesimulator/Counting\ Sheep.app/PlugIns/Counting\ Sheep\ Live\ Activity.appex -scanforprivacyfile /tmp/counting-sheep-shop-build/Build/Products/Debug-iphonesimulator/Counting\ Sheep.app/PlugIns/Counting\ Sheep\ Wind\ Down\ Action.appex -scanforprivacyfile /tmp/counting-sheep-shop-build/Build/Products/Debug-iphonesimulator/Counting\ Sheep.app/PlugIns/Counting\ Sheep\ Wind\ Down\ Monitor.appex -scanforprivacyfile /tmp/counting-sheep-shop-build/Build/Products/Debug-iphonesimulator/Counting\ Sheep.app/PlugIns/Counting\ Sheep\ Wind\ Down\ Shield.appex -scanforprivacyfile /tmp/counting-sheep-shop-build/Build/Products/Debug-iphonesimulator/Counting\ Sheep.app/Watch/Counting\ Sheep\ Watch.app -scanforprivacyfile /tmp/counting-sheep-shop-build/Build/Products/Debug-iphonesimulator/Counting\ Sheep.app/swift-crypto_Crypto.bundle -o /tmp/counting-sheep-shop-build/Build/Products/Debug-iphonesimulator/Counting\ Sheep.app/Info.plist

ExtractAppIntentsMetadata (in target 'PhoneInTheOtherRoom' from project 'PhoneInTheOtherRoom')
    cd /Users/ngawangchime/Desktop/Developer\ Projects/Phone\ in\ the\ Other\ Room
    /Applications/Xcode.app/Contents/Developer/Toolchains/XcodeDefault.xctoolchain/usr/bin/appintentsmetadataprocessor --toolchain-dir /Applications/Xcode.app/Contents/Developer/Toolchains/XcodeDefault.xctoolchain --module-name Counting_Sheep --sdk-root /Applications/Xcode.app/Contents/Developer/Platforms/iPhoneSimulator.platform/Developer/SDKs/iPhoneSimulator26.5.sdk --xcode-version 17F113 --platform-family iOS --deployment-target 17.0 --bundle-identifier com.ngawangchime.countingsheep --output /tmp/counting-sheep-shop-build/Build/Products/Debug-iphonesimulator/Counting\ Sheep.app --target-triple arm64-apple-ios17.0-simulator --target-triple x86_64-apple-ios17.0-simulator --binary-file /tmp/counting-sheep-shop-build/Build/Products/Debug-iphonesimulator/Counting\ Sheep.app/Counting\ Sheep --dependency-file /tmp/counting-sheep-shop-build/Build/Intermediates.noindex/PhoneInTheOtherRoom.build/Debug-iphonesimulator/PhoneInTheOtherRoom.build/Objects-normal/arm64/Counting\ Sheep_dependency_info.dat --dependency-file /tmp/counting-sheep-shop-build/Build/Intermediates.noindex/PhoneInTheOtherRoom.build/Debug-iphonesimulator/PhoneInTheOtherRoom.build/Objects-normal/x86_64/Counting\ Sheep_dependency_info.dat --stringsdata-file /tmp/counting-sheep-shop-build/Build/Intermediates.noindex/PhoneInTheOtherRoom.build/Debug-iphonesimulator/PhoneInTheOtherRoom.build/Objects-normal/arm64/ExtractedAppShortcutsMetadata.stringsdata --stringsdata-file /tmp/counting-sheep-shop-build/Build/Intermediates.noindex/PhoneInTheOtherRoom.build/Debug-iphonesimulator/PhoneInTheOtherRoom.build/Objects-normal/x86_64/ExtractedAppShortcutsMetadata.stringsdata --source-file-list /tmp/counting-sheep-shop-build/Build/Intermediates.noindex/PhoneInTheOtherRoom.build/Debug-iphonesimulator/PhoneInTheOtherRoom.build/Objects-normal/arm64/Counting\ Sheep.SwiftFileList --source-file-list /tmp/counting-sheep-shop-build/Build/Intermediates.noindex/PhoneInTheOtherRoom.build/Debug-iphonesimulator/PhoneInTheOtherRoom.build/Objects-normal/x86_64/Counting\ Sheep.SwiftFileList --metadata-file-list /tmp/counting-sheep-shop-build/Build/Intermediates.noindex/PhoneInTheOtherRoom.build/Debug-iphonesimulator/PhoneInTheOtherRoom.build/Counting\ Sheep.DependencyMetadataFileList --static-metadata-file-list /tmp/counting-sheep-shop-build/Build/Intermediates.noindex/PhoneInTheOtherRoom.build/Debug-iphonesimulator/PhoneInTheOtherRoom.build/Counting\ Sheep.DependencyStaticMetadataFileList --swift-const-vals-list /tmp/counting-sheep-shop-build/Build/Intermediates.noindex/PhoneInTheOtherRoom.build/Debug-iphonesimulator/PhoneInTheOtherRoom.build/Objects-normal/arm64/Counting\ Sheep.SwiftConstValuesFileList --swift-const-vals-list /tmp/counting-sheep-shop-build/Build/Intermediates.noindex/PhoneInTheOtherRoom.build/Debug-iphonesimulator/PhoneInTheOtherRoom.build/Objects-normal/x86_64/Counting\ Sheep.SwiftConstValuesFileList --compile-time-extraction --deployment-aware-processing --validate-assistant-intents --no-app-shortcuts-localization
2026-09-13 14:19:45.600 appintentsmetadataprocessor[33390:1981437] Starting appintentsmetadataprocessor export
2026-09-13 14:19:45.709 appintentsmetadataprocessor[33390:1981437] Writing Metadata.appintents
2026-09-13 14:19:45.709 appintentsmetadataprocessor[33390:1981437] Metadata root: /tmp/counting-sheep-shop-build/Build/Products/Debug-iphonesimulator/Counting Sheep.app/Metadata.appintents

CopySwiftLibs /tmp/counting-sheep-shop-build/Build/Products/Debug-iphonesimulator/Counting\ Sheep.app (in target 'PhoneInTheOtherRoom' from project 'PhoneInTheOtherRoom')
    cd /Users/ngawangchime/Desktop/Developer\ Projects/Phone\ in\ the\ Other\ Room
    builtin-swiftStdLibTool --copy --verbose --sign - --scan-executable /tmp/counting-sheep-shop-build/Build/Products/Debug-iphonesimulator/Counting\ Sheep.app/Counting\ Sheep.debug.dylib --scan-folder /tmp/counting-sheep-shop-build/Build/Products/Debug-iphonesimulator/Counting\ Sheep.app/Frameworks --scan-folder /tmp/counting-sheep-shop-build/Build/Products/Debug-iphonesimulator/Counting\ Sheep.app/PlugIns --scan-folder /tmp/counting-sheep-shop-build/Build/Products/Debug-iphonesimulator/Counting\ Sheep.app/SystemExtensions --scan-folder /tmp/counting-sheep-shop-build/Build/Products/Debug-iphonesimulator/Counting\ Sheep.app/Extensions --platform iphonesimulator --toolchain /Applications/Xcode.app/Contents/Developer/Toolchains/XcodeDefault.xctoolchain --destination /tmp/counting-sheep-shop-build/Build/Products/Debug-iphonesimulator/Counting\ Sheep.app/Frameworks --strip-bitcode --strip-bitcode-tool /Applications/Xcode.app/Contents/Developer/Toolchains/XcodeDefault.xctoolchain/usr/bin/bitcode_strip --emit-dependency-info /tmp/counting-sheep-shop-build/Build/Intermediates.noindex/PhoneInTheOtherRoom.build/Debug-iphonesimulator/PhoneInTheOtherRoom.build/SwiftStdLibToolInputDependencies.dep --filter-for-swift-os --back-deploy-swift-span

CodeSign /tmp/counting-sheep-shop-build/Build/Products/Debug-iphonesimulator/Counting\ Sheep.app/Counting\ Sheep.debug.dylib (in target 'PhoneInTheOtherRoom' from project 'PhoneInTheOtherRoom')
    cd /Users/ngawangchime/Desktop/Developer\ Projects/Phone\ in\ the\ Other\ Room
    
    Signing Identity:     "Sign to Run Locally"
    
    /usr/bin/codesign --force --sign - --timestamp\=none --generate-entitlement-der /tmp/counting-sheep-shop-build/Build/Products/Debug-iphonesimulator/Counting\ Sheep.app/Counting\ Sheep.debug.dylib

CodeSign /tmp/counting-sheep-shop-build/Build/Products/Debug-iphonesimulator/Counting\ Sheep.app/__preview.dylib (in target 'PhoneInTheOtherRoom' from project 'PhoneInTheOtherRoom')
    cd /Users/ngawangchime/Desktop/Developer\ Projects/Phone\ in\ the\ Other\ Room
    
    Signing Identity:     "Sign to Run Locally"
    
    /usr/bin/codesign --force --sign - --timestamp\=none --generate-entitlement-der /tmp/counting-sheep-shop-build/Build/Products/Debug-iphonesimulator/Counting\ Sheep.app/__preview.dylib
/tmp/counting-sheep-shop-build/Build/Products/Debug-iphonesimulator/Counting Sheep.app/__preview.dylib: replacing existing signature

CodeSign /tmp/counting-sheep-shop-build/Build/Products/Debug-iphonesimulator/Counting\ Sheep.app (in target 'PhoneInTheOtherRoom' from project 'PhoneInTheOtherRoom')
    cd /Users/ngawangchime/Desktop/Developer\ Projects/Phone\ in\ the\ Other\ Room
    
    Signing Identity:     "Sign to Run Locally"
    
    /usr/bin/codesign --force --sign - --entitlements /tmp/counting-sheep-shop-build/Build/Intermediates.noindex/PhoneInTheOtherRoom.build/Debug-iphonesimulator/PhoneInTheOtherRoom.build/Counting\ Sheep.app.xcent --timestamp\=none --generate-entitlement-der /tmp/counting-sheep-shop-build/Build/Products/Debug-iphonesimulator/Counting\ Sheep.app

ValidateEmbeddedBinary /tmp/counting-sheep-shop-build/Build/Products/Debug-iphonesimulator/Counting\ Sheep.app/Extensions/Counting\ Sheep\ Screen\ Time\ Report.appex (in target 'PhoneInTheOtherRoom' from project 'PhoneInTheOtherRoom')
    cd /Users/ngawangchime/Desktop/Developer\ Projects/Phone\ in\ the\ Other\ Room
    /Applications/Xcode.app/Contents/Developer/usr/bin/embeddedBinaryValidationUtility /tmp/counting-sheep-shop-build/Build/Products/Debug-iphonesimulator/Counting\ Sheep.app/Extensions/Counting\ Sheep\ Screen\ Time\ Report.appex -signing-cert - -info-plist-path /tmp/counting-sheep-shop-build/Build/Products/Debug-iphonesimulator/Counting\ Sheep.app/Info.plist

ValidateEmbeddedBinary /tmp/counting-sheep-shop-build/Build/Products/Debug-iphonesimulator/Counting\ Sheep.app/PlugIns/Counting\ Sheep\ Wind\ Down\ Action.appex (in target 'PhoneInTheOtherRoom' from project 'PhoneInTheOtherRoom')
    cd /Users/ngawangchime/Desktop/Developer\ Projects/Phone\ in\ the\ Other\ Room
    /Applications/Xcode.app/Contents/Developer/usr/bin/embeddedBinaryValidationUtility /tmp/counting-sheep-shop-build/Build/Products/Debug-iphonesimulator/Counting\ Sheep.app/PlugIns/Counting\ Sheep\ Wind\ Down\ Action.appex -signing-cert - -info-plist-path /tmp/counting-sheep-shop-build/Build/Products/Debug-iphonesimulator/Counting\ Sheep.app/Info.plist

ValidateEmbeddedBinary /tmp/counting-sheep-shop-build/Build/Products/Debug-iphonesimulator/Counting\ Sheep.app/PlugIns/Counting\ Sheep\ Live\ Activity.appex (in target 'PhoneInTheOtherRoom' from project 'PhoneInTheOtherRoom')
    cd /Users/ngawangchime/Desktop/Developer\ Projects/Phone\ in\ the\ Other\ Room
    /Applications/Xcode.app/Contents/Developer/usr/bin/embeddedBinaryValidationUtility /tmp/counting-sheep-shop-build/Build/Products/Debug-iphonesimulator/Counting\ Sheep.app/PlugIns/Counting\ Sheep\ Live\ Activity.appex -signing-cert - -info-plist-path /tmp/counting-sheep-shop-build/Build/Products/Debug-iphonesimulator/Counting\ Sheep.app/Info.plist

ValidateEmbeddedBinary /tmp/counting-sheep-shop-build/Build/Products/Debug-iphonesimulator/Counting\ Sheep.app/PlugIns/Counting\ Sheep\ Wind\ Down\ Monitor.appex (in target 'PhoneInTheOtherRoom' from project 'PhoneInTheOtherRoom')
    cd /Users/ngawangchime/Desktop/Developer\ Projects/Phone\ in\ the\ Other\ Room
    /Applications/Xcode.app/Contents/Developer/usr/bin/embeddedBinaryValidationUtility /tmp/counting-sheep-shop-build/Build/Products/Debug-iphonesimulator/Counting\ Sheep.app/PlugIns/Counting\ Sheep\ Wind\ Down\ Monitor.appex -signing-cert - -info-plist-path /tmp/counting-sheep-shop-build/Build/Products/Debug-iphonesimulator/Counting\ Sheep.app/Info.plist

Validate /tmp/counting-sheep-shop-build/Build/Products/Debug-iphonesimulator/Counting\ Sheep.app (in target 'PhoneInTheOtherRoom' from project 'PhoneInTheOtherRoom')
    cd /Users/ngawangchime/Desktop/Developer\ Projects/Phone\ in\ the\ Other\ Room
    builtin-validationUtility /tmp/counting-sheep-shop-build/Build/Products/Debug-iphonesimulator/Counting\ Sheep.app -shallow-bundle -infoplist-subpath Info.plist

ValidateEmbeddedBinary /tmp/counting-sheep-shop-build/Build/Products/Debug-iphonesimulator/Counting\ Sheep.app/Watch/Counting\ Sheep\ Watch.app (in target 'PhoneInTheOtherRoom' from project 'PhoneInTheOtherRoom')
    cd /Users/ngawangchime/Desktop/Developer\ Projects/Phone\ in\ the\ Other\ Room
    /Applications/Xcode.app/Contents/Developer/usr/bin/embeddedBinaryValidationUtility /tmp/counting-sheep-shop-build/Build/Products/Debug-iphonesimulator/Counting\ Sheep.app/Watch/Counting\ Sheep\ Watch.app -signing-cert - -info-plist-path /tmp/counting-sheep-shop-build/Build/Products/Debug-iphonesimulator/Counting\ Sheep.app/Info.plist

ValidateEmbeddedBinary /tmp/counting-sheep-shop-build/Build/Products/Debug-iphonesimulator/Counting\ Sheep.app/PlugIns/Counting\ Sheep\ Wind\ Down\ Shield.appex (in target 'PhoneInTheOtherRoom' from project 'PhoneInTheOtherRoom')
    cd /Users/ngawangchime/Desktop/Developer\ Projects/Phone\ in\ the\ Other\ Room
    /Applications/Xcode.app/Contents/Developer/usr/bin/embeddedBinaryValidationUtility /tmp/counting-sheep-shop-build/Build/Products/Debug-iphonesimulator/Counting\ Sheep.app/PlugIns/Counting\ Sheep\ Wind\ Down\ Shield.appex -signing-cert - -info-plist-path /tmp/counting-sheep-shop-build/Build/Products/Debug-iphonesimulator/Counting\ Sheep.app/Info.plist

** BUILD SUCCEEDED **

