Command line invocation:
    /Applications/Xcode.app/Contents/Developer/usr/bin/xcodebuild build -project PhoneInTheOtherRoom.xcodeproj -scheme PhoneInTheOtherRoom -destination "generic/platform=iOS Simulator" -derivedDataPath /tmp/counting-sheep-coat-build -jobs 2 ARCHS=arm64

Build settings from command line:
    ARCHS = arm64

Resolve Package Graph

Fetching from https://github.com/pointfreeco/swift-concurrency-extras (cached)


Resolved source packages:
  swift-concurrency-extras: https://github.com/pointfreeco/swift-concurrency-extras @ 1.4.0
  swift-clocks: https://github.com/pointfreeco/swift-clocks @ 1.1.0
  swift-crypto: https://github.com/apple/swift-crypto.git @ 4.5.0
  Supabase: https://github.com/supabase/supabase-swift.git @ 2.51.0
  swift-asn1: https://github.com/apple/swift-asn1.git @ 1.7.1
  swift-http-types: https://github.com/apple/swift-http-types.git @ 1.6.0
  xctest-dynamic-overlay: https://github.com/pointfreeco/xctest-dynamic-overlay @ 1.11.0

Build Preparation
Build task concurrency set to 2 via user default IDEBuildOperationMaxNumberOfConcurrentCompileTasks

ComputePackagePrebuildTargetDependencyGraph

Prepare packages

CreateBuildRequest

SendProjectDescription

CreateBuildOperation

ComputeTargetDependencyGraph
note: Building targets in dependency order
note: Target dependency graph (29 targets)
    Target 'PhoneInTheOtherRoom' in project 'PhoneInTheOtherRoom'
        ➜ Explicit dependency on target 'PhoneInTheOtherRoomWatchApp' in project 'PhoneInTheOtherRoom'
        ➜ Explicit dependency on target 'PhoneInTheOtherRoomLiveActivity' in project 'PhoneInTheOtherRoom'
        ➜ Explicit dependency on target 'PhoneInTheOtherRoomScreenTimeReport' in project 'PhoneInTheOtherRoom'
        ➜ Explicit dependency on target 'PhoneInTheOtherRoomDeviceActivityMonitor' in project 'PhoneInTheOtherRoom'
        ➜ Explicit dependency on target 'PhoneInTheOtherRoomShieldConfiguration' in project 'PhoneInTheOtherRoom'
        ➜ Explicit dependency on target 'PhoneInTheOtherRoomShieldAction' in project 'PhoneInTheOtherRoom'
        ➜ Explicit dependency on target 'Supabase' in project 'Supabase'
    Target 'Supabase' in project 'Supabase'
        ➜ Explicit dependency on target 'Supabase' in project 'Supabase'
        ➜ Explicit dependency on target 'Helpers' in project 'Supabase'
        ➜ Explicit dependency on target 'Auth' in project 'Supabase'
        ➜ Explicit dependency on target 'Functions' in project 'Supabase'
        ➜ Explicit dependency on target 'PostgREST' in project 'Supabase'
        ➜ Explicit dependency on target 'RealtimeV2' in project 'Supabase'
        ➜ Explicit dependency on target 'Realtime' in project 'Supabase'
        ➜ Explicit dependency on target 'Storage' in project 'Supabase'
        ➜ Explicit dependency on target 'ConcurrencyExtras' in project 'swift-concurrency-extras'
        ➜ Explicit dependency on target 'HTTPTypes' in project 'swift-http-types'
        ➜ Explicit dependency on target 'Clocks' in project 'swift-clocks'
        ➜ Explicit dependency on target 'XCTestDynamicOverlay' in project 'xctest-dynamic-overlay'
        ➜ Explicit dependency on target 'IssueReporting' in project 'xctest-dynamic-overlay'
        ➜ Explicit dependency on target 'Crypto' in project 'swift-crypto'
    Target 'Supabase' in project 'Supabase'
        ➜ Explicit dependency on target 'Helpers' in project 'Supabase'
        ➜ Explicit dependency on target 'Auth' in project 'Supabase'
        ➜ Explicit dependency on target 'Functions' in project 'Supabase'
        ➜ Explicit dependency on target 'PostgREST' in project 'Supabase'
        ➜ Explicit dependency on target 'RealtimeV2' in project 'Supabase'
        ➜ Explicit dependency on target 'Realtime' in project 'Supabase'
        ➜ Explicit dependency on target 'Storage' in project 'Supabase'
        ➜ Explicit dependency on target 'ConcurrencyExtras' in project 'swift-concurrency-extras'
        ➜ Explicit dependency on target 'HTTPTypes' in project 'swift-http-types'
        ➜ Explicit dependency on target 'Clocks' in project 'swift-clocks'
        ➜ Explicit dependency on target 'XCTestDynamicOverlay' in project 'xctest-dynamic-overlay'
        ➜ Explicit dependency on target 'IssueReporting' in project 'xctest-dynamic-overlay'
        ➜ Explicit dependency on target 'Crypto' in project 'swift-crypto'
    Target 'Storage' in project 'Supabase'
        ➜ Explicit dependency on target 'Helpers' in project 'Supabase'
        ➜ Explicit dependency on target 'ConcurrencyExtras' in project 'swift-concurrency-extras'
        ➜ Explicit dependency on target 'HTTPTypes' in project 'swift-http-types'
        ➜ Explicit dependency on target 'Clocks' in project 'swift-clocks'
        ➜ Explicit dependency on target 'XCTestDynamicOverlay' in project 'xctest-dynamic-overlay'
        ➜ Explicit dependency on target 'IssueReporting' in project 'xctest-dynamic-overlay'
    Target 'Realtime' in project 'Supabase'
        ➜ Explicit dependency on target 'Helpers' in project 'Supabase'
        ➜ Explicit dependency on target 'RealtimeV2' in project 'Supabase'
        ➜ Explicit dependency on target 'ConcurrencyExtras' in project 'swift-concurrency-extras'
        ➜ Explicit dependency on target 'HTTPTypes' in project 'swift-http-types'
        ➜ Explicit dependency on target 'Clocks' in project 'swift-clocks'
        ➜ Explicit dependency on target 'XCTestDynamicOverlay' in project 'xctest-dynamic-overlay'
        ➜ Explicit dependency on target 'IssueReporting' in project 'xctest-dynamic-overlay'
    Target 'RealtimeV2' in project 'Supabase'
        ➜ Explicit dependency on target 'Helpers' in project 'Supabase'
        ➜ Explicit dependency on target 'ConcurrencyExtras' in project 'swift-concurrency-extras'
        ➜ Explicit dependency on target 'HTTPTypes' in project 'swift-http-types'
        ➜ Explicit dependency on target 'Clocks' in project 'swift-clocks'
        ➜ Explicit dependency on target 'XCTestDynamicOverlay' in project 'xctest-dynamic-overlay'
        ➜ Explicit dependency on target 'IssueReporting' in project 'xctest-dynamic-overlay'
    Target 'PostgREST' in project 'Supabase'
        ➜ Explicit dependency on target 'Helpers' in project 'Supabase'
        ➜ Explicit dependency on target 'ConcurrencyExtras' in project 'swift-concurrency-extras'
        ➜ Explicit dependency on target 'HTTPTypes' in project 'swift-http-types'
        ➜ Explicit dependency on target 'Clocks' in project 'swift-clocks'
        ➜ Explicit dependency on target 'XCTestDynamicOverlay' in project 'xctest-dynamic-overlay'
        ➜ Explicit dependency on target 'IssueReporting' in project 'xctest-dynamic-overlay'
    Target 'Functions' in project 'Supabase'
        ➜ Explicit dependency on target 'Helpers' in project 'Supabase'
        ➜ Explicit dependency on target 'ConcurrencyExtras' in project 'swift-concurrency-extras'
        ➜ Explicit dependency on target 'HTTPTypes' in project 'swift-http-types'
        ➜ Explicit dependency on target 'Clocks' in project 'swift-clocks'
        ➜ Explicit dependency on target 'XCTestDynamicOverlay' in project 'xctest-dynamic-overlay'
        ➜ Explicit dependency on target 'IssueReporting' in project 'xctest-dynamic-overlay'
    Target 'Auth' in project 'Supabase'
        ➜ Explicit dependency on target 'Helpers' in project 'Supabase'
        ➜ Explicit dependency on target 'ConcurrencyExtras' in project 'swift-concurrency-extras'
        ➜ Explicit dependency on target 'HTTPTypes' in project 'swift-http-types'
        ➜ Explicit dependency on target 'Clocks' in project 'swift-clocks'
        ➜ Explicit dependency on target 'XCTestDynamicOverlay' in project 'xctest-dynamic-overlay'
        ➜ Explicit dependency on target 'IssueReporting' in project 'xctest-dynamic-overlay'
        ➜ Explicit dependency on target 'Crypto' in project 'swift-crypto'
    Target 'Crypto' in project 'swift-crypto'
        ➜ Explicit dependency on target 'Crypto' in project 'swift-crypto'
        ➜ Explicit dependency on target 'swift-crypto_Crypto' in project 'swift-crypto'
    Target 'Crypto' in project 'swift-crypto'
        ➜ Explicit dependency on target 'swift-crypto_Crypto' in project 'swift-crypto'
    Target 'swift-crypto_Crypto' in project 'swift-crypto' (no dependencies)
    Target 'Helpers' in project 'Supabase'
        ➜ Explicit dependency on target 'ConcurrencyExtras' in project 'swift-concurrency-extras'
        ➜ Explicit dependency on target 'HTTPTypes' in project 'swift-http-types'
        ➜ Explicit dependency on target 'Clocks' in project 'swift-clocks'
        ➜ Explicit dependency on target 'XCTestDynamicOverlay' in project 'xctest-dynamic-overlay'
        ➜ Explicit dependency on target 'IssueReporting' in project 'xctest-dynamic-overlay'
    Target 'XCTestDynamicOverlay' in project 'xctest-dynamic-overlay'
        ➜ Explicit dependency on target 'XCTestDynamicOverlay' in project 'xctest-dynamic-overlay'
        ➜ Explicit dependency on target 'IssueReporting' in project 'xctest-dynamic-overlay'
    Target 'XCTestDynamicOverlay' in project 'xctest-dynamic-overlay'
        ➜ Explicit dependency on target 'IssueReporting' in project 'xctest-dynamic-overlay'
    Target 'Clocks' in project 'swift-clocks'
        ➜ Explicit dependency on target 'Clocks' in project 'swift-clocks'
        ➜ Explicit dependency on target 'ConcurrencyExtras' in project 'swift-concurrency-extras'
        ➜ Explicit dependency on target 'IssueReporting' in project 'xctest-dynamic-overlay'
    Target 'Clocks' in project 'swift-clocks'
        ➜ Explicit dependency on target 'ConcurrencyExtras' in project 'swift-concurrency-extras'
        ➜ Explicit dependency on target 'IssueReporting' in project 'xctest-dynamic-overlay'
    Target 'IssueReporting' in project 'xctest-dynamic-overlay'
        ➜ Explicit dependency on target 'IssueReporting' in project 'xctest-dynamic-overlay'
    Target 'IssueReporting' in project 'xctest-dynamic-overlay' (no dependencies)
    Target 'HTTPTypes' in project 'swift-http-types'
        ➜ Explicit dependency on target 'HTTPTypes' in project 'swift-http-types'
    Target 'HTTPTypes' in project 'swift-http-types' (no dependencies)
    Target 'ConcurrencyExtras' in project 'swift-concurrency-extras'
        ➜ Explicit dependency on target 'ConcurrencyExtras' in project 'swift-concurrency-extras'
    Target 'ConcurrencyExtras' in project 'swift-concurrency-extras' (no dependencies)
    Target 'PhoneInTheOtherRoomShieldAction' in project 'PhoneInTheOtherRoom' (no dependencies)
    Target 'PhoneInTheOtherRoomShieldConfiguration' in project 'PhoneInTheOtherRoom' (no dependencies)
    Target 'PhoneInTheOtherRoomDeviceActivityMonitor' in project 'PhoneInTheOtherRoom' (no dependencies)
    Target 'PhoneInTheOtherRoomScreenTimeReport' in project 'PhoneInTheOtherRoom' (no dependencies)
    Target 'PhoneInTheOtherRoomLiveActivity' in project 'PhoneInTheOtherRoom' (no dependencies)
    Target 'PhoneInTheOtherRoomWatchApp' in project 'PhoneInTheOtherRoom' (no dependencies)

GatherProvisioningInputs

CreateBuildDescription

ExecuteExternalTool /Applications/Xcode.app/Contents/Developer/usr/bin/actool --print-asset-tag-combinations --output-format xml1 /Users/ngawangchime/Desktop/Developer Projects/Phone in the Other Room/Assets.xcassets

ExecuteExternalTool /Applications/Xcode.app/Contents/Developer/usr/bin/actool --version --output-format xml1

ExecuteExternalTool /Applications/Xcode.app/Contents/Developer/Toolchains/XcodeDefault.xctoolchain/usr/bin/swiftc --version

ExecuteExternalTool /Applications/Xcode.app/Contents/Developer/Toolchains/XcodeDefault.xctoolchain/usr/bin/clang -v -E -dM -isysroot /Applications/Xcode.app/Contents/Developer/Platforms/WatchSimulator.platform/Developer/SDKs/WatchSimulator26.5.sdk -x c -c /dev/null

ExecuteExternalTool /Applications/Xcode.app/Contents/Developer/usr/bin/actool --print-asset-tag-combinations --output-format xml1 /Users/ngawangchime/Desktop/Developer Projects/Phone in the Other Room/Assets.xcassets

ExecuteExternalTool /Applications/Xcode.app/Contents/Developer/Toolchains/XcodeDefault.xctoolchain/usr/bin/clang -v -E -dM -isysroot /Applications/Xcode.app/Contents/Developer/Platforms/iPhoneSimulator.platform/Developer/SDKs/iPhoneSimulator26.5.sdk -x c -c /dev/null

ExecuteExternalTool /Applications/Xcode.app/Contents/Developer/Toolchains/XcodeDefault.xctoolchain/usr/bin/ld -version_details

ReadFileContents /Applications/Xcode.app/Contents/Developer/Toolchains/XcodeDefault.xctoolchain/usr/share/docc/features.json

Build description signature: 9c4d5c17c2e43b9175a8b51ffb1102d8
Build description path: /tmp/counting-sheep-coat-build/Build/Intermediates.noindex/XCBuildData/9c4d5c17c2e43b9175a8b51ffb1102d8.xcbuilddata
ClangStatCache /Applications/Xcode.app/Contents/Developer/Toolchains/XcodeDefault.xctoolchain/usr/bin/clang-stat-cache /Applications/Xcode.app/Contents/Developer/Platforms/iPhoneSimulator.platform/Developer/SDKs/iPhoneSimulator26.5.sdk /tmp/counting-sheep-coat-build/SDKStatCaches.noindex/iphonesimulator26.5-23F81a-6cfe768891a92b912361537c460fe42b.sdkstatcache
    cd /Users/ngawangchime/Desktop/Developer\ Projects/Phone\ in\ the\ Other\ Room/PhoneInTheOtherRoom.xcodeproj
    /Applications/Xcode.app/Contents/Developer/Toolchains/XcodeDefault.xctoolchain/usr/bin/clang-stat-cache /Applications/Xcode.app/Contents/Developer/Platforms/iPhoneSimulator.platform/Developer/SDKs/iPhoneSimulator26.5.sdk -o /tmp/counting-sheep-coat-build/SDKStatCaches.noindex/iphonesimulator26.5-23F81a-6cfe768891a92b912361537c460fe42b.sdkstatcache

ClangStatCache /Applications/Xcode.app/Contents/Developer/Toolchains/XcodeDefault.xctoolchain/usr/bin/clang-stat-cache /Applications/Xcode.app/Contents/Developer/Platforms/WatchSimulator.platform/Developer/SDKs/WatchSimulator26.5.sdk /tmp/counting-sheep-coat-build/SDKStatCaches.noindex/watchsimulator26.5-23T570-1651579a441f1322ae888f0ed545cb80.sdkstatcache
    cd /Users/ngawangchime/Desktop/Developer\ Projects/Phone\ in\ the\ Other\ Room/PhoneInTheOtherRoom.xcodeproj
    /Applications/Xcode.app/Contents/Developer/Toolchains/XcodeDefault.xctoolchain/usr/bin/clang-stat-cache /Applications/Xcode.app/Contents/Developer/Platforms/WatchSimulator.platform/Developer/SDKs/WatchSimulator26.5.sdk -o /tmp/counting-sheep-coat-build/SDKStatCaches.noindex/watchsimulator26.5-23T570-1651579a441f1322ae888f0ed545cb80.sdkstatcache

ProcessInfoPlistFile /tmp/counting-sheep-coat-build/Build/Products/Debug-iphonesimulator/swift-crypto_Crypto.bundle/Info.plist /tmp/counting-sheep-coat-build/Build/Intermediates.noindex/swift-crypto.build/Debug-iphonesimulator/swift-crypto_Crypto.build/empty-swift-crypto_Crypto.plist (in target 'swift-crypto_Crypto' from project 'swift-crypto')
    cd /tmp/counting-sheep-coat-build/SourcePackages/checkouts/swift-crypto
    builtin-infoPlistUtility /tmp/counting-sheep-coat-build/Build/Intermediates.noindex/swift-crypto.build/Debug-iphonesimulator/swift-crypto_Crypto.build/empty-swift-crypto_Crypto.plist -producttype com.apple.product-type.bundle -expandbuildsettings -format binary -platform iphonesimulator -o /tmp/counting-sheep-coat-build/Build/Products/Debug-iphonesimulator/swift-crypto_Crypto.bundle/Info.plist

ProcessProductPackaging /Users/ngawangchime/Desktop/Developer\ Projects/Phone\ in\ the\ Other\ Room/PhoneInTheOtherRoomShieldAction/PhoneInTheOtherRoomShieldAction.entitlements /tmp/counting-sheep-coat-build/Build/Intermediates.noindex/PhoneInTheOtherRoom.build/Debug-iphonesimulator/PhoneInTheOtherRoomShieldAction.build/Counting\ Sheep\ Wind\ Down\ Action.appex.xcent (in target 'PhoneInTheOtherRoomShieldAction' from project 'PhoneInTheOtherRoom')
    cd /Users/ngawangchime/Desktop/Developer\ Projects/Phone\ in\ the\ Other\ Room

    Entitlements:

    {
}

    builtin-productPackagingUtility /Users/ngawangchime/Desktop/Developer\ Projects/Phone\ in\ the\ Other\ Room/PhoneInTheOtherRoomShieldAction/PhoneInTheOtherRoomShieldAction.entitlements -entitlements -format xml -o /tmp/counting-sheep-coat-build/Build/Intermediates.noindex/PhoneInTheOtherRoom.build/Debug-iphonesimulator/PhoneInTheOtherRoomShieldAction.build/Counting\ Sheep\ Wind\ Down\ Action.appex.xcent

ProcessProductPackaging /Users/ngawangchime/Desktop/Developer\ Projects/Phone\ in\ the\ Other\ Room/PhoneInTheOtherRoomShieldConfiguration/PhoneInTheOtherRoomShieldConfiguration.entitlements /tmp/counting-sheep-coat-build/Build/Intermediates.noindex/PhoneInTheOtherRoom.build/Debug-iphonesimulator/PhoneInTheOtherRoomShieldConfiguration.build/Counting\ Sheep\ Wind\ Down\ Shield.appex.xcent (in target 'PhoneInTheOtherRoomShieldConfiguration' from project 'PhoneInTheOtherRoom')
    cd /Users/ngawangchime/Desktop/Developer\ Projects/Phone\ in\ the\ Other\ Room

    Entitlements:

    {
}

    builtin-productPackagingUtility /Users/ngawangchime/Desktop/Developer\ Projects/Phone\ in\ the\ Other\ Room/PhoneInTheOtherRoomShieldConfiguration/PhoneInTheOtherRoomShieldConfiguration.entitlements -entitlements -format xml -o /tmp/counting-sheep-coat-build/Build/Intermediates.noindex/PhoneInTheOtherRoom.build/Debug-iphonesimulator/PhoneInTheOtherRoomShieldConfiguration.build/Counting\ Sheep\ Wind\ Down\ Shield.appex.xcent

ProcessProductPackaging /Users/ngawangchime/Desktop/Developer\ Projects/Phone\ in\ the\ Other\ Room/PhoneInTheOtherRoomShieldConfiguration/PhoneInTheOtherRoomShieldConfiguration.entitlements /tmp/counting-sheep-coat-build/Build/Intermediates.noindex/PhoneInTheOtherRoom.build/Debug-iphonesimulator/PhoneInTheOtherRoomShieldConfiguration.build/Counting\ Sheep\ Wind\ Down\ Shield.appex-Simulated.xcent (in target 'PhoneInTheOtherRoomShieldConfiguration' from project 'PhoneInTheOtherRoom')
    cd /Users/ngawangchime/Desktop/Developer\ Projects/Phone\ in\ the\ Other\ Room

    Entitlements:

    {
    "application-identifier" = "4KZQPZR47B.com.ngawangchime.countingsheep.ShieldConfiguration";
    "com.apple.developer.family-controls" = 1;
    "com.apple.security.application-groups" =     (
        "group.com.ngawangchime.countingsheep"
    );
}

    builtin-productPackagingUtility /Users/ngawangchime/Desktop/Developer\ Projects/Phone\ in\ the\ Other\ Room/PhoneInTheOtherRoomShieldConfiguration/PhoneInTheOtherRoomShieldConfiguration.entitlements -entitlements -format xml -o /tmp/counting-sheep-coat-build/Build/Intermediates.noindex/PhoneInTheOtherRoom.build/Debug-iphonesimulator/PhoneInTheOtherRoomShieldConfiguration.build/Counting\ Sheep\ Wind\ Down\ Shield.appex-Simulated.xcent

ProcessProductPackaging /Users/ngawangchime/Desktop/Developer\ Projects/Phone\ in\ the\ Other\ Room/PhoneInTheOtherRoomShieldAction/PhoneInTheOtherRoomShieldAction.entitlements /tmp/counting-sheep-coat-build/Build/Intermediates.noindex/PhoneInTheOtherRoom.build/Debug-iphonesimulator/PhoneInTheOtherRoomShieldAction.build/Counting\ Sheep\ Wind\ Down\ Action.appex-Simulated.xcent (in target 'PhoneInTheOtherRoomShieldAction' from project 'PhoneInTheOtherRoom')
    cd /Users/ngawangchime/Desktop/Developer\ Projects/Phone\ in\ the\ Other\ Room

    Entitlements:

    {
    "application-identifier" = "4KZQPZR47B.com.ngawangchime.countingsheep.ShieldAction";
    "com.apple.developer.family-controls" = 1;
    "com.apple.security.application-groups" =     (
        "group.com.ngawangchime.countingsheep"
    );
}

    builtin-productPackagingUtility /Users/ngawangchime/Desktop/Developer\ Projects/Phone\ in\ the\ Other\ Room/PhoneInTheOtherRoomShieldAction/PhoneInTheOtherRoomShieldAction.entitlements -entitlements -format xml -o /tmp/counting-sheep-coat-build/Build/Intermediates.noindex/PhoneInTheOtherRoom.build/Debug-iphonesimulator/PhoneInTheOtherRoomShieldAction.build/Counting\ Sheep\ Wind\ Down\ Action.appex-Simulated.xcent

WriteAuxiliaryFile /tmp/counting-sheep-coat-build/Build/Intermediates.noindex/PhoneInTheOtherRoom.build/Debug-watchsimulator/PhoneInTheOtherRoomWatchApp.build/Objects-normal/arm64/PhoneInTheOtherRoomWatchApp-OutputFileMap.json (in target 'PhoneInTheOtherRoomWatchApp' from project 'PhoneInTheOtherRoom')
    cd /Users/ngawangchime/Desktop/Developer\ Projects/Phone\ in\ the\ Other\ Room
    write-file /tmp/counting-sheep-coat-build/Build/Intermediates.noindex/PhoneInTheOtherRoom.build/Debug-watchsimulator/PhoneInTheOtherRoomWatchApp.build/Objects-normal/arm64/PhoneInTheOtherRoomWatchApp-OutputFileMap.json

WriteAuxiliaryFile /tmp/counting-sheep-coat-build/Build/Intermediates.noindex/PhoneInTheOtherRoom.build/Debug-watchsimulator/PhoneInTheOtherRoomWatchApp.build/Objects-normal/arm64/Counting\ Sheep\ Watch.SwiftFileList (in target 'PhoneInTheOtherRoomWatchApp' from project 'PhoneInTheOtherRoom')
    cd /Users/ngawangchime/Desktop/Developer\ Projects/Phone\ in\ the\ Other\ Room
    write-file /tmp/counting-sheep-coat-build/Build/Intermediates.noindex/PhoneInTheOtherRoom.build/Debug-watchsimulator/PhoneInTheOtherRoomWatchApp.build/Objects-normal/arm64/Counting\ Sheep\ Watch.SwiftFileList

WriteAuxiliaryFile /tmp/counting-sheep-coat-build/Build/Intermediates.noindex/PhoneInTheOtherRoom.build/Debug-watchsimulator/PhoneInTheOtherRoomWatchApp.build/Objects-normal/arm64/Counting\ Sheep\ Watch.SwiftConstValuesFileList (in target 'PhoneInTheOtherRoomWatchApp' from project 'PhoneInTheOtherRoom')
    cd /Users/ngawangchime/Desktop/Developer\ Projects/Phone\ in\ the\ Other\ Room
    write-file /tmp/counting-sheep-coat-build/Build/Intermediates.noindex/PhoneInTheOtherRoom.build/Debug-watchsimulator/PhoneInTheOtherRoomWatchApp.build/Objects-normal/arm64/Counting\ Sheep\ Watch.SwiftConstValuesFileList

WriteAuxiliaryFile /tmp/counting-sheep-coat-build/Build/Intermediates.noindex/PhoneInTheOtherRoom.build/Debug-watchsimulator/PhoneInTheOtherRoomWatchApp.build/Objects-normal/arm64/Counting\ Sheep\ Watch.LinkFileList (in target 'PhoneInTheOtherRoomWatchApp' from project 'PhoneInTheOtherRoom')
    cd /Users/ngawangchime/Desktop/Developer\ Projects/Phone\ in\ the\ Other\ Room
    write-file /tmp/counting-sheep-coat-build/Build/Intermediates.noindex/PhoneInTheOtherRoom.build/Debug-watchsimulator/PhoneInTheOtherRoomWatchApp.build/Objects-normal/arm64/Counting\ Sheep\ Watch.LinkFileList

WriteAuxiliaryFile /tmp/counting-sheep-coat-build/Build/Intermediates.noindex/PhoneInTheOtherRoom.build/Debug-iphonesimulator/PhoneInTheOtherRoomScreenTimeReport.build/Objects-normal/arm64/PhoneInTheOtherRoomScreenTimeReport-OutputFileMap.json (in target 'PhoneInTheOtherRoomScreenTimeReport' from project 'PhoneInTheOtherRoom')
    cd /Users/ngawangchime/Desktop/Developer\ Projects/Phone\ in\ the\ Other\ Room
    write-file /tmp/counting-sheep-coat-build/Build/Intermediates.noindex/PhoneInTheOtherRoom.build/Debug-iphonesimulator/PhoneInTheOtherRoomScreenTimeReport.build/Objects-normal/arm64/PhoneInTheOtherRoomScreenTimeReport-OutputFileMap.json

WriteAuxiliaryFile /tmp/counting-sheep-coat-build/Build/Intermediates.noindex/PhoneInTheOtherRoom.build/Debug-iphonesimulator/PhoneInTheOtherRoomScreenTimeReport.build/Objects-normal/arm64/Counting\ Sheep\ Screen\ Time\ Report.SwiftFileList (in target 'PhoneInTheOtherRoomScreenTimeReport' from project 'PhoneInTheOtherRoom')
    cd /Users/ngawangchime/Desktop/Developer\ Projects/Phone\ in\ the\ Other\ Room
    write-file /tmp/counting-sheep-coat-build/Build/Intermediates.noindex/PhoneInTheOtherRoom.build/Debug-iphonesimulator/PhoneInTheOtherRoomScreenTimeReport.build/Objects-normal/arm64/Counting\ Sheep\ Screen\ Time\ Report.SwiftFileList

WriteAuxiliaryFile /tmp/counting-sheep-coat-build/Build/Intermediates.noindex/PhoneInTheOtherRoom.build/Debug-iphonesimulator/PhoneInTheOtherRoomScreenTimeReport.build/Objects-normal/arm64/Counting\ Sheep\ Screen\ Time\ Report.SwiftConstValuesFileList (in target 'PhoneInTheOtherRoomScreenTimeReport' from project 'PhoneInTheOtherRoom')
    cd /Users/ngawangchime/Desktop/Developer\ Projects/Phone\ in\ the\ Other\ Room
    write-file /tmp/counting-sheep-coat-build/Build/Intermediates.noindex/PhoneInTheOtherRoom.build/Debug-iphonesimulator/PhoneInTheOtherRoomScreenTimeReport.build/Objects-normal/arm64/Counting\ Sheep\ Screen\ Time\ Report.SwiftConstValuesFileList

WriteAuxiliaryFile /tmp/counting-sheep-coat-build/Build/Intermediates.noindex/PhoneInTheOtherRoom.build/Debug-iphonesimulator/PhoneInTheOtherRoomScreenTimeReport.build/Objects-normal/arm64/Counting\ Sheep\ Screen\ Time\ Report.LinkFileList (in target 'PhoneInTheOtherRoomScreenTimeReport' from project 'PhoneInTheOtherRoom')
    cd /Users/ngawangchime/Desktop/Developer\ Projects/Phone\ in\ the\ Other\ Room
    write-file /tmp/counting-sheep-coat-build/Build/Intermediates.noindex/PhoneInTheOtherRoom.build/Debug-iphonesimulator/PhoneInTheOtherRoomScreenTimeReport.build/Objects-normal/arm64/Counting\ Sheep\ Screen\ Time\ Report.LinkFileList

WriteAuxiliaryFile /tmp/counting-sheep-coat-build/Build/Intermediates.noindex/PhoneInTheOtherRoom.build/Debug-iphonesimulator/PhoneInTheOtherRoomLiveActivity.build/Objects-normal/arm64/PhoneInTheOtherRoomLiveActivity-OutputFileMap.json (in target 'PhoneInTheOtherRoomLiveActivity' from project 'PhoneInTheOtherRoom')
    cd /Users/ngawangchime/Desktop/Developer\ Projects/Phone\ in\ the\ Other\ Room
    write-file /tmp/counting-sheep-coat-build/Build/Intermediates.noindex/PhoneInTheOtherRoom.build/Debug-iphonesimulator/PhoneInTheOtherRoomLiveActivity.build/Objects-normal/arm64/PhoneInTheOtherRoomLiveActivity-OutputFileMap.json

WriteAuxiliaryFile /tmp/counting-sheep-coat-build/Build/Intermediates.noindex/PhoneInTheOtherRoom.build/Debug-iphonesimulator/PhoneInTheOtherRoomLiveActivity.build/Objects-normal/arm64/Counting\ Sheep\ Live\ Activity.SwiftFileList (in target 'PhoneInTheOtherRoomLiveActivity' from project 'PhoneInTheOtherRoom')
    cd /Users/ngawangchime/Desktop/Developer\ Projects/Phone\ in\ the\ Other\ Room
    write-file /tmp/counting-sheep-coat-build/Build/Intermediates.noindex/PhoneInTheOtherRoom.build/Debug-iphonesimulator/PhoneInTheOtherRoomLiveActivity.build/Objects-normal/arm64/Counting\ Sheep\ Live\ Activity.SwiftFileList

WriteAuxiliaryFile /tmp/counting-sheep-coat-build/Build/Intermediates.noindex/PhoneInTheOtherRoom.build/Debug-iphonesimulator/PhoneInTheOtherRoomLiveActivity.build/Objects-normal/arm64/Counting\ Sheep\ Live\ Activity.SwiftConstValuesFileList (in target 'PhoneInTheOtherRoomLiveActivity' from project 'PhoneInTheOtherRoom')
    cd /Users/ngawangchime/Desktop/Developer\ Projects/Phone\ in\ the\ Other\ Room
    write-file /tmp/counting-sheep-coat-build/Build/Intermediates.noindex/PhoneInTheOtherRoom.build/Debug-iphonesimulator/PhoneInTheOtherRoomLiveActivity.build/Objects-normal/arm64/Counting\ Sheep\ Live\ Activity.SwiftConstValuesFileList

WriteAuxiliaryFile /tmp/counting-sheep-coat-build/Build/Intermediates.noindex/PhoneInTheOtherRoom.build/Debug-iphonesimulator/PhoneInTheOtherRoomLiveActivity.build/Objects-normal/arm64/Counting\ Sheep\ Live\ Activity.LinkFileList (in target 'PhoneInTheOtherRoomLiveActivity' from project 'PhoneInTheOtherRoom')
    cd /Users/ngawangchime/Desktop/Developer\ Projects/Phone\ in\ the\ Other\ Room
    write-file /tmp/counting-sheep-coat-build/Build/Intermediates.noindex/PhoneInTheOtherRoom.build/Debug-iphonesimulator/PhoneInTheOtherRoomLiveActivity.build/Objects-normal/arm64/Counting\ Sheep\ Live\ Activity.LinkFileList

WriteAuxiliaryFile /tmp/counting-sheep-coat-build/Build/Intermediates.noindex/PhoneInTheOtherRoom.build/Debug-iphonesimulator/PhoneInTheOtherRoomDeviceActivityMonitor.build/Objects-normal/arm64/PhoneInTheOtherRoomDeviceActivityMonitor-OutputFileMap.json (in target 'PhoneInTheOtherRoomDeviceActivityMonitor' from project 'PhoneInTheOtherRoom')
    cd /Users/ngawangchime/Desktop/Developer\ Projects/Phone\ in\ the\ Other\ Room
    write-file /tmp/counting-sheep-coat-build/Build/Intermediates.noindex/PhoneInTheOtherRoom.build/Debug-iphonesimulator/PhoneInTheOtherRoomDeviceActivityMonitor.build/Objects-normal/arm64/PhoneInTheOtherRoomDeviceActivityMonitor-OutputFileMap.json

WriteAuxiliaryFile /tmp/counting-sheep-coat-build/Build/Intermediates.noindex/PhoneInTheOtherRoom.build/Debug-iphonesimulator/PhoneInTheOtherRoomDeviceActivityMonitor.build/Objects-normal/arm64/Counting\ Sheep\ Wind\ Down\ Monitor.SwiftFileList (in target 'PhoneInTheOtherRoomDeviceActivityMonitor' from project 'PhoneInTheOtherRoom')
    cd /Users/ngawangchime/Desktop/Developer\ Projects/Phone\ in\ the\ Other\ Room
    write-file /tmp/counting-sheep-coat-build/Build/Intermediates.noindex/PhoneInTheOtherRoom.build/Debug-iphonesimulator/PhoneInTheOtherRoomDeviceActivityMonitor.build/Objects-normal/arm64/Counting\ Sheep\ Wind\ Down\ Monitor.SwiftFileList

WriteAuxiliaryFile /tmp/counting-sheep-coat-build/Build/Intermediates.noindex/PhoneInTheOtherRoom.build/Debug-iphonesimulator/PhoneInTheOtherRoomDeviceActivityMonitor.build/Objects-normal/arm64/Counting\ Sheep\ Wind\ Down\ Monitor.SwiftConstValuesFileList (in target 'PhoneInTheOtherRoomDeviceActivityMonitor' from project 'PhoneInTheOtherRoom')
    cd /Users/ngawangchime/Desktop/Developer\ Projects/Phone\ in\ the\ Other\ Room
    write-file /tmp/counting-sheep-coat-build/Build/Intermediates.noindex/PhoneInTheOtherRoom.build/Debug-iphonesimulator/PhoneInTheOtherRoomDeviceActivityMonitor.build/Objects-normal/arm64/Counting\ Sheep\ Wind\ Down\ Monitor.SwiftConstValuesFileList

WriteAuxiliaryFile /tmp/counting-sheep-coat-build/Build/Intermediates.noindex/PhoneInTheOtherRoom.build/Debug-iphonesimulator/PhoneInTheOtherRoomDeviceActivityMonitor.build/Objects-normal/arm64/Counting\ Sheep\ Wind\ Down\ Monitor.LinkFileList (in target 'PhoneInTheOtherRoomDeviceActivityMonitor' from project 'PhoneInTheOtherRoom')
    cd /Users/ngawangchime/Desktop/Developer\ Projects/Phone\ in\ the\ Other\ Room
    write-file /tmp/counting-sheep-coat-build/Build/Intermediates.noindex/PhoneInTheOtherRoom.build/Debug-iphonesimulator/PhoneInTheOtherRoomDeviceActivityMonitor.build/Objects-normal/arm64/Counting\ Sheep\ Wind\ Down\ Monitor.LinkFileList

WriteAuxiliaryFile /tmp/counting-sheep-coat-build/Build/Intermediates.noindex/PhoneInTheOtherRoom.build/Debug-iphonesimulator/PhoneInTheOtherRoom.build/Objects-normal/arm64/PhoneInTheOtherRoom-OutputFileMap.json (in target 'PhoneInTheOtherRoom' from project 'PhoneInTheOtherRoom')
    cd /Users/ngawangchime/Desktop/Developer\ Projects/Phone\ in\ the\ Other\ Room
    write-file /tmp/counting-sheep-coat-build/Build/Intermediates.noindex/PhoneInTheOtherRoom.build/Debug-iphonesimulator/PhoneInTheOtherRoom.build/Objects-normal/arm64/PhoneInTheOtherRoom-OutputFileMap.json

WriteAuxiliaryFile /tmp/counting-sheep-coat-build/Build/Intermediates.noindex/PhoneInTheOtherRoom.build/Debug-iphonesimulator/PhoneInTheOtherRoom.build/Objects-normal/arm64/Counting\ Sheep.SwiftFileList (in target 'PhoneInTheOtherRoom' from project 'PhoneInTheOtherRoom')
    cd /Users/ngawangchime/Desktop/Developer\ Projects/Phone\ in\ the\ Other\ Room
    write-file /tmp/counting-sheep-coat-build/Build/Intermediates.noindex/PhoneInTheOtherRoom.build/Debug-iphonesimulator/PhoneInTheOtherRoom.build/Objects-normal/arm64/Counting\ Sheep.SwiftFileList

WriteAuxiliaryFile /tmp/counting-sheep-coat-build/Build/Intermediates.noindex/PhoneInTheOtherRoom.build/Debug-iphonesimulator/PhoneInTheOtherRoom.build/Objects-normal/arm64/Counting\ Sheep.SwiftConstValuesFileList (in target 'PhoneInTheOtherRoom' from project 'PhoneInTheOtherRoom')
    cd /Users/ngawangchime/Desktop/Developer\ Projects/Phone\ in\ the\ Other\ Room
    write-file /tmp/counting-sheep-coat-build/Build/Intermediates.noindex/PhoneInTheOtherRoom.build/Debug-iphonesimulator/PhoneInTheOtherRoom.build/Objects-normal/arm64/Counting\ Sheep.SwiftConstValuesFileList

WriteAuxiliaryFile /tmp/counting-sheep-coat-build/Build/Intermediates.noindex/PhoneInTheOtherRoom.build/Debug-iphonesimulator/PhoneInTheOtherRoom.build/Objects-normal/arm64/Counting\ Sheep.LinkFileList (in target 'PhoneInTheOtherRoom' from project 'PhoneInTheOtherRoom')
    cd /Users/ngawangchime/Desktop/Developer\ Projects/Phone\ in\ the\ Other\ Room
    write-file /tmp/counting-sheep-coat-build/Build/Intermediates.noindex/PhoneInTheOtherRoom.build/Debug-iphonesimulator/PhoneInTheOtherRoom.build/Objects-normal/arm64/Counting\ Sheep.LinkFileList

ProcessProductPackaging /Users/ngawangchime/Desktop/Developer\ Projects/Phone\ in\ the\ Other\ Room/PhoneInTheOtherRoomWatchApp/PhoneInTheOtherRoomWatchApp.entitlements /tmp/counting-sheep-coat-build/Build/Intermediates.noindex/PhoneInTheOtherRoom.build/Debug-watchsimulator/PhoneInTheOtherRoomWatchApp.build/Counting\ Sheep\ Watch.app.xcent (in target 'PhoneInTheOtherRoomWatchApp' from project 'PhoneInTheOtherRoom')
    cd /Users/ngawangchime/Desktop/Developer\ Projects/Phone\ in\ the\ Other\ Room

    Entitlements:

    {
}

    builtin-productPackagingUtility /Users/ngawangchime/Desktop/Developer\ Projects/Phone\ in\ the\ Other\ Room/PhoneInTheOtherRoomWatchApp/PhoneInTheOtherRoomWatchApp.entitlements -entitlements -format xml -o /tmp/counting-sheep-coat-build/Build/Intermediates.noindex/PhoneInTheOtherRoom.build/Debug-watchsimulator/PhoneInTheOtherRoomWatchApp.build/Counting\ Sheep\ Watch.app.xcent

ProcessProductPackaging /Users/ngawangchime/Desktop/Developer\ Projects/Phone\ in\ the\ Other\ Room/PhoneInTheOtherRoomWatchApp/PhoneInTheOtherRoomWatchApp.entitlements /tmp/counting-sheep-coat-build/Build/Intermediates.noindex/PhoneInTheOtherRoom.build/Debug-watchsimulator/PhoneInTheOtherRoomWatchApp.build/Counting\ Sheep\ Watch.app-Simulated.xcent (in target 'PhoneInTheOtherRoomWatchApp' from project 'PhoneInTheOtherRoom')
    cd /Users/ngawangchime/Desktop/Developer\ Projects/Phone\ in\ the\ Other\ Room

    Entitlements:

    {
    "application-identifier" = "4KZQPZR47B.com.ngawangchime.countingsheep.watchkitapp";
}

    builtin-productPackagingUtility /Users/ngawangchime/Desktop/Developer\ Projects/Phone\ in\ the\ Other\ Room/PhoneInTheOtherRoomWatchApp/PhoneInTheOtherRoomWatchApp.entitlements -entitlements -format xml -o /tmp/counting-sheep-coat-build/Build/Intermediates.noindex/PhoneInTheOtherRoom.build/Debug-watchsimulator/PhoneInTheOtherRoomWatchApp.build/Counting\ Sheep\ Watch.app-Simulated.xcent

ProcessProductPackagingDER /tmp/counting-sheep-coat-build/Build/Intermediates.noindex/PhoneInTheOtherRoom.build/Debug-iphonesimulator/PhoneInTheOtherRoomShieldConfiguration.build/Counting\ Sheep\ Wind\ Down\ Shield.appex.xcent /tmp/counting-sheep-coat-build/Build/Intermediates.noindex/PhoneInTheOtherRoom.build/Debug-iphonesimulator/PhoneInTheOtherRoomShieldConfiguration.build/Counting\ Sheep\ Wind\ Down\ Shield.appex.xcent.der (in target 'PhoneInTheOtherRoomShieldConfiguration' from project 'PhoneInTheOtherRoom')
    cd /Users/ngawangchime/Desktop/Developer\ Projects/Phone\ in\ the\ Other\ Room
    /usr/bin/derq query -f xml -i /tmp/counting-sheep-coat-build/Build/Intermediates.noindex/PhoneInTheOtherRoom.build/Debug-iphonesimulator/PhoneInTheOtherRoomShieldConfiguration.build/Counting\ Sheep\ Wind\ Down\ Shield.appex.xcent -o /tmp/counting-sheep-coat-build/Build/Intermediates.noindex/PhoneInTheOtherRoom.build/Debug-iphonesimulator/PhoneInTheOtherRoomShieldConfiguration.build/Counting\ Sheep\ Wind\ Down\ Shield.appex.xcent.der --raw

ProcessProductPackagingDER /tmp/counting-sheep-coat-build/Build/Intermediates.noindex/PhoneInTheOtherRoom.build/Debug-iphonesimulator/PhoneInTheOtherRoomShieldConfiguration.build/Counting\ Sheep\ Wind\ Down\ Shield.appex-Simulated.xcent /tmp/counting-sheep-coat-build/Build/Intermediates.noindex/PhoneInTheOtherRoom.build/Debug-iphonesimulator/PhoneInTheOtherRoomShieldConfiguration.build/Counting\ Sheep\ Wind\ Down\ Shield.appex-Simulated.xcent.der (in target 'PhoneInTheOtherRoomShieldConfiguration' from project 'PhoneInTheOtherRoom')
    cd /Users/ngawangchime/Desktop/Developer\ Projects/Phone\ in\ the\ Other\ Room
    /usr/bin/derq query -f xml -i /tmp/counting-sheep-coat-build/Build/Intermediates.noindex/PhoneInTheOtherRoom.build/Debug-iphonesimulator/PhoneInTheOtherRoomShieldConfiguration.build/Counting\ Sheep\ Wind\ Down\ Shield.appex-Simulated.xcent -o /tmp/counting-sheep-coat-build/Build/Intermediates.noindex/PhoneInTheOtherRoom.build/Debug-iphonesimulator/PhoneInTheOtherRoomShieldConfiguration.build/Counting\ Sheep\ Wind\ Down\ Shield.appex-Simulated.xcent.der --raw

ProcessProductPackagingDER /tmp/counting-sheep-coat-build/Build/Intermediates.noindex/PhoneInTheOtherRoom.build/Debug-iphonesimulator/PhoneInTheOtherRoomShieldAction.build/Counting\ Sheep\ Wind\ Down\ Action.appex.xcent /tmp/counting-sheep-coat-build/Build/Intermediates.noindex/PhoneInTheOtherRoom.build/Debug-iphonesimulator/PhoneInTheOtherRoomShieldAction.build/Counting\ Sheep\ Wind\ Down\ Action.appex.xcent.der (in target 'PhoneInTheOtherRoomShieldAction' from project 'PhoneInTheOtherRoom')
    cd /Users/ngawangchime/Desktop/Developer\ Projects/Phone\ in\ the\ Other\ Room
    /usr/bin/derq query -f xml -i /tmp/counting-sheep-coat-build/Build/Intermediates.noindex/PhoneInTheOtherRoom.build/Debug-iphonesimulator/PhoneInTheOtherRoomShieldAction.build/Counting\ Sheep\ Wind\ Down\ Action.appex.xcent -o /tmp/counting-sheep-coat-build/Build/Intermediates.noindex/PhoneInTheOtherRoom.build/Debug-iphonesimulator/PhoneInTheOtherRoomShieldAction.build/Counting\ Sheep\ Wind\ Down\ Action.appex.xcent.der --raw

ProcessProductPackagingDER /tmp/counting-sheep-coat-build/Build/Intermediates.noindex/PhoneInTheOtherRoom.build/Debug-iphonesimulator/PhoneInTheOtherRoomShieldAction.build/Counting\ Sheep\ Wind\ Down\ Action.appex-Simulated.xcent /tmp/counting-sheep-coat-build/Build/Intermediates.noindex/PhoneInTheOtherRoom.build/Debug-iphonesimulator/PhoneInTheOtherRoomShieldAction.build/Counting\ Sheep\ Wind\ Down\ Action.appex-Simulated.xcent.der (in target 'PhoneInTheOtherRoomShieldAction' from project 'PhoneInTheOtherRoom')
    cd /Users/ngawangchime/Desktop/Developer\ Projects/Phone\ in\ the\ Other\ Room
    /usr/bin/derq query -f xml -i /tmp/counting-sheep-coat-build/Build/Intermediates.noindex/PhoneInTheOtherRoom.build/Debug-iphonesimulator/PhoneInTheOtherRoomShieldAction.build/Counting\ Sheep\ Wind\ Down\ Action.appex-Simulated.xcent -o /tmp/counting-sheep-coat-build/Build/Intermediates.noindex/PhoneInTheOtherRoom.build/Debug-iphonesimulator/PhoneInTheOtherRoomShieldAction.build/Counting\ Sheep\ Wind\ Down\ Action.appex-Simulated.xcent.der --raw

ProcessProductPackaging /Users/ngawangchime/Desktop/Developer\ Projects/Phone\ in\ the\ Other\ Room/PhoneInTheOtherRoomScreenTimeReport/PhoneInTheOtherRoomScreenTimeReport.entitlements /tmp/counting-sheep-coat-build/Build/Intermediates.noindex/PhoneInTheOtherRoom.build/Debug-iphonesimulator/PhoneInTheOtherRoomScreenTimeReport.build/Counting\ Sheep\ Screen\ Time\ Report.appex.xcent (in target 'PhoneInTheOtherRoomScreenTimeReport' from project 'PhoneInTheOtherRoom')
    cd /Users/ngawangchime/Desktop/Developer\ Projects/Phone\ in\ the\ Other\ Room

    Entitlements:

    {
}

    builtin-productPackagingUtility /Users/ngawangchime/Desktop/Developer\ Projects/Phone\ in\ the\ Other\ Room/PhoneInTheOtherRoomScreenTimeReport/PhoneInTheOtherRoomScreenTimeReport.entitlements -entitlements -format xml -o /tmp/counting-sheep-coat-build/Build/Intermediates.noindex/PhoneInTheOtherRoom.build/Debug-iphonesimulator/PhoneInTheOtherRoomScreenTimeReport.build/Counting\ Sheep\ Screen\ Time\ Report.appex.xcent

ProcessProductPackaging /Users/ngawangchime/Desktop/Developer\ Projects/Phone\ in\ the\ Other\ Room/PhoneInTheOtherRoomScreenTimeReport/PhoneInTheOtherRoomScreenTimeReport.entitlements /tmp/counting-sheep-coat-build/Build/Intermediates.noindex/PhoneInTheOtherRoom.build/Debug-iphonesimulator/PhoneInTheOtherRoomScreenTimeReport.build/Counting\ Sheep\ Screen\ Time\ Report.appex-Simulated.xcent (in target 'PhoneInTheOtherRoomScreenTimeReport' from project 'PhoneInTheOtherRoom')
    cd /Users/ngawangchime/Desktop/Developer\ Projects/Phone\ in\ the\ Other\ Room

    Entitlements:

    {
    "application-identifier" = "4KZQPZR47B.com.ngawangchime.countingsheep.ScreenTimeReport";
    "com.apple.developer.family-controls" = 1;
    "com.apple.security.application-groups" =     (
        "group.com.ngawangchime.countingsheep"
    );
}

    builtin-productPackagingUtility /Users/ngawangchime/Desktop/Developer\ Projects/Phone\ in\ the\ Other\ Room/PhoneInTheOtherRoomScreenTimeReport/PhoneInTheOtherRoomScreenTimeReport.entitlements -entitlements -format xml -o /tmp/counting-sheep-coat-build/Build/Intermediates.noindex/PhoneInTheOtherRoom.build/Debug-iphonesimulator/PhoneInTheOtherRoomScreenTimeReport.build/Counting\ Sheep\ Screen\ Time\ Report.appex-Simulated.xcent

ProcessProductPackaging /Users/ngawangchime/Desktop/Developer\ Projects/Phone\ in\ the\ Other\ Room/PhoneInTheOtherRoomLiveActivity/PhoneInTheOtherRoomLiveActivity.entitlements /tmp/counting-sheep-coat-build/Build/Intermediates.noindex/PhoneInTheOtherRoom.build/Debug-iphonesimulator/PhoneInTheOtherRoomLiveActivity.build/Counting\ Sheep\ Live\ Activity.appex.xcent (in target 'PhoneInTheOtherRoomLiveActivity' from project 'PhoneInTheOtherRoom')
    cd /Users/ngawangchime/Desktop/Developer\ Projects/Phone\ in\ the\ Other\ Room

    Entitlements:

    {
}

    builtin-productPackagingUtility /Users/ngawangchime/Desktop/Developer\ Projects/Phone\ in\ the\ Other\ Room/PhoneInTheOtherRoomLiveActivity/PhoneInTheOtherRoomLiveActivity.entitlements -entitlements -format xml -o /tmp/counting-sheep-coat-build/Build/Intermediates.noindex/PhoneInTheOtherRoom.build/Debug-iphonesimulator/PhoneInTheOtherRoomLiveActivity.build/Counting\ Sheep\ Live\ Activity.appex.xcent

ProcessProductPackaging /Users/ngawangchime/Desktop/Developer\ Projects/Phone\ in\ the\ Other\ Room/PhoneInTheOtherRoomLiveActivity/PhoneInTheOtherRoomLiveActivity.entitlements /tmp/counting-sheep-coat-build/Build/Intermediates.noindex/PhoneInTheOtherRoom.build/Debug-iphonesimulator/PhoneInTheOtherRoomLiveActivity.build/Counting\ Sheep\ Live\ Activity.appex-Simulated.xcent (in target 'PhoneInTheOtherRoomLiveActivity' from project 'PhoneInTheOtherRoom')
    cd /Users/ngawangchime/Desktop/Developer\ Projects/Phone\ in\ the\ Other\ Room

    Entitlements:

    {
    "application-identifier" = "4KZQPZR47B.com.ngawangchime.countingsheep.liveactivity";
    "com.apple.security.application-groups" =     (
        "group.com.ngawangchime.countingsheep"
    );
}

    builtin-productPackagingUtility /Users/ngawangchime/Desktop/Developer\ Projects/Phone\ in\ the\ Other\ Room/PhoneInTheOtherRoomLiveActivity/PhoneInTheOtherRoomLiveActivity.entitlements -entitlements -format xml -o /tmp/counting-sheep-coat-build/Build/Intermediates.noindex/PhoneInTheOtherRoom.build/Debug-iphonesimulator/PhoneInTheOtherRoomLiveActivity.build/Counting\ Sheep\ Live\ Activity.appex-Simulated.xcent

ProcessProductPackaging /Users/ngawangchime/Desktop/Developer\ Projects/Phone\ in\ the\ Other\ Room/PhoneInTheOtherRoomDeviceActivityMonitor/PhoneInTheOtherRoomDeviceActivityMonitor.entitlements /tmp/counting-sheep-coat-build/Build/Intermediates.noindex/PhoneInTheOtherRoom.build/Debug-iphonesimulator/PhoneInTheOtherRoomDeviceActivityMonitor.build/Counting\ Sheep\ Wind\ Down\ Monitor.appex.xcent (in target 'PhoneInTheOtherRoomDeviceActivityMonitor' from project 'PhoneInTheOtherRoom')
    cd /Users/ngawangchime/Desktop/Developer\ Projects/Phone\ in\ the\ Other\ Room

    Entitlements:

    {
}

    builtin-productPackagingUtility /Users/ngawangchime/Desktop/Developer\ Projects/Phone\ in\ the\ Other\ Room/PhoneInTheOtherRoomDeviceActivityMonitor/PhoneInTheOtherRoomDeviceActivityMonitor.entitlements -entitlements -format xml -o /tmp/counting-sheep-coat-build/Build/Intermediates.noindex/PhoneInTheOtherRoom.build/Debug-iphonesimulator/PhoneInTheOtherRoomDeviceActivityMonitor.build/Counting\ Sheep\ Wind\ Down\ Monitor.appex.xcent

ProcessProductPackaging /Users/ngawangchime/Desktop/Developer\ Projects/Phone\ in\ the\ Other\ Room/PhoneInTheOtherRoomDeviceActivityMonitor/PhoneInTheOtherRoomDeviceActivityMonitor.entitlements /tmp/counting-sheep-coat-build/Build/Intermediates.noindex/PhoneInTheOtherRoom.build/Debug-iphonesimulator/PhoneInTheOtherRoomDeviceActivityMonitor.build/Counting\ Sheep\ Wind\ Down\ Monitor.appex-Simulated.xcent (in target 'PhoneInTheOtherRoomDeviceActivityMonitor' from project 'PhoneInTheOtherRoom')
    cd /Users/ngawangchime/Desktop/Developer\ Projects/Phone\ in\ the\ Other\ Room

    Entitlements:

    {
    "application-identifier" = "4KZQPZR47B.com.ngawangchime.countingsheep.DeviceActivityMonitor";
    "com.apple.developer.family-controls" = 1;
    "com.apple.security.application-groups" =     (
        "group.com.ngawangchime.countingsheep"
    );
}

    builtin-productPackagingUtility /Users/ngawangchime/Desktop/Developer\ Projects/Phone\ in\ the\ Other\ Room/PhoneInTheOtherRoomDeviceActivityMonitor/PhoneInTheOtherRoomDeviceActivityMonitor.entitlements -entitlements -format xml -o /tmp/counting-sheep-coat-build/Build/Intermediates.noindex/PhoneInTheOtherRoom.build/Debug-iphonesimulator/PhoneInTheOtherRoomDeviceActivityMonitor.build/Counting\ Sheep\ Wind\ Down\ Monitor.appex-Simulated.xcent

ProcessProductPackagingDER /tmp/counting-sheep-coat-build/Build/Intermediates.noindex/PhoneInTheOtherRoom.build/Debug-watchsimulator/PhoneInTheOtherRoomWatchApp.build/Counting\ Sheep\ Watch.app.xcent /tmp/counting-sheep-coat-build/Build/Intermediates.noindex/PhoneInTheOtherRoom.build/Debug-watchsimulator/PhoneInTheOtherRoomWatchApp.build/Counting\ Sheep\ Watch.app.xcent.der (in target 'PhoneInTheOtherRoomWatchApp' from project 'PhoneInTheOtherRoom')
    cd /Users/ngawangchime/Desktop/Developer\ Projects/Phone\ in\ the\ Other\ Room
    /usr/bin/derq query -f xml -i /tmp/counting-sheep-coat-build/Build/Intermediates.noindex/PhoneInTheOtherRoom.build/Debug-watchsimulator/PhoneInTheOtherRoomWatchApp.build/Counting\ Sheep\ Watch.app.xcent -o /tmp/counting-sheep-coat-build/Build/Intermediates.noindex/PhoneInTheOtherRoom.build/Debug-watchsimulator/PhoneInTheOtherRoomWatchApp.build/Counting\ Sheep\ Watch.app.xcent.der --raw

ProcessProductPackagingDER /tmp/counting-sheep-coat-build/Build/Intermediates.noindex/PhoneInTheOtherRoom.build/Debug-watchsimulator/PhoneInTheOtherRoomWatchApp.build/Counting\ Sheep\ Watch.app-Simulated.xcent /tmp/counting-sheep-coat-build/Build/Intermediates.noindex/PhoneInTheOtherRoom.build/Debug-watchsimulator/PhoneInTheOtherRoomWatchApp.build/Counting\ Sheep\ Watch.app-Simulated.xcent.der (in target 'PhoneInTheOtherRoomWatchApp' from project 'PhoneInTheOtherRoom')
    cd /Users/ngawangchime/Desktop/Developer\ Projects/Phone\ in\ the\ Other\ Room
    /usr/bin/derq query -f xml -i /tmp/counting-sheep-coat-build/Build/Intermediates.noindex/PhoneInTheOtherRoom.build/Debug-watchsimulator/PhoneInTheOtherRoomWatchApp.build/Counting\ Sheep\ Watch.app-Simulated.xcent -o /tmp/counting-sheep-coat-build/Build/Intermediates.noindex/PhoneInTheOtherRoom.build/Debug-watchsimulator/PhoneInTheOtherRoomWatchApp.build/Counting\ Sheep\ Watch.app-Simulated.xcent.der --raw

ProcessProductPackagingDER /tmp/counting-sheep-coat-build/Build/Intermediates.noindex/PhoneInTheOtherRoom.build/Debug-iphonesimulator/PhoneInTheOtherRoomScreenTimeReport.build/Counting\ Sheep\ Screen\ Time\ Report.appex.xcent /tmp/counting-sheep-coat-build/Build/Intermediates.noindex/PhoneInTheOtherRoom.build/Debug-iphonesimulator/PhoneInTheOtherRoomScreenTimeReport.build/Counting\ Sheep\ Screen\ Time\ Report.appex.xcent.der (in target 'PhoneInTheOtherRoomScreenTimeReport' from project 'PhoneInTheOtherRoom')
    cd /Users/ngawangchime/Desktop/Developer\ Projects/Phone\ in\ the\ Other\ Room
    /usr/bin/derq query -f xml -i /tmp/counting-sheep-coat-build/Build/Intermediates.noindex/PhoneInTheOtherRoom.build/Debug-iphonesimulator/PhoneInTheOtherRoomScreenTimeReport.build/Counting\ Sheep\ Screen\ Time\ Report.appex.xcent -o /tmp/counting-sheep-coat-build/Build/Intermediates.noindex/PhoneInTheOtherRoom.build/Debug-iphonesimulator/PhoneInTheOtherRoomScreenTimeReport.build/Counting\ Sheep\ Screen\ Time\ Report.appex.xcent.der --raw

ProcessProductPackagingDER /tmp/counting-sheep-coat-build/Build/Intermediates.noindex/PhoneInTheOtherRoom.build/Debug-iphonesimulator/PhoneInTheOtherRoomScreenTimeReport.build/Counting\ Sheep\ Screen\ Time\ Report.appex-Simulated.xcent /tmp/counting-sheep-coat-build/Build/Intermediates.noindex/PhoneInTheOtherRoom.build/Debug-iphonesimulator/PhoneInTheOtherRoomScreenTimeReport.build/Counting\ Sheep\ Screen\ Time\ Report.appex-Simulated.xcent.der (in target 'PhoneInTheOtherRoomScreenTimeReport' from project 'PhoneInTheOtherRoom')
    cd /Users/ngawangchime/Desktop/Developer\ Projects/Phone\ in\ the\ Other\ Room
    /usr/bin/derq query -f xml -i /tmp/counting-sheep-coat-build/Build/Intermediates.noindex/PhoneInTheOtherRoom.build/Debug-iphonesimulator/PhoneInTheOtherRoomScreenTimeReport.build/Counting\ Sheep\ Screen\ Time\ Report.appex-Simulated.xcent -o /tmp/counting-sheep-coat-build/Build/Intermediates.noindex/PhoneInTheOtherRoom.build/Debug-iphonesimulator/PhoneInTheOtherRoomScreenTimeReport.build/Counting\ Sheep\ Screen\ Time\ Report.appex-Simulated.xcent.der --raw

ProcessProductPackagingDER /tmp/counting-sheep-coat-build/Build/Intermediates.noindex/PhoneInTheOtherRoom.build/Debug-iphonesimulator/PhoneInTheOtherRoomLiveActivity.build/Counting\ Sheep\ Live\ Activity.appex.xcent /tmp/counting-sheep-coat-build/Build/Intermediates.noindex/PhoneInTheOtherRoom.build/Debug-iphonesimulator/PhoneInTheOtherRoomLiveActivity.build/Counting\ Sheep\ Live\ Activity.appex.xcent.der (in target 'PhoneInTheOtherRoomLiveActivity' from project 'PhoneInTheOtherRoom')
    cd /Users/ngawangchime/Desktop/Developer\ Projects/Phone\ in\ the\ Other\ Room
    /usr/bin/derq query -f xml -i /tmp/counting-sheep-coat-build/Build/Intermediates.noindex/PhoneInTheOtherRoom.build/Debug-iphonesimulator/PhoneInTheOtherRoomLiveActivity.build/Counting\ Sheep\ Live\ Activity.appex.xcent -o /tmp/counting-sheep-coat-build/Build/Intermediates.noindex/PhoneInTheOtherRoom.build/Debug-iphonesimulator/PhoneInTheOtherRoomLiveActivity.build/Counting\ Sheep\ Live\ Activity.appex.xcent.der --raw

ProcessProductPackagingDER /tmp/counting-sheep-coat-build/Build/Intermediates.noindex/PhoneInTheOtherRoom.build/Debug-iphonesimulator/PhoneInTheOtherRoomLiveActivity.build/Counting\ Sheep\ Live\ Activity.appex-Simulated.xcent /tmp/counting-sheep-coat-build/Build/Intermediates.noindex/PhoneInTheOtherRoom.build/Debug-iphonesimulator/PhoneInTheOtherRoomLiveActivity.build/Counting\ Sheep\ Live\ Activity.appex-Simulated.xcent.der (in target 'PhoneInTheOtherRoomLiveActivity' from project 'PhoneInTheOtherRoom')
    cd /Users/ngawangchime/Desktop/Developer\ Projects/Phone\ in\ the\ Other\ Room
    /usr/bin/derq query -f xml -i /tmp/counting-sheep-coat-build/Build/Intermediates.noindex/PhoneInTheOtherRoom.build/Debug-iphonesimulator/PhoneInTheOtherRoomLiveActivity.build/Counting\ Sheep\ Live\ Activity.appex-Simulated.xcent -o /tmp/counting-sheep-coat-build/Build/Intermediates.noindex/PhoneInTheOtherRoom.build/Debug-iphonesimulator/PhoneInTheOtherRoomLiveActivity.build/Counting\ Sheep\ Live\ Activity.appex-Simulated.xcent.der --raw

ProcessProductPackagingDER /tmp/counting-sheep-coat-build/Build/Intermediates.noindex/PhoneInTheOtherRoom.build/Debug-iphonesimulator/PhoneInTheOtherRoomDeviceActivityMonitor.build/Counting\ Sheep\ Wind\ Down\ Monitor.appex.xcent /tmp/counting-sheep-coat-build/Build/Intermediates.noindex/PhoneInTheOtherRoom.build/Debug-iphonesimulator/PhoneInTheOtherRoomDeviceActivityMonitor.build/Counting\ Sheep\ Wind\ Down\ Monitor.appex.xcent.der (in target 'PhoneInTheOtherRoomDeviceActivityMonitor' from project 'PhoneInTheOtherRoom')
    cd /Users/ngawangchime/Desktop/Developer\ Projects/Phone\ in\ the\ Other\ Room
    /usr/bin/derq query -f xml -i /tmp/counting-sheep-coat-build/Build/Intermediates.noindex/PhoneInTheOtherRoom.build/Debug-iphonesimulator/PhoneInTheOtherRoomDeviceActivityMonitor.build/Counting\ Sheep\ Wind\ Down\ Monitor.appex.xcent -o /tmp/counting-sheep-coat-build/Build/Intermediates.noindex/PhoneInTheOtherRoom.build/Debug-iphonesimulator/PhoneInTheOtherRoomDeviceActivityMonitor.build/Counting\ Sheep\ Wind\ Down\ Monitor.appex.xcent.der --raw

ProcessProductPackagingDER /tmp/counting-sheep-coat-build/Build/Intermediates.noindex/PhoneInTheOtherRoom.build/Debug-iphonesimulator/PhoneInTheOtherRoomDeviceActivityMonitor.build/Counting\ Sheep\ Wind\ Down\ Monitor.appex-Simulated.xcent /tmp/counting-sheep-coat-build/Build/Intermediates.noindex/PhoneInTheOtherRoom.build/Debug-iphonesimulator/PhoneInTheOtherRoomDeviceActivityMonitor.build/Counting\ Sheep\ Wind\ Down\ Monitor.appex-Simulated.xcent.der (in target 'PhoneInTheOtherRoomDeviceActivityMonitor' from project 'PhoneInTheOtherRoom')
    cd /Users/ngawangchime/Desktop/Developer\ Projects/Phone\ in\ the\ Other\ Room
    /usr/bin/derq query -f xml -i /tmp/counting-sheep-coat-build/Build/Intermediates.noindex/PhoneInTheOtherRoom.build/Debug-iphonesimulator/PhoneInTheOtherRoomDeviceActivityMonitor.build/Counting\ Sheep\ Wind\ Down\ Monitor.appex-Simulated.xcent -o /tmp/counting-sheep-coat-build/Build/Intermediates.noindex/PhoneInTheOtherRoom.build/Debug-iphonesimulator/PhoneInTheOtherRoomDeviceActivityMonitor.build/Counting\ Sheep\ Wind\ Down\ Monitor.appex-Simulated.xcent.der --raw

CompileAssetCatalogVariant thinned /tmp/counting-sheep-coat-build/Build/Products/Debug-watchsimulator/Counting\ Sheep\ Watch.app /Users/ngawangchime/Desktop/Developer\ Projects/Phone\ in\ the\ Other\ Room/Assets.xcassets (in target 'PhoneInTheOtherRoomWatchApp' from project 'PhoneInTheOtherRoom')
    cd /Users/ngawangchime/Desktop/Developer\ Projects/Phone\ in\ the\ Other\ Room
    /Applications/Xcode.app/Contents/Developer/usr/bin/actool /Users/ngawangchime/Desktop/Developer\ Projects/Phone\ in\ the\ Other\ Room/Assets.xcassets --compile /tmp/counting-sheep-coat-build/Build/Intermediates.noindex/PhoneInTheOtherRoom.build/Debug-watchsimulator/PhoneInTheOtherRoomWatchApp.build/assetcatalog_output/thinned --output-format human-readable-text --notices --warnings --export-dependency-info /tmp/counting-sheep-coat-build/Build/Intermediates.noindex/PhoneInTheOtherRoom.build/Debug-watchsimulator/PhoneInTheOtherRoomWatchApp.build/assetcatalog_dependencies_thinned --output-partial-info-plist /tmp/counting-sheep-coat-build/Build/Intermediates.noindex/PhoneInTheOtherRoom.build/Debug-watchsimulator/PhoneInTheOtherRoomWatchApp.build/assetcatalog_generated_info.plist_thinned --app-icon WatchAppIcon --compress-pngs --enable-on-demand-resources YES --development-region en --target-device watch --minimum-deployment-target 10.0 --platform watchsimulator
/* com.apple.actool.compilation-results */
/tmp/counting-sheep-coat-build/Build/Intermediates.noindex/PhoneInTheOtherRoom.build/Debug-watchsimulator/PhoneInTheOtherRoomWatchApp.build/assetcatalog_generated_info.plist_thinned
/tmp/counting-sheep-coat-build/Build/Intermediates.noindex/PhoneInTheOtherRoom.build/Debug-watchsimulator/PhoneInTheOtherRoomWatchApp.build/assetcatalog_output/thinned/Assets.car


SwiftDriver PhoneInTheOtherRoomWatchApp normal arm64 com.apple.xcode.tools.swift.compiler (in target 'PhoneInTheOtherRoomWatchApp' from project 'PhoneInTheOtherRoom')
    cd /Users/ngawangchime/Desktop/Developer\ Projects/Phone\ in\ the\ Other\ Room
    builtin-SwiftDriver -- /Applications/Xcode.app/Contents/Developer/Toolchains/XcodeDefault.xctoolchain/usr/bin/swiftc -module-name Counting_Sheep_Watch -Onone @/tmp/counting-sheep-coat-build/Build/Intermediates.noindex/PhoneInTheOtherRoom.build/Debug-watchsimulator/PhoneInTheOtherRoomWatchApp.build/Objects-normal/arm64/Counting\ Sheep\ Watch.SwiftFileList -DDEBUG -enable-bare-slash-regex -enable-experimental-feature DebugDescriptionMacro -sdk /Applications/Xcode.app/Contents/Developer/Platforms/WatchSimulator.platform/Developer/SDKs/WatchSimulator26.5.sdk -target arm64-apple-watchos10.0-simulator -g -module-cache-path /tmp/counting-sheep-coat-build/ModuleCache.noindex -Xfrontend -serialize-debugging-options -enable-testing -index-store-path /tmp/counting-sheep-coat-build/Index.noindex/DataStore -Xcc -D_LIBCPP_HARDENING_MODE\=_LIBCPP_HARDENING_MODE_DEBUG -swift-version 5 -I /tmp/counting-sheep-coat-build/Build/Products/Debug-watchsimulator -F /tmp/counting-sheep-coat-build/Build/Products/Debug-watchsimulator -c -j8 -enable-batch-mode -incremental -Xcc -ivfsstatcache -Xcc /tmp/counting-sheep-coat-build/SDKStatCaches.noindex/watchsimulator26.5-23T570-1651579a441f1322ae888f0ed545cb80.sdkstatcache -output-file-map /tmp/counting-sheep-coat-build/Build/Intermediates.noindex/PhoneInTheOtherRoom.build/Debug-watchsimulator/PhoneInTheOtherRoomWatchApp.build/Objects-normal/arm64/PhoneInTheOtherRoomWatchApp-OutputFileMap.json -use-frontend-parseable-output -save-temps -no-color-diagnostics -explicit-module-build -module-cache-path /tmp/counting-sheep-coat-build/Build/Intermediates.noindex/SwiftExplicitPrecompiledModules -clang-scanner-module-cache-path /tmp/counting-sheep-coat-build/ModuleCache.noindex -sdk-module-cache-path /tmp/counting-sheep-coat-build/ModuleCache.noindex -serialize-diagnostics -emit-dependencies -emit-module -emit-module-path /tmp/counting-sheep-coat-build/Build/Intermediates.noindex/PhoneInTheOtherRoom.build/Debug-watchsimulator/PhoneInTheOtherRoomWatchApp.build/Objects-normal/arm64/Counting_Sheep_Watch.swiftmodule -validate-clang-modules-once -clang-build-session-file /tmp/counting-sheep-coat-build/ModuleCache.noindex/Session.modulevalidation -Xcc -I/tmp/counting-sheep-coat-build/Build/Intermediates.noindex/PhoneInTheOtherRoom.build/Debug-watchsimulator/PhoneInTheOtherRoomWatchApp.build/swift-overrides.hmap -emit-const-values -Xfrontend -const-gather-protocols-file -Xfrontend /tmp/counting-sheep-coat-build/Build/Intermediates.noindex/PhoneInTheOtherRoom.build/Debug-watchsimulator/PhoneInTheOtherRoomWatchApp.build/Objects-normal/arm64/PhoneInTheOtherRoomWatchApp_const_extract_protocols.json -Xcc -iquote -Xcc /tmp/counting-sheep-coat-build/Build/Intermediates.noindex/PhoneInTheOtherRoom.build/Debug-watchsimulator/PhoneInTheOtherRoomWatchApp.build/Counting\ Sheep\ Watch-generated-files.hmap -Xcc -I/tmp/counting-sheep-coat-build/Build/Intermediates.noindex/PhoneInTheOtherRoom.build/Debug-watchsimulator/PhoneInTheOtherRoomWatchApp.build/Counting\ Sheep\ Watch-own-target-headers.hmap -Xcc -I/tmp/counting-sheep-coat-build/Build/Intermediates.noindex/PhoneInTheOtherRoom.build/Debug-watchsimulator/PhoneInTheOtherRoomWatchApp.build/Counting\ Sheep\ Watch-all-non-framework-target-headers.hmap -Xcc -ivfsoverlay -Xcc /tmp/counting-sheep-coat-build/Build/Intermediates.noindex/PhoneInTheOtherRoom.build/Debug-watchsimulator/PhoneInTheOtherRoom-d9a00fb94435e678319518e524e23875-VFS-watchsimulator/all-product-headers.yaml -Xcc -iquote -Xcc /tmp/counting-sheep-coat-build/Build/Intermediates.noindex/PhoneInTheOtherRoom.build/Debug-watchsimulator/PhoneInTheOtherRoomWatchApp.build/Counting\ Sheep\ Watch-project-headers.hmap -Xcc -I/tmp/counting-sheep-coat-build/Build/Products/Debug-watchsimulator/include -Xcc -I/tmp/counting-sheep-coat-build/Build/Intermediates.noindex/PhoneInTheOtherRoom.build/Debug-watchsimulator/PhoneInTheOtherRoomWatchApp.build/DerivedSources-normal/arm64 -Xcc -I/tmp/counting-sheep-coat-build/Build/Intermediates.noindex/PhoneInTheOtherRoom.build/Debug-watchsimulator/PhoneInTheOtherRoomWatchApp.build/DerivedSources/arm64 -Xcc -I/tmp/counting-sheep-coat-build/Build/Intermediates.noindex/PhoneInTheOtherRoom.build/Debug-watchsimulator/PhoneInTheOtherRoomWatchApp.build/DerivedSources -Xcc -DDEBUG\=1 -emit-objc-header -emit-objc-header-path /tmp/counting-sheep-coat-build/Build/Intermediates.noindex/PhoneInTheOtherRoom.build/Debug-watchsimulator/PhoneInTheOtherRoomWatchApp.build/Objects-normal/arm64/Counting_Sheep_Watch-Swift.h -working-directory /Users/ngawangchime/Desktop/Developer\ Projects/Phone\ in\ the\ Other\ Room -experimental-emit-module-separately -disable-cmo

Ld /tmp/counting-sheep-coat-build/Build/Products/Debug-iphonesimulator/Counting\ Sheep\ Wind\ Down\ Shield.appex/Counting\ Sheep\ Wind\ Down\ Shield.debug.dylib normal (in target 'PhoneInTheOtherRoomShieldConfiguration' from project 'PhoneInTheOtherRoom')
    cd /Users/ngawangchime/Desktop/Developer\ Projects/Phone\ in\ the\ Other\ Room
    /Applications/Xcode.app/Contents/Developer/Toolchains/XcodeDefault.xctoolchain/usr/bin/clang -Xlinker -reproducible -target arm64-apple-ios17.0-simulator -dynamiclib -isysroot /Applications/Xcode.app/Contents/Developer/Platforms/iPhoneSimulator.platform/Developer/SDKs/iPhoneSimulator26.5.sdk -O0 -L/tmp/counting-sheep-coat-build/Build/Intermediates.noindex/EagerLinkingTBDs/Debug-iphonesimulator -L/tmp/counting-sheep-coat-build/Build/Products/Debug-iphonesimulator -F/tmp/counting-sheep-coat-build/Build/Intermediates.noindex/EagerLinkingTBDs/Debug-iphonesimulator -F/tmp/counting-sheep-coat-build/Build/Products/Debug-iphonesimulator -filelist /tmp/counting-sheep-coat-build/Build/Intermediates.noindex/PhoneInTheOtherRoom.build/Debug-iphonesimulator/PhoneInTheOtherRoomShieldConfiguration.build/Objects-normal/arm64/Counting\ Sheep\ Wind\ Down\ Shield.LinkFileList -install_name @rpath/Counting\ Sheep\ Wind\ Down\ Shield.debug.dylib -Xlinker -rpath -Xlinker /usr/lib/swift -Xlinker -rpath -Xlinker @executable_path/Frameworks -Xlinker -rpath -Xlinker @executable_path/../../Frameworks -Xlinker -dead_strip -Xlinker -object_path_lto -Xlinker /tmp/counting-sheep-coat-build/Build/Intermediates.noindex/PhoneInTheOtherRoom.build/Debug-iphonesimulator/PhoneInTheOtherRoomShieldConfiguration.build/Objects-normal/arm64/Counting\ Sheep\ Wind\ Down\ Shield_lto.o -rdynamic -Xlinker -no_deduplicate -Xlinker -objc_abi_version -Xlinker 2 -Xlinker -dependency_info -Xlinker /tmp/counting-sheep-coat-build/Build/Intermediates.noindex/PhoneInTheOtherRoom.build/Debug-iphonesimulator/PhoneInTheOtherRoomShieldConfiguration.build/Objects-normal/arm64/Counting\ Sheep\ Wind\ Down\ Shield_dependency_info.dat -fapplication-extension -fobjc-link-runtime -L/Applications/Xcode.app/Contents/Developer/Toolchains/XcodeDefault.xctoolchain/usr/lib/swift/iphonesimulator -L/usr/lib/swift -Xlinker -add_ast_path -Xlinker /tmp/counting-sheep-coat-build/Build/Intermediates.noindex/PhoneInTheOtherRoom.build/Debug-iphonesimulator/PhoneInTheOtherRoomShieldConfiguration.build/Objects-normal/arm64/Counting_Sheep_Wind_Down_Shield.swiftmodule @/tmp/counting-sheep-coat-build/Build/Intermediates.noindex/PhoneInTheOtherRoom.build/Debug-iphonesimulator/PhoneInTheOtherRoomShieldConfiguration.build/Objects-normal/arm64/Counting_Sheep_Wind_Down_Shield-linker-args.resp -Xlinker -alias -Xlinker _NSExtensionMain -Xlinker ___debug_main_executable_dylib_entry_point -Xlinker -no_adhoc_codesign -o /tmp/counting-sheep-coat-build/Build/Products/Debug-iphonesimulator/Counting\ Sheep\ Wind\ Down\ Shield.appex/Counting\ Sheep\ Wind\ Down\ Shield.debug.dylib

SwiftEmitModule normal arm64 Emitting\ module\ for\ Counting_Sheep_Watch (in target 'PhoneInTheOtherRoomWatchApp' from project 'PhoneInTheOtherRoom')

EmitSwiftModule normal arm64 (in target 'PhoneInTheOtherRoomWatchApp' from project 'PhoneInTheOtherRoom')
    cd /Users/ngawangchime/Desktop/Developer\ Projects/Phone\ in\ the\ Other\ Room


ConstructStubExecutorLinkFileList /tmp/counting-sheep-coat-build/Build/Intermediates.noindex/PhoneInTheOtherRoom.build/Debug-iphonesimulator/PhoneInTheOtherRoomShieldConfiguration.build/Counting\ Sheep\ Wind\ Down\ Shield-ExecutorLinkFileList-normal-arm64.txt (in target 'PhoneInTheOtherRoomShieldConfiguration' from project 'PhoneInTheOtherRoom')
    cd /Users/ngawangchime/Desktop/Developer\ Projects/Phone\ in\ the\ Other\ Room
    construct-stub-executor-link-file-list /tmp/counting-sheep-coat-build/Build/Products/Debug-iphonesimulator/Counting\ Sheep\ Wind\ Down\ Shield.appex/Counting\ Sheep\ Wind\ Down\ Shield.debug.dylib /Applications/Xcode.app/Contents/Developer/Platforms/iPhoneSimulator.platform/Developer/usr/lib/libPreviewsJITStubExecutor_no_swift_entry_point.a /Applications/Xcode.app/Contents/Developer/Platforms/iPhoneSimulator.platform/Developer/usr/lib/libPreviewsJITStubExecutor.a --output /tmp/counting-sheep-coat-build/Build/Intermediates.noindex/PhoneInTheOtherRoom.build/Debug-iphonesimulator/PhoneInTheOtherRoomShieldConfiguration.build/Counting\ Sheep\ Wind\ Down\ Shield-ExecutorLinkFileList-normal-arm64.txt
note: Using stub executor library without Swift entry point. (in target 'PhoneInTheOtherRoomShieldConfiguration' from project 'PhoneInTheOtherRoom')

SwiftDriverJobDiscovery normal arm64 Emitting module for Counting_Sheep_Watch (in target 'PhoneInTheOtherRoomWatchApp' from project 'PhoneInTheOtherRoom')

SwiftDriver\ Compilation\ Requirements PhoneInTheOtherRoomWatchApp normal arm64 com.apple.xcode.tools.swift.compiler (in target 'PhoneInTheOtherRoomWatchApp' from project 'PhoneInTheOtherRoom')
    cd /Users/ngawangchime/Desktop/Developer\ Projects/Phone\ in\ the\ Other\ Room
    builtin-Swift-Compilation-Requirements -- /Applications/Xcode.app/Contents/Developer/Toolchains/XcodeDefault.xctoolchain/usr/bin/swiftc -module-name Counting_Sheep_Watch -Onone @/tmp/counting-sheep-coat-build/Build/Intermediates.noindex/PhoneInTheOtherRoom.build/Debug-watchsimulator/PhoneInTheOtherRoomWatchApp.build/Objects-normal/arm64/Counting\ Sheep\ Watch.SwiftFileList -DDEBUG -enable-bare-slash-regex -enable-experimental-feature DebugDescriptionMacro -sdk /Applications/Xcode.app/Contents/Developer/Platforms/WatchSimulator.platform/Developer/SDKs/WatchSimulator26.5.sdk -target arm64-apple-watchos10.0-simulator -g -module-cache-path /tmp/counting-sheep-coat-build/ModuleCache.noindex -Xfrontend -serialize-debugging-options -enable-testing -index-store-path /tmp/counting-sheep-coat-build/Index.noindex/DataStore -Xcc -D_LIBCPP_HARDENING_MODE\=_LIBCPP_HARDENING_MODE_DEBUG -swift-version 5 -I /tmp/counting-sheep-coat-build/Build/Products/Debug-watchsimulator -F /tmp/counting-sheep-coat-build/Build/Products/Debug-watchsimulator -c -j8 -enable-batch-mode -incremental -Xcc -ivfsstatcache -Xcc /tmp/counting-sheep-coat-build/SDKStatCaches.noindex/watchsimulator26.5-23T570-1651579a441f1322ae888f0ed545cb80.sdkstatcache -output-file-map /tmp/counting-sheep-coat-build/Build/Intermediates.noindex/PhoneInTheOtherRoom.build/Debug-watchsimulator/PhoneInTheOtherRoomWatchApp.build/Objects-normal/arm64/PhoneInTheOtherRoomWatchApp-OutputFileMap.json -use-frontend-parseable-output -save-temps -no-color-diagnostics -explicit-module-build -module-cache-path /tmp/counting-sheep-coat-build/Build/Intermediates.noindex/SwiftExplicitPrecompiledModules -clang-scanner-module-cache-path /tmp/counting-sheep-coat-build/ModuleCache.noindex -sdk-module-cache-path /tmp/counting-sheep-coat-build/ModuleCache.noindex -serialize-diagnostics -emit-dependencies -emit-module -emit-module-path /tmp/counting-sheep-coat-build/Build/Intermediates.noindex/PhoneInTheOtherRoom.build/Debug-watchsimulator/PhoneInTheOtherRoomWatchApp.build/Objects-normal/arm64/Counting_Sheep_Watch.swiftmodule -validate-clang-modules-once -clang-build-session-file /tmp/counting-sheep-coat-build/ModuleCache.noindex/Session.modulevalidation -Xcc -I/tmp/counting-sheep-coat-build/Build/Intermediates.noindex/PhoneInTheOtherRoom.build/Debug-watchsimulator/PhoneInTheOtherRoomWatchApp.build/swift-overrides.hmap -emit-const-values -Xfrontend -const-gather-protocols-file -Xfrontend /tmp/counting-sheep-coat-build/Build/Intermediates.noindex/PhoneInTheOtherRoom.build/Debug-watchsimulator/PhoneInTheOtherRoomWatchApp.build/Objects-normal/arm64/PhoneInTheOtherRoomWatchApp_const_extract_protocols.json -Xcc -iquote -Xcc /tmp/counting-sheep-coat-build/Build/Intermediates.noindex/PhoneInTheOtherRoom.build/Debug-watchsimulator/PhoneInTheOtherRoomWatchApp.build/Counting\ Sheep\ Watch-generated-files.hmap -Xcc -I/tmp/counting-sheep-coat-build/Build/Intermediates.noindex/PhoneInTheOtherRoom.build/Debug-watchsimulator/PhoneInTheOtherRoomWatchApp.build/Counting\ Sheep\ Watch-own-target-headers.hmap -Xcc -I/tmp/counting-sheep-coat-build/Build/Intermediates.noindex/PhoneInTheOtherRoom.build/Debug-watchsimulator/PhoneInTheOtherRoomWatchApp.build/Counting\ Sheep\ Watch-all-non-framework-target-headers.hmap -Xcc -ivfsoverlay -Xcc /tmp/counting-sheep-coat-build/Build/Intermediates.noindex/PhoneInTheOtherRoom.build/Debug-watchsimulator/PhoneInTheOtherRoom-d9a00fb94435e678319518e524e23875-VFS-watchsimulator/all-product-headers.yaml -Xcc -iquote -Xcc /tmp/counting-sheep-coat-build/Build/Intermediates.noindex/PhoneInTheOtherRoom.build/Debug-watchsimulator/PhoneInTheOtherRoomWatchApp.build/Counting\ Sheep\ Watch-project-headers.hmap -Xcc -I/tmp/counting-sheep-coat-build/Build/Products/Debug-watchsimulator/include -Xcc -I/tmp/counting-sheep-coat-build/Build/Intermediates.noindex/PhoneInTheOtherRoom.build/Debug-watchsimulator/PhoneInTheOtherRoomWatchApp.build/DerivedSources-normal/arm64 -Xcc -I/tmp/counting-sheep-coat-build/Build/Intermediates.noindex/PhoneInTheOtherRoom.build/Debug-watchsimulator/PhoneInTheOtherRoomWatchApp.build/DerivedSources/arm64 -Xcc -I/tmp/counting-sheep-coat-build/Build/Intermediates.noindex/PhoneInTheOtherRoom.build/Debug-watchsimulator/PhoneInTheOtherRoomWatchApp.build/DerivedSources -Xcc -DDEBUG\=1 -emit-objc-header -emit-objc-header-path /tmp/counting-sheep-coat-build/Build/Intermediates.noindex/PhoneInTheOtherRoom.build/Debug-watchsimulator/PhoneInTheOtherRoomWatchApp.build/Objects-normal/arm64/Counting_Sheep_Watch-Swift.h -working-directory /Users/ngawangchime/Desktop/Developer\ Projects/Phone\ in\ the\ Other\ Room -experimental-emit-module-separately -disable-cmo

Ld /tmp/counting-sheep-coat-build/Build/Products/Debug-iphonesimulator/Counting\ Sheep\ Wind\ Down\ Shield.appex/Counting\ Sheep\ Wind\ Down\ Shield normal (in target 'PhoneInTheOtherRoomShieldConfiguration' from project 'PhoneInTheOtherRoom')
    cd /Users/ngawangchime/Desktop/Developer\ Projects/Phone\ in\ the\ Other\ Room
    /Applications/Xcode.app/Contents/Developer/Toolchains/XcodeDefault.xctoolchain/usr/bin/clang -Xlinker -reproducible -target arm64-apple-ios17.0-simulator -isysroot /Applications/Xcode.app/Contents/Developer/Platforms/iPhoneSimulator.platform/Developer/SDKs/iPhoneSimulator26.5.sdk -O0 -L/tmp/counting-sheep-coat-build/Build/Products/Debug-iphonesimulator -F/tmp/counting-sheep-coat-build/Build/Products/Debug-iphonesimulator -Xlinker -rpath -Xlinker @executable_path -Xlinker -rpath -Xlinker @executable_path/Frameworks -Xlinker -rpath -Xlinker @executable_path/../../Frameworks -rdynamic -Xlinker -no_deduplicate -Xlinker -objc_abi_version -Xlinker 2 -e ___debug_blank_executor_main -Xlinker -sectcreate -Xlinker __TEXT -Xlinker __debug_dylib -Xlinker /tmp/counting-sheep-coat-build/Build/Intermediates.noindex/PhoneInTheOtherRoom.build/Debug-iphonesimulator/PhoneInTheOtherRoomShieldConfiguration.build/Counting\ Sheep\ Wind\ Down\ Shield-DebugDylibPath-normal-arm64.txt -Xlinker -sectcreate -Xlinker __TEXT -Xlinker __debug_entry -Xlinker /tmp/counting-sheep-coat-build/Build/Intermediates.noindex/PhoneInTheOtherRoom.build/Debug-iphonesimulator/PhoneInTheOtherRoomShieldConfiguration.build/Counting\ Sheep\ Wind\ Down\ Shield-DebugEntryPoint-normal-arm64.txt -Xlinker -sectcreate -Xlinker __TEXT -Xlinker __debug_instlnm -Xlinker /tmp/counting-sheep-coat-build/Build/Intermediates.noindex/PhoneInTheOtherRoom.build/Debug-iphonesimulator/PhoneInTheOtherRoomShieldConfiguration.build/Counting\ Sheep\ Wind\ Down\ Shield-DebugDylibInstallName-normal-arm64.txt -Xlinker -filelist -Xlinker /tmp/counting-sheep-coat-build/Build/Intermediates.noindex/PhoneInTheOtherRoom.build/Debug-iphonesimulator/PhoneInTheOtherRoomShieldConfiguration.build/Counting\ Sheep\ Wind\ Down\ Shield-ExecutorLinkFileList-normal-arm64.txt -Xlinker -sectcreate -Xlinker __TEXT -Xlinker __entitlements -Xlinker /tmp/counting-sheep-coat-build/Build/Intermediates.noindex/PhoneInTheOtherRoom.build/Debug-iphonesimulator/PhoneInTheOtherRoomShieldConfiguration.build/Counting\ Sheep\ Wind\ Down\ Shield.appex-Simulated.xcent -Xlinker -sectcreate -Xlinker __TEXT -Xlinker __ents_der -Xlinker /tmp/counting-sheep-coat-build/Build/Intermediates.noindex/PhoneInTheOtherRoom.build/Debug-iphonesimulator/PhoneInTheOtherRoomShieldConfiguration.build/Counting\ Sheep\ Wind\ Down\ Shield.appex-Simulated.xcent.der /tmp/counting-sheep-coat-build/Build/Products/Debug-iphonesimulator/Counting\ Sheep\ Wind\ Down\ Shield.appex/Counting\ Sheep\ Wind\ Down\ Shield.debug.dylib -Xlinker -no_adhoc_codesign -o /tmp/counting-sheep-coat-build/Build/Products/Debug-iphonesimulator/Counting\ Sheep\ Wind\ Down\ Shield.appex/Counting\ Sheep\ Wind\ Down\ Shield

Copy /tmp/counting-sheep-coat-build/Build/Products/Debug-watchsimulator/Counting_Sheep_Watch.swiftmodule/arm64-apple-watchos-simulator.swiftmodule /tmp/counting-sheep-coat-build/Build/Intermediates.noindex/PhoneInTheOtherRoom.build/Debug-watchsimulator/PhoneInTheOtherRoomWatchApp.build/Objects-normal/arm64/Counting_Sheep_Watch.swiftmodule (in target 'PhoneInTheOtherRoomWatchApp' from project 'PhoneInTheOtherRoom')
    cd /Users/ngawangchime/Desktop/Developer\ Projects/Phone\ in\ the\ Other\ Room
    builtin-copy -exclude .DS_Store -exclude CVS -exclude .svn -exclude .git -exclude .hg -resolve-src-symlinks -rename /tmp/counting-sheep-coat-build/Build/Intermediates.noindex/PhoneInTheOtherRoom.build/Debug-watchsimulator/PhoneInTheOtherRoomWatchApp.build/Objects-normal/arm64/Counting_Sheep_Watch.swiftmodule /tmp/counting-sheep-coat-build/Build/Products/Debug-watchsimulator/Counting_Sheep_Watch.swiftmodule/arm64-apple-watchos-simulator.swiftmodule

Copy /tmp/counting-sheep-coat-build/Build/Products/Debug-watchsimulator/Counting_Sheep_Watch.swiftmodule/arm64-apple-watchos-simulator.swiftdoc /tmp/counting-sheep-coat-build/Build/Intermediates.noindex/PhoneInTheOtherRoom.build/Debug-watchsimulator/PhoneInTheOtherRoomWatchApp.build/Objects-normal/arm64/Counting_Sheep_Watch.swiftdoc (in target 'PhoneInTheOtherRoomWatchApp' from project 'PhoneInTheOtherRoom')
    cd /Users/ngawangchime/Desktop/Developer\ Projects/Phone\ in\ the\ Other\ Room
    builtin-copy -exclude .DS_Store -exclude CVS -exclude .svn -exclude .git -exclude .hg -resolve-src-symlinks -rename /tmp/counting-sheep-coat-build/Build/Intermediates.noindex/PhoneInTheOtherRoom.build/Debug-watchsimulator/PhoneInTheOtherRoomWatchApp.build/Objects-normal/arm64/Counting_Sheep_Watch.swiftdoc /tmp/counting-sheep-coat-build/Build/Products/Debug-watchsimulator/Counting_Sheep_Watch.swiftmodule/arm64-apple-watchos-simulator.swiftdoc

Copy /tmp/counting-sheep-coat-build/Build/Products/Debug-watchsimulator/Counting_Sheep_Watch.swiftmodule/arm64-apple-watchos-simulator.abi.json /tmp/counting-sheep-coat-build/Build/Intermediates.noindex/PhoneInTheOtherRoom.build/Debug-watchsimulator/PhoneInTheOtherRoomWatchApp.build/Objects-normal/arm64/Counting_Sheep_Watch.abi.json (in target 'PhoneInTheOtherRoomWatchApp' from project 'PhoneInTheOtherRoom')
    cd /Users/ngawangchime/Desktop/Developer\ Projects/Phone\ in\ the\ Other\ Room
    builtin-copy -exclude .DS_Store -exclude CVS -exclude .svn -exclude .git -exclude .hg -resolve-src-symlinks -rename /tmp/counting-sheep-coat-build/Build/Intermediates.noindex/PhoneInTheOtherRoom.build/Debug-watchsimulator/PhoneInTheOtherRoomWatchApp.build/Objects-normal/arm64/Counting_Sheep_Watch.abi.json /tmp/counting-sheep-coat-build/Build/Products/Debug-watchsimulator/Counting_Sheep_Watch.swiftmodule/arm64-apple-watchos-simulator.abi.json

Copy /tmp/counting-sheep-coat-build/Build/Products/Debug-watchsimulator/Counting_Sheep_Watch.swiftmodule/Project/arm64-apple-watchos-simulator.swiftsourceinfo /tmp/counting-sheep-coat-build/Build/Intermediates.noindex/PhoneInTheOtherRoom.build/Debug-watchsimulator/PhoneInTheOtherRoomWatchApp.build/Objects-normal/arm64/Counting_Sheep_Watch.swiftsourceinfo (in target 'PhoneInTheOtherRoomWatchApp' from project 'PhoneInTheOtherRoom')
    cd /Users/ngawangchime/Desktop/Developer\ Projects/Phone\ in\ the\ Other\ Room
    builtin-copy -exclude .DS_Store -exclude CVS -exclude .svn -exclude .git -exclude .hg -resolve-src-symlinks -rename /tmp/counting-sheep-coat-build/Build/Intermediates.noindex/PhoneInTheOtherRoom.build/Debug-watchsimulator/PhoneInTheOtherRoomWatchApp.build/Objects-normal/arm64/Counting_Sheep_Watch.swiftsourceinfo /tmp/counting-sheep-coat-build/Build/Products/Debug-watchsimulator/Counting_Sheep_Watch.swiftmodule/Project/arm64-apple-watchos-simulator.swiftsourceinfo

Ld /tmp/counting-sheep-coat-build/Build/Products/Debug-iphonesimulator/Counting\ Sheep\ Wind\ Down\ Action.appex/Counting\ Sheep\ Wind\ Down\ Action.debug.dylib normal (in target 'PhoneInTheOtherRoomShieldAction' from project 'PhoneInTheOtherRoom')
    cd /Users/ngawangchime/Desktop/Developer\ Projects/Phone\ in\ the\ Other\ Room
    /Applications/Xcode.app/Contents/Developer/Toolchains/XcodeDefault.xctoolchain/usr/bin/clang -Xlinker -reproducible -target arm64-apple-ios17.0-simulator -dynamiclib -isysroot /Applications/Xcode.app/Contents/Developer/Platforms/iPhoneSimulator.platform/Developer/SDKs/iPhoneSimulator26.5.sdk -O0 -L/tmp/counting-sheep-coat-build/Build/Intermediates.noindex/EagerLinkingTBDs/Debug-iphonesimulator -L/tmp/counting-sheep-coat-build/Build/Products/Debug-iphonesimulator -F/tmp/counting-sheep-coat-build/Build/Intermediates.noindex/EagerLinkingTBDs/Debug-iphonesimulator -F/tmp/counting-sheep-coat-build/Build/Products/Debug-iphonesimulator -filelist /tmp/counting-sheep-coat-build/Build/Intermediates.noindex/PhoneInTheOtherRoom.build/Debug-iphonesimulator/PhoneInTheOtherRoomShieldAction.build/Objects-normal/arm64/Counting\ Sheep\ Wind\ Down\ Action.LinkFileList -install_name @rpath/Counting\ Sheep\ Wind\ Down\ Action.debug.dylib -Xlinker -rpath -Xlinker /usr/lib/swift -Xlinker -rpath -Xlinker @executable_path/Frameworks -Xlinker -rpath -Xlinker @executable_path/../../Frameworks -Xlinker -dead_strip -Xlinker -object_path_lto -Xlinker /tmp/counting-sheep-coat-build/Build/Intermediates.noindex/PhoneInTheOtherRoom.build/Debug-iphonesimulator/PhoneInTheOtherRoomShieldAction.build/Objects-normal/arm64/Counting\ Sheep\ Wind\ Down\ Action_lto.o -rdynamic -Xlinker -no_deduplicate -Xlinker -objc_abi_version -Xlinker 2 -Xlinker -dependency_info -Xlinker /tmp/counting-sheep-coat-build/Build/Intermediates.noindex/PhoneInTheOtherRoom.build/Debug-iphonesimulator/PhoneInTheOtherRoomShieldAction.build/Objects-normal/arm64/Counting\ Sheep\ Wind\ Down\ Action_dependency_info.dat -fapplication-extension -fobjc-link-runtime -L/Applications/Xcode.app/Contents/Developer/Toolchains/XcodeDefault.xctoolchain/usr/lib/swift/iphonesimulator -L/usr/lib/swift -Xlinker -add_ast_path -Xlinker /tmp/counting-sheep-coat-build/Build/Intermediates.noindex/PhoneInTheOtherRoom.build/Debug-iphonesimulator/PhoneInTheOtherRoomShieldAction.build/Objects-normal/arm64/Counting_Sheep_Wind_Down_Action.swiftmodule @/tmp/counting-sheep-coat-build/Build/Intermediates.noindex/PhoneInTheOtherRoom.build/Debug-iphonesimulator/PhoneInTheOtherRoomShieldAction.build/Objects-normal/arm64/Counting_Sheep_Wind_Down_Action-linker-args.resp -Xlinker -alias -Xlinker _NSExtensionMain -Xlinker ___debug_main_executable_dylib_entry_point -Xlinker -no_adhoc_codesign -o /tmp/counting-sheep-coat-build/Build/Products/Debug-iphonesimulator/Counting\ Sheep\ Wind\ Down\ Action.appex/Counting\ Sheep\ Wind\ Down\ Action.debug.dylib

SwiftDriver PhoneInTheOtherRoomScreenTimeReport normal arm64 com.apple.xcode.tools.swift.compiler (in target 'PhoneInTheOtherRoomScreenTimeReport' from project 'PhoneInTheOtherRoom')
    cd /Users/ngawangchime/Desktop/Developer\ Projects/Phone\ in\ the\ Other\ Room
    builtin-SwiftDriver -- /Applications/Xcode.app/Contents/Developer/Toolchains/XcodeDefault.xctoolchain/usr/bin/swiftc -module-name Counting_Sheep_Screen_Time_Report -Onone @/tmp/counting-sheep-coat-build/Build/Intermediates.noindex/PhoneInTheOtherRoom.build/Debug-iphonesimulator/PhoneInTheOtherRoomScreenTimeReport.build/Objects-normal/arm64/Counting\ Sheep\ Screen\ Time\ Report.SwiftFileList -DDEBUG -DSCREEN_TIME_REPORTS -enable-bare-slash-regex -enable-experimental-feature DebugDescriptionMacro -sdk /Applications/Xcode.app/Contents/Developer/Platforms/iPhoneSimulator.platform/Developer/SDKs/iPhoneSimulator26.5.sdk -target arm64-apple-ios17.0-simulator -g -module-cache-path /tmp/counting-sheep-coat-build/ModuleCache.noindex -Xfrontend -serialize-debugging-options -application-extension -enable-testing -index-store-path /tmp/counting-sheep-coat-build/Index.noindex/DataStore -Xcc -D_LIBCPP_HARDENING_MODE\=_LIBCPP_HARDENING_MODE_DEBUG -swift-version 5 -I /tmp/counting-sheep-coat-build/Build/Products/Debug-iphonesimulator -F /tmp/counting-sheep-coat-build/Build/Products/Debug-iphonesimulator -c -j8 -enable-batch-mode -incremental -Xcc -ivfsstatcache -Xcc /tmp/counting-sheep-coat-build/SDKStatCaches.noindex/iphonesimulator26.5-23F81a-6cfe768891a92b912361537c460fe42b.sdkstatcache -output-file-map /tmp/counting-sheep-coat-build/Build/Intermediates.noindex/PhoneInTheOtherRoom.build/Debug-iphonesimulator/PhoneInTheOtherRoomScreenTimeReport.build/Objects-normal/arm64/PhoneInTheOtherRoomScreenTimeReport-OutputFileMap.json -use-frontend-parseable-output -save-temps -no-color-diagnostics -explicit-module-build -module-cache-path /tmp/counting-sheep-coat-build/Build/Intermediates.noindex/SwiftExplicitPrecompiledModules -clang-scanner-module-cache-path /tmp/counting-sheep-coat-build/ModuleCache.noindex -sdk-module-cache-path /tmp/counting-sheep-coat-build/ModuleCache.noindex -serialize-diagnostics -emit-dependencies -emit-module -emit-module-path /tmp/counting-sheep-coat-build/Build/Intermediates.noindex/PhoneInTheOtherRoom.build/Debug-iphonesimulator/PhoneInTheOtherRoomScreenTimeReport.build/Objects-normal/arm64/Counting_Sheep_Screen_Time_Report.swiftmodule -validate-clang-modules-once -clang-build-session-file /tmp/counting-sheep-coat-build/ModuleCache.noindex/Session.modulevalidation -Xcc -I/tmp/counting-sheep-coat-build/Build/Intermediates.noindex/PhoneInTheOtherRoom.build/Debug-iphonesimulator/PhoneInTheOtherRoomScreenTimeReport.build/swift-overrides.hmap -emit-const-values -Xfrontend -const-gather-protocols-file -Xfrontend /tmp/counting-sheep-coat-build/Build/Intermediates.noindex/PhoneInTheOtherRoom.build/Debug-iphonesimulator/PhoneInTheOtherRoomScreenTimeReport.build/Objects-normal/arm64/PhoneInTheOtherRoomScreenTimeReport_const_extract_protocols.json -Xcc -iquote -Xcc /tmp/counting-sheep-coat-build/Build/Intermediates.noindex/PhoneInTheOtherRoom.build/Debug-iphonesimulator/PhoneInTheOtherRoomScreenTimeReport.build/Counting\ Sheep\ Screen\ Time\ Report-generated-files.hmap -Xcc -I/tmp/counting-sheep-coat-build/Build/Intermediates.noindex/PhoneInTheOtherRoom.build/Debug-iphonesimulator/PhoneInTheOtherRoomScreenTimeReport.build/Counting\ Sheep\ Screen\ Time\ Report-own-target-headers.hmap -Xcc -I/tmp/counting-sheep-coat-build/Build/Intermediates.noindex/PhoneInTheOtherRoom.build/Debug-iphonesimulator/PhoneInTheOtherRoomScreenTimeReport.build/Counting\ Sheep\ Screen\ Time\ Report-all-non-framework-target-headers.hmap -Xcc -ivfsoverlay -Xcc /tmp/counting-sheep-coat-build/Build/Intermediates.noindex/PhoneInTheOtherRoom.build/Debug-iphonesimulator/PhoneInTheOtherRoom-d9a00fb94435e678319518e524e23875-VFS-iphonesimulator/all-product-headers.yaml -Xcc -iquote -Xcc /tmp/counting-sheep-coat-build/Build/Intermediates.noindex/PhoneInTheOtherRoom.build/Debug-iphonesimulator/PhoneInTheOtherRoomScreenTimeReport.build/Counting\ Sheep\ Screen\ Time\ Report-project-headers.hmap -Xcc -I/tmp/counting-sheep-coat-build/Build/Products/Debug-iphonesimulator/include -Xcc -I/tmp/counting-sheep-coat-build/Build/Intermediates.noindex/PhoneInTheOtherRoom.build/Debug-iphonesimulator/PhoneInTheOtherRoomScreenTimeReport.build/DerivedSources-normal/arm64 -Xcc -I/tmp/counting-sheep-coat-build/Build/Intermediates.noindex/PhoneInTheOtherRoom.build/Debug-iphonesimulator/PhoneInTheOtherRoomScreenTimeReport.build/DerivedSources/arm64 -Xcc -I/tmp/counting-sheep-coat-build/Build/Intermediates.noindex/PhoneInTheOtherRoom.build/Debug-iphonesimulator/PhoneInTheOtherRoomScreenTimeReport.build/DerivedSources -Xcc -DDEBUG\=1 -emit-objc-header -emit-objc-header-path /tmp/counting-sheep-coat-build/Build/Intermediates.noindex/PhoneInTheOtherRoom.build/Debug-iphonesimulator/PhoneInTheOtherRoomScreenTimeReport.build/Objects-normal/arm64/Counting_Sheep_Screen_Time_Report-Swift.h -working-directory /Users/ngawangchime/Desktop/Developer\ Projects/Phone\ in\ the\ Other\ Room -experimental-emit-module-separately -disable-cmo

ConstructStubExecutorLinkFileList /tmp/counting-sheep-coat-build/Build/Intermediates.noindex/PhoneInTheOtherRoom.build/Debug-iphonesimulator/PhoneInTheOtherRoomShieldAction.build/Counting\ Sheep\ Wind\ Down\ Action-ExecutorLinkFileList-normal-arm64.txt (in target 'PhoneInTheOtherRoomShieldAction' from project 'PhoneInTheOtherRoom')
    cd /Users/ngawangchime/Desktop/Developer\ Projects/Phone\ in\ the\ Other\ Room
    construct-stub-executor-link-file-list /tmp/counting-sheep-coat-build/Build/Products/Debug-iphonesimulator/Counting\ Sheep\ Wind\ Down\ Action.appex/Counting\ Sheep\ Wind\ Down\ Action.debug.dylib /Applications/Xcode.app/Contents/Developer/Platforms/iPhoneSimulator.platform/Developer/usr/lib/libPreviewsJITStubExecutor_no_swift_entry_point.a /Applications/Xcode.app/Contents/Developer/Platforms/iPhoneSimulator.platform/Developer/usr/lib/libPreviewsJITStubExecutor.a --output /tmp/counting-sheep-coat-build/Build/Intermediates.noindex/PhoneInTheOtherRoom.build/Debug-iphonesimulator/PhoneInTheOtherRoomShieldAction.build/Counting\ Sheep\ Wind\ Down\ Action-ExecutorLinkFileList-normal-arm64.txt
note: Using stub executor library without Swift entry point. (in target 'PhoneInTheOtherRoomShieldAction' from project 'PhoneInTheOtherRoom')

SwiftDriver PhoneInTheOtherRoomLiveActivity normal arm64 com.apple.xcode.tools.swift.compiler (in target 'PhoneInTheOtherRoomLiveActivity' from project 'PhoneInTheOtherRoom')
    cd /Users/ngawangchime/Desktop/Developer\ Projects/Phone\ in\ the\ Other\ Room
    builtin-SwiftDriver -- /Applications/Xcode.app/Contents/Developer/Toolchains/XcodeDefault.xctoolchain/usr/bin/swiftc -module-name Counting_Sheep_Live_Activity -Onone @/tmp/counting-sheep-coat-build/Build/Intermediates.noindex/PhoneInTheOtherRoom.build/Debug-iphonesimulator/PhoneInTheOtherRoomLiveActivity.build/Objects-normal/arm64/Counting\ Sheep\ Live\ Activity.SwiftFileList -DDEBUG -enable-bare-slash-regex -enable-experimental-feature DebugDescriptionMacro -sdk /Applications/Xcode.app/Contents/Developer/Platforms/iPhoneSimulator.platform/Developer/SDKs/iPhoneSimulator26.5.sdk -target arm64-apple-ios17.0-simulator -g -module-cache-path /tmp/counting-sheep-coat-build/ModuleCache.noindex -Xfrontend -serialize-debugging-options -application-extension -enable-testing -index-store-path /tmp/counting-sheep-coat-build/Index.noindex/DataStore -Xcc -D_LIBCPP_HARDENING_MODE\=_LIBCPP_HARDENING_MODE_DEBUG -swift-version 5 -I /tmp/counting-sheep-coat-build/Build/Products/Debug-iphonesimulator -F /tmp/counting-sheep-coat-build/Build/Products/Debug-iphonesimulator -c -j8 -enable-batch-mode -incremental -Xcc -ivfsstatcache -Xcc /tmp/counting-sheep-coat-build/SDKStatCaches.noindex/iphonesimulator26.5-23F81a-6cfe768891a92b912361537c460fe42b.sdkstatcache -output-file-map /tmp/counting-sheep-coat-build/Build/Intermediates.noindex/PhoneInTheOtherRoom.build/Debug-iphonesimulator/PhoneInTheOtherRoomLiveActivity.build/Objects-normal/arm64/PhoneInTheOtherRoomLiveActivity-OutputFileMap.json -use-frontend-parseable-output -save-temps -no-color-diagnostics -explicit-module-build -module-cache-path /tmp/counting-sheep-coat-build/Build/Intermediates.noindex/SwiftExplicitPrecompiledModules -clang-scanner-module-cache-path /tmp/counting-sheep-coat-build/ModuleCache.noindex -sdk-module-cache-path /tmp/counting-sheep-coat-build/ModuleCache.noindex -serialize-diagnostics -emit-dependencies -emit-module -emit-module-path /tmp/counting-sheep-coat-build/Build/Intermediates.noindex/PhoneInTheOtherRoom.build/Debug-iphonesimulator/PhoneInTheOtherRoomLiveActivity.build/Objects-normal/arm64/Counting_Sheep_Live_Activity.swiftmodule -validate-clang-modules-once -clang-build-session-file /tmp/counting-sheep-coat-build/ModuleCache.noindex/Session.modulevalidation -Xcc -I/tmp/counting-sheep-coat-build/Build/Intermediates.noindex/PhoneInTheOtherRoom.build/Debug-iphonesimulator/PhoneInTheOtherRoomLiveActivity.build/swift-overrides.hmap -emit-const-values -Xfrontend -const-gather-protocols-file -Xfrontend /tmp/counting-sheep-coat-build/Build/Intermediates.noindex/PhoneInTheOtherRoom.build/Debug-iphonesimulator/PhoneInTheOtherRoomLiveActivity.build/Objects-normal/arm64/PhoneInTheOtherRoomLiveActivity_const_extract_protocols.json -Xcc -iquote -Xcc /tmp/counting-sheep-coat-build/Build/Intermediates.noindex/PhoneInTheOtherRoom.build/Debug-iphonesimulator/PhoneInTheOtherRoomLiveActivity.build/Counting\ Sheep\ Live\ Activity-generated-files.hmap -Xcc -I/tmp/counting-sheep-coat-build/Build/Intermediates.noindex/PhoneInTheOtherRoom.build/Debug-iphonesimulator/PhoneInTheOtherRoomLiveActivity.build/Counting\ Sheep\ Live\ Activity-own-target-headers.hmap -Xcc -I/tmp/counting-sheep-coat-build/Build/Intermediates.noindex/PhoneInTheOtherRoom.build/Debug-iphonesimulator/PhoneInTheOtherRoomLiveActivity.build/Counting\ Sheep\ Live\ Activity-all-non-framework-target-headers.hmap -Xcc -ivfsoverlay -Xcc /tmp/counting-sheep-coat-build/Build/Intermediates.noindex/PhoneInTheOtherRoom.build/Debug-iphonesimulator/PhoneInTheOtherRoom-d9a00fb94435e678319518e524e23875-VFS-iphonesimulator/all-product-headers.yaml -Xcc -iquote -Xcc /tmp/counting-sheep-coat-build/Build/Intermediates.noindex/PhoneInTheOtherRoom.build/Debug-iphonesimulator/PhoneInTheOtherRoomLiveActivity.build/Counting\ Sheep\ Live\ Activity-project-headers.hmap -Xcc -I/tmp/counting-sheep-coat-build/Build/Products/Debug-iphonesimulator/include -Xcc -I/tmp/counting-sheep-coat-build/Build/Intermediates.noindex/PhoneInTheOtherRoom.build/Debug-iphonesimulator/PhoneInTheOtherRoomLiveActivity.build/DerivedSources-normal/arm64 -Xcc -I/tmp/counting-sheep-coat-build/Build/Intermediates.noindex/PhoneInTheOtherRoom.build/Debug-iphonesimulator/PhoneInTheOtherRoomLiveActivity.build/DerivedSources/arm64 -Xcc -I/tmp/counting-sheep-coat-build/Build/Intermediates.noindex/PhoneInTheOtherRoom.build/Debug-iphonesimulator/PhoneInTheOtherRoomLiveActivity.build/DerivedSources -Xcc -DDEBUG\=1 -emit-objc-header -emit-objc-header-path /tmp/counting-sheep-coat-build/Build/Intermediates.noindex/PhoneInTheOtherRoom.build/Debug-iphonesimulator/PhoneInTheOtherRoomLiveActivity.build/Objects-normal/arm64/Counting_Sheep_Live_Activity-Swift.h -working-directory /Users/ngawangchime/Desktop/Developer\ Projects/Phone\ in\ the\ Other\ Room -experimental-emit-module-separately -disable-cmo

Ld /tmp/counting-sheep-coat-build/Build/Products/Debug-iphonesimulator/Counting\ Sheep\ Wind\ Down\ Action.appex/Counting\ Sheep\ Wind\ Down\ Action normal (in target 'PhoneInTheOtherRoomShieldAction' from project 'PhoneInTheOtherRoom')
    cd /Users/ngawangchime/Desktop/Developer\ Projects/Phone\ in\ the\ Other\ Room
    /Applications/Xcode.app/Contents/Developer/Toolchains/XcodeDefault.xctoolchain/usr/bin/clang -Xlinker -reproducible -target arm64-apple-ios17.0-simulator -isysroot /Applications/Xcode.app/Contents/Developer/Platforms/iPhoneSimulator.platform/Developer/SDKs/iPhoneSimulator26.5.sdk -O0 -L/tmp/counting-sheep-coat-build/Build/Products/Debug-iphonesimulator -F/tmp/counting-sheep-coat-build/Build/Products/Debug-iphonesimulator -Xlinker -rpath -Xlinker @executable_path -Xlinker -rpath -Xlinker @executable_path/Frameworks -Xlinker -rpath -Xlinker @executable_path/../../Frameworks -rdynamic -Xlinker -no_deduplicate -Xlinker -objc_abi_version -Xlinker 2 -e ___debug_blank_executor_main -Xlinker -sectcreate -Xlinker __TEXT -Xlinker __debug_dylib -Xlinker /tmp/counting-sheep-coat-build/Build/Intermediates.noindex/PhoneInTheOtherRoom.build/Debug-iphonesimulator/PhoneInTheOtherRoomShieldAction.build/Counting\ Sheep\ Wind\ Down\ Action-DebugDylibPath-normal-arm64.txt -Xlinker -sectcreate -Xlinker __TEXT -Xlinker __debug_entry -Xlinker /tmp/counting-sheep-coat-build/Build/Intermediates.noindex/PhoneInTheOtherRoom.build/Debug-iphonesimulator/PhoneInTheOtherRoomShieldAction.build/Counting\ Sheep\ Wind\ Down\ Action-DebugEntryPoint-normal-arm64.txt -Xlinker -sectcreate -Xlinker __TEXT -Xlinker __debug_instlnm -Xlinker /tmp/counting-sheep-coat-build/Build/Intermediates.noindex/PhoneInTheOtherRoom.build/Debug-iphonesimulator/PhoneInTheOtherRoomShieldAction.build/Counting\ Sheep\ Wind\ Down\ Action-DebugDylibInstallName-normal-arm64.txt -Xlinker -filelist -Xlinker /tmp/counting-sheep-coat-build/Build/Intermediates.noindex/PhoneInTheOtherRoom.build/Debug-iphonesimulator/PhoneInTheOtherRoomShieldAction.build/Counting\ Sheep\ Wind\ Down\ Action-ExecutorLinkFileList-normal-arm64.txt -Xlinker -sectcreate -Xlinker __TEXT -Xlinker __entitlements -Xlinker /tmp/counting-sheep-coat-build/Build/Intermediates.noindex/PhoneInTheOtherRoom.build/Debug-iphonesimulator/PhoneInTheOtherRoomShieldAction.build/Counting\ Sheep\ Wind\ Down\ Action.appex-Simulated.xcent -Xlinker -sectcreate -Xlinker __TEXT -Xlinker __ents_der -Xlinker /tmp/counting-sheep-coat-build/Build/Intermediates.noindex/PhoneInTheOtherRoom.build/Debug-iphonesimulator/PhoneInTheOtherRoomShieldAction.build/Counting\ Sheep\ Wind\ Down\ Action.appex-Simulated.xcent.der /tmp/counting-sheep-coat-build/Build/Products/Debug-iphonesimulator/Counting\ Sheep\ Wind\ Down\ Action.appex/Counting\ Sheep\ Wind\ Down\ Action.debug.dylib -Xlinker -no_adhoc_codesign -o /tmp/counting-sheep-coat-build/Build/Products/Debug-iphonesimulator/Counting\ Sheep\ Wind\ Down\ Action.appex/Counting\ Sheep\ Wind\ Down\ Action

SwiftEmitModule normal arm64 Emitting\ module\ for\ Counting_Sheep_Screen_Time_Report (in target 'PhoneInTheOtherRoomScreenTimeReport' from project 'PhoneInTheOtherRoom')

EmitSwiftModule normal arm64 (in target 'PhoneInTheOtherRoomScreenTimeReport' from project 'PhoneInTheOtherRoom')
    cd /Users/ngawangchime/Desktop/Developer\ Projects/Phone\ in\ the\ Other\ Room


SwiftEmitModule normal arm64 Emitting\ module\ for\ Counting_Sheep_Live_Activity (in target 'PhoneInTheOtherRoomLiveActivity' from project 'PhoneInTheOtherRoom')

EmitSwiftModule normal arm64 (in target 'PhoneInTheOtherRoomLiveActivity' from project 'PhoneInTheOtherRoom')
    cd /Users/ngawangchime/Desktop/Developer\ Projects/Phone\ in\ the\ Other\ Room


SwiftDriverJobDiscovery normal arm64 Emitting module for Counting_Sheep_Screen_Time_Report (in target 'PhoneInTheOtherRoomScreenTimeReport' from project 'PhoneInTheOtherRoom')

SwiftDriver\ Compilation\ Requirements PhoneInTheOtherRoomScreenTimeReport normal arm64 com.apple.xcode.tools.swift.compiler (in target 'PhoneInTheOtherRoomScreenTimeReport' from project 'PhoneInTheOtherRoom')
    cd /Users/ngawangchime/Desktop/Developer\ Projects/Phone\ in\ the\ Other\ Room
    builtin-Swift-Compilation-Requirements -- /Applications/Xcode.app/Contents/Developer/Toolchains/XcodeDefault.xctoolchain/usr/bin/swiftc -module-name Counting_Sheep_Screen_Time_Report -Onone @/tmp/counting-sheep-coat-build/Build/Intermediates.noindex/PhoneInTheOtherRoom.build/Debug-iphonesimulator/PhoneInTheOtherRoomScreenTimeReport.build/Objects-normal/arm64/Counting\ Sheep\ Screen\ Time\ Report.SwiftFileList -DDEBUG -DSCREEN_TIME_REPORTS -enable-bare-slash-regex -enable-experimental-feature DebugDescriptionMacro -sdk /Applications/Xcode.app/Contents/Developer/Platforms/iPhoneSimulator.platform/Developer/SDKs/iPhoneSimulator26.5.sdk -target arm64-apple-ios17.0-simulator -g -module-cache-path /tmp/counting-sheep-coat-build/ModuleCache.noindex -Xfrontend -serialize-debugging-options -application-extension -enable-testing -index-store-path /tmp/counting-sheep-coat-build/Index.noindex/DataStore -Xcc -D_LIBCPP_HARDENING_MODE\=_LIBCPP_HARDENING_MODE_DEBUG -swift-version 5 -I /tmp/counting-sheep-coat-build/Build/Products/Debug-iphonesimulator -F /tmp/counting-sheep-coat-build/Build/Products/Debug-iphonesimulator -c -j8 -enable-batch-mode -incremental -Xcc -ivfsstatcache -Xcc /tmp/counting-sheep-coat-build/SDKStatCaches.noindex/iphonesimulator26.5-23F81a-6cfe768891a92b912361537c460fe42b.sdkstatcache -output-file-map /tmp/counting-sheep-coat-build/Build/Intermediates.noindex/PhoneInTheOtherRoom.build/Debug-iphonesimulator/PhoneInTheOtherRoomScreenTimeReport.build/Objects-normal/arm64/PhoneInTheOtherRoomScreenTimeReport-OutputFileMap.json -use-frontend-parseable-output -save-temps -no-color-diagnostics -explicit-module-build -module-cache-path /tmp/counting-sheep-coat-build/Build/Intermediates.noindex/SwiftExplicitPrecompiledModules -clang-scanner-module-cache-path /tmp/counting-sheep-coat-build/ModuleCache.noindex -sdk-module-cache-path /tmp/counting-sheep-coat-build/ModuleCache.noindex -serialize-diagnostics -emit-dependencies -emit-module -emit-module-path /tmp/counting-sheep-coat-build/Build/Intermediates.noindex/PhoneInTheOtherRoom.build/Debug-iphonesimulator/PhoneInTheOtherRoomScreenTimeReport.build/Objects-normal/arm64/Counting_Sheep_Screen_Time_Report.swiftmodule -validate-clang-modules-once -clang-build-session-file /tmp/counting-sheep-coat-build/ModuleCache.noindex/Session.modulevalidation -Xcc -I/tmp/counting-sheep-coat-build/Build/Intermediates.noindex/PhoneInTheOtherRoom.build/Debug-iphonesimulator/PhoneInTheOtherRoomScreenTimeReport.build/swift-overrides.hmap -emit-const-values -Xfrontend -const-gather-protocols-file -Xfrontend /tmp/counting-sheep-coat-build/Build/Intermediates.noindex/PhoneInTheOtherRoom.build/Debug-iphonesimulator/PhoneInTheOtherRoomScreenTimeReport.build/Objects-normal/arm64/PhoneInTheOtherRoomScreenTimeReport_const_extract_protocols.json -Xcc -iquote -Xcc /tmp/counting-sheep-coat-build/Build/Intermediates.noindex/PhoneInTheOtherRoom.build/Debug-iphonesimulator/PhoneInTheOtherRoomScreenTimeReport.build/Counting\ Sheep\ Screen\ Time\ Report-generated-files.hmap -Xcc -I/tmp/counting-sheep-coat-build/Build/Intermediates.noindex/PhoneInTheOtherRoom.build/Debug-iphonesimulator/PhoneInTheOtherRoomScreenTimeReport.build/Counting\ Sheep\ Screen\ Time\ Report-own-target-headers.hmap -Xcc -I/tmp/counting-sheep-coat-build/Build/Intermediates.noindex/PhoneInTheOtherRoom.build/Debug-iphonesimulator/PhoneInTheOtherRoomScreenTimeReport.build/Counting\ Sheep\ Screen\ Time\ Report-all-non-framework-target-headers.hmap -Xcc -ivfsoverlay -Xcc /tmp/counting-sheep-coat-build/Build/Intermediates.noindex/PhoneInTheOtherRoom.build/Debug-iphonesimulator/PhoneInTheOtherRoom-d9a00fb94435e678319518e524e23875-VFS-iphonesimulator/all-product-headers.yaml -Xcc -iquote -Xcc /tmp/counting-sheep-coat-build/Build/Intermediates.noindex/PhoneInTheOtherRoom.build/Debug-iphonesimulator/PhoneInTheOtherRoomScreenTimeReport.build/Counting\ Sheep\ Screen\ Time\ Report-project-headers.hmap -Xcc -I/tmp/counting-sheep-coat-build/Build/Products/Debug-iphonesimulator/include -Xcc -I/tmp/counting-sheep-coat-build/Build/Intermediates.noindex/PhoneInTheOtherRoom.build/Debug-iphonesimulator/PhoneInTheOtherRoomScreenTimeReport.build/DerivedSources-normal/arm64 -Xcc -I/tmp/counting-sheep-coat-build/Build/Intermediates.noindex/PhoneInTheOtherRoom.build/Debug-iphonesimulator/PhoneInTheOtherRoomScreenTimeReport.build/DerivedSources/arm64 -Xcc -I/tmp/counting-sheep-coat-build/Build/Intermediates.noindex/PhoneInTheOtherRoom.build/Debug-iphonesimulator/PhoneInTheOtherRoomScreenTimeReport.build/DerivedSources -Xcc -DDEBUG\=1 -emit-objc-header -emit-objc-header-path /tmp/counting-sheep-coat-build/Build/Intermediates.noindex/PhoneInTheOtherRoom.build/Debug-iphonesimulator/PhoneInTheOtherRoomScreenTimeReport.build/Objects-normal/arm64/Counting_Sheep_Screen_Time_Report-Swift.h -working-directory /Users/ngawangchime/Desktop/Developer\ Projects/Phone\ in\ the\ Other\ Room -experimental-emit-module-separately -disable-cmo

SwiftDriverJobDiscovery normal arm64 Emitting module for Counting_Sheep_Live_Activity (in target 'PhoneInTheOtherRoomLiveActivity' from project 'PhoneInTheOtherRoom')

SwiftDriver\ Compilation\ Requirements PhoneInTheOtherRoomLiveActivity normal arm64 com.apple.xcode.tools.swift.compiler (in target 'PhoneInTheOtherRoomLiveActivity' from project 'PhoneInTheOtherRoom')
    cd /Users/ngawangchime/Desktop/Developer\ Projects/Phone\ in\ the\ Other\ Room
    builtin-Swift-Compilation-Requirements -- /Applications/Xcode.app/Contents/Developer/Toolchains/XcodeDefault.xctoolchain/usr/bin/swiftc -module-name Counting_Sheep_Live_Activity -Onone @/tmp/counting-sheep-coat-build/Build/Intermediates.noindex/PhoneInTheOtherRoom.build/Debug-iphonesimulator/PhoneInTheOtherRoomLiveActivity.build/Objects-normal/arm64/Counting\ Sheep\ Live\ Activity.SwiftFileList -DDEBUG -enable-bare-slash-regex -enable-experimental-feature DebugDescriptionMacro -sdk /Applications/Xcode.app/Contents/Developer/Platforms/iPhoneSimulator.platform/Developer/SDKs/iPhoneSimulator26.5.sdk -target arm64-apple-ios17.0-simulator -g -module-cache-path /tmp/counting-sheep-coat-build/ModuleCache.noindex -Xfrontend -serialize-debugging-options -application-extension -enable-testing -index-store-path /tmp/counting-sheep-coat-build/Index.noindex/DataStore -Xcc -D_LIBCPP_HARDENING_MODE\=_LIBCPP_HARDENING_MODE_DEBUG -swift-version 5 -I /tmp/counting-sheep-coat-build/Build/Products/Debug-iphonesimulator -F /tmp/counting-sheep-coat-build/Build/Products/Debug-iphonesimulator -c -j8 -enable-batch-mode -incremental -Xcc -ivfsstatcache -Xcc /tmp/counting-sheep-coat-build/SDKStatCaches.noindex/iphonesimulator26.5-23F81a-6cfe768891a92b912361537c460fe42b.sdkstatcache -output-file-map /tmp/counting-sheep-coat-build/Build/Intermediates.noindex/PhoneInTheOtherRoom.build/Debug-iphonesimulator/PhoneInTheOtherRoomLiveActivity.build/Objects-normal/arm64/PhoneInTheOtherRoomLiveActivity-OutputFileMap.json -use-frontend-parseable-output -save-temps -no-color-diagnostics -explicit-module-build -module-cache-path /tmp/counting-sheep-coat-build/Build/Intermediates.noindex/SwiftExplicitPrecompiledModules -clang-scanner-module-cache-path /tmp/counting-sheep-coat-build/ModuleCache.noindex -sdk-module-cache-path /tmp/counting-sheep-coat-build/ModuleCache.noindex -serialize-diagnostics -emit-dependencies -emit-module -emit-module-path /tmp/counting-sheep-coat-build/Build/Intermediates.noindex/PhoneInTheOtherRoom.build/Debug-iphonesimulator/PhoneInTheOtherRoomLiveActivity.build/Objects-normal/arm64/Counting_Sheep_Live_Activity.swiftmodule -validate-clang-modules-once -clang-build-session-file /tmp/counting-sheep-coat-build/ModuleCache.noindex/Session.modulevalidation -Xcc -I/tmp/counting-sheep-coat-build/Build/Intermediates.noindex/PhoneInTheOtherRoom.build/Debug-iphonesimulator/PhoneInTheOtherRoomLiveActivity.build/swift-overrides.hmap -emit-const-values -Xfrontend -const-gather-protocols-file -Xfrontend /tmp/counting-sheep-coat-build/Build/Intermediates.noindex/PhoneInTheOtherRoom.build/Debug-iphonesimulator/PhoneInTheOtherRoomLiveActivity.build/Objects-normal/arm64/PhoneInTheOtherRoomLiveActivity_const_extract_protocols.json -Xcc -iquote -Xcc /tmp/counting-sheep-coat-build/Build/Intermediates.noindex/PhoneInTheOtherRoom.build/Debug-iphonesimulator/PhoneInTheOtherRoomLiveActivity.build/Counting\ Sheep\ Live\ Activity-generated-files.hmap -Xcc -I/tmp/counting-sheep-coat-build/Build/Intermediates.noindex/PhoneInTheOtherRoom.build/Debug-iphonesimulator/PhoneInTheOtherRoomLiveActivity.build/Counting\ Sheep\ Live\ Activity-own-target-headers.hmap -Xcc -I/tmp/counting-sheep-coat-build/Build/Intermediates.noindex/PhoneInTheOtherRoom.build/Debug-iphonesimulator/PhoneInTheOtherRoomLiveActivity.build/Counting\ Sheep\ Live\ Activity-all-non-framework-target-headers.hmap -Xcc -ivfsoverlay -Xcc /tmp/counting-sheep-coat-build/Build/Intermediates.noindex/PhoneInTheOtherRoom.build/Debug-iphonesimulator/PhoneInTheOtherRoom-d9a00fb94435e678319518e524e23875-VFS-iphonesimulator/all-product-headers.yaml -Xcc -iquote -Xcc /tmp/counting-sheep-coat-build/Build/Intermediates.noindex/PhoneInTheOtherRoom.build/Debug-iphonesimulator/PhoneInTheOtherRoomLiveActivity.build/Counting\ Sheep\ Live\ Activity-project-headers.hmap -Xcc -I/tmp/counting-sheep-coat-build/Build/Products/Debug-iphonesimulator/include -Xcc -I/tmp/counting-sheep-coat-build/Build/Intermediates.noindex/PhoneInTheOtherRoom.build/Debug-iphonesimulator/PhoneInTheOtherRoomLiveActivity.build/DerivedSources-normal/arm64 -Xcc -I/tmp/counting-sheep-coat-build/Build/Intermediates.noindex/PhoneInTheOtherRoom.build/Debug-iphonesimulator/PhoneInTheOtherRoomLiveActivity.build/DerivedSources/arm64 -Xcc -I/tmp/counting-sheep-coat-build/Build/Intermediates.noindex/PhoneInTheOtherRoom.build/Debug-iphonesimulator/PhoneInTheOtherRoomLiveActivity.build/DerivedSources -Xcc -DDEBUG\=1 -emit-objc-header -emit-objc-header-path /tmp/counting-sheep-coat-build/Build/Intermediates.noindex/PhoneInTheOtherRoom.build/Debug-iphonesimulator/PhoneInTheOtherRoomLiveActivity.build/Objects-normal/arm64/Counting_Sheep_Live_Activity-Swift.h -working-directory /Users/ngawangchime/Desktop/Developer\ Projects/Phone\ in\ the\ Other\ Room -experimental-emit-module-separately -disable-cmo

Copy /tmp/counting-sheep-coat-build/Build/Products/Debug-iphonesimulator/Counting_Sheep_Screen_Time_Report.swiftmodule/arm64-apple-ios-simulator.swiftmodule /tmp/counting-sheep-coat-build/Build/Intermediates.noindex/PhoneInTheOtherRoom.build/Debug-iphonesimulator/PhoneInTheOtherRoomScreenTimeReport.build/Objects-normal/arm64/Counting_Sheep_Screen_Time_Report.swiftmodule (in target 'PhoneInTheOtherRoomScreenTimeReport' from project 'PhoneInTheOtherRoom')
    cd /Users/ngawangchime/Desktop/Developer\ Projects/Phone\ in\ the\ Other\ Room
    builtin-copy -exclude .DS_Store -exclude CVS -exclude .svn -exclude .git -exclude .hg -resolve-src-symlinks -rename /tmp/counting-sheep-coat-build/Build/Intermediates.noindex/PhoneInTheOtherRoom.build/Debug-iphonesimulator/PhoneInTheOtherRoomScreenTimeReport.build/Objects-normal/arm64/Counting_Sheep_Screen_Time_Report.swiftmodule /tmp/counting-sheep-coat-build/Build/Products/Debug-iphonesimulator/Counting_Sheep_Screen_Time_Report.swiftmodule/arm64-apple-ios-simulator.swiftmodule

Copy /tmp/counting-sheep-coat-build/Build/Products/Debug-iphonesimulator/Counting_Sheep_Screen_Time_Report.swiftmodule/arm64-apple-ios-simulator.swiftdoc /tmp/counting-sheep-coat-build/Build/Intermediates.noindex/PhoneInTheOtherRoom.build/Debug-iphonesimulator/PhoneInTheOtherRoomScreenTimeReport.build/Objects-normal/arm64/Counting_Sheep_Screen_Time_Report.swiftdoc (in target 'PhoneInTheOtherRoomScreenTimeReport' from project 'PhoneInTheOtherRoom')
    cd /Users/ngawangchime/Desktop/Developer\ Projects/Phone\ in\ the\ Other\ Room
    builtin-copy -exclude .DS_Store -exclude CVS -exclude .svn -exclude .git -exclude .hg -resolve-src-symlinks -rename /tmp/counting-sheep-coat-build/Build/Intermediates.noindex/PhoneInTheOtherRoom.build/Debug-iphonesimulator/PhoneInTheOtherRoomScreenTimeReport.build/Objects-normal/arm64/Counting_Sheep_Screen_Time_Report.swiftdoc /tmp/counting-sheep-coat-build/Build/Products/Debug-iphonesimulator/Counting_Sheep_Screen_Time_Report.swiftmodule/arm64-apple-ios-simulator.swiftdoc

Copy /tmp/counting-sheep-coat-build/Build/Products/Debug-iphonesimulator/Counting_Sheep_Screen_Time_Report.swiftmodule/arm64-apple-ios-simulator.abi.json /tmp/counting-sheep-coat-build/Build/Intermediates.noindex/PhoneInTheOtherRoom.build/Debug-iphonesimulator/PhoneInTheOtherRoomScreenTimeReport.build/Objects-normal/arm64/Counting_Sheep_Screen_Time_Report.abi.json (in target 'PhoneInTheOtherRoomScreenTimeReport' from project 'PhoneInTheOtherRoom')
    cd /Users/ngawangchime/Desktop/Developer\ Projects/Phone\ in\ the\ Other\ Room
    builtin-copy -exclude .DS_Store -exclude CVS -exclude .svn -exclude .git -exclude .hg -resolve-src-symlinks -rename /tmp/counting-sheep-coat-build/Build/Intermediates.noindex/PhoneInTheOtherRoom.build/Debug-iphonesimulator/PhoneInTheOtherRoomScreenTimeReport.build/Objects-normal/arm64/Counting_Sheep_Screen_Time_Report.abi.json /tmp/counting-sheep-coat-build/Build/Products/Debug-iphonesimulator/Counting_Sheep_Screen_Time_Report.swiftmodule/arm64-apple-ios-simulator.abi.json

Copy /tmp/counting-sheep-coat-build/Build/Products/Debug-iphonesimulator/Counting_Sheep_Screen_Time_Report.swiftmodule/Project/arm64-apple-ios-simulator.swiftsourceinfo /tmp/counting-sheep-coat-build/Build/Intermediates.noindex/PhoneInTheOtherRoom.build/Debug-iphonesimulator/PhoneInTheOtherRoomScreenTimeReport.build/Objects-normal/arm64/Counting_Sheep_Screen_Time_Report.swiftsourceinfo (in target 'PhoneInTheOtherRoomScreenTimeReport' from project 'PhoneInTheOtherRoom')
    cd /Users/ngawangchime/Desktop/Developer\ Projects/Phone\ in\ the\ Other\ Room
    builtin-copy -exclude .DS_Store -exclude CVS -exclude .svn -exclude .git -exclude .hg -resolve-src-symlinks -rename /tmp/counting-sheep-coat-build/Build/Intermediates.noindex/PhoneInTheOtherRoom.build/Debug-iphonesimulator/PhoneInTheOtherRoomScreenTimeReport.build/Objects-normal/arm64/Counting_Sheep_Screen_Time_Report.swiftsourceinfo /tmp/counting-sheep-coat-build/Build/Products/Debug-iphonesimulator/Counting_Sheep_Screen_Time_Report.swiftmodule/Project/arm64-apple-ios-simulator.swiftsourceinfo

Copy /tmp/counting-sheep-coat-build/Build/Products/Debug-iphonesimulator/Counting_Sheep_Live_Activity.swiftmodule/arm64-apple-ios-simulator.swiftmodule /tmp/counting-sheep-coat-build/Build/Intermediates.noindex/PhoneInTheOtherRoom.build/Debug-iphonesimulator/PhoneInTheOtherRoomLiveActivity.build/Objects-normal/arm64/Counting_Sheep_Live_Activity.swiftmodule (in target 'PhoneInTheOtherRoomLiveActivity' from project 'PhoneInTheOtherRoom')
    cd /Users/ngawangchime/Desktop/Developer\ Projects/Phone\ in\ the\ Other\ Room
    builtin-copy -exclude .DS_Store -exclude CVS -exclude .svn -exclude .git -exclude .hg -resolve-src-symlinks -rename /tmp/counting-sheep-coat-build/Build/Intermediates.noindex/PhoneInTheOtherRoom.build/Debug-iphonesimulator/PhoneInTheOtherRoomLiveActivity.build/Objects-normal/arm64/Counting_Sheep_Live_Activity.swiftmodule /tmp/counting-sheep-coat-build/Build/Products/Debug-iphonesimulator/Counting_Sheep_Live_Activity.swiftmodule/arm64-apple-ios-simulator.swiftmodule

Copy /tmp/counting-sheep-coat-build/Build/Products/Debug-iphonesimulator/Counting_Sheep_Live_Activity.swiftmodule/arm64-apple-ios-simulator.swiftdoc /tmp/counting-sheep-coat-build/Build/Intermediates.noindex/PhoneInTheOtherRoom.build/Debug-iphonesimulator/PhoneInTheOtherRoomLiveActivity.build/Objects-normal/arm64/Counting_Sheep_Live_Activity.swiftdoc (in target 'PhoneInTheOtherRoomLiveActivity' from project 'PhoneInTheOtherRoom')
    cd /Users/ngawangchime/Desktop/Developer\ Projects/Phone\ in\ the\ Other\ Room
    builtin-copy -exclude .DS_Store -exclude CVS -exclude .svn -exclude .git -exclude .hg -resolve-src-symlinks -rename /tmp/counting-sheep-coat-build/Build/Intermediates.noindex/PhoneInTheOtherRoom.build/Debug-iphonesimulator/PhoneInTheOtherRoomLiveActivity.build/Objects-normal/arm64/Counting_Sheep_Live_Activity.swiftdoc /tmp/counting-sheep-coat-build/Build/Products/Debug-iphonesimulator/Counting_Sheep_Live_Activity.swiftmodule/arm64-apple-ios-simulator.swiftdoc

Copy /tmp/counting-sheep-coat-build/Build/Products/Debug-iphonesimulator/Counting_Sheep_Live_Activity.swiftmodule/arm64-apple-ios-simulator.abi.json /tmp/counting-sheep-coat-build/Build/Intermediates.noindex/PhoneInTheOtherRoom.build/Debug-iphonesimulator/PhoneInTheOtherRoomLiveActivity.build/Objects-normal/arm64/Counting_Sheep_Live_Activity.abi.json (in target 'PhoneInTheOtherRoomLiveActivity' from project 'PhoneInTheOtherRoom')
    cd /Users/ngawangchime/Desktop/Developer\ Projects/Phone\ in\ the\ Other\ Room
    builtin-copy -exclude .DS_Store -exclude CVS -exclude .svn -exclude .git -exclude .hg -resolve-src-symlinks -rename /tmp/counting-sheep-coat-build/Build/Intermediates.noindex/PhoneInTheOtherRoom.build/Debug-iphonesimulator/PhoneInTheOtherRoomLiveActivity.build/Objects-normal/arm64/Counting_Sheep_Live_Activity.abi.json /tmp/counting-sheep-coat-build/Build/Products/Debug-iphonesimulator/Counting_Sheep_Live_Activity.swiftmodule/arm64-apple-ios-simulator.abi.json

Copy /tmp/counting-sheep-coat-build/Build/Products/Debug-iphonesimulator/Counting_Sheep_Live_Activity.swiftmodule/Project/arm64-apple-ios-simulator.swiftsourceinfo /tmp/counting-sheep-coat-build/Build/Intermediates.noindex/PhoneInTheOtherRoom.build/Debug-iphonesimulator/PhoneInTheOtherRoomLiveActivity.build/Objects-normal/arm64/Counting_Sheep_Live_Activity.swiftsourceinfo (in target 'PhoneInTheOtherRoomLiveActivity' from project 'PhoneInTheOtherRoom')
    cd /Users/ngawangchime/Desktop/Developer\ Projects/Phone\ in\ the\ Other\ Room
    builtin-copy -exclude .DS_Store -exclude CVS -exclude .svn -exclude .git -exclude .hg -resolve-src-symlinks -rename /tmp/counting-sheep-coat-build/Build/Intermediates.noindex/PhoneInTheOtherRoom.build/Debug-iphonesimulator/PhoneInTheOtherRoomLiveActivity.build/Objects-normal/arm64/Counting_Sheep_Live_Activity.swiftsourceinfo /tmp/counting-sheep-coat-build/Build/Products/Debug-iphonesimulator/Counting_Sheep_Live_Activity.swiftmodule/Project/arm64-apple-ios-simulator.swiftsourceinfo

SwiftCompile normal arm64 Compiling\ NightFlockRequestScheduling.swift,\ NightFlockV4API.swift /Users/ngawangchime/Desktop/Developer\ Projects/Phone\ in\ the\ Other\ Room/Shared/NightFlockRequestScheduling.swift /Users/ngawangchime/Desktop/Developer\ Projects/Phone\ in\ the\ Other\ Room/Shared/NightFlockV4API.swift (in target 'PhoneInTheOtherRoomWatchApp' from project 'PhoneInTheOtherRoom')

SwiftCompile normal arm64 /Users/ngawangchime/Desktop/Developer\ Projects/Phone\ in\ the\ Other\ Room/Shared/NightFlockRequestScheduling.swift (in target 'PhoneInTheOtherRoomWatchApp' from project 'PhoneInTheOtherRoom')
    cd /Users/ngawangchime/Desktop/Developer\ Projects/Phone\ in\ the\ Other\ Room


SwiftCompile normal arm64 /Users/ngawangchime/Desktop/Developer\ Projects/Phone\ in\ the\ Other\ Room/Shared/NightFlockV4API.swift (in target 'PhoneInTheOtherRoomWatchApp' from project 'PhoneInTheOtherRoom')
    cd /Users/ngawangchime/Desktop/Developer\ Projects/Phone\ in\ the\ Other\ Room


SwiftCompile normal arm64 Compiling\ Campfire.swift,\ CampfireVisibility.swift /Users/ngawangchime/Desktop/Developer\ Projects/Phone\ in\ the\ Other\ Room/Shared/Campfire.swift /Users/ngawangchime/Desktop/Developer\ Projects/Phone\ in\ the\ Other\ Room/Shared/CampfireVisibility.swift (in target 'PhoneInTheOtherRoomWatchApp' from project 'PhoneInTheOtherRoom')

SwiftCompile normal arm64 /Users/ngawangchime/Desktop/Developer\ Projects/Phone\ in\ the\ Other\ Room/Shared/Campfire.swift (in target 'PhoneInTheOtherRoomWatchApp' from project 'PhoneInTheOtherRoom')
    cd /Users/ngawangchime/Desktop/Developer\ Projects/Phone\ in\ the\ Other\ Room


SwiftCompile normal arm64 /Users/ngawangchime/Desktop/Developer\ Projects/Phone\ in\ the\ Other\ Room/Shared/CampfireVisibility.swift (in target 'PhoneInTheOtherRoomWatchApp' from project 'PhoneInTheOtherRoom')
    cd /Users/ngawangchime/Desktop/Developer\ Projects/Phone\ in\ the\ Other\ Room


SwiftDriverJobDiscovery normal arm64 Compiling NightFlockRequestScheduling.swift, NightFlockV4API.swift (in target 'PhoneInTheOtherRoomWatchApp' from project 'PhoneInTheOtherRoom')

SwiftCompile normal arm64 Compiling\ NightFlockReadDeadline.swift,\ NightFlockRemoteError.swift /Users/ngawangchime/Desktop/Developer\ Projects/Phone\ in\ the\ Other\ Room/Shared/NightFlockReadDeadline.swift /Users/ngawangchime/Desktop/Developer\ Projects/Phone\ in\ the\ Other\ Room/Shared/NightFlockRemoteError.swift (in target 'PhoneInTheOtherRoomWatchApp' from project 'PhoneInTheOtherRoom')

SwiftCompile normal arm64 /Users/ngawangchime/Desktop/Developer\ Projects/Phone\ in\ the\ Other\ Room/Shared/NightFlockReadDeadline.swift (in target 'PhoneInTheOtherRoomWatchApp' from project 'PhoneInTheOtherRoom')
    cd /Users/ngawangchime/Desktop/Developer\ Projects/Phone\ in\ the\ Other\ Room


SwiftCompile normal arm64 /Users/ngawangchime/Desktop/Developer\ Projects/Phone\ in\ the\ Other\ Room/Shared/NightFlockRemoteError.swift (in target 'PhoneInTheOtherRoomWatchApp' from project 'PhoneInTheOtherRoom')
    cd /Users/ngawangchime/Desktop/Developer\ Projects/Phone\ in\ the\ Other\ Room


SwiftDriverJobDiscovery normal arm64 Compiling Campfire.swift, CampfireVisibility.swift (in target 'PhoneInTheOtherRoomWatchApp' from project 'PhoneInTheOtherRoom')

SwiftCompile normal arm64 Compiling\ WelcomeReward.swift,\ WindDownGuidance.swift,\ WindDownHabit.swift,\ WindDownScheduling.swift /Users/ngawangchime/Desktop/Developer\ Projects/Phone\ in\ the\ Other\ Room/Shared/WelcomeReward.swift /Users/ngawangchime/Desktop/Developer\ Projects/Phone\ in\ the\ Other\ Room/Shared/WindDownGuidance.swift /Users/ngawangchime/Desktop/Developer\ Projects/Phone\ in\ the\ Other\ Room/Shared/WindDownHabit.swift /Users/ngawangchime/Desktop/Developer\ Projects/Phone\ in\ the\ Other\ Room/Shared/WindDownScheduling.swift (in target 'PhoneInTheOtherRoomWatchApp' from project 'PhoneInTheOtherRoom')
SwiftCompile normal arm64 /Users/ngawangchime/Desktop/Developer\ Projects/Phone\ in\ the\ Other\ Room/Shared/WelcomeReward.swift (in target 'PhoneInTheOtherRoomWatchApp' from project 'PhoneInTheOtherRoom')
    cd /Users/ngawangchime/Desktop/Developer\ Projects/Phone\ in\ the\ Other\ Room


SwiftCompile normal arm64 /Users/ngawangchime/Desktop/Developer\ Projects/Phone\ in\ the\ Other\ Room/Shared/WindDownGuidance.swift (in target 'PhoneInTheOtherRoomWatchApp' from project 'PhoneInTheOtherRoom')
    cd /Users/ngawangchime/Desktop/Developer\ Projects/Phone\ in\ the\ Other\ Room


SwiftCompile normal arm64 /Users/ngawangchime/Desktop/Developer\ Projects/Phone\ in\ the\ Other\ Room/Shared/WindDownHabit.swift (in target 'PhoneInTheOtherRoomWatchApp' from project 'PhoneInTheOtherRoom')
    cd /Users/ngawangchime/Desktop/Developer\ Projects/Phone\ in\ the\ Other\ Room


SwiftCompile normal arm64 /Users/ngawangchime/Desktop/Developer\ Projects/Phone\ in\ the\ Other\ Room/Shared/WindDownScheduling.swift (in target 'PhoneInTheOtherRoomWatchApp' from project 'PhoneInTheOtherRoom')
    cd /Users/ngawangchime/Desktop/Developer\ Projects/Phone\ in\ the\ Other\ Room


SwiftDriverJobDiscovery normal arm64 Compiling NightFlockReadDeadline.swift, NightFlockRemoteError.swift (in target 'PhoneInTheOtherRoomWatchApp' from project 'PhoneInTheOtherRoom')

SwiftCompile normal arm64 Compiling\ WatchMessage.swift,\ WatchRunView.swift,\ WatchRunViewModel.swift,\ WatchSetupView.swift /Users/ngawangchime/Desktop/Developer\ Projects/Phone\ in\ the\ Other\ Room/Shared/WatchMessage.swift /Users/ngawangchime/Desktop/Developer\ Projects/Phone\ in\ the\ Other\ Room/PhoneInTheOtherRoomWatchApp/Views/WatchRunView.swift /Users/ngawangchime/Desktop/Developer\ Projects/Phone\ in\ the\ Other\ Room/PhoneInTheOtherRoomWatchApp/ViewModels/WatchRunViewModel.swift /Users/ngawangchime/Desktop/Developer\ Projects/Phone\ in\ the\ Other\ Room/PhoneInTheOtherRoomWatchApp/Views/WatchSetupView.swift (in target 'PhoneInTheOtherRoomWatchApp' from project 'PhoneInTheOtherRoom')
SwiftCompile normal arm64 /Users/ngawangchime/Desktop/Developer\ Projects/Phone\ in\ the\ Other\ Room/Shared/WatchMessage.swift (in target 'PhoneInTheOtherRoomWatchApp' from project 'PhoneInTheOtherRoom')
    cd /Users/ngawangchime/Desktop/Developer\ Projects/Phone\ in\ the\ Other\ Room


SwiftCompile normal arm64 /Users/ngawangchime/Desktop/Developer\ Projects/Phone\ in\ the\ Other\ Room/PhoneInTheOtherRoomWatchApp/Views/WatchRunView.swift (in target 'PhoneInTheOtherRoomWatchApp' from project 'PhoneInTheOtherRoom')
    cd /Users/ngawangchime/Desktop/Developer\ Projects/Phone\ in\ the\ Other\ Room


SwiftCompile normal arm64 /Users/ngawangchime/Desktop/Developer\ Projects/Phone\ in\ the\ Other\ Room/PhoneInTheOtherRoomWatchApp/ViewModels/WatchRunViewModel.swift (in target 'PhoneInTheOtherRoomWatchApp' from project 'PhoneInTheOtherRoom')
    cd /Users/ngawangchime/Desktop/Developer\ Projects/Phone\ in\ the\ Other\ Room


SwiftCompile normal arm64 /Users/ngawangchime/Desktop/Developer\ Projects/Phone\ in\ the\ Other\ Room/PhoneInTheOtherRoomWatchApp/Views/WatchSetupView.swift (in target 'PhoneInTheOtherRoomWatchApp' from project 'PhoneInTheOtherRoom')
    cd /Users/ngawangchime/Desktop/Developer\ Projects/Phone\ in\ the\ Other\ Room


SwiftCompile normal arm64 Compiling\ ActiveRunPresentation.swift,\ CampfireProfile.swift,\ FarmBackupPayload.swift,\ FarmSaveDocument.swift,\ FocusRunLiveActivity.swift /Users/ngawangchime/Desktop/Developer\ Projects/Phone\ in\ the\ Other\ Room/Shared/ActiveRunPresentation.swift /Users/ngawangchime/Desktop/Developer\ Projects/Phone\ in\ the\ Other\ Room/Shared/CampfireProfile.swift /Users/ngawangchime/Desktop/Developer\ Projects/Phone\ in\ the\ Other\ Room/Shared/FarmBackupPayload.swift /Users/ngawangchime/Desktop/Developer\ Projects/Phone\ in\ the\ Other\ Room/Shared/FarmSaveDocument.swift /Users/ngawangchime/Desktop/Developer\ Projects/Phone\ in\ the\ Other\ Room/Shared/FocusRunLiveActivity.swift (in target 'PhoneInTheOtherRoomWatchApp' from project 'PhoneInTheOtherRoom')

SwiftCompile normal arm64 /Users/ngawangchime/Desktop/Developer\ Projects/Phone\ in\ the\ Other\ Room/Shared/ActiveRunPresentation.swift (in target 'PhoneInTheOtherRoomWatchApp' from project 'PhoneInTheOtherRoom')
    cd /Users/ngawangchime/Desktop/Developer\ Projects/Phone\ in\ the\ Other\ Room


SwiftCompile normal arm64 /Users/ngawangchime/Desktop/Developer\ Projects/Phone\ in\ the\ Other\ Room/Shared/CampfireProfile.swift (in target 'PhoneInTheOtherRoomWatchApp' from project 'PhoneInTheOtherRoom')
    cd /Users/ngawangchime/Desktop/Developer\ Projects/Phone\ in\ the\ Other\ Room


SwiftCompile normal arm64 /Users/ngawangchime/Desktop/Developer\ Projects/Phone\ in\ the\ Other\ Room/Shared/FarmBackupPayload.swift (in target 'PhoneInTheOtherRoomWatchApp' from project 'PhoneInTheOtherRoom')
    cd /Users/ngawangchime/Desktop/Developer\ Projects/Phone\ in\ the\ Other\ Room


SwiftCompile normal arm64 /Users/ngawangchime/Desktop/Developer\ Projects/Phone\ in\ the\ Other\ Room/Shared/FarmSaveDocument.swift (in target 'PhoneInTheOtherRoomWatchApp' from project 'PhoneInTheOtherRoom')
    cd /Users/ngawangchime/Desktop/Developer\ Projects/Phone\ in\ the\ Other\ Room


SwiftCompile normal arm64 /Users/ngawangchime/Desktop/Developer\ Projects/Phone\ in\ the\ Other\ Room/Shared/FocusRunLiveActivity.swift (in target 'PhoneInTheOtherRoomWatchApp' from project 'PhoneInTheOtherRoom')
    cd /Users/ngawangchime/Desktop/Developer\ Projects/Phone\ in\ the\ Other\ Room


SwiftDriverJobDiscovery normal arm64 Compiling WelcomeReward.swift, WindDownGuidance.swift, WindDownHabit.swift, WindDownScheduling.swift (in target 'PhoneInTheOtherRoomWatchApp' from project 'PhoneInTheOtherRoom')

LinkAssetCatalog /Users/ngawangchime/Desktop/Developer\ Projects/Phone\ in\ the\ Other\ Room/Assets.xcassets (in target 'PhoneInTheOtherRoomWatchApp' from project 'PhoneInTheOtherRoom')
    cd /Users/ngawangchime/Desktop/Developer\ Projects/Phone\ in\ the\ Other\ Room
    builtin-linkAssetCatalog --thinned /tmp/counting-sheep-coat-build/Build/Intermediates.noindex/PhoneInTheOtherRoom.build/Debug-watchsimulator/PhoneInTheOtherRoomWatchApp.build/assetcatalog_output/thinned --thinned-dependencies /tmp/counting-sheep-coat-build/Build/Intermediates.noindex/PhoneInTheOtherRoom.build/Debug-watchsimulator/PhoneInTheOtherRoomWatchApp.build/assetcatalog_dependencies_thinned --thinned-info-plist-content /tmp/counting-sheep-coat-build/Build/Intermediates.noindex/PhoneInTheOtherRoom.build/Debug-watchsimulator/PhoneInTheOtherRoomWatchApp.build/assetcatalog_generated_info.plist_thinned --unthinned /tmp/counting-sheep-coat-build/Build/Intermediates.noindex/PhoneInTheOtherRoom.build/Debug-watchsimulator/PhoneInTheOtherRoomWatchApp.build/assetcatalog_output/unthinned --unthinned-dependencies /tmp/counting-sheep-coat-build/Build/Intermediates.noindex/PhoneInTheOtherRoom.build/Debug-watchsimulator/PhoneInTheOtherRoomWatchApp.build/assetcatalog_dependencies_unthinned --unthinned-info-plist-content /tmp/counting-sheep-coat-build/Build/Intermediates.noindex/PhoneInTheOtherRoom.build/Debug-watchsimulator/PhoneInTheOtherRoomWatchApp.build/assetcatalog_generated_info.plist_unthinned --output /tmp/counting-sheep-coat-build/Build/Products/Debug-watchsimulator/Counting\ Sheep\ Watch.app --plist-output /tmp/counting-sheep-coat-build/Build/Intermediates.noindex/PhoneInTheOtherRoom.build/Debug-watchsimulator/PhoneInTheOtherRoomWatchApp.build/assetcatalog_generated_info.plist
note: Emplaced /tmp/counting-sheep-coat-build/Build/Products/Debug-watchsimulator/Counting Sheep Watch.app/Assets.car (in target 'PhoneInTheOtherRoomWatchApp' from project 'PhoneInTheOtherRoom')

SwiftDriverJobDiscovery normal arm64 Compiling ActiveRunPresentation.swift, CampfireProfile.swift, FarmBackupPayload.swift, FarmSaveDocument.swift, FocusRunLiveActivity.swift (in target 'PhoneInTheOtherRoomWatchApp' from project 'PhoneInTheOtherRoom')

SwiftCompile normal arm64 Compiling\ NotificationPlanning.swift,\ OllieModels.swift,\ OnboardingJourney.swift,\ PhoneAwaySearchSettlement.swift,\ QuietTimeShieldSchedule.swift /Users/ngawangchime/Desktop/Developer\ Projects/Phone\ in\ the\ Other\ Room/Shared/NotificationPlanning.swift /Users/ngawangchime/Desktop/Developer\ Projects/Phone\ in\ the\ Other\ Room/Shared/Models/OllieModels.swift /Users/ngawangchime/Desktop/Developer\ Projects/Phone\ in\ the\ Other\ Room/Shared/OnboardingJourney.swift /Users/ngawangchime/Desktop/Developer\ Projects/Phone\ in\ the\ Other\ Room/Shared/PhoneAwaySearchSettlement.swift /Users/ngawangchime/Desktop/Developer\ Projects/Phone\ in\ the\ Other\ Room/Shared/QuietTimeShieldSchedule.swift (in target 'PhoneInTheOtherRoomWatchApp' from project 'PhoneInTheOtherRoom')

SwiftCompile normal arm64 /Users/ngawangchime/Desktop/Developer\ Projects/Phone\ in\ the\ Other\ Room/Shared/NotificationPlanning.swift (in target 'PhoneInTheOtherRoomWatchApp' from project 'PhoneInTheOtherRoom')
    cd /Users/ngawangchime/Desktop/Developer\ Projects/Phone\ in\ the\ Other\ Room


SwiftCompile normal arm64 /Users/ngawangchime/Desktop/Developer\ Projects/Phone\ in\ the\ Other\ Room/Shared/Models/OllieModels.swift (in target 'PhoneInTheOtherRoomWatchApp' from project 'PhoneInTheOtherRoom')
    cd /Users/ngawangchime/Desktop/Developer\ Projects/Phone\ in\ the\ Other\ Room


SwiftCompile normal arm64 /Users/ngawangchime/Desktop/Developer\ Projects/Phone\ in\ the\ Other\ Room/Shared/OnboardingJourney.swift (in target 'PhoneInTheOtherRoomWatchApp' from project 'PhoneInTheOtherRoom')
    cd /Users/ngawangchime/Desktop/Developer\ Projects/Phone\ in\ the\ Other\ Room


SwiftCompile normal arm64 /Users/ngawangchime/Desktop/Developer\ Projects/Phone\ in\ the\ Other\ Room/Shared/PhoneAwaySearchSettlement.swift (in target 'PhoneInTheOtherRoomWatchApp' from project 'PhoneInTheOtherRoom')
    cd /Users/ngawangchime/Desktop/Developer\ Projects/Phone\ in\ the\ Other\ Room


SwiftCompile normal arm64 /Users/ngawangchime/Desktop/Developer\ Projects/Phone\ in\ the\ Other\ Room/Shared/QuietTimeShieldSchedule.swift (in target 'PhoneInTheOtherRoomWatchApp' from project 'PhoneInTheOtherRoom')
    cd /Users/ngawangchime/Desktop/Developer\ Projects/Phone\ in\ the\ Other\ Room


SwiftCompile normal arm64 Compiling\ AccountCredentials.swift,\ AutomaticWindDownSchedulingDecision.swift /Users/ngawangchime/Desktop/Developer\ Projects/Phone\ in\ the\ Other\ Room/Shared/AccountCredentials.swift /Users/ngawangchime/Desktop/Developer\ Projects/Phone\ in\ the\ Other\ Room/Shared/AutomaticWindDownSchedulingDecision.swift (in target 'PhoneInTheOtherRoomWatchApp' from project 'PhoneInTheOtherRoom')

SwiftCompile normal arm64 /Users/ngawangchime/Desktop/Developer\ Projects/Phone\ in\ the\ Other\ Room/Shared/AccountCredentials.swift (in target 'PhoneInTheOtherRoomWatchApp' from project 'PhoneInTheOtherRoom')
    cd /Users/ngawangchime/Desktop/Developer\ Projects/Phone\ in\ the\ Other\ Room


SwiftCompile normal arm64 /Users/ngawangchime/Desktop/Developer\ Projects/Phone\ in\ the\ Other\ Room/Shared/AutomaticWindDownSchedulingDecision.swift (in target 'PhoneInTheOtherRoomWatchApp' from project 'PhoneInTheOtherRoom')
    cd /Users/ngawangchime/Desktop/Developer\ Projects/Phone\ in\ the\ Other\ Room


SwiftDriverJobDiscovery normal arm64 Compiling WatchMessage.swift, WatchRunView.swift, WatchRunViewModel.swift, WatchSetupView.swift (in target 'PhoneInTheOtherRoomWatchApp' from project 'PhoneInTheOtherRoom')

ProcessInfoPlistFile /tmp/counting-sheep-coat-build/Build/Products/Debug-watchsimulator/Counting\ Sheep\ Watch.app/Info.plist /tmp/counting-sheep-coat-build/Build/Intermediates.noindex/PhoneInTheOtherRoom.build/Debug-watchsimulator/PhoneInTheOtherRoomWatchApp.build/empty-Counting\ Sheep\ Watch.plist (in target 'PhoneInTheOtherRoomWatchApp' from project 'PhoneInTheOtherRoom')
    cd /Users/ngawangchime/Desktop/Developer\ Projects/Phone\ in\ the\ Other\ Room
    builtin-infoPlistUtility /tmp/counting-sheep-coat-build/Build/Intermediates.noindex/PhoneInTheOtherRoom.build/Debug-watchsimulator/PhoneInTheOtherRoomWatchApp.build/empty-Counting\ Sheep\ Watch.plist -producttype com.apple.product-type.application -genpkginfo /tmp/counting-sheep-coat-build/Build/Products/Debug-watchsimulator/Counting\ Sheep\ Watch.app/PkgInfo -expandbuildsettings -format binary -platform watchsimulator -additionalcontentfile /tmp/counting-sheep-coat-build/Build/Intermediates.noindex/PhoneInTheOtherRoom.build/Debug-watchsimulator/PhoneInTheOtherRoomWatchApp.build/assetcatalog_generated_info.plist -o /tmp/counting-sheep-coat-build/Build/Products/Debug-watchsimulator/Counting\ Sheep\ Watch.app/Info.plist

SwiftDriverJobDiscovery normal arm64 Compiling AccountCredentials.swift, AutomaticWindDownSchedulingDecision.swift (in target 'PhoneInTheOtherRoomWatchApp' from project 'PhoneInTheOtherRoom')

SwiftCompile normal arm64 Compiling\ FocusRunRules.swift,\ FocusSessionStartResult.swift,\ HomeReceiptRouting.swift,\ ImpactMeasurement.swift,\ IndependentMorningSettlement.swift /Users/ngawangchime/Desktop/Developer\ Projects/Phone\ in\ the\ Other\ Room/Shared/FocusRunRules.swift /Users/ngawangchime/Desktop/Developer\ Projects/Phone\ in\ the\ Other\ Room/Shared/FocusSessionStartResult.swift /Users/ngawangchime/Desktop/Developer\ Projects/Phone\ in\ the\ Other\ Room/Shared/HomeReceiptRouting.swift /Users/ngawangchime/Desktop/Developer\ Projects/Phone\ in\ the\ Other\ Room/Shared/ImpactMeasurement.swift /Users/ngawangchime/Desktop/Developer\ Projects/Phone\ in\ the\ Other\ Room/Shared/IndependentMorningSettlement.swift (in target 'PhoneInTheOtherRoomWatchApp' from project 'PhoneInTheOtherRoom')
SwiftCompile normal arm64 /Users/ngawangchime/Desktop/Developer\ Projects/Phone\ in\ the\ Other\ Room/Shared/FocusRunRules.swift (in target 'PhoneInTheOtherRoomWatchApp' from project 'PhoneInTheOtherRoom')
    cd /Users/ngawangchime/Desktop/Developer\ Projects/Phone\ in\ the\ Other\ Room


SwiftCompile normal arm64 /Users/ngawangchime/Desktop/Developer\ Projects/Phone\ in\ the\ Other\ Room/Shared/FocusSessionStartResult.swift (in target 'PhoneInTheOtherRoomWatchApp' from project 'PhoneInTheOtherRoom')
    cd /Users/ngawangchime/Desktop/Developer\ Projects/Phone\ in\ the\ Other\ Room


SwiftCompile normal arm64 /Users/ngawangchime/Desktop/Developer\ Projects/Phone\ in\ the\ Other\ Room/Shared/HomeReceiptRouting.swift (in target 'PhoneInTheOtherRoomWatchApp' from project 'PhoneInTheOtherRoom')
    cd /Users/ngawangchime/Desktop/Developer\ Projects/Phone\ in\ the\ Other\ Room


SwiftCompile normal arm64 /Users/ngawangchime/Desktop/Developer\ Projects/Phone\ in\ the\ Other\ Room/Shared/ImpactMeasurement.swift (in target 'PhoneInTheOtherRoomWatchApp' from project 'PhoneInTheOtherRoom')
    cd /Users/ngawangchime/Desktop/Developer\ Projects/Phone\ in\ the\ Other\ Room


SwiftCompile normal arm64 /Users/ngawangchime/Desktop/Developer\ Projects/Phone\ in\ the\ Other\ Room/Shared/IndependentMorningSettlement.swift (in target 'PhoneInTheOtherRoomWatchApp' from project 'PhoneInTheOtherRoom')
    cd /Users/ngawangchime/Desktop/Developer\ Projects/Phone\ in\ the\ Other\ Room


SwiftCompile normal arm64 Compiling\ NightFlockSharedHabits.swift,\ NightJourneyProgress.swift,\ NightWatch.swift,\ NightWatchHistory.swift,\ NightsHistorySummary.swift /Users/ngawangchime/Desktop/Developer\ Projects/Phone\ in\ the\ Other\ Room/Shared/NightFlockSharedHabits.swift /Users/ngawangchime/Desktop/Developer\ Projects/Phone\ in\ the\ Other\ Room/Shared/NightJourneyProgress.swift /Users/ngawangchime/Desktop/Developer\ Projects/Phone\ in\ the\ Other\ Room/Shared/NightWatch.swift /Users/ngawangchime/Desktop/Developer\ Projects/Phone\ in\ the\ Other\ Room/Shared/NightWatchHistory.swift /Users/ngawangchime/Desktop/Developer\ Projects/Phone\ in\ the\ Other\ Room/Shared/NightsHistorySummary.swift (in target 'PhoneInTheOtherRoomWatchApp' from project 'PhoneInTheOtherRoom')

SwiftCompile normal arm64 /Users/ngawangchime/Desktop/Developer\ Projects/Phone\ in\ the\ Other\ Room/Shared/NightFlockSharedHabits.swift (in target 'PhoneInTheOtherRoomWatchApp' from project 'PhoneInTheOtherRoom')
    cd /Users/ngawangchime/Desktop/Developer\ Projects/Phone\ in\ the\ Other\ Room


SwiftCompile normal arm64 /Users/ngawangchime/Desktop/Developer\ Projects/Phone\ in\ the\ Other\ Room/Shared/NightJourneyProgress.swift (in target 'PhoneInTheOtherRoomWatchApp' from project 'PhoneInTheOtherRoom')
    cd /Users/ngawangchime/Desktop/Developer\ Projects/Phone\ in\ the\ Other\ Room


SwiftCompile normal arm64 /Users/ngawangchime/Desktop/Developer\ Projects/Phone\ in\ the\ Other\ Room/Shared/NightWatch.swift (in target 'PhoneInTheOtherRoomWatchApp' from project 'PhoneInTheOtherRoom')
    cd /Users/ngawangchime/Desktop/Developer\ Projects/Phone\ in\ the\ Other\ Room


SwiftCompile normal arm64 /Users/ngawangchime/Desktop/Developer\ Projects/Phone\ in\ the\ Other\ Room/Shared/NightWatchHistory.swift (in target 'PhoneInTheOtherRoomWatchApp' from project 'PhoneInTheOtherRoom')
    cd /Users/ngawangchime/Desktop/Developer\ Projects/Phone\ in\ the\ Other\ Room


SwiftCompile normal arm64 /Users/ngawangchime/Desktop/Developer\ Projects/Phone\ in\ the\ Other\ Room/Shared/NightsHistorySummary.swift (in target 'PhoneInTheOtherRoomWatchApp' from project 'PhoneInTheOtherRoom')
    cd /Users/ngawangchime/Desktop/Developer\ Projects/Phone\ in\ the\ Other\ Room


SwiftCompile normal arm64 Compiling\ NightFlockPresentation.swift /Users/ngawangchime/Desktop/Developer\ Projects/Phone\ in\ the\ Other\ Room/Shared/NightFlockPresentation.swift (in target 'PhoneInTheOtherRoomWatchApp' from project 'PhoneInTheOtherRoom')

SwiftCompile normal arm64 /Users/ngawangchime/Desktop/Developer\ Projects/Phone\ in\ the\ Other\ Room/Shared/NightFlockPresentation.swift (in target 'PhoneInTheOtherRoomWatchApp' from project 'PhoneInTheOtherRoom')
    cd /Users/ngawangchime/Desktop/Developer\ Projects/Phone\ in\ the\ Other\ Room


SwiftDriverJobDiscovery normal arm64 Compiling FocusRunRules.swift, FocusSessionStartResult.swift, HomeReceiptRouting.swift, ImpactMeasurement.swift, IndependentMorningSettlement.swift (in target 'PhoneInTheOtherRoomWatchApp' from project 'PhoneInTheOtherRoom')

SwiftDriverJobDiscovery normal arm64 Compiling NotificationPlanning.swift, OllieModels.swift, OnboardingJourney.swift, PhoneAwaySearchSettlement.swift, QuietTimeShieldSchedule.swift (in target 'PhoneInTheOtherRoomWatchApp' from project 'PhoneInTheOtherRoom')

SwiftCompile normal arm64 Compiling\ CumulativeFarmCredit.swift,\ FarmBackupSync.swift /Users/ngawangchime/Desktop/Developer\ Projects/Phone\ in\ the\ Other\ Room/Shared/CumulativeFarmCredit.swift /Users/ngawangchime/Desktop/Developer\ Projects/Phone\ in\ the\ Other\ Room/Shared/FarmBackupSync.swift (in target 'PhoneInTheOtherRoomWatchApp' from project 'PhoneInTheOtherRoom')
SwiftCompile normal arm64 /Users/ngawangchime/Desktop/Developer\ Projects/Phone\ in\ the\ Other\ Room/Shared/CumulativeFarmCredit.swift (in target 'PhoneInTheOtherRoomWatchApp' from project 'PhoneInTheOtherRoom')
    cd /Users/ngawangchime/Desktop/Developer\ Projects/Phone\ in\ the\ Other\ Room


SwiftCompile normal arm64 /Users/ngawangchime/Desktop/Developer\ Projects/Phone\ in\ the\ Other\ Room/Shared/FarmBackupSync.swift (in target 'PhoneInTheOtherRoomWatchApp' from project 'PhoneInTheOtherRoom')
    cd /Users/ngawangchime/Desktop/Developer\ Projects/Phone\ in\ the\ Other\ Room


SwiftDriverJobDiscovery normal arm64 Compiling NightFlockPresentation.swift (in target 'PhoneInTheOtherRoomWatchApp' from project 'PhoneInTheOtherRoom')

SwiftCompile normal arm64 Compiling\ NightFlockV4Outbox.swift,\ Orientation.swift /Users/ngawangchime/Desktop/Developer\ Projects/Phone\ in\ the\ Other\ Room/Shared/NightFlockV4Outbox.swift /Users/ngawangchime/Desktop/Developer\ Projects/Phone\ in\ the\ Other\ Room/Shared/Orientation.swift (in target 'PhoneInTheOtherRoomWatchApp' from project 'PhoneInTheOtherRoom')
SwiftCompile normal arm64 /Users/ngawangchime/Desktop/Developer\ Projects/Phone\ in\ the\ Other\ Room/Shared/NightFlockV4Outbox.swift (in target 'PhoneInTheOtherRoomWatchApp' from project 'PhoneInTheOtherRoom')
    cd /Users/ngawangchime/Desktop/Developer\ Projects/Phone\ in\ the\ Other\ Room


SwiftCompile normal arm64 /Users/ngawangchime/Desktop/Developer\ Projects/Phone\ in\ the\ Other\ Room/Shared/Orientation.swift (in target 'PhoneInTheOtherRoomWatchApp' from project 'PhoneInTheOtherRoom')
    cd /Users/ngawangchime/Desktop/Developer\ Projects/Phone\ in\ the\ Other\ Room


SwiftDriverJobDiscovery normal arm64 Compiling NightFlockSharedHabits.swift, NightJourneyProgress.swift, NightWatch.swift, NightWatchHistory.swift, NightsHistorySummary.swift (in target 'PhoneInTheOtherRoomWatchApp' from project 'PhoneInTheOtherRoom')

SwiftCompile normal arm64 Compiling\ SlumberPartyAcquisition.swift,\ SlumberPartyInvitations.swift /Users/ngawangchime/Desktop/Developer\ Projects/Phone\ in\ the\ Other\ Room/Shared/SlumberPartyAcquisition.swift /Users/ngawangchime/Desktop/Developer\ Projects/Phone\ in\ the\ Other\ Room/Shared/SlumberPartyInvitations.swift (in target 'PhoneInTheOtherRoomWatchApp' from project 'PhoneInTheOtherRoom')
SwiftCompile normal arm64 /Users/ngawangchime/Desktop/Developer\ Projects/Phone\ in\ the\ Other\ Room/Shared/SlumberPartyAcquisition.swift (in target 'PhoneInTheOtherRoomWatchApp' from project 'PhoneInTheOtherRoom')
    cd /Users/ngawangchime/Desktop/Developer\ Projects/Phone\ in\ the\ Other\ Room


SwiftCompile normal arm64 /Users/ngawangchime/Desktop/Developer\ Projects/Phone\ in\ the\ Other\ Room/Shared/SlumberPartyInvitations.swift (in target 'PhoneInTheOtherRoomWatchApp' from project 'PhoneInTheOtherRoom')
    cd /Users/ngawangchime/Desktop/Developer\ Projects/Phone\ in\ the\ Other\ Room


SwiftDriverJobDiscovery normal arm64 Compiling CumulativeFarmCredit.swift, FarmBackupSync.swift (in target 'PhoneInTheOtherRoomWatchApp' from project 'PhoneInTheOtherRoom')

SwiftCompile normal arm64 Compiling\ WatchCaptureFixtures.swift,\ WatchCompletionView.swift,\ WatchConnectivityManagerWatch.swift,\ WatchEarlyEndView.swift /Users/ngawangchime/Desktop/Developer\ Projects/Phone\ in\ the\ Other\ Room/PhoneInTheOtherRoomWatchApp/ViewModels/WatchCaptureFixtures.swift /Users/ngawangchime/Desktop/Developer\ Projects/Phone\ in\ the\ Other\ Room/PhoneInTheOtherRoomWatchApp/Views/WatchCompletionView.swift /Users/ngawangchime/Desktop/Developer\ Projects/Phone\ in\ the\ Other\ Room/PhoneInTheOtherRoomWatchApp/Services/WatchConnectivityManagerWatch.swift /Users/ngawangchime/Desktop/Developer\ Projects/Phone\ in\ the\ Other\ Room/PhoneInTheOtherRoomWatchApp/Views/WatchEarlyEndView.swift (in target 'PhoneInTheOtherRoomWatchApp' from project 'PhoneInTheOtherRoom')
SwiftCompile normal arm64 /Users/ngawangchime/Desktop/Developer\ Projects/Phone\ in\ the\ Other\ Room/PhoneInTheOtherRoomWatchApp/ViewModels/WatchCaptureFixtures.swift (in target 'PhoneInTheOtherRoomWatchApp' from project 'PhoneInTheOtherRoom')
    cd /Users/ngawangchime/Desktop/Developer\ Projects/Phone\ in\ the\ Other\ Room


SwiftCompile normal arm64 /Users/ngawangchime/Desktop/Developer\ Projects/Phone\ in\ the\ Other\ Room/PhoneInTheOtherRoomWatchApp/Views/WatchCompletionView.swift (in target 'PhoneInTheOtherRoomWatchApp' from project 'PhoneInTheOtherRoom')
    cd /Users/ngawangchime/Desktop/Developer\ Projects/Phone\ in\ the\ Other\ Room


SwiftCompile normal arm64 /Users/ngawangchime/Desktop/Developer\ Projects/Phone\ in\ the\ Other\ Room/PhoneInTheOtherRoomWatchApp/Services/WatchConnectivityManagerWatch.swift (in target 'PhoneInTheOtherRoomWatchApp' from project 'PhoneInTheOtherRoom')
    cd /Users/ngawangchime/Desktop/Developer\ Projects/Phone\ in\ the\ Other\ Room


SwiftCompile normal arm64 /Users/ngawangchime/Desktop/Developer\ Projects/Phone\ in\ the\ Other\ Room/PhoneInTheOtherRoomWatchApp/Views/WatchEarlyEndView.swift (in target 'PhoneInTheOtherRoomWatchApp' from project 'PhoneInTheOtherRoom')
    cd /Users/ngawangchime/Desktop/Developer\ Projects/Phone\ in\ the\ Other\ Room


SwiftDriverJobDiscovery normal arm64 Compiling NightFlockV4Outbox.swift, Orientation.swift (in target 'PhoneInTheOtherRoomWatchApp' from project 'PhoneInTheOtherRoom')

SwiftCompile normal arm64 Compiling\ SlumberPartySharedFarm.swift /Users/ngawangchime/Desktop/Developer\ Projects/Phone\ in\ the\ Other\ Room/Shared/SlumberPartySharedFarm.swift (in target 'PhoneInTheOtherRoomWatchApp' from project 'PhoneInTheOtherRoom')

SwiftCompile normal arm64 /Users/ngawangchime/Desktop/Developer\ Projects/Phone\ in\ the\ Other\ Room/Shared/SlumberPartySharedFarm.swift (in target 'PhoneInTheOtherRoomWatchApp' from project 'PhoneInTheOtherRoom')
    cd /Users/ngawangchime/Desktop/Developer\ Projects/Phone\ in\ the\ Other\ Room


SwiftDriverJobDiscovery normal arm64 Compiling SlumberPartyAcquisition.swift, SlumberPartyInvitations.swift (in target 'PhoneInTheOtherRoomWatchApp' from project 'PhoneInTheOtherRoom')

SwiftCompile normal arm64 Compiling\ QuietTimeShielding.swift,\ RewardEngine.swift,\ ScreenFreeMorningPresentation.swift,\ SessionGuard.swift /Users/ngawangchime/Desktop/Developer\ Projects/Phone\ in\ the\ Other\ Room/Shared/QuietTimeShielding.swift /Users/ngawangchime/Desktop/Developer\ Projects/Phone\ in\ the\ Other\ Room/Shared/RewardEngine.swift /Users/ngawangchime/Desktop/Developer\ Projects/Phone\ in\ the\ Other\ Room/Shared/ScreenFreeMorningPresentation.swift /Users/ngawangchime/Desktop/Developer\ Projects/Phone\ in\ the\ Other\ Room/Shared/SessionGuard.swift (in target 'PhoneInTheOtherRoomWatchApp' from project 'PhoneInTheOtherRoom')
SwiftCompile normal arm64 /Users/ngawangchime/Desktop/Developer\ Projects/Phone\ in\ the\ Other\ Room/Shared/QuietTimeShielding.swift (in target 'PhoneInTheOtherRoomWatchApp' from project 'PhoneInTheOtherRoom')
    cd /Users/ngawangchime/Desktop/Developer\ Projects/Phone\ in\ the\ Other\ Room


SwiftCompile normal arm64 /Users/ngawangchime/Desktop/Developer\ Projects/Phone\ in\ the\ Other\ Room/Shared/RewardEngine.swift (in target 'PhoneInTheOtherRoomWatchApp' from project 'PhoneInTheOtherRoom')
    cd /Users/ngawangchime/Desktop/Developer\ Projects/Phone\ in\ the\ Other\ Room


SwiftCompile normal arm64 /Users/ngawangchime/Desktop/Developer\ Projects/Phone\ in\ the\ Other\ Room/Shared/ScreenFreeMorningPresentation.swift (in target 'PhoneInTheOtherRoomWatchApp' from project 'PhoneInTheOtherRoom')
    cd /Users/ngawangchime/Desktop/Developer\ Projects/Phone\ in\ the\ Other\ Room


SwiftCompile normal arm64 /Users/ngawangchime/Desktop/Developer\ Projects/Phone\ in\ the\ Other\ Room/Shared/SessionGuard.swift (in target 'PhoneInTheOtherRoomWatchApp' from project 'PhoneInTheOtherRoom')
    cd /Users/ngawangchime/Desktop/Developer\ Projects/Phone\ in\ the\ Other\ Room


SwiftDriverJobDiscovery normal arm64 Compiling SlumberPartySharedFarm.swift (in target 'PhoneInTheOtherRoomWatchApp' from project 'PhoneInTheOtherRoom')

SwiftDriverJobDiscovery normal arm64 Compiling WatchCaptureFixtures.swift, WatchCompletionView.swift, WatchConnectivityManagerWatch.swift, WatchEarlyEndView.swift (in target 'PhoneInTheOtherRoomWatchApp' from project 'PhoneInTheOtherRoom')

SwiftCompile normal arm64 Compiling\ FirstRunJourney.swift,\ HomeStartRouting.swift /Users/ngawangchime/Desktop/Developer\ Projects/Phone\ in\ the\ Other\ Room/Shared/FirstRunJourney.swift /Users/ngawangchime/Desktop/Developer\ Projects/Phone\ in\ the\ Other\ Room/Shared/HomeStartRouting.swift (in target 'PhoneInTheOtherRoomWatchApp' from project 'PhoneInTheOtherRoom')
SwiftCompile normal arm64 /Users/ngawangchime/Desktop/Developer\ Projects/Phone\ in\ the\ Other\ Room/Shared/FirstRunJourney.swift (in target 'PhoneInTheOtherRoomWatchApp' from project 'PhoneInTheOtherRoom')
    cd /Users/ngawangchime/Desktop/Developer\ Projects/Phone\ in\ the\ Other\ Room


SwiftCompile normal arm64 /Users/ngawangchime/Desktop/Developer\ Projects/Phone\ in\ the\ Other\ Room/Shared/HomeStartRouting.swift (in target 'PhoneInTheOtherRoomWatchApp' from project 'PhoneInTheOtherRoom')
    cd /Users/ngawangchime/Desktop/Developer\ Projects/Phone\ in\ the\ Other\ Room


SwiftDriverJobDiscovery normal arm64 Compiling QuietTimeShielding.swift, RewardEngine.swift, ScreenFreeMorningPresentation.swift, SessionGuard.swift (in target 'PhoneInTheOtherRoomWatchApp' from project 'PhoneInTheOtherRoom')

CompileAssetCatalogVariant thinned /tmp/counting-sheep-coat-build/Build/Products/Debug-iphonesimulator/Counting\ Sheep\ Wind\ Down\ Shield.appex /Users/ngawangchime/Desktop/Developer\ Projects/Phone\ in\ the\ Other\ Room/PhoneInTheOtherRoomShieldConfiguration/Assets.xcassets (in target 'PhoneInTheOtherRoomShieldConfiguration' from project 'PhoneInTheOtherRoom')
    cd /Users/ngawangchime/Desktop/Developer\ Projects/Phone\ in\ the\ Other\ Room
    /Applications/Xcode.app/Contents/Developer/usr/bin/actool /Users/ngawangchime/Desktop/Developer\ Projects/Phone\ in\ the\ Other\ Room/PhoneInTheOtherRoomShieldConfiguration/Assets.xcassets --compile /tmp/counting-sheep-coat-build/Build/Intermediates.noindex/PhoneInTheOtherRoom.build/Debug-iphonesimulator/PhoneInTheOtherRoomShieldConfiguration.build/assetcatalog_output/thinned --output-format human-readable-text --notices --warnings --export-dependency-info /tmp/counting-sheep-coat-build/Build/Intermediates.noindex/PhoneInTheOtherRoom.build/Debug-iphonesimulator/PhoneInTheOtherRoomShieldConfiguration.build/assetcatalog_dependencies_thinned --output-partial-info-plist /tmp/counting-sheep-coat-build/Build/Intermediates.noindex/PhoneInTheOtherRoom.build/Debug-iphonesimulator/PhoneInTheOtherRoomShieldConfiguration.build/assetcatalog_generated_info.plist_thinned --compress-pngs --enable-on-demand-resources NO --standalone-icon-behavior all --development-region en --target-device iphone --target-device ipad --minimum-deployment-target 17.0 --platform iphonesimulator
/* com.apple.actool.compilation-results */
/tmp/counting-sheep-coat-build/Build/Intermediates.noindex/PhoneInTheOtherRoom.build/Debug-iphonesimulator/PhoneInTheOtherRoomShieldConfiguration.build/assetcatalog_generated_info.plist_thinned
/tmp/counting-sheep-coat-build/Build/Intermediates.noindex/PhoneInTheOtherRoom.build/Debug-iphonesimulator/PhoneInTheOtherRoomShieldConfiguration.build/assetcatalog_output/thinned/Assets.car


ProcessInfoPlistFile /tmp/counting-sheep-coat-build/Build/Products/Debug-iphonesimulator/Counting\ Sheep\ Wind\ Down\ Action.appex/Info.plist /Users/ngawangchime/Desktop/Developer\ Projects/Phone\ in\ the\ Other\ Room/PhoneInTheOtherRoomShieldAction/Info.plist (in target 'PhoneInTheOtherRoomShieldAction' from project 'PhoneInTheOtherRoom')
    cd /Users/ngawangchime/Desktop/Developer\ Projects/Phone\ in\ the\ Other\ Room
    builtin-infoPlistUtility /Users/ngawangchime/Desktop/Developer\ Projects/Phone\ in\ the\ Other\ Room/PhoneInTheOtherRoomShieldAction/Info.plist -producttype com.apple.product-type.app-extension -expandbuildsettings -format binary -platform iphonesimulator -o /tmp/counting-sheep-coat-build/Build/Products/Debug-iphonesimulator/Counting\ Sheep\ Wind\ Down\ Action.appex/Info.plist

SwiftDriverJobDiscovery normal arm64 Compiling FirstRunJourney.swift, HomeStartRouting.swift (in target 'PhoneInTheOtherRoomWatchApp' from project 'PhoneInTheOtherRoom')

SwiftDriver\ Compilation PhoneInTheOtherRoomWatchApp normal arm64 com.apple.xcode.tools.swift.compiler (in target 'PhoneInTheOtherRoomWatchApp' from project 'PhoneInTheOtherRoom')
    cd /Users/ngawangchime/Desktop/Developer\ Projects/Phone\ in\ the\ Other\ Room
    builtin-Swift-Compilation -- /Applications/Xcode.app/Contents/Developer/Toolchains/XcodeDefault.xctoolchain/usr/bin/swiftc -module-name Counting_Sheep_Watch -Onone @/tmp/counting-sheep-coat-build/Build/Intermediates.noindex/PhoneInTheOtherRoom.build/Debug-watchsimulator/PhoneInTheOtherRoomWatchApp.build/Objects-normal/arm64/Counting\ Sheep\ Watch.SwiftFileList -DDEBUG -enable-bare-slash-regex -enable-experimental-feature DebugDescriptionMacro -sdk /Applications/Xcode.app/Contents/Developer/Platforms/WatchSimulator.platform/Developer/SDKs/WatchSimulator26.5.sdk -target arm64-apple-watchos10.0-simulator -g -module-cache-path /tmp/counting-sheep-coat-build/ModuleCache.noindex -Xfrontend -serialize-debugging-options -enable-testing -index-store-path /tmp/counting-sheep-coat-build/Index.noindex/DataStore -Xcc -D_LIBCPP_HARDENING_MODE\=_LIBCPP_HARDENING_MODE_DEBUG -swift-version 5 -I /tmp/counting-sheep-coat-build/Build/Products/Debug-watchsimulator -F /tmp/counting-sheep-coat-build/Build/Products/Debug-watchsimulator -c -j8 -enable-batch-mode -incremental -Xcc -ivfsstatcache -Xcc /tmp/counting-sheep-coat-build/SDKStatCaches.noindex/watchsimulator26.5-23T570-1651579a441f1322ae888f0ed545cb80.sdkstatcache -output-file-map /tmp/counting-sheep-coat-build/Build/Intermediates.noindex/PhoneInTheOtherRoom.build/Debug-watchsimulator/PhoneInTheOtherRoomWatchApp.build/Objects-normal/arm64/PhoneInTheOtherRoomWatchApp-OutputFileMap.json -use-frontend-parseable-output -save-temps -no-color-diagnostics -explicit-module-build -module-cache-path /tmp/counting-sheep-coat-build/Build/Intermediates.noindex/SwiftExplicitPrecompiledModules -clang-scanner-module-cache-path /tmp/counting-sheep-coat-build/ModuleCache.noindex -sdk-module-cache-path /tmp/counting-sheep-coat-build/ModuleCache.noindex -serialize-diagnostics -emit-dependencies -emit-module -emit-module-path /tmp/counting-sheep-coat-build/Build/Intermediates.noindex/PhoneInTheOtherRoom.build/Debug-watchsimulator/PhoneInTheOtherRoomWatchApp.build/Objects-normal/arm64/Counting_Sheep_Watch.swiftmodule -validate-clang-modules-once -clang-build-session-file /tmp/counting-sheep-coat-build/ModuleCache.noindex/Session.modulevalidation -Xcc -I/tmp/counting-sheep-coat-build/Build/Intermediates.noindex/PhoneInTheOtherRoom.build/Debug-watchsimulator/PhoneInTheOtherRoomWatchApp.build/swift-overrides.hmap -emit-const-values -Xfrontend -const-gather-protocols-file -Xfrontend /tmp/counting-sheep-coat-build/Build/Intermediates.noindex/PhoneInTheOtherRoom.build/Debug-watchsimulator/PhoneInTheOtherRoomWatchApp.build/Objects-normal/arm64/PhoneInTheOtherRoomWatchApp_const_extract_protocols.json -Xcc -iquote -Xcc /tmp/counting-sheep-coat-build/Build/Intermediates.noindex/PhoneInTheOtherRoom.build/Debug-watchsimulator/PhoneInTheOtherRoomWatchApp.build/Counting\ Sheep\ Watch-generated-files.hmap -Xcc -I/tmp/counting-sheep-coat-build/Build/Intermediates.noindex/PhoneInTheOtherRoom.build/Debug-watchsimulator/PhoneInTheOtherRoomWatchApp.build/Counting\ Sheep\ Watch-own-target-headers.hmap -Xcc -I/tmp/counting-sheep-coat-build/Build/Intermediates.noindex/PhoneInTheOtherRoom.build/Debug-watchsimulator/PhoneInTheOtherRoomWatchApp.build/Counting\ Sheep\ Watch-all-non-framework-target-headers.hmap -Xcc -ivfsoverlay -Xcc /tmp/counting-sheep-coat-build/Build/Intermediates.noindex/PhoneInTheOtherRoom.build/Debug-watchsimulator/PhoneInTheOtherRoom-d9a00fb94435e678319518e524e23875-VFS-watchsimulator/all-product-headers.yaml -Xcc -iquote -Xcc /tmp/counting-sheep-coat-build/Build/Intermediates.noindex/PhoneInTheOtherRoom.build/Debug-watchsimulator/PhoneInTheOtherRoomWatchApp.build/Counting\ Sheep\ Watch-project-headers.hmap -Xcc -I/tmp/counting-sheep-coat-build/Build/Products/Debug-watchsimulator/include -Xcc -I/tmp/counting-sheep-coat-build/Build/Intermediates.noindex/PhoneInTheOtherRoom.build/Debug-watchsimulator/PhoneInTheOtherRoomWatchApp.build/DerivedSources-normal/arm64 -Xcc -I/tmp/counting-sheep-coat-build/Build/Intermediates.noindex/PhoneInTheOtherRoom.build/Debug-watchsimulator/PhoneInTheOtherRoomWatchApp.build/DerivedSources/arm64 -Xcc -I/tmp/counting-sheep-coat-build/Build/Intermediates.noindex/PhoneInTheOtherRoom.build/Debug-watchsimulator/PhoneInTheOtherRoomWatchApp.build/DerivedSources -Xcc -DDEBUG\=1 -emit-objc-header -emit-objc-header-path /tmp/counting-sheep-coat-build/Build/Intermediates.noindex/PhoneInTheOtherRoom.build/Debug-watchsimulator/PhoneInTheOtherRoomWatchApp.build/Objects-normal/arm64/Counting_Sheep_Watch-Swift.h -working-directory /Users/ngawangchime/Desktop/Developer\ Projects/Phone\ in\ the\ Other\ Room -experimental-emit-module-separately -disable-cmo

SwiftCompile normal arm64 Compiling\ AccountCredentials.swift,\ AutomaticWindDownSchedulingDecision.swift /Users/ngawangchime/Desktop/Developer\ Projects/Phone\ in\ the\ Other\ Room/Shared/AccountCredentials.swift /Users/ngawangchime/Desktop/Developer\ Projects/Phone\ in\ the\ Other\ Room/Shared/AutomaticWindDownSchedulingDecision.swift (in target 'PhoneInTheOtherRoomScreenTimeReport' from project 'PhoneInTheOtherRoom')

SwiftCompile normal arm64 /Users/ngawangchime/Desktop/Developer\ Projects/Phone\ in\ the\ Other\ Room/Shared/AccountCredentials.swift (in target 'PhoneInTheOtherRoomScreenTimeReport' from project 'PhoneInTheOtherRoom')
    cd /Users/ngawangchime/Desktop/Developer\ Projects/Phone\ in\ the\ Other\ Room


SwiftCompile normal arm64 /Users/ngawangchime/Desktop/Developer\ Projects/Phone\ in\ the\ Other\ Room/Shared/AutomaticWindDownSchedulingDecision.swift (in target 'PhoneInTheOtherRoomScreenTimeReport' from project 'PhoneInTheOtherRoom')
    cd /Users/ngawangchime/Desktop/Developer\ Projects/Phone\ in\ the\ Other\ Room


SwiftCompile normal arm64 Compiling\ NightFlockReadDeadline.swift,\ NightFlockRemoteError.swift /Users/ngawangchime/Desktop/Developer\ Projects/Phone\ in\ the\ Other\ Room/Shared/NightFlockReadDeadline.swift /Users/ngawangchime/Desktop/Developer\ Projects/Phone\ in\ the\ Other\ Room/Shared/NightFlockRemoteError.swift (in target 'PhoneInTheOtherRoomScreenTimeReport' from project 'PhoneInTheOtherRoom')

SwiftCompile normal arm64 /Users/ngawangchime/Desktop/Developer\ Projects/Phone\ in\ the\ Other\ Room/Shared/NightFlockReadDeadline.swift (in target 'PhoneInTheOtherRoomScreenTimeReport' from project 'PhoneInTheOtherRoom')
    cd /Users/ngawangchime/Desktop/Developer\ Projects/Phone\ in\ the\ Other\ Room


SwiftCompile normal arm64 /Users/ngawangchime/Desktop/Developer\ Projects/Phone\ in\ the\ Other\ Room/Shared/NightFlockRemoteError.swift (in target 'PhoneInTheOtherRoomScreenTimeReport' from project 'PhoneInTheOtherRoom')
    cd /Users/ngawangchime/Desktop/Developer\ Projects/Phone\ in\ the\ Other\ Room


SwiftDriverJobDiscovery normal arm64 Compiling AccountCredentials.swift, AutomaticWindDownSchedulingDecision.swift (in target 'PhoneInTheOtherRoomScreenTimeReport' from project 'PhoneInTheOtherRoom')

SwiftCompile normal arm64 Compiling\ NightFlockRequestScheduling.swift,\ NightFlockV4API.swift /Users/ngawangchime/Desktop/Developer\ Projects/Phone\ in\ the\ Other\ Room/Shared/NightFlockRequestScheduling.swift /Users/ngawangchime/Desktop/Developer\ Projects/Phone\ in\ the\ Other\ Room/Shared/NightFlockV4API.swift (in target 'PhoneInTheOtherRoomScreenTimeReport' from project 'PhoneInTheOtherRoom')

SwiftCompile normal arm64 /Users/ngawangchime/Desktop/Developer\ Projects/Phone\ in\ the\ Other\ Room/Shared/NightFlockRequestScheduling.swift (in target 'PhoneInTheOtherRoomScreenTimeReport' from project 'PhoneInTheOtherRoom')
    cd /Users/ngawangchime/Desktop/Developer\ Projects/Phone\ in\ the\ Other\ Room


SwiftCompile normal arm64 /Users/ngawangchime/Desktop/Developer\ Projects/Phone\ in\ the\ Other\ Room/Shared/NightFlockV4API.swift (in target 'PhoneInTheOtherRoomScreenTimeReport' from project 'PhoneInTheOtherRoom')
    cd /Users/ngawangchime/Desktop/Developer\ Projects/Phone\ in\ the\ Other\ Room


SwiftDriverJobDiscovery normal arm64 Compiling NightFlockReadDeadline.swift, NightFlockRemoteError.swift (in target 'PhoneInTheOtherRoomScreenTimeReport' from project 'PhoneInTheOtherRoom')

SwiftCompile normal arm64 Compiling\ CumulativeFarmCredit.swift,\ FarmBackupSync.swift /Users/ngawangchime/Desktop/Developer\ Projects/Phone\ in\ the\ Other\ Room/Shared/CumulativeFarmCredit.swift /Users/ngawangchime/Desktop/Developer\ Projects/Phone\ in\ the\ Other\ Room/Shared/FarmBackupSync.swift (in target 'PhoneInTheOtherRoomScreenTimeReport' from project 'PhoneInTheOtherRoom')

SwiftCompile normal arm64 /Users/ngawangchime/Desktop/Developer\ Projects/Phone\ in\ the\ Other\ Room/Shared/CumulativeFarmCredit.swift (in target 'PhoneInTheOtherRoomScreenTimeReport' from project 'PhoneInTheOtherRoom')
    cd /Users/ngawangchime/Desktop/Developer\ Projects/Phone\ in\ the\ Other\ Room


SwiftCompile normal arm64 /Users/ngawangchime/Desktop/Developer\ Projects/Phone\ in\ the\ Other\ Room/Shared/FarmBackupSync.swift (in target 'PhoneInTheOtherRoomScreenTimeReport' from project 'PhoneInTheOtherRoom')
    cd /Users/ngawangchime/Desktop/Developer\ Projects/Phone\ in\ the\ Other\ Room


SwiftDriverJobDiscovery normal arm64 Compiling NightFlockRequestScheduling.swift, NightFlockV4API.swift (in target 'PhoneInTheOtherRoomScreenTimeReport' from project 'PhoneInTheOtherRoom')

SwiftCompile normal arm64 Compiling\ NightFlockPresentation.swift /Users/ngawangchime/Desktop/Developer\ Projects/Phone\ in\ the\ Other\ Room/Shared/NightFlockPresentation.swift (in target 'PhoneInTheOtherRoomScreenTimeReport' from project 'PhoneInTheOtherRoom')

SwiftCompile normal arm64 /Users/ngawangchime/Desktop/Developer\ Projects/Phone\ in\ the\ Other\ Room/Shared/NightFlockPresentation.swift (in target 'PhoneInTheOtherRoomScreenTimeReport' from project 'PhoneInTheOtherRoom')
    cd /Users/ngawangchime/Desktop/Developer\ Projects/Phone\ in\ the\ Other\ Room


SwiftDriverJobDiscovery normal arm64 Compiling CumulativeFarmCredit.swift, FarmBackupSync.swift (in target 'PhoneInTheOtherRoomScreenTimeReport' from project 'PhoneInTheOtherRoom')

SwiftCompile normal arm64 Compiling\ NightFlockV4Outbox.swift,\ Orientation.swift /Users/ngawangchime/Desktop/Developer\ Projects/Phone\ in\ the\ Other\ Room/Shared/NightFlockV4Outbox.swift /Users/ngawangchime/Desktop/Developer\ Projects/Phone\ in\ the\ Other\ Room/Shared/Orientation.swift (in target 'PhoneInTheOtherRoomScreenTimeReport' from project 'PhoneInTheOtherRoom')
SwiftCompile normal arm64 /Users/ngawangchime/Desktop/Developer\ Projects/Phone\ in\ the\ Other\ Room/Shared/NightFlockV4Outbox.swift (in target 'PhoneInTheOtherRoomScreenTimeReport' from project 'PhoneInTheOtherRoom')
    cd /Users/ngawangchime/Desktop/Developer\ Projects/Phone\ in\ the\ Other\ Room


SwiftCompile normal arm64 /Users/ngawangchime/Desktop/Developer\ Projects/Phone\ in\ the\ Other\ Room/Shared/Orientation.swift (in target 'PhoneInTheOtherRoomScreenTimeReport' from project 'PhoneInTheOtherRoom')
    cd /Users/ngawangchime/Desktop/Developer\ Projects/Phone\ in\ the\ Other\ Room


SwiftDriverJobDiscovery normal arm64 Compiling NightFlockPresentation.swift (in target 'PhoneInTheOtherRoomScreenTimeReport' from project 'PhoneInTheOtherRoom')

SwiftCompile normal arm64 Compiling\ Campfire.swift,\ CampfireVisibility.swift /Users/ngawangchime/Desktop/Developer\ Projects/Phone\ in\ the\ Other\ Room/Shared/Campfire.swift /Users/ngawangchime/Desktop/Developer\ Projects/Phone\ in\ the\ Other\ Room/Shared/CampfireVisibility.swift (in target 'PhoneInTheOtherRoomScreenTimeReport' from project 'PhoneInTheOtherRoom')
SwiftCompile normal arm64 /Users/ngawangchime/Desktop/Developer\ Projects/Phone\ in\ the\ Other\ Room/Shared/Campfire.swift (in target 'PhoneInTheOtherRoomScreenTimeReport' from project 'PhoneInTheOtherRoom')
    cd /Users/ngawangchime/Desktop/Developer\ Projects/Phone\ in\ the\ Other\ Room


SwiftCompile normal arm64 /Users/ngawangchime/Desktop/Developer\ Projects/Phone\ in\ the\ Other\ Room/Shared/CampfireVisibility.swift (in target 'PhoneInTheOtherRoomScreenTimeReport' from project 'PhoneInTheOtherRoom')
    cd /Users/ngawangchime/Desktop/Developer\ Projects/Phone\ in\ the\ Other\ Room


SwiftCompile normal arm64 Compiling\ FirstRunJourney.swift,\ HomeStartRouting.swift /Users/ngawangchime/Desktop/Developer\ Projects/Phone\ in\ the\ Other\ Room/Shared/FirstRunJourney.swift /Users/ngawangchime/Desktop/Developer\ Projects/Phone\ in\ the\ Other\ Room/Shared/HomeStartRouting.swift (in target 'PhoneInTheOtherRoomScreenTimeReport' from project 'PhoneInTheOtherRoom')

SwiftCompile normal arm64 /Users/ngawangchime/Desktop/Developer\ Projects/Phone\ in\ the\ Other\ Room/Shared/FirstRunJourney.swift (in target 'PhoneInTheOtherRoomScreenTimeReport' from project 'PhoneInTheOtherRoom')
    cd /Users/ngawangchime/Desktop/Developer\ Projects/Phone\ in\ the\ Other\ Room


SwiftCompile normal arm64 /Users/ngawangchime/Desktop/Developer\ Projects/Phone\ in\ the\ Other\ Room/Shared/HomeStartRouting.swift (in target 'PhoneInTheOtherRoomScreenTimeReport' from project 'PhoneInTheOtherRoom')
    cd /Users/ngawangchime/Desktop/Developer\ Projects/Phone\ in\ the\ Other\ Room


SwiftDriverJobDiscovery normal arm64 Compiling NightFlockV4Outbox.swift, Orientation.swift (in target 'PhoneInTheOtherRoomScreenTimeReport' from project 'PhoneInTheOtherRoom')

LinkAssetCatalog /Users/ngawangchime/Desktop/Developer\ Projects/Phone\ in\ the\ Other\ Room/PhoneInTheOtherRoomShieldConfiguration/Assets.xcassets (in target 'PhoneInTheOtherRoomShieldConfiguration' from project 'PhoneInTheOtherRoom')
    cd /Users/ngawangchime/Desktop/Developer\ Projects/Phone\ in\ the\ Other\ Room
    builtin-linkAssetCatalog --thinned /tmp/counting-sheep-coat-build/Build/Intermediates.noindex/PhoneInTheOtherRoom.build/Debug-iphonesimulator/PhoneInTheOtherRoomShieldConfiguration.build/assetcatalog_output/thinned --thinned-dependencies /tmp/counting-sheep-coat-build/Build/Intermediates.noindex/PhoneInTheOtherRoom.build/Debug-iphonesimulator/PhoneInTheOtherRoomShieldConfiguration.build/assetcatalog_dependencies_thinned --thinned-info-plist-content /tmp/counting-sheep-coat-build/Build/Intermediates.noindex/PhoneInTheOtherRoom.build/Debug-iphonesimulator/PhoneInTheOtherRoomShieldConfiguration.build/assetcatalog_generated_info.plist_thinned --unthinned /tmp/counting-sheep-coat-build/Build/Intermediates.noindex/PhoneInTheOtherRoom.build/Debug-iphonesimulator/PhoneInTheOtherRoomShieldConfiguration.build/assetcatalog_output/unthinned --unthinned-dependencies /tmp/counting-sheep-coat-build/Build/Intermediates.noindex/PhoneInTheOtherRoom.build/Debug-iphonesimulator/PhoneInTheOtherRoomShieldConfiguration.build/assetcatalog_dependencies_unthinned --unthinned-info-plist-content /tmp/counting-sheep-coat-build/Build/Intermediates.noindex/PhoneInTheOtherRoom.build/Debug-iphonesimulator/PhoneInTheOtherRoomShieldConfiguration.build/assetcatalog_generated_info.plist_unthinned --output /tmp/counting-sheep-coat-build/Build/Products/Debug-iphonesimulator/Counting\ Sheep\ Wind\ Down\ Shield.appex --plist-output /tmp/counting-sheep-coat-build/Build/Intermediates.noindex/PhoneInTheOtherRoom.build/Debug-iphonesimulator/PhoneInTheOtherRoomShieldConfiguration.build/assetcatalog_generated_info.plist
note: Emplaced /tmp/counting-sheep-coat-build/Build/Products/Debug-iphonesimulator/Counting Sheep Wind Down Shield.appex/Assets.car (in target 'PhoneInTheOtherRoomShieldConfiguration' from project 'PhoneInTheOtherRoom')

SwiftDriverJobDiscovery normal arm64 Compiling FirstRunJourney.swift, HomeStartRouting.swift (in target 'PhoneInTheOtherRoomScreenTimeReport' from project 'PhoneInTheOtherRoom')

SwiftCompile normal arm64 Compiling\ SlumberPartySharedFarm.swift /Users/ngawangchime/Desktop/Developer\ Projects/Phone\ in\ the\ Other\ Room/Shared/SlumberPartySharedFarm.swift (in target 'PhoneInTheOtherRoomScreenTimeReport' from project 'PhoneInTheOtherRoom')
SwiftCompile normal arm64 /Users/ngawangchime/Desktop/Developer\ Projects/Phone\ in\ the\ Other\ Room/Shared/SlumberPartySharedFarm.swift (in target 'PhoneInTheOtherRoomScreenTimeReport' from project 'PhoneInTheOtherRoom')
    cd /Users/ngawangchime/Desktop/Developer\ Projects/Phone\ in\ the\ Other\ Room


ProcessInfoPlistFile /tmp/counting-sheep-coat-build/Build/Products/Debug-iphonesimulator/Counting\ Sheep\ Wind\ Down\ Shield.appex/Info.plist /Users/ngawangchime/Desktop/Developer\ Projects/Phone\ in\ the\ Other\ Room/PhoneInTheOtherRoomShieldConfiguration/Info.plist (in target 'PhoneInTheOtherRoomShieldConfiguration' from project 'PhoneInTheOtherRoom')
    cd /Users/ngawangchime/Desktop/Developer\ Projects/Phone\ in\ the\ Other\ Room
    builtin-infoPlistUtility /Users/ngawangchime/Desktop/Developer\ Projects/Phone\ in\ the\ Other\ Room/PhoneInTheOtherRoomShieldConfiguration/Info.plist -producttype com.apple.product-type.app-extension -expandbuildsettings -format binary -platform iphonesimulator -additionalcontentfile /tmp/counting-sheep-coat-build/Build/Intermediates.noindex/PhoneInTheOtherRoom.build/Debug-iphonesimulator/PhoneInTheOtherRoomShieldConfiguration.build/assetcatalog_generated_info.plist -o /tmp/counting-sheep-coat-build/Build/Products/Debug-iphonesimulator/Counting\ Sheep\ Wind\ Down\ Shield.appex/Info.plist

SwiftDriverJobDiscovery normal arm64 Compiling Campfire.swift, CampfireVisibility.swift (in target 'PhoneInTheOtherRoomScreenTimeReport' from project 'PhoneInTheOtherRoom')

SwiftCompile normal arm64 Compiling\ SlumberPartyAcquisition.swift,\ SlumberPartyInvitations.swift /Users/ngawangchime/Desktop/Developer\ Projects/Phone\ in\ the\ Other\ Room/Shared/SlumberPartyAcquisition.swift /Users/ngawangchime/Desktop/Developer\ Projects/Phone\ in\ the\ Other\ Room/Shared/SlumberPartyInvitations.swift (in target 'PhoneInTheOtherRoomScreenTimeReport' from project 'PhoneInTheOtherRoom')
SwiftCompile normal arm64 /Users/ngawangchime/Desktop/Developer\ Projects/Phone\ in\ the\ Other\ Room/Shared/SlumberPartyAcquisition.swift (in target 'PhoneInTheOtherRoomScreenTimeReport' from project 'PhoneInTheOtherRoom')
    cd /Users/ngawangchime/Desktop/Developer\ Projects/Phone\ in\ the\ Other\ Room


SwiftCompile normal arm64 /Users/ngawangchime/Desktop/Developer\ Projects/Phone\ in\ the\ Other\ Room/Shared/SlumberPartyInvitations.swift (in target 'PhoneInTheOtherRoomScreenTimeReport' from project 'PhoneInTheOtherRoom')
    cd /Users/ngawangchime/Desktop/Developer\ Projects/Phone\ in\ the\ Other\ Room


SwiftCompile normal arm64 Compiling\ NightWatch.swift,\ NightWatchHistory.swift,\ NightsHistorySummary.swift,\ NotificationPlanning.swift /Users/ngawangchime/Desktop/Developer\ Projects/Phone\ in\ the\ Other\ Room/Shared/NightWatch.swift /Users/ngawangchime/Desktop/Developer\ Projects/Phone\ in\ the\ Other\ Room/Shared/NightWatchHistory.swift /Users/ngawangchime/Desktop/Developer\ Projects/Phone\ in\ the\ Other\ Room/Shared/NightsHistorySummary.swift /Users/ngawangchime/Desktop/Developer\ Projects/Phone\ in\ the\ Other\ Room/Shared/NotificationPlanning.swift (in target 'PhoneInTheOtherRoomScreenTimeReport' from project 'PhoneInTheOtherRoom')
SwiftCompile normal arm64 /Users/ngawangchime/Desktop/Developer\ Projects/Phone\ in\ the\ Other\ Room/Shared/NightWatch.swift (in target 'PhoneInTheOtherRoomScreenTimeReport' from project 'PhoneInTheOtherRoom')
    cd /Users/ngawangchime/Desktop/Developer\ Projects/Phone\ in\ the\ Other\ Room


SwiftCompile normal arm64 /Users/ngawangchime/Desktop/Developer\ Projects/Phone\ in\ the\ Other\ Room/Shared/NightWatchHistory.swift (in target 'PhoneInTheOtherRoomScreenTimeReport' from project 'PhoneInTheOtherRoom')
    cd /Users/ngawangchime/Desktop/Developer\ Projects/Phone\ in\ the\ Other\ Room


SwiftCompile normal arm64 /Users/ngawangchime/Desktop/Developer\ Projects/Phone\ in\ the\ Other\ Room/Shared/NightsHistorySummary.swift (in target 'PhoneInTheOtherRoomScreenTimeReport' from project 'PhoneInTheOtherRoom')
    cd /Users/ngawangchime/Desktop/Developer\ Projects/Phone\ in\ the\ Other\ Room


SwiftCompile normal arm64 /Users/ngawangchime/Desktop/Developer\ Projects/Phone\ in\ the\ Other\ Room/Shared/NotificationPlanning.swift (in target 'PhoneInTheOtherRoomScreenTimeReport' from project 'PhoneInTheOtherRoom')
    cd /Users/ngawangchime/Desktop/Developer\ Projects/Phone\ in\ the\ Other\ Room


SwiftDriverJobDiscovery normal arm64 Compiling SlumberPartySharedFarm.swift (in target 'PhoneInTheOtherRoomScreenTimeReport' from project 'PhoneInTheOtherRoom')

SwiftCompile normal arm64 Compiling\ ActiveRunPresentation.swift,\ CampfireProfile.swift,\ FarmBackupPayload.swift,\ FarmSaveDocument.swift /Users/ngawangchime/Desktop/Developer\ Projects/Phone\ in\ the\ Other\ Room/Shared/ActiveRunPresentation.swift /Users/ngawangchime/Desktop/Developer\ Projects/Phone\ in\ the\ Other\ Room/Shared/CampfireProfile.swift /Users/ngawangchime/Desktop/Developer\ Projects/Phone\ in\ the\ Other\ Room/Shared/FarmBackupPayload.swift /Users/ngawangchime/Desktop/Developer\ Projects/Phone\ in\ the\ Other\ Room/Shared/FarmSaveDocument.swift (in target 'PhoneInTheOtherRoomScreenTimeReport' from project 'PhoneInTheOtherRoom')

SwiftCompile normal arm64 /Users/ngawangchime/Desktop/Developer\ Projects/Phone\ in\ the\ Other\ Room/Shared/ActiveRunPresentation.swift (in target 'PhoneInTheOtherRoomScreenTimeReport' from project 'PhoneInTheOtherRoom')
    cd /Users/ngawangchime/Desktop/Developer\ Projects/Phone\ in\ the\ Other\ Room


SwiftCompile normal arm64 /Users/ngawangchime/Desktop/Developer\ Projects/Phone\ in\ the\ Other\ Room/Shared/CampfireProfile.swift (in target 'PhoneInTheOtherRoomScreenTimeReport' from project 'PhoneInTheOtherRoom')
    cd /Users/ngawangchime/Desktop/Developer\ Projects/Phone\ in\ the\ Other\ Room


SwiftCompile normal arm64 /Users/ngawangchime/Desktop/Developer\ Projects/Phone\ in\ the\ Other\ Room/Shared/FarmBackupPayload.swift (in target 'PhoneInTheOtherRoomScreenTimeReport' from project 'PhoneInTheOtherRoom')
    cd /Users/ngawangchime/Desktop/Developer\ Projects/Phone\ in\ the\ Other\ Room


SwiftCompile normal arm64 /Users/ngawangchime/Desktop/Developer\ Projects/Phone\ in\ the\ Other\ Room/Shared/FarmSaveDocument.swift (in target 'PhoneInTheOtherRoomScreenTimeReport' from project 'PhoneInTheOtherRoom')
    cd /Users/ngawangchime/Desktop/Developer\ Projects/Phone\ in\ the\ Other\ Room


SwiftDriverJobDiscovery normal arm64 Compiling SlumberPartyAcquisition.swift, SlumberPartyInvitations.swift (in target 'PhoneInTheOtherRoomScreenTimeReport' from project 'PhoneInTheOtherRoom')

SwiftCompile normal arm64 Compiling\ SessionGuard.swift,\ WatchMessage.swift,\ WelcomeReward.swift /Users/ngawangchime/Desktop/Developer\ Projects/Phone\ in\ the\ Other\ Room/Shared/SessionGuard.swift /Users/ngawangchime/Desktop/Developer\ Projects/Phone\ in\ the\ Other\ Room/Shared/WatchMessage.swift /Users/ngawangchime/Desktop/Developer\ Projects/Phone\ in\ the\ Other\ Room/Shared/WelcomeReward.swift (in target 'PhoneInTheOtherRoomScreenTimeReport' from project 'PhoneInTheOtherRoom')

SwiftCompile normal arm64 /Users/ngawangchime/Desktop/Developer\ Projects/Phone\ in\ the\ Other\ Room/Shared/SessionGuard.swift (in target 'PhoneInTheOtherRoomScreenTimeReport' from project 'PhoneInTheOtherRoom')
    cd /Users/ngawangchime/Desktop/Developer\ Projects/Phone\ in\ the\ Other\ Room


SwiftCompile normal arm64 /Users/ngawangchime/Desktop/Developer\ Projects/Phone\ in\ the\ Other\ Room/Shared/WatchMessage.swift (in target 'PhoneInTheOtherRoomScreenTimeReport' from project 'PhoneInTheOtherRoom')
    cd /Users/ngawangchime/Desktop/Developer\ Projects/Phone\ in\ the\ Other\ Room


SwiftCompile normal arm64 /Users/ngawangchime/Desktop/Developer\ Projects/Phone\ in\ the\ Other\ Room/Shared/WelcomeReward.swift (in target 'PhoneInTheOtherRoomScreenTimeReport' from project 'PhoneInTheOtherRoom')
    cd /Users/ngawangchime/Desktop/Developer\ Projects/Phone\ in\ the\ Other\ Room


SwiftDriverJobDiscovery normal arm64 Compiling ActiveRunPresentation.swift, CampfireProfile.swift, FarmBackupPayload.swift, FarmSaveDocument.swift (in target 'PhoneInTheOtherRoomScreenTimeReport' from project 'PhoneInTheOtherRoom')

SwiftCompile normal arm64 Compiling\ ImpactMeasurement.swift,\ IndependentMorningSettlement.swift,\ NightFlockSharedHabits.swift,\ NightJourneyProgress.swift /Users/ngawangchime/Desktop/Developer\ Projects/Phone\ in\ the\ Other\ Room/Shared/ImpactMeasurement.swift /Users/ngawangchime/Desktop/Developer\ Projects/Phone\ in\ the\ Other\ Room/Shared/IndependentMorningSettlement.swift /Users/ngawangchime/Desktop/Developer\ Projects/Phone\ in\ the\ Other\ Room/Shared/NightFlockSharedHabits.swift /Users/ngawangchime/Desktop/Developer\ Projects/Phone\ in\ the\ Other\ Room/Shared/NightJourneyProgress.swift (in target 'PhoneInTheOtherRoomScreenTimeReport' from project 'PhoneInTheOtherRoom')
SwiftCompile normal arm64 /Users/ngawangchime/Desktop/Developer\ Projects/Phone\ in\ the\ Other\ Room/Shared/ImpactMeasurement.swift (in target 'PhoneInTheOtherRoomScreenTimeReport' from project 'PhoneInTheOtherRoom')
    cd /Users/ngawangchime/Desktop/Developer\ Projects/Phone\ in\ the\ Other\ Room


SwiftCompile normal arm64 /Users/ngawangchime/Desktop/Developer\ Projects/Phone\ in\ the\ Other\ Room/Shared/IndependentMorningSettlement.swift (in target 'PhoneInTheOtherRoomScreenTimeReport' from project 'PhoneInTheOtherRoom')
    cd /Users/ngawangchime/Desktop/Developer\ Projects/Phone\ in\ the\ Other\ Room


SwiftCompile normal arm64 /Users/ngawangchime/Desktop/Developer\ Projects/Phone\ in\ the\ Other\ Room/Shared/NightFlockSharedHabits.swift (in target 'PhoneInTheOtherRoomScreenTimeReport' from project 'PhoneInTheOtherRoom')
    cd /Users/ngawangchime/Desktop/Developer\ Projects/Phone\ in\ the\ Other\ Room


SwiftCompile normal arm64 /Users/ngawangchime/Desktop/Developer\ Projects/Phone\ in\ the\ Other\ Room/Shared/NightJourneyProgress.swift (in target 'PhoneInTheOtherRoomScreenTimeReport' from project 'PhoneInTheOtherRoom')
    cd /Users/ngawangchime/Desktop/Developer\ Projects/Phone\ in\ the\ Other\ Room


SwiftDriverJobDiscovery normal arm64 Compiling NightWatch.swift, NightWatchHistory.swift, NightsHistorySummary.swift, NotificationPlanning.swift (in target 'PhoneInTheOtherRoomScreenTimeReport' from project 'PhoneInTheOtherRoom')

SwiftCompile normal arm64 Compiling\ OllieModels.swift,\ OnboardingJourney.swift,\ PhoneAwaySearchSettlement.swift,\ QuietTimeShieldSchedule.swift /Users/ngawangchime/Desktop/Developer\ Projects/Phone\ in\ the\ Other\ Room/Shared/Models/OllieModels.swift /Users/ngawangchime/Desktop/Developer\ Projects/Phone\ in\ the\ Other\ Room/Shared/OnboardingJourney.swift /Users/ngawangchime/Desktop/Developer\ Projects/Phone\ in\ the\ Other\ Room/Shared/PhoneAwaySearchSettlement.swift /Users/ngawangchime/Desktop/Developer\ Projects/Phone\ in\ the\ Other\ Room/Shared/QuietTimeShieldSchedule.swift (in target 'PhoneInTheOtherRoomScreenTimeReport' from project 'PhoneInTheOtherRoom')
SwiftCompile normal arm64 /Users/ngawangchime/Desktop/Developer\ Projects/Phone\ in\ the\ Other\ Room/Shared/Models/OllieModels.swift (in target 'PhoneInTheOtherRoomScreenTimeReport' from project 'PhoneInTheOtherRoom')
    cd /Users/ngawangchime/Desktop/Developer\ Projects/Phone\ in\ the\ Other\ Room


SwiftCompile normal arm64 /Users/ngawangchime/Desktop/Developer\ Projects/Phone\ in\ the\ Other\ Room/Shared/OnboardingJourney.swift (in target 'PhoneInTheOtherRoomScreenTimeReport' from project 'PhoneInTheOtherRoom')
    cd /Users/ngawangchime/Desktop/Developer\ Projects/Phone\ in\ the\ Other\ Room


SwiftCompile normal arm64 /Users/ngawangchime/Desktop/Developer\ Projects/Phone\ in\ the\ Other\ Room/Shared/PhoneAwaySearchSettlement.swift (in target 'PhoneInTheOtherRoomScreenTimeReport' from project 'PhoneInTheOtherRoom')
    cd /Users/ngawangchime/Desktop/Developer\ Projects/Phone\ in\ the\ Other\ Room


SwiftCompile normal arm64 /Users/ngawangchime/Desktop/Developer\ Projects/Phone\ in\ the\ Other\ Room/Shared/QuietTimeShieldSchedule.swift (in target 'PhoneInTheOtherRoomScreenTimeReport' from project 'PhoneInTheOtherRoom')
    cd /Users/ngawangchime/Desktop/Developer\ Projects/Phone\ in\ the\ Other\ Room


SwiftDriverJobDiscovery normal arm64 Compiling SessionGuard.swift, WatchMessage.swift, WelcomeReward.swift (in target 'PhoneInTheOtherRoomScreenTimeReport' from project 'PhoneInTheOtherRoom')

SwiftCompile normal arm64 Compiling\ QuietTimeShielding.swift,\ RewardEngine.swift,\ ScreenFreeMorningPresentation.swift /Users/ngawangchime/Desktop/Developer\ Projects/Phone\ in\ the\ Other\ Room/Shared/QuietTimeShielding.swift /Users/ngawangchime/Desktop/Developer\ Projects/Phone\ in\ the\ Other\ Room/Shared/RewardEngine.swift /Users/ngawangchime/Desktop/Developer\ Projects/Phone\ in\ the\ Other\ Room/Shared/ScreenFreeMorningPresentation.swift (in target 'PhoneInTheOtherRoomScreenTimeReport' from project 'PhoneInTheOtherRoom')

SwiftCompile normal arm64 /Users/ngawangchime/Desktop/Developer\ Projects/Phone\ in\ the\ Other\ Room/Shared/QuietTimeShielding.swift (in target 'PhoneInTheOtherRoomScreenTimeReport' from project 'PhoneInTheOtherRoom')
    cd /Users/ngawangchime/Desktop/Developer\ Projects/Phone\ in\ the\ Other\ Room


SwiftCompile normal arm64 /Users/ngawangchime/Desktop/Developer\ Projects/Phone\ in\ the\ Other\ Room/Shared/RewardEngine.swift (in target 'PhoneInTheOtherRoomScreenTimeReport' from project 'PhoneInTheOtherRoom')
    cd /Users/ngawangchime/Desktop/Developer\ Projects/Phone\ in\ the\ Other\ Room


SwiftCompile normal arm64 /Users/ngawangchime/Desktop/Developer\ Projects/Phone\ in\ the\ Other\ Room/Shared/ScreenFreeMorningPresentation.swift (in target 'PhoneInTheOtherRoomScreenTimeReport' from project 'PhoneInTheOtherRoom')
    cd /Users/ngawangchime/Desktop/Developer\ Projects/Phone\ in\ the\ Other\ Room


SwiftDriverJobDiscovery normal arm64 Compiling ImpactMeasurement.swift, IndependentMorningSettlement.swift, NightFlockSharedHabits.swift, NightJourneyProgress.swift (in target 'PhoneInTheOtherRoomScreenTimeReport' from project 'PhoneInTheOtherRoom')

SwiftCompile normal arm64 Compiling\ WindDownGuidance.swift,\ WindDownHabit.swift,\ WindDownScheduling.swift /Users/ngawangchime/Desktop/Developer\ Projects/Phone\ in\ the\ Other\ Room/Shared/WindDownGuidance.swift /Users/ngawangchime/Desktop/Developer\ Projects/Phone\ in\ the\ Other\ Room/Shared/WindDownHabit.swift /Users/ngawangchime/Desktop/Developer\ Projects/Phone\ in\ the\ Other\ Room/Shared/WindDownScheduling.swift (in target 'PhoneInTheOtherRoomScreenTimeReport' from project 'PhoneInTheOtherRoom')

SwiftCompile normal arm64 /Users/ngawangchime/Desktop/Developer\ Projects/Phone\ in\ the\ Other\ Room/Shared/WindDownGuidance.swift (in target 'PhoneInTheOtherRoomScreenTimeReport' from project 'PhoneInTheOtherRoom')
    cd /Users/ngawangchime/Desktop/Developer\ Projects/Phone\ in\ the\ Other\ Room


SwiftCompile normal arm64 /Users/ngawangchime/Desktop/Developer\ Projects/Phone\ in\ the\ Other\ Room/Shared/WindDownHabit.swift (in target 'PhoneInTheOtherRoomScreenTimeReport' from project 'PhoneInTheOtherRoom')
    cd /Users/ngawangchime/Desktop/Developer\ Projects/Phone\ in\ the\ Other\ Room


SwiftCompile normal arm64 /Users/ngawangchime/Desktop/Developer\ Projects/Phone\ in\ the\ Other\ Room/Shared/WindDownScheduling.swift (in target 'PhoneInTheOtherRoomScreenTimeReport' from project 'PhoneInTheOtherRoom')
    cd /Users/ngawangchime/Desktop/Developer\ Projects/Phone\ in\ the\ Other\ Room


SwiftDriverJobDiscovery normal arm64 Compiling QuietTimeShielding.swift, RewardEngine.swift, ScreenFreeMorningPresentation.swift (in target 'PhoneInTheOtherRoomScreenTimeReport' from project 'PhoneInTheOtherRoom')

SwiftCompile normal arm64 Compiling\ FocusRunLiveActivity.swift,\ FocusRunRules.swift,\ FocusSessionStartResult.swift,\ HomeReceiptRouting.swift /Users/ngawangchime/Desktop/Developer\ Projects/Phone\ in\ the\ Other\ Room/Shared/FocusRunLiveActivity.swift /Users/ngawangchime/Desktop/Developer\ Projects/Phone\ in\ the\ Other\ Room/Shared/FocusRunRules.swift /Users/ngawangchime/Desktop/Developer\ Projects/Phone\ in\ the\ Other\ Room/Shared/FocusSessionStartResult.swift /Users/ngawangchime/Desktop/Developer\ Projects/Phone\ in\ the\ Other\ Room/Shared/HomeReceiptRouting.swift (in target 'PhoneInTheOtherRoomScreenTimeReport' from project 'PhoneInTheOtherRoom')

SwiftCompile normal arm64 /Users/ngawangchime/Desktop/Developer\ Projects/Phone\ in\ the\ Other\ Room/Shared/FocusRunLiveActivity.swift (in target 'PhoneInTheOtherRoomScreenTimeReport' from project 'PhoneInTheOtherRoom')
    cd /Users/ngawangchime/Desktop/Developer\ Projects/Phone\ in\ the\ Other\ Room


SwiftCompile normal arm64 /Users/ngawangchime/Desktop/Developer\ Projects/Phone\ in\ the\ Other\ Room/Shared/FocusRunRules.swift (in target 'PhoneInTheOtherRoomScreenTimeReport' from project 'PhoneInTheOtherRoom')
    cd /Users/ngawangchime/Desktop/Developer\ Projects/Phone\ in\ the\ Other\ Room


SwiftCompile normal arm64 /Users/ngawangchime/Desktop/Developer\ Projects/Phone\ in\ the\ Other\ Room/Shared/FocusSessionStartResult.swift (in target 'PhoneInTheOtherRoomScreenTimeReport' from project 'PhoneInTheOtherRoom')
    cd /Users/ngawangchime/Desktop/Developer\ Projects/Phone\ in\ the\ Other\ Room


SwiftCompile normal arm64 /Users/ngawangchime/Desktop/Developer\ Projects/Phone\ in\ the\ Other\ Room/Shared/HomeReceiptRouting.swift (in target 'PhoneInTheOtherRoomScreenTimeReport' from project 'PhoneInTheOtherRoom')
    cd /Users/ngawangchime/Desktop/Developer\ Projects/Phone\ in\ the\ Other\ Room


SwiftDriverJobDiscovery normal arm64 Compiling OllieModels.swift, OnboardingJourney.swift, PhoneAwaySearchSettlement.swift, QuietTimeShieldSchedule.swift (in target 'PhoneInTheOtherRoomScreenTimeReport' from project 'PhoneInTheOtherRoom')

SwiftCompile normal arm64 Compiling\ NightFlockRequestScheduling.swift,\ NightFlockV4API.swift /Users/ngawangchime/Desktop/Developer\ Projects/Phone\ in\ the\ Other\ Room/Shared/NightFlockRequestScheduling.swift /Users/ngawangchime/Desktop/Developer\ Projects/Phone\ in\ the\ Other\ Room/Shared/NightFlockV4API.swift (in target 'PhoneInTheOtherRoomLiveActivity' from project 'PhoneInTheOtherRoom')
SwiftCompile normal arm64 /Users/ngawangchime/Desktop/Developer\ Projects/Phone\ in\ the\ Other\ Room/Shared/NightFlockRequestScheduling.swift (in target 'PhoneInTheOtherRoomLiveActivity' from project 'PhoneInTheOtherRoom')
    cd /Users/ngawangchime/Desktop/Developer\ Projects/Phone\ in\ the\ Other\ Room


SwiftCompile normal arm64 /Users/ngawangchime/Desktop/Developer\ Projects/Phone\ in\ the\ Other\ Room/Shared/NightFlockV4API.swift (in target 'PhoneInTheOtherRoomLiveActivity' from project 'PhoneInTheOtherRoom')
    cd /Users/ngawangchime/Desktop/Developer\ Projects/Phone\ in\ the\ Other\ Room


SwiftDriverJobDiscovery normal arm64 Compiling FocusRunLiveActivity.swift, FocusRunRules.swift, FocusSessionStartResult.swift, HomeReceiptRouting.swift (in target 'PhoneInTheOtherRoomScreenTimeReport' from project 'PhoneInTheOtherRoom')

SwiftCompile normal arm64 Compiling\ NightFlockReadDeadline.swift,\ NightFlockRemoteError.swift /Users/ngawangchime/Desktop/Developer\ Projects/Phone\ in\ the\ Other\ Room/Shared/NightFlockReadDeadline.swift /Users/ngawangchime/Desktop/Developer\ Projects/Phone\ in\ the\ Other\ Room/Shared/NightFlockRemoteError.swift (in target 'PhoneInTheOtherRoomLiveActivity' from project 'PhoneInTheOtherRoom')
SwiftCompile normal arm64 /Users/ngawangchime/Desktop/Developer\ Projects/Phone\ in\ the\ Other\ Room/Shared/NightFlockReadDeadline.swift (in target 'PhoneInTheOtherRoomLiveActivity' from project 'PhoneInTheOtherRoom')
    cd /Users/ngawangchime/Desktop/Developer\ Projects/Phone\ in\ the\ Other\ Room


SwiftCompile normal arm64 /Users/ngawangchime/Desktop/Developer\ Projects/Phone\ in\ the\ Other\ Room/Shared/NightFlockRemoteError.swift (in target 'PhoneInTheOtherRoomLiveActivity' from project 'PhoneInTheOtherRoom')
    cd /Users/ngawangchime/Desktop/Developer\ Projects/Phone\ in\ the\ Other\ Room


SwiftDriverJobDiscovery normal arm64 Compiling WindDownGuidance.swift, WindDownHabit.swift, WindDownScheduling.swift (in target 'PhoneInTheOtherRoomScreenTimeReport' from project 'PhoneInTheOtherRoom')

SwiftDriverJobDiscovery normal arm64 Compiling NightFlockRequestScheduling.swift, NightFlockV4API.swift (in target 'PhoneInTheOtherRoomLiveActivity' from project 'PhoneInTheOtherRoom')

SwiftDriver\ Compilation PhoneInTheOtherRoomScreenTimeReport normal arm64 com.apple.xcode.tools.swift.compiler (in target 'PhoneInTheOtherRoomScreenTimeReport' from project 'PhoneInTheOtherRoom')
    cd /Users/ngawangchime/Desktop/Developer\ Projects/Phone\ in\ the\ Other\ Room
    builtin-Swift-Compilation -- /Applications/Xcode.app/Contents/Developer/Toolchains/XcodeDefault.xctoolchain/usr/bin/swiftc -module-name Counting_Sheep_Screen_Time_Report -Onone @/tmp/counting-sheep-coat-build/Build/Intermediates.noindex/PhoneInTheOtherRoom.build/Debug-iphonesimulator/PhoneInTheOtherRoomScreenTimeReport.build/Objects-normal/arm64/Counting\ Sheep\ Screen\ Time\ Report.SwiftFileList -DDEBUG -DSCREEN_TIME_REPORTS -enable-bare-slash-regex -enable-experimental-feature DebugDescriptionMacro -sdk /Applications/Xcode.app/Contents/Developer/Platforms/iPhoneSimulator.platform/Developer/SDKs/iPhoneSimulator26.5.sdk -target arm64-apple-ios17.0-simulator -g -module-cache-path /tmp/counting-sheep-coat-build/ModuleCache.noindex -Xfrontend -serialize-debugging-options -application-extension -enable-testing -index-store-path /tmp/counting-sheep-coat-build/Index.noindex/DataStore -Xcc -D_LIBCPP_HARDENING_MODE\=_LIBCPP_HARDENING_MODE_DEBUG -swift-version 5 -I /tmp/counting-sheep-coat-build/Build/Products/Debug-iphonesimulator -F /tmp/counting-sheep-coat-build/Build/Products/Debug-iphonesimulator -c -j8 -enable-batch-mode -incremental -Xcc -ivfsstatcache -Xcc /tmp/counting-sheep-coat-build/SDKStatCaches.noindex/iphonesimulator26.5-23F81a-6cfe768891a92b912361537c460fe42b.sdkstatcache -output-file-map /tmp/counting-sheep-coat-build/Build/Intermediates.noindex/PhoneInTheOtherRoom.build/Debug-iphonesimulator/PhoneInTheOtherRoomScreenTimeReport.build/Objects-normal/arm64/PhoneInTheOtherRoomScreenTimeReport-OutputFileMap.json -use-frontend-parseable-output -save-temps -no-color-diagnostics -explicit-module-build -module-cache-path /tmp/counting-sheep-coat-build/Build/Intermediates.noindex/SwiftExplicitPrecompiledModules -clang-scanner-module-cache-path /tmp/counting-sheep-coat-build/ModuleCache.noindex -sdk-module-cache-path /tmp/counting-sheep-coat-build/ModuleCache.noindex -serialize-diagnostics -emit-dependencies -emit-module -emit-module-path /tmp/counting-sheep-coat-build/Build/Intermediates.noindex/PhoneInTheOtherRoom.build/Debug-iphonesimulator/PhoneInTheOtherRoomScreenTimeReport.build/Objects-normal/arm64/Counting_Sheep_Screen_Time_Report.swiftmodule -validate-clang-modules-once -clang-build-session-file /tmp/counting-sheep-coat-build/ModuleCache.noindex/Session.modulevalidation -Xcc -I/tmp/counting-sheep-coat-build/Build/Intermediates.noindex/PhoneInTheOtherRoom.build/Debug-iphonesimulator/PhoneInTheOtherRoomScreenTimeReport.build/swift-overrides.hmap -emit-const-values -Xfrontend -const-gather-protocols-file -Xfrontend /tmp/counting-sheep-coat-build/Build/Intermediates.noindex/PhoneInTheOtherRoom.build/Debug-iphonesimulator/PhoneInTheOtherRoomScreenTimeReport.build/Objects-normal/arm64/PhoneInTheOtherRoomScreenTimeReport_const_extract_protocols.json -Xcc -iquote -Xcc /tmp/counting-sheep-coat-build/Build/Intermediates.noindex/PhoneInTheOtherRoom.build/Debug-iphonesimulator/PhoneInTheOtherRoomScreenTimeReport.build/Counting\ Sheep\ Screen\ Time\ Report-generated-files.hmap -Xcc -I/tmp/counting-sheep-coat-build/Build/Intermediates.noindex/PhoneInTheOtherRoom.build/Debug-iphonesimulator/PhoneInTheOtherRoomScreenTimeReport.build/Counting\ Sheep\ Screen\ Time\ Report-own-target-headers.hmap -Xcc -I/tmp/counting-sheep-coat-build/Build/Intermediates.noindex/PhoneInTheOtherRoom.build/Debug-iphonesimulator/PhoneInTheOtherRoomScreenTimeReport.build/Counting\ Sheep\ Screen\ Time\ Report-all-non-framework-target-headers.hmap -Xcc -ivfsoverlay -Xcc /tmp/counting-sheep-coat-build/Build/Intermediates.noindex/PhoneInTheOtherRoom.build/Debug-iphonesimulator/PhoneInTheOtherRoom-d9a00fb94435e678319518e524e23875-VFS-iphonesimulator/all-product-headers.yaml -Xcc -iquote -Xcc /tmp/counting-sheep-coat-build/Build/Intermediates.noindex/PhoneInTheOtherRoom.build/Debug-iphonesimulator/PhoneInTheOtherRoomScreenTimeReport.build/Counting\ Sheep\ Screen\ Time\ Report-project-headers.hmap -Xcc -I/tmp/counting-sheep-coat-build/Build/Products/Debug-iphonesimulator/include -Xcc -I/tmp/counting-sheep-coat-build/Build/Intermediates.noindex/PhoneInTheOtherRoom.build/Debug-iphonesimulator/PhoneInTheOtherRoomScreenTimeReport.build/DerivedSources-normal/arm64 -Xcc -I/tmp/counting-sheep-coat-build/Build/Intermediates.noindex/PhoneInTheOtherRoom.build/Debug-iphonesimulator/PhoneInTheOtherRoomScreenTimeReport.build/DerivedSources/arm64 -Xcc -I/tmp/counting-sheep-coat-build/Build/Intermediates.noindex/PhoneInTheOtherRoom.build/Debug-iphonesimulator/PhoneInTheOtherRoomScreenTimeReport.build/DerivedSources -Xcc -DDEBUG\=1 -emit-objc-header -emit-objc-header-path /tmp/counting-sheep-coat-build/Build/Intermediates.noindex/PhoneInTheOtherRoom.build/Debug-iphonesimulator/PhoneInTheOtherRoomScreenTimeReport.build/Objects-normal/arm64/Counting_Sheep_Screen_Time_Report-Swift.h -working-directory /Users/ngawangchime/Desktop/Developer\ Projects/Phone\ in\ the\ Other\ Room -experimental-emit-module-separately -disable-cmo

SwiftCompile normal arm64 Compiling\ NightFlockPresentation.swift /Users/ngawangchime/Desktop/Developer\ Projects/Phone\ in\ the\ Other\ Room/Shared/NightFlockPresentation.swift (in target 'PhoneInTheOtherRoomLiveActivity' from project 'PhoneInTheOtherRoom')
SwiftCompile normal arm64 /Users/ngawangchime/Desktop/Developer\ Projects/Phone\ in\ the\ Other\ Room/Shared/NightFlockPresentation.swift (in target 'PhoneInTheOtherRoomLiveActivity' from project 'PhoneInTheOtherRoom')
    cd /Users/ngawangchime/Desktop/Developer\ Projects/Phone\ in\ the\ Other\ Room


AppExtensionPListGenerator (in target 'PhoneInTheOtherRoomScreenTimeReport' from project 'PhoneInTheOtherRoom')
    cd /Users/ngawangchime/Desktop/Developer\ Projects/Phone\ in\ the\ Other\ Room
    /Applications/Xcode.app/Contents/Developer/Toolchains/XcodeDefault.xctoolchain/usr/bin/exutil generate-appextension-plist --module-name Counting_Sheep_Screen_Time_Report --sdk-root /Applications/Xcode.app/Contents/Developer/Platforms/iPhoneSimulator.platform/Developer/SDKs/iPhoneSimulator26.5.sdk --xcode-version 17F113 --platform-family iOS --deployment-target 17.0 --bundle-identifier com.ngawangchime.countingsheep.ScreenTimeReport --output /tmp/counting-sheep-coat-build/Build/Intermediates.noindex/PhoneInTheOtherRoom.build/Debug-iphonesimulator/PhoneInTheOtherRoomScreenTimeReport.build/PhoneInTheOtherRoomScreenTimeReport-appextension-generated-info.plist /tmp/counting-sheep-coat-build/Build/Intermediates.noindex/PhoneInTheOtherRoom.build/Debug-iphonesimulator/PhoneInTheOtherRoomScreenTimeReport.build/Objects-normal/arm64/AccountCredentials.swiftconstvalues /tmp/counting-sheep-coat-build/Build/Intermediates.noindex/PhoneInTheOtherRoom.build/Debug-iphonesimulator/PhoneInTheOtherRoomScreenTimeReport.build/Objects-normal/arm64/AccountFarmOwnership.swiftconstvalues /tmp/counting-sheep-coat-build/Build/Intermediates.noindex/PhoneInTheOtherRoom.build/Debug-iphonesimulator/PhoneInTheOtherRoomScreenTimeReport.build/Objects-normal/arm64/ActiveRunPresentation.swiftconstvalues /tmp/counting-sheep-coat-build/Build/Intermediates.noindex/PhoneInTheOtherRoom.build/Debug-iphonesimulator/PhoneInTheOtherRoomScreenTimeReport.build/Objects-normal/arm64/AppAppearance.swiftconstvalues /tmp/counting-sheep-coat-build/Build/Intermediates.noindex/PhoneInTheOtherRoom.build/Debug-iphonesimulator/PhoneInTheOtherRoomScreenTimeReport.build/Objects-normal/arm64/AppFeedback.swiftconstvalues /tmp/counting-sheep-coat-build/Build/Intermediates.noindex/PhoneInTheOtherRoom.build/Debug-iphonesimulator/PhoneInTheOtherRoomScreenTimeReport.build/Objects-normal/arm64/AutomaticWindDownSchedulingDecision.swiftconstvalues /tmp/counting-sheep-coat-build/Build/Intermediates.noindex/PhoneInTheOtherRoom.build/Debug-iphonesimulator/PhoneInTheOtherRoomScreenTimeReport.build/Objects-normal/arm64/Campfire.swiftconstvalues /tmp/counting-sheep-coat-build/Build/Intermediates.noindex/PhoneInTheOtherRoom.build/Debug-iphonesimulator/PhoneInTheOtherRoomScreenTimeReport.build/Objects-normal/arm64/CampfireBuddies.swiftconstvalues /tmp/counting-sheep-coat-build/Build/Intermediates.noindex/PhoneInTheOtherRoom.build/Debug-iphonesimulator/PhoneInTheOtherRoomScreenTimeReport.build/Objects-normal/arm64/CampfireProfile.swiftconstvalues /tmp/counting-sheep-coat-build/Build/Intermediates.noindex/PhoneInTheOtherRoom.build/Debug-iphonesimulator/PhoneInTheOtherRoomScreenTimeReport.build/Objects-normal/arm64/CampfireVisibility.swiftconstvalues /tmp/counting-sheep-coat-build/Build/Intermediates.noindex/PhoneInTheOtherRoom.build/Debug-iphonesimulator/PhoneInTheOtherRoomScreenTimeReport.build/Objects-normal/arm64/CompletionRewardPresentation.swiftconstvalues /tmp/counting-sheep-coat-build/Build/Intermediates.noindex/PhoneInTheOtherRoom.build/Debug-iphonesimulator/PhoneInTheOtherRoomScreenTimeReport.build/Objects-normal/arm64/ConnectionPresentation.swiftconstvalues /tmp/counting-sheep-coat-build/Build/Intermediates.noindex/PhoneInTheOtherRoom.build/Debug-iphonesimulator/PhoneInTheOtherRoomScreenTimeReport.build/Objects-normal/arm64/CountingSheepStorage.swiftconstvalues /tmp/counting-sheep-coat-build/Build/Intermediates.noindex/PhoneInTheOtherRoom.build/Debug-iphonesimulator/PhoneInTheOtherRoomScreenTimeReport.build/Objects-normal/arm64/CountingSheepUserProfile.swiftconstvalues /tmp/counting-sheep-coat-build/Build/Intermediates.noindex/PhoneInTheOtherRoom.build/Debug-iphonesimulator/PhoneInTheOtherRoomScreenTimeReport.build/Objects-normal/arm64/CumulativeFarmCredit.swiftconstvalues /tmp/counting-sheep-coat-build/Build/Intermediates.noindex/PhoneInTheOtherRoom.build/Debug-iphonesimulator/PhoneInTheOtherRoomScreenTimeReport.build/Objects-normal/arm64/DistanceProvider.swiftconstvalues /tmp/counting-sheep-coat-build/Build/Intermediates.noindex/PhoneInTheOtherRoom.build/Debug-iphonesimulator/PhoneInTheOtherRoomScreenTimeReport.build/Objects-normal/arm64/EmergencyExitChallenge.swiftconstvalues /tmp/counting-sheep-coat-build/Build/Intermediates.noindex/PhoneInTheOtherRoom.build/Debug-iphonesimulator/PhoneInTheOtherRoomScreenTimeReport.build/Objects-normal/arm64/FarmAccountSocialOwnerGate.swiftconstvalues /tmp/counting-sheep-coat-build/Build/Intermediates.noindex/PhoneInTheOtherRoom.build/Debug-iphonesimulator/PhoneInTheOtherRoomScreenTimeReport.build/Objects-normal/arm64/FarmBackupPayload.swiftconstvalues /tmp/counting-sheep-coat-build/Build/Intermediates.noindex/PhoneInTheOtherRoom.build/Debug-iphonesimulator/PhoneInTheOtherRoomScreenTimeReport.build/Objects-normal/arm64/FarmBackupSync.swiftconstvalues /tmp/counting-sheep-coat-build/Build/Intermediates.noindex/PhoneInTheOtherRoom.build/Debug-iphonesimulator/PhoneInTheOtherRoomScreenTimeReport.build/Objects-normal/arm64/FarmEconomyRules.swiftconstvalues /tmp/counting-sheep-coat-build/Build/Intermediates.noindex/PhoneInTheOtherRoom.build/Debug-iphonesimulator/PhoneInTheOtherRoomScreenTimeReport.build/Objects-normal/arm64/FarmEconomySnapshot.swiftconstvalues /tmp/counting-sheep-coat-build/Build/Intermediates.noindex/PhoneInTheOtherRoom.build/Debug-iphonesimulator/PhoneInTheOtherRoomScreenTimeReport.build/Objects-normal/arm64/FarmMigration.swiftconstvalues /tmp/counting-sheep-coat-build/Build/Intermediates.noindex/PhoneInTheOtherRoom.build/Debug-iphonesimulator/PhoneInTheOtherRoomScreenTimeReport.build/Objects-normal/arm64/FarmModels.swiftconstvalues /tmp/counting-sheep-coat-build/Build/Intermediates.noindex/PhoneInTheOtherRoom.build/Debug-iphonesimulator/PhoneInTheOtherRoomScreenTimeReport.build/Objects-normal/arm64/FarmSaveDocument.swiftconstvalues /tmp/counting-sheep-coat-build/Build/Intermediates.noindex/PhoneInTheOtherRoom.build/Debug-iphonesimulator/PhoneInTheOtherRoomScreenTimeReport.build/Objects-normal/arm64/FarmShop.swiftconstvalues /tmp/counting-sheep-coat-build/Build/Intermediates.noindex/PhoneInTheOtherRoom.build/Debug-iphonesimulator/PhoneInTheOtherRoomScreenTimeReport.build/Objects-normal/arm64/FarmShopCatalog.swiftconstvalues /tmp/counting-sheep-coat-build/Build/Intermediates.noindex/PhoneInTheOtherRoom.build/Debug-iphonesimulator/PhoneInTheOtherRoomScreenTimeReport.build/Objects-normal/arm64/FirstRunJourney.swiftconstvalues /tmp/counting-sheep-coat-build/Build/Intermediates.noindex/PhoneInTheOtherRoom.build/Debug-iphonesimulator/PhoneInTheOtherRoomScreenTimeReport.build/Objects-normal/arm64/FocusAnalytics.swiftconstvalues /tmp/counting-sheep-coat-build/Build/Intermediates.noindex/PhoneInTheOtherRoom.build/Debug-iphonesimulator/PhoneInTheOtherRoomScreenTimeReport.build/Objects-normal/arm64/FocusRunLiveActivity.swiftconstvalues /tmp/counting-sheep-coat-build/Build/Intermediates.noindex/PhoneInTheOtherRoom.build/Debug-iphonesimulator/PhoneInTheOtherRoomScreenTimeReport.build/Objects-normal/arm64/FocusRunLiveActivityPushContract.swiftconstvalues /tmp/counting-sheep-coat-build/Build/Intermediates.noindex/PhoneInTheOtherRoom.build/Debug-iphonesimulator/PhoneInTheOtherRoomScreenTimeReport.build/Objects-normal/arm64/FocusRunRules.swiftconstvalues /tmp/counting-sheep-coat-build/Build/Intermediates.noindex/PhoneInTheOtherRoom.build/Debug-iphonesimulator/PhoneInTheOtherRoomScreenTimeReport.build/Objects-normal/arm64/FocusSessionStartResult.swiftconstvalues /tmp/counting-sheep-coat-build/Build/Intermediates.noindex/PhoneInTheOtherRoom.build/Debug-iphonesimulator/PhoneInTheOtherRoomScreenTimeReport.build/Objects-normal/arm64/Formatting.swiftconstvalues /tmp/counting-sheep-coat-build/Build/Intermediates.noindex/PhoneInTheOtherRoom.build/Debug-iphonesimulator/PhoneInTheOtherRoomScreenTimeReport.build/Objects-normal/arm64/HomeReceiptRouting.swiftconstvalues /tmp/counting-sheep-coat-build/Build/Intermediates.noindex/PhoneInTheOtherRoom.build/Debug-iphonesimulator/PhoneInTheOtherRoomScreenTimeReport.build/Objects-normal/arm64/HomeStartRouting.swiftconstvalues /tmp/counting-sheep-coat-build/Build/Intermediates.noindex/PhoneInTheOtherRoom.build/Debug-iphonesimulator/PhoneInTheOtherRoomScreenTimeReport.build/Objects-normal/arm64/HomeWindowPhase.swiftconstvalues /tmp/counting-sheep-coat-build/Build/Intermediates.noindex/PhoneInTheOtherRoom.build/Debug-iphonesimulator/PhoneInTheOtherRoomScreenTimeReport.build/Objects-normal/arm64/ImpactMeasurement.swiftconstvalues /tmp/counting-sheep-coat-build/Build/Intermediates.noindex/PhoneInTheOtherRoom.build/Debug-iphonesimulator/PhoneInTheOtherRoomScreenTimeReport.build/Objects-normal/arm64/IndependentMorningSettlement.swiftconstvalues /tmp/counting-sheep-coat-build/Build/Intermediates.noindex/PhoneInTheOtherRoom.build/Debug-iphonesimulator/PhoneInTheOtherRoomScreenTimeReport.build/Objects-normal/arm64/MorningCheckIn.swiftconstvalues /tmp/counting-sheep-coat-build/Build/Intermediates.noindex/PhoneInTheOtherRoom.build/Debug-iphonesimulator/PhoneInTheOtherRoomScreenTimeReport.build/Objects-normal/arm64/MorningQuietIntent.swiftconstvalues /tmp/counting-sheep-coat-build/Build/Intermediates.noindex/PhoneInTheOtherRoom.build/Debug-iphonesimulator/PhoneInTheOtherRoomScreenTimeReport.build/Objects-normal/arm64/NightFlockAPI.swiftconstvalues /tmp/counting-sheep-coat-build/Build/Intermediates.noindex/PhoneInTheOtherRoom.build/Debug-iphonesimulator/PhoneInTheOtherRoomScreenTimeReport.build/Objects-normal/arm64/NightFlockCommitment.swiftconstvalues /tmp/counting-sheep-coat-build/Build/Intermediates.noindex/PhoneInTheOtherRoom.build/Debug-iphonesimulator/PhoneInTheOtherRoomScreenTimeReport.build/Objects-normal/arm64/NightFlockDiagnostics.swiftconstvalues /tmp/counting-sheep-coat-build/Build/Intermediates.noindex/PhoneInTheOtherRoom.build/Debug-iphonesimulator/PhoneInTheOtherRoomScreenTimeReport.build/Objects-normal/arm64/NightFlockInviteRecovery.swiftconstvalues /tmp/counting-sheep-coat-build/Build/Intermediates.noindex/PhoneInTheOtherRoom.build/Debug-iphonesimulator/PhoneInTheOtherRoomScreenTimeReport.build/Objects-normal/arm64/NightFlockModels.swiftconstvalues /tmp/counting-sheep-coat-build/Build/Intermediates.noindex/PhoneInTheOtherRoom.build/Debug-iphonesimulator/PhoneInTheOtherRoomScreenTimeReport.build/Objects-normal/arm64/NightFlockOrientation.swiftconstvalues /tmp/counting-sheep-coat-build/Build/Intermediates.noindex/PhoneInTheOtherRoom.build/Debug-iphonesimulator/PhoneInTheOtherRoomScreenTimeReport.build/Objects-normal/arm64/NightFlockPresentation.swiftconstvalues /tmp/counting-sheep-coat-build/Build/Intermediates.noindex/PhoneInTheOtherRoom.build/Debug-iphonesimulator/PhoneInTheOtherRoomScreenTimeReport.build/Objects-normal/arm64/NightFlockReadDeadline.swiftconstvalues /tmp/counting-sheep-coat-build/Build/Intermediates.noindex/PhoneInTheOtherRoom.build/Debug-iphonesimulator/PhoneInTheOtherRoomScreenTimeReport.build/Objects-normal/arm64/NightFlockRemoteError.swiftconstvalues /tmp/counting-sheep-coat-build/Build/Intermediates.noindex/PhoneInTheOtherRoom.build/Debug-iphonesimulator/PhoneInTheOtherRoomScreenTimeReport.build/Objects-normal/arm64/NightFlockRequestScheduling.swiftconstvalues /tmp/counting-sheep-coat-build/Build/Intermediates.noindex/PhoneInTheOtherRoom.build/Debug-iphonesimulator/PhoneInTheOtherRoomScreenTimeReport.build/Objects-normal/arm64/NightFlockRewards.swiftconstvalues /tmp/counting-sheep-coat-build/Build/Intermediates.noindex/PhoneInTheOtherRoom.build/Debug-iphonesimulator/PhoneInTheOtherRoomScreenTimeReport.build/Objects-normal/arm64/NightFlockSharedHabitPresentation.swiftconstvalues /tmp/counting-sheep-coat-build/Build/Intermediates.noindex/PhoneInTheOtherRoom.build/Debug-iphonesimulator/PhoneInTheOtherRoomScreenTimeReport.build/Objects-normal/arm64/NightFlockSharedHabitSleep.swiftconstvalues /tmp/counting-sheep-coat-build/Build/Intermediates.noindex/PhoneInTheOtherRoom.build/Debug-iphonesimulator/PhoneInTheOtherRoomScreenTimeReport.build/Objects-normal/arm64/NightFlockSharedHabits.swiftconstvalues /tmp/counting-sheep-coat-build/Build/Intermediates.noindex/PhoneInTheOtherRoom.build/Debug-iphonesimulator/PhoneInTheOtherRoomScreenTimeReport.build/Objects-normal/arm64/NightFlockSharedHabitsAPI.swiftconstvalues /tmp/counting-sheep-coat-build/Build/Intermediates.noindex/PhoneInTheOtherRoom.build/Debug-iphonesimulator/PhoneInTheOtherRoomScreenTimeReport.build/Objects-normal/arm64/NightFlockSharedHabitsFence.swiftconstvalues /tmp/counting-sheep-coat-build/Build/Intermediates.noindex/PhoneInTheOtherRoom.build/Debug-iphonesimulator/PhoneInTheOtherRoomScreenTimeReport.build/Objects-normal/arm64/NightFlockSharedHabitsOutbox.swiftconstvalues /tmp/counting-sheep-coat-build/Build/Intermediates.noindex/PhoneInTheOtherRoom.build/Debug-iphonesimulator/PhoneInTheOtherRoomScreenTimeReport.build/Objects-normal/arm64/NightFlockSharing.swiftconstvalues /tmp/counting-sheep-coat-build/Build/Intermediates.noindex/PhoneInTheOtherRoom.build/Debug-iphonesimulator/PhoneInTheOtherRoomScreenTimeReport.build/Objects-normal/arm64/NightFlockV2API.swiftconstvalues /tmp/counting-sheep-coat-build/Build/Intermediates.noindex/PhoneInTheOtherRoom.build/Debug-iphonesimulator/PhoneInTheOtherRoomScreenTimeReport.build/Objects-normal/arm64/NightFlockV3API.swiftconstvalues /tmp/counting-sheep-coat-build/Build/Intermediates.noindex/PhoneInTheOtherRoom.build/Debug-iphonesimulator/PhoneInTheOtherRoomScreenTimeReport.build/Objects-normal/arm64/NightFlockV4API.swiftconstvalues /tmp/counting-sheep-coat-build/Build/Intermediates.noindex/PhoneInTheOtherRoom.build/Debug-iphonesimulator/PhoneInTheOtherRoomScreenTimeReport.build/Objects-normal/arm64/NightFlockV4Models.swiftconstvalues /tmp/counting-sheep-coat-build/Build/Intermediates.noindex/PhoneInTheOtherRoom.build/Debug-iphonesimulator/PhoneInTheOtherRoomScreenTimeReport.build/Objects-normal/arm64/NightFlockV4Outbox.swiftconstvalues /tmp/counting-sheep-coat-build/Build/Intermediates.noindex/PhoneInTheOtherRoom.build/Debug-iphonesimulator/PhoneInTheOtherRoomScreenTimeReport.build/Objects-normal/arm64/NightFlockV4PublicationPolicy.swiftconstvalues /tmp/counting-sheep-coat-build/Build/Intermediates.noindex/PhoneInTheOtherRoom.build/Debug-iphonesimulator/PhoneInTheOtherRoomScreenTimeReport.build/Objects-normal/arm64/NightFlockV4Rewards.swiftconstvalues /tmp/counting-sheep-coat-build/Build/Intermediates.noindex/PhoneInTheOtherRoom.build/Debug-iphonesimulator/PhoneInTheOtherRoomScreenTimeReport.build/Objects-normal/arm64/NightJourneyAssets.swiftconstvalues /tmp/counting-sheep-coat-build/Build/Intermediates.noindex/PhoneInTheOtherRoom.build/Debug-iphonesimulator/PhoneInTheOtherRoomScreenTimeReport.build/Objects-normal/arm64/NightJourneyGait.swiftconstvalues /tmp/counting-sheep-coat-build/Build/Intermediates.noindex/PhoneInTheOtherRoom.build/Debug-iphonesimulator/PhoneInTheOtherRoomScreenTimeReport.build/Objects-normal/arm64/NightJourneyProgress.swiftconstvalues /tmp/counting-sheep-coat-build/Build/Intermediates.noindex/PhoneInTheOtherRoom.build/Debug-iphonesimulator/PhoneInTheOtherRoomScreenTimeReport.build/Objects-normal/arm64/NightJourneyTerrain.swiftconstvalues /tmp/counting-sheep-coat-build/Build/Intermediates.noindex/PhoneInTheOtherRoom.build/Debug-iphonesimulator/PhoneInTheOtherRoomScreenTimeReport.build/Objects-normal/arm64/NightWatch.swiftconstvalues /tmp/counting-sheep-coat-build/Build/Intermediates.noindex/PhoneInTheOtherRoom.build/Debug-iphonesimulator/PhoneInTheOtherRoomScreenTimeReport.build/Objects-normal/arm64/NightWatchGuidance.swiftconstvalues /tmp/counting-sheep-coat-build/Build/Intermediates.noindex/PhoneInTheOtherRoom.build/Debug-iphonesimulator/PhoneInTheOtherRoomScreenTimeReport.build/Objects-normal/arm64/NightWatchHistory.swiftconstvalues /tmp/counting-sheep-coat-build/Build/Intermediates.noindex/PhoneInTheOtherRoom.build/Debug-iphonesimulator/PhoneInTheOtherRoomScreenTimeReport.build/Objects-normal/arm64/NightWatchUsageMonitoring.swiftconstvalues /tmp/counting-sheep-coat-build/Build/Intermediates.noindex/PhoneInTheOtherRoom.build/Debug-iphonesimulator/PhoneInTheOtherRoomScreenTimeReport.build/Objects-normal/arm64/NightsHistorySummary.swiftconstvalues /tmp/counting-sheep-coat-build/Build/Intermediates.noindex/PhoneInTheOtherRoom.build/Debug-iphonesimulator/PhoneInTheOtherRoomScreenTimeReport.build/Objects-normal/arm64/NotificationCopy.swiftconstvalues /tmp/counting-sheep-coat-build/Build/Intermediates.noindex/PhoneInTheOtherRoom.build/Debug-iphonesimulator/PhoneInTheOtherRoomScreenTimeReport.build/Objects-normal/arm64/NotificationPlanning.swiftconstvalues /tmp/counting-sheep-coat-build/Build/Intermediates.noindex/PhoneInTheOtherRoom.build/Debug-iphonesimulator/PhoneInTheOtherRoomScreenTimeReport.build/Objects-normal/arm64/NotificationPreferences.swiftconstvalues /tmp/counting-sheep-coat-build/Build/Intermediates.noindex/PhoneInTheOtherRoom.build/Debug-iphonesimulator/PhoneInTheOtherRoomScreenTimeReport.build/Objects-normal/arm64/OfflinePurpose.swiftconstvalues /tmp/counting-sheep-coat-build/Build/Intermediates.noindex/PhoneInTheOtherRoom.build/Debug-iphonesimulator/PhoneInTheOtherRoomScreenTimeReport.build/Objects-normal/arm64/OllieCompanionAnimation.swiftconstvalues /tmp/counting-sheep-coat-build/Build/Intermediates.noindex/PhoneInTheOtherRoom.build/Debug-iphonesimulator/PhoneInTheOtherRoomScreenTimeReport.build/Objects-normal/arm64/OllieModels.swiftconstvalues /tmp/counting-sheep-coat-build/Build/Intermediates.noindex/PhoneInTheOtherRoom.build/Debug-iphonesimulator/PhoneInTheOtherRoomScreenTimeReport.build/Objects-normal/arm64/OllieWardrobe.swiftconstvalues /tmp/counting-sheep-coat-build/Build/Intermediates.noindex/PhoneInTheOtherRoom.build/Debug-iphonesimulator/PhoneInTheOtherRoomScreenTimeReport.build/Objects-normal/arm64/Onboarding.swiftconstvalues /tmp/counting-sheep-coat-build/Build/Intermediates.noindex/PhoneInTheOtherRoom.build/Debug-iphonesimulator/PhoneInTheOtherRoomScreenTimeReport.build/Objects-normal/arm64/OnboardingJourney.swiftconstvalues /tmp/counting-sheep-coat-build/Build/Intermediates.noindex/PhoneInTheOtherRoom.build/Debug-iphonesimulator/PhoneInTheOtherRoomScreenTimeReport.build/Objects-normal/arm64/Orientation.swiftconstvalues /tmp/counting-sheep-coat-build/Build/Intermediates.noindex/PhoneInTheOtherRoom.build/Debug-iphonesimulator/PhoneInTheOtherRoomScreenTimeReport.build/Objects-normal/arm64/PastureFetch.swiftconstvalues /tmp/counting-sheep-coat-build/Build/Intermediates.noindex/PhoneInTheOtherRoom.build/Debug-iphonesimulator/PhoneInTheOtherRoomScreenTimeReport.build/Objects-normal/arm64/PastureFetchWakeUp.swiftconstvalues /tmp/counting-sheep-coat-build/Build/Intermediates.noindex/PhoneInTheOtherRoom.build/Debug-iphonesimulator/PhoneInTheOtherRoomScreenTimeReport.build/Objects-normal/arm64/PasturePlay.swiftconstvalues /tmp/counting-sheep-coat-build/Build/Intermediates.noindex/PhoneInTheOtherRoom.build/Debug-iphonesimulator/PhoneInTheOtherRoomScreenTimeReport.build/Objects-normal/arm64/PastureScene.swiftconstvalues /tmp/counting-sheep-coat-build/Build/Intermediates.noindex/PhoneInTheOtherRoom.build/Debug-iphonesimulator/PhoneInTheOtherRoomScreenTimeReport.build/Objects-normal/arm64/PersonalShield.swiftconstvalues /tmp/counting-sheep-coat-build/Build/Intermediates.noindex/PhoneInTheOtherRoom.build/Debug-iphonesimulator/PhoneInTheOtherRoomScreenTimeReport.build/Objects-normal/arm64/PhoneAwaySearchSettlement.swiftconstvalues /tmp/counting-sheep-coat-build/Build/Intermediates.noindex/PhoneInTheOtherRoom.build/Debug-iphonesimulator/PhoneInTheOtherRoomScreenTimeReport.build/Objects-normal/arm64/PhoneAwayStartPolicy.swiftconstvalues /tmp/counting-sheep-coat-build/Build/Intermediates.noindex/PhoneInTheOtherRoom.build/Debug-iphonesimulator/PhoneInTheOtherRoomScreenTimeReport.build/Objects-normal/arm64/PhoneBedTag.swiftconstvalues /tmp/counting-sheep-coat-build/Build/Intermediates.noindex/PhoneInTheOtherRoom.build/Debug-iphonesimulator/PhoneInTheOtherRoomScreenTimeReport.build/Objects-normal/arm64/PhoneBedTagInspection.swiftconstvalues /tmp/counting-sheep-coat-build/Build/Intermediates.noindex/PhoneInTheOtherRoom.build/Debug-iphonesimulator/PhoneInTheOtherRoomScreenTimeReport.build/Objects-normal/arm64/ProximityClassifier.swiftconstvalues /tmp/counting-sheep-coat-build/Build/Intermediates.noindex/PhoneInTheOtherRoom.build/Debug-iphonesimulator/PhoneInTheOtherRoomScreenTimeReport.build/Objects-normal/arm64/QuietNoteText.swiftconstvalues /tmp/counting-sheep-coat-build/Build/Intermediates.noindex/PhoneInTheOtherRoom.build/Debug-iphonesimulator/PhoneInTheOtherRoomScreenTimeReport.build/Objects-normal/arm64/QuietPeriodScheduling.swiftconstvalues /tmp/counting-sheep-coat-build/Build/Intermediates.noindex/PhoneInTheOtherRoom.build/Debug-iphonesimulator/PhoneInTheOtherRoomScreenTimeReport.build/Objects-normal/arm64/QuietTimeBriefAccess.swiftconstvalues /tmp/counting-sheep-coat-build/Build/Intermediates.noindex/PhoneInTheOtherRoom.build/Debug-iphonesimulator/PhoneInTheOtherRoomScreenTimeReport.build/Objects-normal/arm64/QuietTimeShieldPresentation.swiftconstvalues /tmp/counting-sheep-coat-build/Build/Intermediates.noindex/PhoneInTheOtherRoom.build/Debug-iphonesimulator/PhoneInTheOtherRoomScreenTimeReport.build/Objects-normal/arm64/QuietTimeShieldSchedule.swiftconstvalues /tmp/counting-sheep-coat-build/Build/Intermediates.noindex/PhoneInTheOtherRoom.build/Debug-iphonesimulator/PhoneInTheOtherRoomScreenTimeReport.build/Objects-normal/arm64/QuietTimeShieldScheduleRegistry.swiftconstvalues /tmp/counting-sheep-coat-build/Build/Intermediates.noindex/PhoneInTheOtherRoom.build/Debug-iphonesimulator/PhoneInTheOtherRoomScreenTimeReport.build/Objects-normal/arm64/QuietTimeShielding.swiftconstvalues /tmp/counting-sheep-coat-build/Build/Intermediates.noindex/PhoneInTheOtherRoom.build/Debug-iphonesimulator/PhoneInTheOtherRoomScreenTimeReport.build/Objects-normal/arm64/RewardEngine.swiftconstvalues /tmp/counting-sheep-coat-build/Build/Intermediates.noindex/PhoneInTheOtherRoom.build/Debug-iphonesimulator/PhoneInTheOtherRoomScreenTimeReport.build/Objects-normal/arm64/RewardModels.swiftconstvalues /tmp/counting-sheep-coat-build/Build/Intermediates.noindex/PhoneInTheOtherRoom.build/Debug-iphonesimulator/PhoneInTheOtherRoomScreenTimeReport.build/Objects-normal/arm64/RitualPersonalisation.swiftconstvalues /tmp/counting-sheep-coat-build/Build/Intermediates.noindex/PhoneInTheOtherRoom.build/Debug-iphonesimulator/PhoneInTheOtherRoomScreenTimeReport.build/Objects-normal/arm64/RitualPersonalisationRules.swiftconstvalues /tmp/counting-sheep-coat-build/Build/Intermediates.noindex/PhoneInTheOtherRoom.build/Debug-iphonesimulator/PhoneInTheOtherRoomScreenTimeReport.build/Objects-normal/arm64/ScreenFreeMorningPresentation.swiftconstvalues /tmp/counting-sheep-coat-build/Build/Intermediates.noindex/PhoneInTheOtherRoom.build/Debug-iphonesimulator/PhoneInTheOtherRoomScreenTimeReport.build/Objects-normal/arm64/ScreenTimeIntegration.swiftconstvalues /tmp/counting-sheep-coat-build/Build/Intermediates.noindex/PhoneInTheOtherRoom.build/Debug-iphonesimulator/PhoneInTheOtherRoomScreenTimeReport.build/Objects-normal/arm64/ScreenTimeReportExtension.swiftconstvalues /tmp/counting-sheep-coat-build/Build/Intermediates.noindex/PhoneInTheOtherRoom.build/Debug-iphonesimulator/PhoneInTheOtherRoomScreenTimeReport.build/Objects-normal/arm64/ScreenTimeReportMath.swiftconstvalues /tmp/counting-sheep-coat-build/Build/Intermediates.noindex/PhoneInTheOtherRoom.build/Debug-iphonesimulator/PhoneInTheOtherRoomScreenTimeReport.build/Objects-normal/arm64/SessionGuard.swiftconstvalues /tmp/counting-sheep-coat-build/Build/Intermediates.noindex/PhoneInTheOtherRoom.build/Debug-iphonesimulator/PhoneInTheOtherRoomScreenTimeReport.build/Objects-normal/arm64/SharedMeadow.swiftconstvalues /tmp/counting-sheep-coat-build/Build/Intermediates.noindex/PhoneInTheOtherRoom.build/Debug-iphonesimulator/PhoneInTheOtherRoomScreenTimeReport.build/Objects-normal/arm64/SharedPasture.swiftconstvalues /tmp/counting-sheep-coat-build/Build/Intermediates.noindex/PhoneInTheOtherRoom.build/Debug-iphonesimulator/PhoneInTheOtherRoomScreenTimeReport.build/Objects-normal/arm64/SheepPosterBoard.swiftconstvalues /tmp/counting-sheep-coat-build/Build/Intermediates.noindex/PhoneInTheOtherRoom.build/Debug-iphonesimulator/PhoneInTheOtherRoomScreenTimeReport.build/Objects-normal/arm64/SheepSearch.swiftconstvalues /tmp/counting-sheep-coat-build/Build/Intermediates.noindex/PhoneInTheOtherRoom.build/Debug-iphonesimulator/PhoneInTheOtherRoomScreenTimeReport.build/Objects-normal/arm64/SheepSearchExplainer.swiftconstvalues /tmp/counting-sheep-coat-build/Build/Intermediates.noindex/PhoneInTheOtherRoom.build/Debug-iphonesimulator/PhoneInTheOtherRoomScreenTimeReport.build/Objects-normal/arm64/SheepSearchPresentation.swiftconstvalues /tmp/counting-sheep-coat-build/Build/Intermediates.noindex/PhoneInTheOtherRoom.build/Debug-iphonesimulator/PhoneInTheOtherRoomScreenTimeReport.build/Objects-normal/arm64/SheepSearchSlumberParty.swiftconstvalues /tmp/counting-sheep-coat-build/Build/Intermediates.noindex/PhoneInTheOtherRoom.build/Debug-iphonesimulator/PhoneInTheOtherRoomScreenTimeReport.build/Objects-normal/arm64/SheepSearchState.swiftconstvalues /tmp/counting-sheep-coat-build/Build/Intermediates.noindex/PhoneInTheOtherRoom.build/Debug-iphonesimulator/PhoneInTheOtherRoomScreenTimeReport.build/Objects-normal/arm64/SheepSearchWelcome.swiftconstvalues /tmp/counting-sheep-coat-build/Build/Intermediates.noindex/PhoneInTheOtherRoom.build/Debug-iphonesimulator/PhoneInTheOtherRoomScreenTimeReport.build/Objects-normal/arm64/ShepherdArtStudy.swiftconstvalues /tmp/counting-sheep-coat-build/Build/Intermediates.noindex/PhoneInTheOtherRoom.build/Debug-iphonesimulator/PhoneInTheOtherRoomScreenTimeReport.build/Objects-normal/arm64/ShepherdAvatarAppearance.swiftconstvalues /tmp/counting-sheep-coat-build/Build/Intermediates.noindex/PhoneInTheOtherRoom.build/Debug-iphonesimulator/PhoneInTheOtherRoomScreenTimeReport.build/Objects-normal/arm64/SleepIntervalMath.swiftconstvalues /tmp/counting-sheep-coat-build/Build/Intermediates.noindex/PhoneInTheOtherRoom.build/Debug-iphonesimulator/PhoneInTheOtherRoomScreenTimeReport.build/Objects-normal/arm64/SlumberPartyAcquisition.swiftconstvalues /tmp/counting-sheep-coat-build/Build/Intermediates.noindex/PhoneInTheOtherRoom.build/Debug-iphonesimulator/PhoneInTheOtherRoomScreenTimeReport.build/Objects-normal/arm64/SlumberPartyFeedback.swiftconstvalues /tmp/counting-sheep-coat-build/Build/Intermediates.noindex/PhoneInTheOtherRoom.build/Debug-iphonesimulator/PhoneInTheOtherRoomScreenTimeReport.build/Objects-normal/arm64/SlumberPartyHomePresentation.swiftconstvalues /tmp/counting-sheep-coat-build/Build/Intermediates.noindex/PhoneInTheOtherRoom.build/Debug-iphonesimulator/PhoneInTheOtherRoomScreenTimeReport.build/Objects-normal/arm64/SlumberPartyInvitations.swiftconstvalues /tmp/counting-sheep-coat-build/Build/Intermediates.noindex/PhoneInTheOtherRoom.build/Debug-iphonesimulator/PhoneInTheOtherRoomScreenTimeReport.build/Objects-normal/arm64/SlumberPartySharedFarm.swiftconstvalues /tmp/counting-sheep-coat-build/Build/Intermediates.noindex/PhoneInTheOtherRoom.build/Debug-iphonesimulator/PhoneInTheOtherRoomScreenTimeReport.build/Objects-normal/arm64/SunriseTrail.swiftconstvalues /tmp/counting-sheep-coat-build/Build/Intermediates.noindex/PhoneInTheOtherRoom.build/Debug-iphonesimulator/PhoneInTheOtherRoomScreenTimeReport.build/Objects-normal/arm64/WatchMessage.swiftconstvalues /tmp/counting-sheep-coat-build/Build/Intermediates.noindex/PhoneInTheOtherRoom.build/Debug-iphonesimulator/PhoneInTheOtherRoomScreenTimeReport.build/Objects-normal/arm64/WelcomeReward.swiftconstvalues /tmp/counting-sheep-coat-build/Build/Intermediates.noindex/PhoneInTheOtherRoom.build/Debug-iphonesimulator/PhoneInTheOtherRoomScreenTimeReport.build/Objects-normal/arm64/WindDownGuidance.swiftconstvalues /tmp/counting-sheep-coat-build/Build/Intermediates.noindex/PhoneInTheOtherRoom.build/Debug-iphonesimulator/PhoneInTheOtherRoomScreenTimeReport.build/Objects-normal/arm64/WindDownGuidanceSources.swiftconstvalues /tmp/counting-sheep-coat-build/Build/Intermediates.noindex/PhoneInTheOtherRoom.build/Debug-iphonesimulator/PhoneInTheOtherRoomScreenTimeReport.build/Objects-normal/arm64/WindDownHabit.swiftconstvalues /tmp/counting-sheep-coat-build/Build/Intermediates.noindex/PhoneInTheOtherRoom.build/Debug-iphonesimulator/PhoneInTheOtherRoomScreenTimeReport.build/Objects-normal/arm64/WindDownProfile.swiftconstvalues /tmp/counting-sheep-coat-build/Build/Intermediates.noindex/PhoneInTheOtherRoom.build/Debug-iphonesimulator/PhoneInTheOtherRoomScreenTimeReport.build/Objects-normal/arm64/WindDownProfilePresentation.swiftconstvalues /tmp/counting-sheep-coat-build/Build/Intermediates.noindex/PhoneInTheOtherRoom.build/Debug-iphonesimulator/PhoneInTheOtherRoomScreenTimeReport.build/Objects-normal/arm64/WindDownScheduling.swiftconstvalues /tmp/counting-sheep-coat-build/Build/Intermediates.noindex/PhoneInTheOtherRoom.build/Debug-iphonesimulator/PhoneInTheOtherRoomScreenTimeReport.build/Objects-normal/arm64/WindDownStartContext.swiftconstvalues /tmp/counting-sheep-coat-build/Build/Intermediates.noindex/PhoneInTheOtherRoom.build/Debug-iphonesimulator/PhoneInTheOtherRoomScreenTimeReport.build/Objects-normal/arm64/WindDownStartTransaction.swiftconstvalues

SwiftDriverJobDiscovery normal arm64 Compiling NightFlockReadDeadline.swift, NightFlockRemoteError.swift (in target 'PhoneInTheOtherRoomLiveActivity' from project 'PhoneInTheOtherRoom')

SwiftCompile normal arm64 Compiling\ Campfire.swift,\ CampfireVisibility.swift /Users/ngawangchime/Desktop/Developer\ Projects/Phone\ in\ the\ Other\ Room/Shared/Campfire.swift /Users/ngawangchime/Desktop/Developer\ Projects/Phone\ in\ the\ Other\ Room/Shared/CampfireVisibility.swift (in target 'PhoneInTheOtherRoomLiveActivity' from project 'PhoneInTheOtherRoom')
SwiftCompile normal arm64 /Users/ngawangchime/Desktop/Developer\ Projects/Phone\ in\ the\ Other\ Room/Shared/Campfire.swift (in target 'PhoneInTheOtherRoomLiveActivity' from project 'PhoneInTheOtherRoom')
    cd /Users/ngawangchime/Desktop/Developer\ Projects/Phone\ in\ the\ Other\ Room


SwiftCompile normal arm64 /Users/ngawangchime/Desktop/Developer\ Projects/Phone\ in\ the\ Other\ Room/Shared/CampfireVisibility.swift (in target 'PhoneInTheOtherRoomLiveActivity' from project 'PhoneInTheOtherRoom')
    cd /Users/ngawangchime/Desktop/Developer\ Projects/Phone\ in\ the\ Other\ Room


ProcessInfoPlistFile /tmp/counting-sheep-coat-build/Build/Products/Debug-iphonesimulator/Counting\ Sheep\ Screen\ Time\ Report.appex/Info.plist /Users/ngawangchime/Desktop/Developer\ Projects/Phone\ in\ the\ Other\ Room/PhoneInTheOtherRoomScreenTimeReport/Info.plist (in target 'PhoneInTheOtherRoomScreenTimeReport' from project 'PhoneInTheOtherRoom')
    cd /Users/ngawangchime/Desktop/Developer\ Projects/Phone\ in\ the\ Other\ Room
    builtin-infoPlistUtility /Users/ngawangchime/Desktop/Developer\ Projects/Phone\ in\ the\ Other\ Room/PhoneInTheOtherRoomScreenTimeReport/Info.plist -producttype com.apple.product-type.extensionkit-extension -expandbuildsettings -format binary -platform iphonesimulator -additionalcontentfile /tmp/counting-sheep-coat-build/Build/Intermediates.noindex/PhoneInTheOtherRoom.build/Debug-iphonesimulator/PhoneInTheOtherRoomScreenTimeReport.build/PhoneInTheOtherRoomScreenTimeReport-appextension-generated-info.plist -o /tmp/counting-sheep-coat-build/Build/Products/Debug-iphonesimulator/Counting\ Sheep\ Screen\ Time\ Report.appex/Info.plist

SwiftDriverJobDiscovery normal arm64 Compiling NightFlockPresentation.swift (in target 'PhoneInTheOtherRoomLiveActivity' from project 'PhoneInTheOtherRoom')

CompileAssetCatalogVariant thinned /tmp/counting-sheep-coat-build/Build/Products/Debug-iphonesimulator/Counting\ Sheep\ Live\ Activity.appex /Users/ngawangchime/Desktop/Developer\ Projects/Phone\ in\ the\ Other\ Room/Assets.xcassets (in target 'PhoneInTheOtherRoomLiveActivity' from project 'PhoneInTheOtherRoom')
    cd /Users/ngawangchime/Desktop/Developer\ Projects/Phone\ in\ the\ Other\ Room
    /Applications/Xcode.app/Contents/Developer/usr/bin/actool /Users/ngawangchime/Desktop/Developer\ Projects/Phone\ in\ the\ Other\ Room/Assets.xcassets --compile /tmp/counting-sheep-coat-build/Build/Intermediates.noindex/PhoneInTheOtherRoom.build/Debug-iphonesimulator/PhoneInTheOtherRoomLiveActivity.build/assetcatalog_output/thinned --output-format human-readable-text --notices --warnings --export-dependency-info /tmp/counting-sheep-coat-build/Build/Intermediates.noindex/PhoneInTheOtherRoom.build/Debug-iphonesimulator/PhoneInTheOtherRoomLiveActivity.build/assetcatalog_dependencies_thinned --output-partial-info-plist /tmp/counting-sheep-coat-build/Build/Intermediates.noindex/PhoneInTheOtherRoom.build/Debug-iphonesimulator/PhoneInTheOtherRoomLiveActivity.build/assetcatalog_generated_info.plist_thinned --compress-pngs --enable-on-demand-resources NO --standalone-icon-behavior all --development-region en --target-device iphone --target-device ipad --minimum-deployment-target 17.0 --platform iphonesimulator
/* com.apple.actool.compilation-results */
/tmp/counting-sheep-coat-build/Build/Intermediates.noindex/PhoneInTheOtherRoom.build/Debug-iphonesimulator/PhoneInTheOtherRoomLiveActivity.build/assetcatalog_generated_info.plist_thinned
/tmp/counting-sheep-coat-build/Build/Intermediates.noindex/PhoneInTheOtherRoom.build/Debug-iphonesimulator/PhoneInTheOtherRoomLiveActivity.build/assetcatalog_output/thinned/Assets.car


SwiftDriverJobDiscovery normal arm64 Compiling Campfire.swift, CampfireVisibility.swift (in target 'PhoneInTheOtherRoomLiveActivity' from project 'PhoneInTheOtherRoom')

SwiftCompile normal arm64 Compiling\ AccountCredentials.swift,\ AutomaticWindDownSchedulingDecision.swift /Users/ngawangchime/Desktop/Developer\ Projects/Phone\ in\ the\ Other\ Room/Shared/AccountCredentials.swift /Users/ngawangchime/Desktop/Developer\ Projects/Phone\ in\ the\ Other\ Room/Shared/AutomaticWindDownSchedulingDecision.swift (in target 'PhoneInTheOtherRoomLiveActivity' from project 'PhoneInTheOtherRoom')

SwiftCompile normal arm64 /Users/ngawangchime/Desktop/Developer\ Projects/Phone\ in\ the\ Other\ Room/Shared/AccountCredentials.swift (in target 'PhoneInTheOtherRoomLiveActivity' from project 'PhoneInTheOtherRoom')
    cd /Users/ngawangchime/Desktop/Developer\ Projects/Phone\ in\ the\ Other\ Room


SwiftCompile normal arm64 /Users/ngawangchime/Desktop/Developer\ Projects/Phone\ in\ the\ Other\ Room/Shared/AutomaticWindDownSchedulingDecision.swift (in target 'PhoneInTheOtherRoomLiveActivity' from project 'PhoneInTheOtherRoom')
    cd /Users/ngawangchime/Desktop/Developer\ Projects/Phone\ in\ the\ Other\ Room


SwiftCompile normal arm64 Compiling\ WindDownGuidance.swift,\ WindDownHabit.swift,\ WindDownScheduling.swift /Users/ngawangchime/Desktop/Developer\ Projects/Phone\ in\ the\ Other\ Room/Shared/WindDownGuidance.swift /Users/ngawangchime/Desktop/Developer\ Projects/Phone\ in\ the\ Other\ Room/Shared/WindDownHabit.swift /Users/ngawangchime/Desktop/Developer\ Projects/Phone\ in\ the\ Other\ Room/Shared/WindDownScheduling.swift (in target 'PhoneInTheOtherRoomLiveActivity' from project 'PhoneInTheOtherRoom')

SwiftCompile normal arm64 /Users/ngawangchime/Desktop/Developer\ Projects/Phone\ in\ the\ Other\ Room/Shared/WindDownGuidance.swift (in target 'PhoneInTheOtherRoomLiveActivity' from project 'PhoneInTheOtherRoom')
    cd /Users/ngawangchime/Desktop/Developer\ Projects/Phone\ in\ the\ Other\ Room


SwiftCompile normal arm64 /Users/ngawangchime/Desktop/Developer\ Projects/Phone\ in\ the\ Other\ Room/Shared/WindDownHabit.swift (in target 'PhoneInTheOtherRoomLiveActivity' from project 'PhoneInTheOtherRoom')
    cd /Users/ngawangchime/Desktop/Developer\ Projects/Phone\ in\ the\ Other\ Room


SwiftCompile normal arm64 /Users/ngawangchime/Desktop/Developer\ Projects/Phone\ in\ the\ Other\ Room/Shared/WindDownScheduling.swift (in target 'PhoneInTheOtherRoomLiveActivity' from project 'PhoneInTheOtherRoom')
    cd /Users/ngawangchime/Desktop/Developer\ Projects/Phone\ in\ the\ Other\ Room


SwiftDriverJobDiscovery normal arm64 Compiling AccountCredentials.swift, AutomaticWindDownSchedulingDecision.swift (in target 'PhoneInTheOtherRoomLiveActivity' from project 'PhoneInTheOtherRoom')

SwiftCompile normal arm64 Compiling\ ImpactMeasurement.swift,\ IndependentMorningSettlement.swift,\ NightFlockSharedHabits.swift,\ NightJourneyProgress.swift /Users/ngawangchime/Desktop/Developer\ Projects/Phone\ in\ the\ Other\ Room/Shared/ImpactMeasurement.swift /Users/ngawangchime/Desktop/Developer\ Projects/Phone\ in\ the\ Other\ Room/Shared/IndependentMorningSettlement.swift /Users/ngawangchime/Desktop/Developer\ Projects/Phone\ in\ the\ Other\ Room/Shared/NightFlockSharedHabits.swift /Users/ngawangchime/Desktop/Developer\ Projects/Phone\ in\ the\ Other\ Room/Shared/NightJourneyProgress.swift (in target 'PhoneInTheOtherRoomLiveActivity' from project 'PhoneInTheOtherRoom')

SwiftCompile normal arm64 /Users/ngawangchime/Desktop/Developer\ Projects/Phone\ in\ the\ Other\ Room/Shared/ImpactMeasurement.swift (in target 'PhoneInTheOtherRoomLiveActivity' from project 'PhoneInTheOtherRoom')
    cd /Users/ngawangchime/Desktop/Developer\ Projects/Phone\ in\ the\ Other\ Room


SwiftCompile normal arm64 /Users/ngawangchime/Desktop/Developer\ Projects/Phone\ in\ the\ Other\ Room/Shared/IndependentMorningSettlement.swift (in target 'PhoneInTheOtherRoomLiveActivity' from project 'PhoneInTheOtherRoom')
    cd /Users/ngawangchime/Desktop/Developer\ Projects/Phone\ in\ the\ Other\ Room


SwiftCompile normal arm64 /Users/ngawangchime/Desktop/Developer\ Projects/Phone\ in\ the\ Other\ Room/Shared/NightFlockSharedHabits.swift (in target 'PhoneInTheOtherRoomLiveActivity' from project 'PhoneInTheOtherRoom')
    cd /Users/ngawangchime/Desktop/Developer\ Projects/Phone\ in\ the\ Other\ Room


SwiftCompile normal arm64 /Users/ngawangchime/Desktop/Developer\ Projects/Phone\ in\ the\ Other\ Room/Shared/NightJourneyProgress.swift (in target 'PhoneInTheOtherRoomLiveActivity' from project 'PhoneInTheOtherRoom')
    cd /Users/ngawangchime/Desktop/Developer\ Projects/Phone\ in\ the\ Other\ Room


SwiftDriverJobDiscovery normal arm64 Compiling WindDownGuidance.swift, WindDownHabit.swift, WindDownScheduling.swift (in target 'PhoneInTheOtherRoomLiveActivity' from project 'PhoneInTheOtherRoom')

SwiftCompile normal arm64 Compiling\ QuietTimeShielding.swift,\ RewardEngine.swift,\ ScreenFreeMorningPresentation.swift /Users/ngawangchime/Desktop/Developer\ Projects/Phone\ in\ the\ Other\ Room/Shared/QuietTimeShielding.swift /Users/ngawangchime/Desktop/Developer\ Projects/Phone\ in\ the\ Other\ Room/Shared/RewardEngine.swift /Users/ngawangchime/Desktop/Developer\ Projects/Phone\ in\ the\ Other\ Room/Shared/ScreenFreeMorningPresentation.swift (in target 'PhoneInTheOtherRoomLiveActivity' from project 'PhoneInTheOtherRoom')

SwiftCompile normal arm64 /Users/ngawangchime/Desktop/Developer\ Projects/Phone\ in\ the\ Other\ Room/Shared/QuietTimeShielding.swift (in target 'PhoneInTheOtherRoomLiveActivity' from project 'PhoneInTheOtherRoom')
    cd /Users/ngawangchime/Desktop/Developer\ Projects/Phone\ in\ the\ Other\ Room


SwiftCompile normal arm64 /Users/ngawangchime/Desktop/Developer\ Projects/Phone\ in\ the\ Other\ Room/Shared/RewardEngine.swift (in target 'PhoneInTheOtherRoomLiveActivity' from project 'PhoneInTheOtherRoom')
    cd /Users/ngawangchime/Desktop/Developer\ Projects/Phone\ in\ the\ Other\ Room


SwiftCompile normal arm64 /Users/ngawangchime/Desktop/Developer\ Projects/Phone\ in\ the\ Other\ Room/Shared/ScreenFreeMorningPresentation.swift (in target 'PhoneInTheOtherRoomLiveActivity' from project 'PhoneInTheOtherRoom')
    cd /Users/ngawangchime/Desktop/Developer\ Projects/Phone\ in\ the\ Other\ Room


SwiftDriverJobDiscovery normal arm64 Compiling ImpactMeasurement.swift, IndependentMorningSettlement.swift, NightFlockSharedHabits.swift, NightJourneyProgress.swift (in target 'PhoneInTheOtherRoomLiveActivity' from project 'PhoneInTheOtherRoom')

SwiftCompile normal arm64 Compiling\ FocusRunLiveActivity.swift,\ FocusRunRules.swift,\ FocusSessionStartResult.swift,\ HomeReceiptRouting.swift /Users/ngawangchime/Desktop/Developer\ Projects/Phone\ in\ the\ Other\ Room/Shared/FocusRunLiveActivity.swift /Users/ngawangchime/Desktop/Developer\ Projects/Phone\ in\ the\ Other\ Room/Shared/FocusRunRules.swift /Users/ngawangchime/Desktop/Developer\ Projects/Phone\ in\ the\ Other\ Room/Shared/FocusSessionStartResult.swift /Users/ngawangchime/Desktop/Developer\ Projects/Phone\ in\ the\ Other\ Room/Shared/HomeReceiptRouting.swift (in target 'PhoneInTheOtherRoomLiveActivity' from project 'PhoneInTheOtherRoom')

SwiftCompile normal arm64 /Users/ngawangchime/Desktop/Developer\ Projects/Phone\ in\ the\ Other\ Room/Shared/FocusRunLiveActivity.swift (in target 'PhoneInTheOtherRoomLiveActivity' from project 'PhoneInTheOtherRoom')
    cd /Users/ngawangchime/Desktop/Developer\ Projects/Phone\ in\ the\ Other\ Room


SwiftCompile normal arm64 /Users/ngawangchime/Desktop/Developer\ Projects/Phone\ in\ the\ Other\ Room/Shared/FocusRunRules.swift (in target 'PhoneInTheOtherRoomLiveActivity' from project 'PhoneInTheOtherRoom')
    cd /Users/ngawangchime/Desktop/Developer\ Projects/Phone\ in\ the\ Other\ Room


SwiftCompile normal arm64 /Users/ngawangchime/Desktop/Developer\ Projects/Phone\ in\ the\ Other\ Room/Shared/FocusSessionStartResult.swift (in target 'PhoneInTheOtherRoomLiveActivity' from project 'PhoneInTheOtherRoom')
    cd /Users/ngawangchime/Desktop/Developer\ Projects/Phone\ in\ the\ Other\ Room


SwiftCompile normal arm64 /Users/ngawangchime/Desktop/Developer\ Projects/Phone\ in\ the\ Other\ Room/Shared/HomeReceiptRouting.swift (in target 'PhoneInTheOtherRoomLiveActivity' from project 'PhoneInTheOtherRoom')
    cd /Users/ngawangchime/Desktop/Developer\ Projects/Phone\ in\ the\ Other\ Room


SwiftDriverJobDiscovery normal arm64 Compiling QuietTimeShielding.swift, RewardEngine.swift, ScreenFreeMorningPresentation.swift (in target 'PhoneInTheOtherRoomLiveActivity' from project 'PhoneInTheOtherRoom')

SwiftCompile normal arm64 Compiling\ OllieModels.swift,\ OnboardingJourney.swift,\ PhoneAwaySearchSettlement.swift,\ QuietTimeShieldSchedule.swift /Users/ngawangchime/Desktop/Developer\ Projects/Phone\ in\ the\ Other\ Room/Shared/Models/OllieModels.swift /Users/ngawangchime/Desktop/Developer\ Projects/Phone\ in\ the\ Other\ Room/Shared/OnboardingJourney.swift /Users/ngawangchime/Desktop/Developer\ Projects/Phone\ in\ the\ Other\ Room/Shared/PhoneAwaySearchSettlement.swift /Users/ngawangchime/Desktop/Developer\ Projects/Phone\ in\ the\ Other\ Room/Shared/QuietTimeShieldSchedule.swift (in target 'PhoneInTheOtherRoomLiveActivity' from project 'PhoneInTheOtherRoom')

SwiftCompile normal arm64 /Users/ngawangchime/Desktop/Developer\ Projects/Phone\ in\ the\ Other\ Room/Shared/Models/OllieModels.swift (in target 'PhoneInTheOtherRoomLiveActivity' from project 'PhoneInTheOtherRoom')
    cd /Users/ngawangchime/Desktop/Developer\ Projects/Phone\ in\ the\ Other\ Room


SwiftCompile normal arm64 /Users/ngawangchime/Desktop/Developer\ Projects/Phone\ in\ the\ Other\ Room/Shared/OnboardingJourney.swift (in target 'PhoneInTheOtherRoomLiveActivity' from project 'PhoneInTheOtherRoom')
    cd /Users/ngawangchime/Desktop/Developer\ Projects/Phone\ in\ the\ Other\ Room


SwiftCompile normal arm64 /Users/ngawangchime/Desktop/Developer\ Projects/Phone\ in\ the\ Other\ Room/Shared/PhoneAwaySearchSettlement.swift (in target 'PhoneInTheOtherRoomLiveActivity' from project 'PhoneInTheOtherRoom')
    cd /Users/ngawangchime/Desktop/Developer\ Projects/Phone\ in\ the\ Other\ Room


SwiftCompile normal arm64 /Users/ngawangchime/Desktop/Developer\ Projects/Phone\ in\ the\ Other\ Room/Shared/QuietTimeShieldSchedule.swift (in target 'PhoneInTheOtherRoomLiveActivity' from project 'PhoneInTheOtherRoom')
    cd /Users/ngawangchime/Desktop/Developer\ Projects/Phone\ in\ the\ Other\ Room


SwiftDriverJobDiscovery normal arm64 Compiling FocusRunLiveActivity.swift, FocusRunRules.swift, FocusSessionStartResult.swift, HomeReceiptRouting.swift (in target 'PhoneInTheOtherRoomLiveActivity' from project 'PhoneInTheOtherRoom')

SwiftCompile normal arm64 Compiling\ ActiveRunPresentation.swift,\ CampfireProfile.swift,\ FarmBackupPayload.swift,\ FarmSaveDocument.swift /Users/ngawangchime/Desktop/Developer\ Projects/Phone\ in\ the\ Other\ Room/Shared/ActiveRunPresentation.swift /Users/ngawangchime/Desktop/Developer\ Projects/Phone\ in\ the\ Other\ Room/Shared/CampfireProfile.swift /Users/ngawangchime/Desktop/Developer\ Projects/Phone\ in\ the\ Other\ Room/Shared/FarmBackupPayload.swift /Users/ngawangchime/Desktop/Developer\ Projects/Phone\ in\ the\ Other\ Room/Shared/FarmSaveDocument.swift (in target 'PhoneInTheOtherRoomLiveActivity' from project 'PhoneInTheOtherRoom')

SwiftCompile normal arm64 /Users/ngawangchime/Desktop/Developer\ Projects/Phone\ in\ the\ Other\ Room/Shared/ActiveRunPresentation.swift (in target 'PhoneInTheOtherRoomLiveActivity' from project 'PhoneInTheOtherRoom')
    cd /Users/ngawangchime/Desktop/Developer\ Projects/Phone\ in\ the\ Other\ Room


SwiftCompile normal arm64 /Users/ngawangchime/Desktop/Developer\ Projects/Phone\ in\ the\ Other\ Room/Shared/CampfireProfile.swift (in target 'PhoneInTheOtherRoomLiveActivity' from project 'PhoneInTheOtherRoom')
    cd /Users/ngawangchime/Desktop/Developer\ Projects/Phone\ in\ the\ Other\ Room


SwiftCompile normal arm64 /Users/ngawangchime/Desktop/Developer\ Projects/Phone\ in\ the\ Other\ Room/Shared/FarmBackupPayload.swift (in target 'PhoneInTheOtherRoomLiveActivity' from project 'PhoneInTheOtherRoom')
    cd /Users/ngawangchime/Desktop/Developer\ Projects/Phone\ in\ the\ Other\ Room


SwiftCompile normal arm64 /Users/ngawangchime/Desktop/Developer\ Projects/Phone\ in\ the\ Other\ Room/Shared/FarmSaveDocument.swift (in target 'PhoneInTheOtherRoomLiveActivity' from project 'PhoneInTheOtherRoom')
    cd /Users/ngawangchime/Desktop/Developer\ Projects/Phone\ in\ the\ Other\ Room


SwiftDriverJobDiscovery normal arm64 Compiling OllieModels.swift, OnboardingJourney.swift, PhoneAwaySearchSettlement.swift, QuietTimeShieldSchedule.swift (in target 'PhoneInTheOtherRoomLiveActivity' from project 'PhoneInTheOtherRoom')

SwiftCompile normal arm64 Compiling\ SessionGuard.swift,\ WatchMessage.swift,\ WelcomeReward.swift /Users/ngawangchime/Desktop/Developer\ Projects/Phone\ in\ the\ Other\ Room/Shared/SessionGuard.swift /Users/ngawangchime/Desktop/Developer\ Projects/Phone\ in\ the\ Other\ Room/Shared/WatchMessage.swift /Users/ngawangchime/Desktop/Developer\ Projects/Phone\ in\ the\ Other\ Room/Shared/WelcomeReward.swift (in target 'PhoneInTheOtherRoomLiveActivity' from project 'PhoneInTheOtherRoom')

SwiftCompile normal arm64 /Users/ngawangchime/Desktop/Developer\ Projects/Phone\ in\ the\ Other\ Room/Shared/SessionGuard.swift (in target 'PhoneInTheOtherRoomLiveActivity' from project 'PhoneInTheOtherRoom')
    cd /Users/ngawangchime/Desktop/Developer\ Projects/Phone\ in\ the\ Other\ Room


SwiftCompile normal arm64 /Users/ngawangchime/Desktop/Developer\ Projects/Phone\ in\ the\ Other\ Room/Shared/WatchMessage.swift (in target 'PhoneInTheOtherRoomLiveActivity' from project 'PhoneInTheOtherRoom')
    cd /Users/ngawangchime/Desktop/Developer\ Projects/Phone\ in\ the\ Other\ Room


SwiftCompile normal arm64 /Users/ngawangchime/Desktop/Developer\ Projects/Phone\ in\ the\ Other\ Room/Shared/WelcomeReward.swift (in target 'PhoneInTheOtherRoomLiveActivity' from project 'PhoneInTheOtherRoom')
    cd /Users/ngawangchime/Desktop/Developer\ Projects/Phone\ in\ the\ Other\ Room


SwiftDriverJobDiscovery normal arm64 Compiling ActiveRunPresentation.swift, CampfireProfile.swift, FarmBackupPayload.swift, FarmSaveDocument.swift (in target 'PhoneInTheOtherRoomLiveActivity' from project 'PhoneInTheOtherRoom')

SwiftCompile normal arm64 Compiling\ CumulativeFarmCredit.swift,\ FarmBackupSync.swift /Users/ngawangchime/Desktop/Developer\ Projects/Phone\ in\ the\ Other\ Room/Shared/CumulativeFarmCredit.swift /Users/ngawangchime/Desktop/Developer\ Projects/Phone\ in\ the\ Other\ Room/Shared/FarmBackupSync.swift (in target 'PhoneInTheOtherRoomLiveActivity' from project 'PhoneInTheOtherRoom')

SwiftCompile normal arm64 /Users/ngawangchime/Desktop/Developer\ Projects/Phone\ in\ the\ Other\ Room/Shared/CumulativeFarmCredit.swift (in target 'PhoneInTheOtherRoomLiveActivity' from project 'PhoneInTheOtherRoom')
    cd /Users/ngawangchime/Desktop/Developer\ Projects/Phone\ in\ the\ Other\ Room


SwiftCompile normal arm64 /Users/ngawangchime/Desktop/Developer\ Projects/Phone\ in\ the\ Other\ Room/Shared/FarmBackupSync.swift (in target 'PhoneInTheOtherRoomLiveActivity' from project 'PhoneInTheOtherRoom')
    cd /Users/ngawangchime/Desktop/Developer\ Projects/Phone\ in\ the\ Other\ Room


SwiftDriverJobDiscovery normal arm64 Compiling SessionGuard.swift, WatchMessage.swift, WelcomeReward.swift (in target 'PhoneInTheOtherRoomLiveActivity' from project 'PhoneInTheOtherRoom')

SwiftCompile normal arm64 Compiling\ NightWatch.swift,\ NightWatchHistory.swift,\ NightsHistorySummary.swift,\ NotificationPlanning.swift /Users/ngawangchime/Desktop/Developer\ Projects/Phone\ in\ the\ Other\ Room/Shared/NightWatch.swift /Users/ngawangchime/Desktop/Developer\ Projects/Phone\ in\ the\ Other\ Room/Shared/NightWatchHistory.swift /Users/ngawangchime/Desktop/Developer\ Projects/Phone\ in\ the\ Other\ Room/Shared/NightsHistorySummary.swift /Users/ngawangchime/Desktop/Developer\ Projects/Phone\ in\ the\ Other\ Room/Shared/NotificationPlanning.swift (in target 'PhoneInTheOtherRoomLiveActivity' from project 'PhoneInTheOtherRoom')

SwiftCompile normal arm64 /Users/ngawangchime/Desktop/Developer\ Projects/Phone\ in\ the\ Other\ Room/Shared/NightWatch.swift (in target 'PhoneInTheOtherRoomLiveActivity' from project 'PhoneInTheOtherRoom')
    cd /Users/ngawangchime/Desktop/Developer\ Projects/Phone\ in\ the\ Other\ Room


SwiftCompile normal arm64 /Users/ngawangchime/Desktop/Developer\ Projects/Phone\ in\ the\ Other\ Room/Shared/NightWatchHistory.swift (in target 'PhoneInTheOtherRoomLiveActivity' from project 'PhoneInTheOtherRoom')
    cd /Users/ngawangchime/Desktop/Developer\ Projects/Phone\ in\ the\ Other\ Room


SwiftCompile normal arm64 /Users/ngawangchime/Desktop/Developer\ Projects/Phone\ in\ the\ Other\ Room/Shared/NightsHistorySummary.swift (in target 'PhoneInTheOtherRoomLiveActivity' from project 'PhoneInTheOtherRoom')
    cd /Users/ngawangchime/Desktop/Developer\ Projects/Phone\ in\ the\ Other\ Room


SwiftCompile normal arm64 /Users/ngawangchime/Desktop/Developer\ Projects/Phone\ in\ the\ Other\ Room/Shared/NotificationPlanning.swift (in target 'PhoneInTheOtherRoomLiveActivity' from project 'PhoneInTheOtherRoom')
    cd /Users/ngawangchime/Desktop/Developer\ Projects/Phone\ in\ the\ Other\ Room


SwiftDriverJobDiscovery normal arm64 Compiling CumulativeFarmCredit.swift, FarmBackupSync.swift (in target 'PhoneInTheOtherRoomLiveActivity' from project 'PhoneInTheOtherRoom')

SwiftCompile normal arm64 Compiling\ SlumberPartyAcquisition.swift,\ SlumberPartyInvitations.swift /Users/ngawangchime/Desktop/Developer\ Projects/Phone\ in\ the\ Other\ Room/Shared/SlumberPartyAcquisition.swift /Users/ngawangchime/Desktop/Developer\ Projects/Phone\ in\ the\ Other\ Room/Shared/SlumberPartyInvitations.swift (in target 'PhoneInTheOtherRoomLiveActivity' from project 'PhoneInTheOtherRoom')

SwiftCompile normal arm64 /Users/ngawangchime/Desktop/Developer\ Projects/Phone\ in\ the\ Other\ Room/Shared/SlumberPartyAcquisition.swift (in target 'PhoneInTheOtherRoomLiveActivity' from project 'PhoneInTheOtherRoom')
    cd /Users/ngawangchime/Desktop/Developer\ Projects/Phone\ in\ the\ Other\ Room


SwiftCompile normal arm64 /Users/ngawangchime/Desktop/Developer\ Projects/Phone\ in\ the\ Other\ Room/Shared/SlumberPartyInvitations.swift (in target 'PhoneInTheOtherRoomLiveActivity' from project 'PhoneInTheOtherRoom')
    cd /Users/ngawangchime/Desktop/Developer\ Projects/Phone\ in\ the\ Other\ Room


SwiftDriverJobDiscovery normal arm64 Compiling NightWatch.swift, NightWatchHistory.swift, NightsHistorySummary.swift, NotificationPlanning.swift (in target 'PhoneInTheOtherRoomLiveActivity' from project 'PhoneInTheOtherRoom')

SwiftCompile normal arm64 Compiling\ FirstRunJourney.swift,\ HomeStartRouting.swift /Users/ngawangchime/Desktop/Developer\ Projects/Phone\ in\ the\ Other\ Room/Shared/FirstRunJourney.swift /Users/ngawangchime/Desktop/Developer\ Projects/Phone\ in\ the\ Other\ Room/Shared/HomeStartRouting.swift (in target 'PhoneInTheOtherRoomLiveActivity' from project 'PhoneInTheOtherRoom')

SwiftCompile normal arm64 /Users/ngawangchime/Desktop/Developer\ Projects/Phone\ in\ the\ Other\ Room/Shared/FirstRunJourney.swift (in target 'PhoneInTheOtherRoomLiveActivity' from project 'PhoneInTheOtherRoom')
    cd /Users/ngawangchime/Desktop/Developer\ Projects/Phone\ in\ the\ Other\ Room


SwiftCompile normal arm64 /Users/ngawangchime/Desktop/Developer\ Projects/Phone\ in\ the\ Other\ Room/Shared/HomeStartRouting.swift (in target 'PhoneInTheOtherRoomLiveActivity' from project 'PhoneInTheOtherRoom')
    cd /Users/ngawangchime/Desktop/Developer\ Projects/Phone\ in\ the\ Other\ Room


SwiftDriverJobDiscovery normal arm64 Compiling SlumberPartyAcquisition.swift, SlumberPartyInvitations.swift (in target 'PhoneInTheOtherRoomLiveActivity' from project 'PhoneInTheOtherRoom')

SwiftCompile normal arm64 Compiling\ NightFlockV4Outbox.swift,\ Orientation.swift /Users/ngawangchime/Desktop/Developer\ Projects/Phone\ in\ the\ Other\ Room/Shared/NightFlockV4Outbox.swift /Users/ngawangchime/Desktop/Developer\ Projects/Phone\ in\ the\ Other\ Room/Shared/Orientation.swift (in target 'PhoneInTheOtherRoomLiveActivity' from project 'PhoneInTheOtherRoom')
SwiftCompile normal arm64 /Users/ngawangchime/Desktop/Developer\ Projects/Phone\ in\ the\ Other\ Room/Shared/NightFlockV4Outbox.swift (in target 'PhoneInTheOtherRoomLiveActivity' from project 'PhoneInTheOtherRoom')
    cd /Users/ngawangchime/Desktop/Developer\ Projects/Phone\ in\ the\ Other\ Room


SwiftCompile normal arm64 /Users/ngawangchime/Desktop/Developer\ Projects/Phone\ in\ the\ Other\ Room/Shared/Orientation.swift (in target 'PhoneInTheOtherRoomLiveActivity' from project 'PhoneInTheOtherRoom')
    cd /Users/ngawangchime/Desktop/Developer\ Projects/Phone\ in\ the\ Other\ Room


SwiftDriverJobDiscovery normal arm64 Compiling FirstRunJourney.swift, HomeStartRouting.swift (in target 'PhoneInTheOtherRoomLiveActivity' from project 'PhoneInTheOtherRoom')

Ld /tmp/counting-sheep-coat-build/Build/Products/Debug-watchsimulator/Counting\ Sheep\ Watch.app/Counting\ Sheep\ Watch.debug.dylib normal (in target 'PhoneInTheOtherRoomWatchApp' from project 'PhoneInTheOtherRoom')
    cd /Users/ngawangchime/Desktop/Developer\ Projects/Phone\ in\ the\ Other\ Room
    /Applications/Xcode.app/Contents/Developer/Toolchains/XcodeDefault.xctoolchain/usr/bin/clang -Xlinker -reproducible -target arm64-apple-watchos10.0-simulator -dynamiclib -isysroot /Applications/Xcode.app/Contents/Developer/Platforms/WatchSimulator.platform/Developer/SDKs/WatchSimulator26.5.sdk -O0 -L/tmp/counting-sheep-coat-build/Build/Intermediates.noindex/EagerLinkingTBDs/Debug-watchsimulator -L/tmp/counting-sheep-coat-build/Build/Products/Debug-watchsimulator -F/tmp/counting-sheep-coat-build/Build/Intermediates.noindex/EagerLinkingTBDs/Debug-watchsimulator -F/tmp/counting-sheep-coat-build/Build/Products/Debug-watchsimulator -filelist /tmp/counting-sheep-coat-build/Build/Intermediates.noindex/PhoneInTheOtherRoom.build/Debug-watchsimulator/PhoneInTheOtherRoomWatchApp.build/Objects-normal/arm64/Counting\ Sheep\ Watch.LinkFileList -install_name @rpath/Counting\ Sheep\ Watch.debug.dylib -Xlinker -rpath -Xlinker /usr/lib/swift -Xlinker -dead_strip -Xlinker -object_path_lto -Xlinker /tmp/counting-sheep-coat-build/Build/Intermediates.noindex/PhoneInTheOtherRoom.build/Debug-watchsimulator/PhoneInTheOtherRoomWatchApp.build/Objects-normal/arm64/Counting\ Sheep\ Watch_lto.o -rdynamic -Xlinker -no_deduplicate -Xlinker -objc_abi_version -Xlinker 2 -Xlinker -dependency_info -Xlinker /tmp/counting-sheep-coat-build/Build/Intermediates.noindex/PhoneInTheOtherRoom.build/Debug-watchsimulator/PhoneInTheOtherRoomWatchApp.build/Objects-normal/arm64/Counting\ Sheep\ Watch_dependency_info.dat -fobjc-link-runtime -L/Applications/Xcode.app/Contents/Developer/Toolchains/XcodeDefault.xctoolchain/usr/lib/swift/watchsimulator -L/usr/lib/swift -Xlinker -add_ast_path -Xlinker /tmp/counting-sheep-coat-build/Build/Intermediates.noindex/PhoneInTheOtherRoom.build/Debug-watchsimulator/PhoneInTheOtherRoomWatchApp.build/Objects-normal/arm64/Counting_Sheep_Watch.swiftmodule @/tmp/counting-sheep-coat-build/Build/Intermediates.noindex/PhoneInTheOtherRoom.build/Debug-watchsimulator/PhoneInTheOtherRoomWatchApp.build/Objects-normal/arm64/Counting_Sheep_Watch-linker-args.resp -Xlinker -alias -Xlinker _main -Xlinker ___debug_main_executable_dylib_entry_point -Xlinker -no_adhoc_codesign -o /tmp/counting-sheep-coat-build/Build/Products/Debug-watchsimulator/Counting\ Sheep\ Watch.app/Counting\ Sheep\ Watch.debug.dylib

ExtractAppIntentsMetadata (in target 'PhoneInTheOtherRoomShieldConfiguration' from project 'PhoneInTheOtherRoom')
    cd /Users/ngawangchime/Desktop/Developer\ Projects/Phone\ in\ the\ Other\ Room
    /Applications/Xcode.app/Contents/Developer/Toolchains/XcodeDefault.xctoolchain/usr/bin/appintentsmetadataprocessor --toolchain-dir /Applications/Xcode.app/Contents/Developer/Toolchains/XcodeDefault.xctoolchain --module-name Counting_Sheep_Wind_Down_Shield --sdk-root /Applications/Xcode.app/Contents/Developer/Platforms/iPhoneSimulator.platform/Developer/SDKs/iPhoneSimulator26.5.sdk --xcode-version 17F113 --platform-family iOS --deployment-target 17.0 --bundle-identifier com.ngawangchime.countingsheep.ShieldConfiguration --output /tmp/counting-sheep-coat-build/Build/Products/Debug-iphonesimulator/Counting\ Sheep\ Wind\ Down\ Shield.appex --target-triple arm64-apple-ios17.0-simulator --binary-file /tmp/counting-sheep-coat-build/Build/Products/Debug-iphonesimulator/Counting\ Sheep\ Wind\ Down\ Shield.appex/Counting\ Sheep\ Wind\ Down\ Shield --dependency-file /tmp/counting-sheep-coat-build/Build/Intermediates.noindex/PhoneInTheOtherRoom.build/Debug-iphonesimulator/PhoneInTheOtherRoomShieldConfiguration.build/Objects-normal/arm64/Counting\ Sheep\ Wind\ Down\ Shield_dependency_info.dat --stringsdata-file /tmp/counting-sheep-coat-build/Build/Intermediates.noindex/PhoneInTheOtherRoom.build/Debug-iphonesimulator/PhoneInTheOtherRoomShieldConfiguration.build/Objects-normal/arm64/ExtractedAppShortcutsMetadata.stringsdata --source-file-list /tmp/counting-sheep-coat-build/Build/Intermediates.noindex/PhoneInTheOtherRoom.build/Debug-iphonesimulator/PhoneInTheOtherRoomShieldConfiguration.build/Objects-normal/arm64/Counting\ Sheep\ Wind\ Down\ Shield.SwiftFileList --metadata-file-list /tmp/counting-sheep-coat-build/Build/Intermediates.noindex/PhoneInTheOtherRoom.build/Debug-iphonesimulator/PhoneInTheOtherRoomShieldConfiguration.build/Counting\ Sheep\ Wind\ Down\ Shield.DependencyMetadataFileList --static-metadata-file-list /tmp/counting-sheep-coat-build/Build/Intermediates.noindex/PhoneInTheOtherRoom.build/Debug-iphonesimulator/PhoneInTheOtherRoomShieldConfiguration.build/Counting\ Sheep\ Wind\ Down\ Shield.DependencyStaticMetadataFileList --swift-const-vals-list /tmp/counting-sheep-coat-build/Build/Intermediates.noindex/PhoneInTheOtherRoom.build/Debug-iphonesimulator/PhoneInTheOtherRoomShieldConfiguration.build/Objects-normal/arm64/Counting\ Sheep\ Wind\ Down\ Shield.SwiftConstValuesFileList --compile-time-extraction --deployment-aware-processing --validate-assistant-intents --no-app-shortcuts-localization
2026-09-22 23:06:03.942 appintentsmetadataprocessor[78962:11011908] Starting appintentsmetadataprocessor export
2026-09-22 23:06:03.956 appintentsmetadataprocessor[78962:11011908] warning: Metadata extraction skipped. No AppIntents.framework dependency found.

SwiftDriverJobDiscovery normal arm64 Compiling NightFlockV4Outbox.swift, Orientation.swift (in target 'PhoneInTheOtherRoomLiveActivity' from project 'PhoneInTheOtherRoom')

SwiftCompile normal arm64 Compiling\ SlumberPartySharedFarm.swift /Users/ngawangchime/Desktop/Developer\ Projects/Phone\ in\ the\ Other\ Room/Shared/SlumberPartySharedFarm.swift (in target 'PhoneInTheOtherRoomLiveActivity' from project 'PhoneInTheOtherRoom')

SwiftCompile normal arm64 /Users/ngawangchime/Desktop/Developer\ Projects/Phone\ in\ the\ Other\ Room/Shared/SlumberPartySharedFarm.swift (in target 'PhoneInTheOtherRoomLiveActivity' from project 'PhoneInTheOtherRoom')
    cd /Users/ngawangchime/Desktop/Developer\ Projects/Phone\ in\ the\ Other\ Room


AppIntentsSSUTraining (in target 'PhoneInTheOtherRoomShieldConfiguration' from project 'PhoneInTheOtherRoom')
    cd /Users/ngawangchime/Desktop/Developer\ Projects/Phone\ in\ the\ Other\ Room
    /Applications/Xcode.app/Contents/Developer/Toolchains/XcodeDefault.xctoolchain/usr/bin/appintentsnltrainingprocessor --infoplist-path /tmp/counting-sheep-coat-build/Build/Products/Debug-iphonesimulator/Counting\ Sheep\ Wind\ Down\ Shield.appex/Info.plist --temp-dir-path /tmp/counting-sheep-coat-build/Build/Intermediates.noindex/PhoneInTheOtherRoom.build/Debug-iphonesimulator/PhoneInTheOtherRoomShieldConfiguration.build/ssu --bundle-id com.ngawangchime.countingsheep.ShieldConfiguration --product-path /tmp/counting-sheep-coat-build/Build/Products/Debug-iphonesimulator/Counting\ Sheep\ Wind\ Down\ Shield.appex --extracted-metadata-path /tmp/counting-sheep-coat-build/Build/Products/Debug-iphonesimulator/Counting\ Sheep\ Wind\ Down\ Shield.appex/Metadata.appintents --metadata-file-list /tmp/counting-sheep-coat-build/Build/Intermediates.noindex/PhoneInTheOtherRoom.build/Debug-iphonesimulator/PhoneInTheOtherRoomShieldConfiguration.build/Counting\ Sheep\ Wind\ Down\ Shield.DependencyMetadataFileList --source-file /tmp/counting-sheep-coat-build/Build/Products/Debug-iphonesimulator/Counting\ Sheep\ Wind\ Down\ Shield.appex/Info.plist --archive-ssu-assets
2026-09-22 23:06:05.358 appintentsnltrainingprocessor[78971:11011966] Parsing options for appintentsnltrainingprocessor
2026-09-22 23:06:05.358 appintentsnltrainingprocessor[78971:11011966] Starting AppIntents SSU YAML Generation
2026-09-22 23:06:05.361 appintentsnltrainingprocessor[78971:11011966] No AppShortcuts found - Skipping.

SwiftDriverJobDiscovery normal arm64 Compiling SlumberPartySharedFarm.swift (in target 'PhoneInTheOtherRoomLiveActivity' from project 'PhoneInTheOtherRoom')

SwiftDriver\ Compilation PhoneInTheOtherRoomLiveActivity normal arm64 com.apple.xcode.tools.swift.compiler (in target 'PhoneInTheOtherRoomLiveActivity' from project 'PhoneInTheOtherRoom')
    cd /Users/ngawangchime/Desktop/Developer\ Projects/Phone\ in\ the\ Other\ Room
    builtin-Swift-Compilation -- /Applications/Xcode.app/Contents/Developer/Toolchains/XcodeDefault.xctoolchain/usr/bin/swiftc -module-name Counting_Sheep_Live_Activity -Onone @/tmp/counting-sheep-coat-build/Build/Intermediates.noindex/PhoneInTheOtherRoom.build/Debug-iphonesimulator/PhoneInTheOtherRoomLiveActivity.build/Objects-normal/arm64/Counting\ Sheep\ Live\ Activity.SwiftFileList -DDEBUG -enable-bare-slash-regex -enable-experimental-feature DebugDescriptionMacro -sdk /Applications/Xcode.app/Contents/Developer/Platforms/iPhoneSimulator.platform/Developer/SDKs/iPhoneSimulator26.5.sdk -target arm64-apple-ios17.0-simulator -g -module-cache-path /tmp/counting-sheep-coat-build/ModuleCache.noindex -Xfrontend -serialize-debugging-options -application-extension -enable-testing -index-store-path /tmp/counting-sheep-coat-build/Index.noindex/DataStore -Xcc -D_LIBCPP_HARDENING_MODE\=_LIBCPP_HARDENING_MODE_DEBUG -swift-version 5 -I /tmp/counting-sheep-coat-build/Build/Products/Debug-iphonesimulator -F /tmp/counting-sheep-coat-build/Build/Products/Debug-iphonesimulator -c -j8 -enable-batch-mode -incremental -Xcc -ivfsstatcache -Xcc /tmp/counting-sheep-coat-build/SDKStatCaches.noindex/iphonesimulator26.5-23F81a-6cfe768891a92b912361537c460fe42b.sdkstatcache -output-file-map /tmp/counting-sheep-coat-build/Build/Intermediates.noindex/PhoneInTheOtherRoom.build/Debug-iphonesimulator/PhoneInTheOtherRoomLiveActivity.build/Objects-normal/arm64/PhoneInTheOtherRoomLiveActivity-OutputFileMap.json -use-frontend-parseable-output -save-temps -no-color-diagnostics -explicit-module-build -module-cache-path /tmp/counting-sheep-coat-build/Build/Intermediates.noindex/SwiftExplicitPrecompiledModules -clang-scanner-module-cache-path /tmp/counting-sheep-coat-build/ModuleCache.noindex -sdk-module-cache-path /tmp/counting-sheep-coat-build/ModuleCache.noindex -serialize-diagnostics -emit-dependencies -emit-module -emit-module-path /tmp/counting-sheep-coat-build/Build/Intermediates.noindex/PhoneInTheOtherRoom.build/Debug-iphonesimulator/PhoneInTheOtherRoomLiveActivity.build/Objects-normal/arm64/Counting_Sheep_Live_Activity.swiftmodule -validate-clang-modules-once -clang-build-session-file /tmp/counting-sheep-coat-build/ModuleCache.noindex/Session.modulevalidation -Xcc -I/tmp/counting-sheep-coat-build/Build/Intermediates.noindex/PhoneInTheOtherRoom.build/Debug-iphonesimulator/PhoneInTheOtherRoomLiveActivity.build/swift-overrides.hmap -emit-const-values -Xfrontend -const-gather-protocols-file -Xfrontend /tmp/counting-sheep-coat-build/Build/Intermediates.noindex/PhoneInTheOtherRoom.build/Debug-iphonesimulator/PhoneInTheOtherRoomLiveActivity.build/Objects-normal/arm64/PhoneInTheOtherRoomLiveActivity_const_extract_protocols.json -Xcc -iquote -Xcc /tmp/counting-sheep-coat-build/Build/Intermediates.noindex/PhoneInTheOtherRoom.build/Debug-iphonesimulator/PhoneInTheOtherRoomLiveActivity.build/Counting\ Sheep\ Live\ Activity-generated-files.hmap -Xcc -I/tmp/counting-sheep-coat-build/Build/Intermediates.noindex/PhoneInTheOtherRoom.build/Debug-iphonesimulator/PhoneInTheOtherRoomLiveActivity.build/Counting\ Sheep\ Live\ Activity-own-target-headers.hmap -Xcc -I/tmp/counting-sheep-coat-build/Build/Intermediates.noindex/PhoneInTheOtherRoom.build/Debug-iphonesimulator/PhoneInTheOtherRoomLiveActivity.build/Counting\ Sheep\ Live\ Activity-all-non-framework-target-headers.hmap -Xcc -ivfsoverlay -Xcc /tmp/counting-sheep-coat-build/Build/Intermediates.noindex/PhoneInTheOtherRoom.build/Debug-iphonesimulator/PhoneInTheOtherRoom-d9a00fb94435e678319518e524e23875-VFS-iphonesimulator/all-product-headers.yaml -Xcc -iquote -Xcc /tmp/counting-sheep-coat-build/Build/Intermediates.noindex/PhoneInTheOtherRoom.build/Debug-iphonesimulator/PhoneInTheOtherRoomLiveActivity.build/Counting\ Sheep\ Live\ Activity-project-headers.hmap -Xcc -I/tmp/counting-sheep-coat-build/Build/Products/Debug-iphonesimulator/include -Xcc -I/tmp/counting-sheep-coat-build/Build/Intermediates.noindex/PhoneInTheOtherRoom.build/Debug-iphonesimulator/PhoneInTheOtherRoomLiveActivity.build/DerivedSources-normal/arm64 -Xcc -I/tmp/counting-sheep-coat-build/Build/Intermediates.noindex/PhoneInTheOtherRoom.build/Debug-iphonesimulator/PhoneInTheOtherRoomLiveActivity.build/DerivedSources/arm64 -Xcc -I/tmp/counting-sheep-coat-build/Build/Intermediates.noindex/PhoneInTheOtherRoom.build/Debug-iphonesimulator/PhoneInTheOtherRoomLiveActivity.build/DerivedSources -Xcc -DDEBUG\=1 -emit-objc-header -emit-objc-header-path /tmp/counting-sheep-coat-build/Build/Intermediates.noindex/PhoneInTheOtherRoom.build/Debug-iphonesimulator/PhoneInTheOtherRoomLiveActivity.build/Objects-normal/arm64/Counting_Sheep_Live_Activity-Swift.h -working-directory /Users/ngawangchime/Desktop/Developer\ Projects/Phone\ in\ the\ Other\ Room -experimental-emit-module-separately -disable-cmo

ConstructStubExecutorLinkFileList /tmp/counting-sheep-coat-build/Build/Intermediates.noindex/PhoneInTheOtherRoom.build/Debug-watchsimulator/PhoneInTheOtherRoomWatchApp.build/Counting\ Sheep\ Watch-ExecutorLinkFileList-normal-arm64.txt (in target 'PhoneInTheOtherRoomWatchApp' from project 'PhoneInTheOtherRoom')
    cd /Users/ngawangchime/Desktop/Developer\ Projects/Phone\ in\ the\ Other\ Room
    construct-stub-executor-link-file-list /tmp/counting-sheep-coat-build/Build/Products/Debug-watchsimulator/Counting\ Sheep\ Watch.app/Counting\ Sheep\ Watch.debug.dylib /Applications/Xcode.app/Contents/Developer/Platforms/WatchSimulator.platform/Developer/usr/lib/libPreviewsJITStubExecutor_no_swift_entry_point.a /Applications/Xcode.app/Contents/Developer/Platforms/WatchSimulator.platform/Developer/usr/lib/libPreviewsJITStubExecutor.a --output /tmp/counting-sheep-coat-build/Build/Intermediates.noindex/PhoneInTheOtherRoom.build/Debug-watchsimulator/PhoneInTheOtherRoomWatchApp.build/Counting\ Sheep\ Watch-ExecutorLinkFileList-normal-arm64.txt
note: Using stub executor library with Swift entry point. (in target 'PhoneInTheOtherRoomWatchApp' from project 'PhoneInTheOtherRoom')

LinkAssetCatalog /Users/ngawangchime/Desktop/Developer\ Projects/Phone\ in\ the\ Other\ Room/Assets.xcassets (in target 'PhoneInTheOtherRoomLiveActivity' from project 'PhoneInTheOtherRoom')
    cd /Users/ngawangchime/Desktop/Developer\ Projects/Phone\ in\ the\ Other\ Room
    builtin-linkAssetCatalog --thinned /tmp/counting-sheep-coat-build/Build/Intermediates.noindex/PhoneInTheOtherRoom.build/Debug-iphonesimulator/PhoneInTheOtherRoomLiveActivity.build/assetcatalog_output/thinned --thinned-dependencies /tmp/counting-sheep-coat-build/Build/Intermediates.noindex/PhoneInTheOtherRoom.build/Debug-iphonesimulator/PhoneInTheOtherRoomLiveActivity.build/assetcatalog_dependencies_thinned --thinned-info-plist-content /tmp/counting-sheep-coat-build/Build/Intermediates.noindex/PhoneInTheOtherRoom.build/Debug-iphonesimulator/PhoneInTheOtherRoomLiveActivity.build/assetcatalog_generated_info.plist_thinned --unthinned /tmp/counting-sheep-coat-build/Build/Intermediates.noindex/PhoneInTheOtherRoom.build/Debug-iphonesimulator/PhoneInTheOtherRoomLiveActivity.build/assetcatalog_output/unthinned --unthinned-dependencies /tmp/counting-sheep-coat-build/Build/Intermediates.noindex/PhoneInTheOtherRoom.build/Debug-iphonesimulator/PhoneInTheOtherRoomLiveActivity.build/assetcatalog_dependencies_unthinned --unthinned-info-plist-content /tmp/counting-sheep-coat-build/Build/Intermediates.noindex/PhoneInTheOtherRoom.build/Debug-iphonesimulator/PhoneInTheOtherRoomLiveActivity.build/assetcatalog_generated_info.plist_unthinned --output /tmp/counting-sheep-coat-build/Build/Products/Debug-iphonesimulator/Counting\ Sheep\ Live\ Activity.appex --plist-output /tmp/counting-sheep-coat-build/Build/Intermediates.noindex/PhoneInTheOtherRoom.build/Debug-iphonesimulator/PhoneInTheOtherRoomLiveActivity.build/assetcatalog_generated_info.plist
note: Emplaced /tmp/counting-sheep-coat-build/Build/Products/Debug-iphonesimulator/Counting Sheep Live Activity.appex/Assets.car (in target 'PhoneInTheOtherRoomLiveActivity' from project 'PhoneInTheOtherRoom')

Ld /tmp/counting-sheep-coat-build/Build/Products/Debug-watchsimulator/Counting\ Sheep\ Watch.app/Counting\ Sheep\ Watch normal (in target 'PhoneInTheOtherRoomWatchApp' from project 'PhoneInTheOtherRoom')
    cd /Users/ngawangchime/Desktop/Developer\ Projects/Phone\ in\ the\ Other\ Room
    /Applications/Xcode.app/Contents/Developer/Toolchains/XcodeDefault.xctoolchain/usr/bin/clang -Xlinker -reproducible -target arm64-apple-watchos10.0-simulator -isysroot /Applications/Xcode.app/Contents/Developer/Platforms/WatchSimulator.platform/Developer/SDKs/WatchSimulator26.5.sdk -O0 -L/tmp/counting-sheep-coat-build/Build/Products/Debug-watchsimulator -F/tmp/counting-sheep-coat-build/Build/Products/Debug-watchsimulator -Xlinker -rpath -Xlinker @executable_path -rdynamic -Xlinker -no_deduplicate -Xlinker -objc_abi_version -Xlinker 2 -e ___debug_blank_executor_main -Xlinker -sectcreate -Xlinker __TEXT -Xlinker __debug_dylib -Xlinker /tmp/counting-sheep-coat-build/Build/Intermediates.noindex/PhoneInTheOtherRoom.build/Debug-watchsimulator/PhoneInTheOtherRoomWatchApp.build/Counting\ Sheep\ Watch-DebugDylibPath-normal-arm64.txt -Xlinker -sectcreate -Xlinker __TEXT -Xlinker __debug_instlnm -Xlinker /tmp/counting-sheep-coat-build/Build/Intermediates.noindex/PhoneInTheOtherRoom.build/Debug-watchsimulator/PhoneInTheOtherRoomWatchApp.build/Counting\ Sheep\ Watch-DebugDylibInstallName-normal-arm64.txt -Xlinker -filelist -Xlinker /tmp/counting-sheep-coat-build/Build/Intermediates.noindex/PhoneInTheOtherRoom.build/Debug-watchsimulator/PhoneInTheOtherRoomWatchApp.build/Counting\ Sheep\ Watch-ExecutorLinkFileList-normal-arm64.txt -Xlinker -sectcreate -Xlinker __TEXT -Xlinker __entitlements -Xlinker /tmp/counting-sheep-coat-build/Build/Intermediates.noindex/PhoneInTheOtherRoom.build/Debug-watchsimulator/PhoneInTheOtherRoomWatchApp.build/Counting\ Sheep\ Watch.app-Simulated.xcent -Xlinker -sectcreate -Xlinker __TEXT -Xlinker __ents_der -Xlinker /tmp/counting-sheep-coat-build/Build/Intermediates.noindex/PhoneInTheOtherRoom.build/Debug-watchsimulator/PhoneInTheOtherRoomWatchApp.build/Counting\ Sheep\ Watch.app-Simulated.xcent.der /tmp/counting-sheep-coat-build/Build/Products/Debug-watchsimulator/Counting\ Sheep\ Watch.app/Counting\ Sheep\ Watch.debug.dylib -Xlinker -no_adhoc_codesign -o /tmp/counting-sheep-coat-build/Build/Products/Debug-watchsimulator/Counting\ Sheep\ Watch.app/Counting\ Sheep\ Watch

ProcessInfoPlistFile /tmp/counting-sheep-coat-build/Build/Products/Debug-iphonesimulator/Counting\ Sheep\ Live\ Activity.appex/Info.plist /Users/ngawangchime/Desktop/Developer\ Projects/Phone\ in\ the\ Other\ Room/PhoneInTheOtherRoomLiveActivity/Info.plist (in target 'PhoneInTheOtherRoomLiveActivity' from project 'PhoneInTheOtherRoom')
    cd /Users/ngawangchime/Desktop/Developer\ Projects/Phone\ in\ the\ Other\ Room
    builtin-infoPlistUtility /Users/ngawangchime/Desktop/Developer\ Projects/Phone\ in\ the\ Other\ Room/PhoneInTheOtherRoomLiveActivity/Info.plist -producttype com.apple.product-type.app-extension -expandbuildsettings -format binary -platform iphonesimulator -additionalcontentfile /tmp/counting-sheep-coat-build/Build/Intermediates.noindex/PhoneInTheOtherRoom.build/Debug-iphonesimulator/PhoneInTheOtherRoomLiveActivity.build/assetcatalog_generated_info.plist -o /tmp/counting-sheep-coat-build/Build/Products/Debug-iphonesimulator/Counting\ Sheep\ Live\ Activity.appex/Info.plist

Ld /tmp/counting-sheep-coat-build/Build/Products/Debug-iphonesimulator/Counting\ Sheep\ Live\ Activity.appex/Counting\ Sheep\ Live\ Activity.debug.dylib normal (in target 'PhoneInTheOtherRoomLiveActivity' from project 'PhoneInTheOtherRoom')
    cd /Users/ngawangchime/Desktop/Developer\ Projects/Phone\ in\ the\ Other\ Room
    /Applications/Xcode.app/Contents/Developer/Toolchains/XcodeDefault.xctoolchain/usr/bin/clang -Xlinker -reproducible -target arm64-apple-ios17.0-simulator -dynamiclib -isysroot /Applications/Xcode.app/Contents/Developer/Platforms/iPhoneSimulator.platform/Developer/SDKs/iPhoneSimulator26.5.sdk -O0 -L/tmp/counting-sheep-coat-build/Build/Intermediates.noindex/EagerLinkingTBDs/Debug-iphonesimulator -L/tmp/counting-sheep-coat-build/Build/Products/Debug-iphonesimulator -F/tmp/counting-sheep-coat-build/Build/Intermediates.noindex/EagerLinkingTBDs/Debug-iphonesimulator -F/tmp/counting-sheep-coat-build/Build/Products/Debug-iphonesimulator -filelist /tmp/counting-sheep-coat-build/Build/Intermediates.noindex/PhoneInTheOtherRoom.build/Debug-iphonesimulator/PhoneInTheOtherRoomLiveActivity.build/Objects-normal/arm64/Counting\ Sheep\ Live\ Activity.LinkFileList -install_name @rpath/Counting\ Sheep\ Live\ Activity.debug.dylib -Xlinker -rpath -Xlinker /usr/lib/swift -Xlinker -rpath -Xlinker @executable_path/Frameworks -Xlinker -rpath -Xlinker @executable_path/../../Frameworks -Xlinker -dead_strip -Xlinker -object_path_lto -Xlinker /tmp/counting-sheep-coat-build/Build/Intermediates.noindex/PhoneInTheOtherRoom.build/Debug-iphonesimulator/PhoneInTheOtherRoomLiveActivity.build/Objects-normal/arm64/Counting\ Sheep\ Live\ Activity_lto.o -rdynamic -Xlinker -no_deduplicate -Xlinker -objc_abi_version -Xlinker 2 -Xlinker -dependency_info -Xlinker /tmp/counting-sheep-coat-build/Build/Intermediates.noindex/PhoneInTheOtherRoom.build/Debug-iphonesimulator/PhoneInTheOtherRoomLiveActivity.build/Objects-normal/arm64/Counting\ Sheep\ Live\ Activity_dependency_info.dat -fapplication-extension -fobjc-link-runtime -L/Applications/Xcode.app/Contents/Developer/Toolchains/XcodeDefault.xctoolchain/usr/lib/swift/iphonesimulator -L/usr/lib/swift -Xlinker -add_ast_path -Xlinker /tmp/counting-sheep-coat-build/Build/Intermediates.noindex/PhoneInTheOtherRoom.build/Debug-iphonesimulator/PhoneInTheOtherRoomLiveActivity.build/Objects-normal/arm64/Counting_Sheep_Live_Activity.swiftmodule @/tmp/counting-sheep-coat-build/Build/Intermediates.noindex/PhoneInTheOtherRoom.build/Debug-iphonesimulator/PhoneInTheOtherRoomLiveActivity.build/Objects-normal/arm64/Counting_Sheep_Live_Activity-linker-args.resp -Xlinker -alias -Xlinker _NSExtensionMain -Xlinker ___debug_main_executable_dylib_entry_point -Xlinker -no_adhoc_codesign -o /tmp/counting-sheep-coat-build/Build/Products/Debug-iphonesimulator/Counting\ Sheep\ Live\ Activity.appex/Counting\ Sheep\ Live\ Activity.debug.dylib

Ld /tmp/counting-sheep-coat-build/Build/Products/Debug-iphonesimulator/Counting\ Sheep\ Screen\ Time\ Report.appex/Counting\ Sheep\ Screen\ Time\ Report.debug.dylib normal (in target 'PhoneInTheOtherRoomScreenTimeReport' from project 'PhoneInTheOtherRoom')
    cd /Users/ngawangchime/Desktop/Developer\ Projects/Phone\ in\ the\ Other\ Room
    /Applications/Xcode.app/Contents/Developer/Toolchains/XcodeDefault.xctoolchain/usr/bin/clang -Xlinker -reproducible -target arm64-apple-ios17.0-simulator -dynamiclib -isysroot /Applications/Xcode.app/Contents/Developer/Platforms/iPhoneSimulator.platform/Developer/SDKs/iPhoneSimulator26.5.sdk -O0 -L/tmp/counting-sheep-coat-build/Build/Intermediates.noindex/EagerLinkingTBDs/Debug-iphonesimulator -L/tmp/counting-sheep-coat-build/Build/Products/Debug-iphonesimulator -F/tmp/counting-sheep-coat-build/Build/Intermediates.noindex/EagerLinkingTBDs/Debug-iphonesimulator -F/tmp/counting-sheep-coat-build/Build/Products/Debug-iphonesimulator -filelist /tmp/counting-sheep-coat-build/Build/Intermediates.noindex/PhoneInTheOtherRoom.build/Debug-iphonesimulator/PhoneInTheOtherRoomScreenTimeReport.build/Objects-normal/arm64/Counting\ Sheep\ Screen\ Time\ Report.LinkFileList -install_name @rpath/Counting\ Sheep\ Screen\ Time\ Report.debug.dylib -Xlinker -rpath -Xlinker /usr/lib/swift -Xlinker -rpath -Xlinker @executable_path/Frameworks -Xlinker -dead_strip -Xlinker -object_path_lto -Xlinker /tmp/counting-sheep-coat-build/Build/Intermediates.noindex/PhoneInTheOtherRoom.build/Debug-iphonesimulator/PhoneInTheOtherRoomScreenTimeReport.build/Objects-normal/arm64/Counting\ Sheep\ Screen\ Time\ Report_lto.o -rdynamic -Xlinker -no_deduplicate -Xlinker -objc_abi_version -Xlinker 2 -Xlinker -dependency_info -Xlinker /tmp/counting-sheep-coat-build/Build/Intermediates.noindex/PhoneInTheOtherRoom.build/Debug-iphonesimulator/PhoneInTheOtherRoomScreenTimeReport.build/Objects-normal/arm64/Counting\ Sheep\ Screen\ Time\ Report_dependency_info.dat -fapplication-extension -fobjc-link-runtime -L/Applications/Xcode.app/Contents/Developer/Toolchains/XcodeDefault.xctoolchain/usr/lib/swift/iphonesimulator -L/usr/lib/swift -Xlinker -add_ast_path -Xlinker /tmp/counting-sheep-coat-build/Build/Intermediates.noindex/PhoneInTheOtherRoom.build/Debug-iphonesimulator/PhoneInTheOtherRoomScreenTimeReport.build/Objects-normal/arm64/Counting_Sheep_Screen_Time_Report.swiftmodule @/tmp/counting-sheep-coat-build/Build/Intermediates.noindex/PhoneInTheOtherRoom.build/Debug-iphonesimulator/PhoneInTheOtherRoomScreenTimeReport.build/Objects-normal/arm64/Counting_Sheep_Screen_Time_Report-linker-args.resp -Xlinker -alias -Xlinker _NSExtensionMain -Xlinker ___debug_main_executable_dylib_entry_point -Xlinker -no_adhoc_codesign -o /tmp/counting-sheep-coat-build/Build/Products/Debug-iphonesimulator/Counting\ Sheep\ Screen\ Time\ Report.appex/Counting\ Sheep\ Screen\ Time\ Report.debug.dylib

SwiftDriver PhoneInTheOtherRoomDeviceActivityMonitor normal arm64 com.apple.xcode.tools.swift.compiler (in target 'PhoneInTheOtherRoomDeviceActivityMonitor' from project 'PhoneInTheOtherRoom')
    cd /Users/ngawangchime/Desktop/Developer\ Projects/Phone\ in\ the\ Other\ Room
    builtin-SwiftDriver -- /Applications/Xcode.app/Contents/Developer/Toolchains/XcodeDefault.xctoolchain/usr/bin/swiftc -module-name Counting_Sheep_Wind_Down_Monitor -Onone @/tmp/counting-sheep-coat-build/Build/Intermediates.noindex/PhoneInTheOtherRoom.build/Debug-iphonesimulator/PhoneInTheOtherRoomDeviceActivityMonitor.build/Objects-normal/arm64/Counting\ Sheep\ Wind\ Down\ Monitor.SwiftFileList -DDEBUG -DSCREEN_TIME_REPORTS -enable-bare-slash-regex -enable-experimental-feature DebugDescriptionMacro -sdk /Applications/Xcode.app/Contents/Developer/Platforms/iPhoneSimulator.platform/Developer/SDKs/iPhoneSimulator26.5.sdk -target arm64-apple-ios17.0-simulator -g -module-cache-path /tmp/counting-sheep-coat-build/ModuleCache.noindex -Xfrontend -serialize-debugging-options -application-extension -enable-testing -index-store-path /tmp/counting-sheep-coat-build/Index.noindex/DataStore -Xcc -D_LIBCPP_HARDENING_MODE\=_LIBCPP_HARDENING_MODE_DEBUG -swift-version 5 -I /tmp/counting-sheep-coat-build/Build/Products/Debug-iphonesimulator -F /tmp/counting-sheep-coat-build/Build/Products/Debug-iphonesimulator -c -j8 -enable-batch-mode -incremental -Xcc -ivfsstatcache -Xcc /tmp/counting-sheep-coat-build/SDKStatCaches.noindex/iphonesimulator26.5-23F81a-6cfe768891a92b912361537c460fe42b.sdkstatcache -output-file-map /tmp/counting-sheep-coat-build/Build/Intermediates.noindex/PhoneInTheOtherRoom.build/Debug-iphonesimulator/PhoneInTheOtherRoomDeviceActivityMonitor.build/Objects-normal/arm64/PhoneInTheOtherRoomDeviceActivityMonitor-OutputFileMap.json -use-frontend-parseable-output -save-temps -no-color-diagnostics -explicit-module-build -module-cache-path /tmp/counting-sheep-coat-build/Build/Intermediates.noindex/SwiftExplicitPrecompiledModules -clang-scanner-module-cache-path /tmp/counting-sheep-coat-build/ModuleCache.noindex -sdk-module-cache-path /tmp/counting-sheep-coat-build/ModuleCache.noindex -serialize-diagnostics -emit-dependencies -emit-module -emit-module-path /tmp/counting-sheep-coat-build/Build/Intermediates.noindex/PhoneInTheOtherRoom.build/Debug-iphonesimulator/PhoneInTheOtherRoomDeviceActivityMonitor.build/Objects-normal/arm64/Counting_Sheep_Wind_Down_Monitor.swiftmodule -validate-clang-modules-once -clang-build-session-file /tmp/counting-sheep-coat-build/ModuleCache.noindex/Session.modulevalidation -Xcc -I/tmp/counting-sheep-coat-build/Build/Intermediates.noindex/PhoneInTheOtherRoom.build/Debug-iphonesimulator/PhoneInTheOtherRoomDeviceActivityMonitor.build/swift-overrides.hmap -emit-const-values -Xfrontend -const-gather-protocols-file -Xfrontend /tmp/counting-sheep-coat-build/Build/Intermediates.noindex/PhoneInTheOtherRoom.build/Debug-iphonesimulator/PhoneInTheOtherRoomDeviceActivityMonitor.build/Objects-normal/arm64/PhoneInTheOtherRoomDeviceActivityMonitor_const_extract_protocols.json -Xcc -iquote -Xcc /tmp/counting-sheep-coat-build/Build/Intermediates.noindex/PhoneInTheOtherRoom.build/Debug-iphonesimulator/PhoneInTheOtherRoomDeviceActivityMonitor.build/Counting\ Sheep\ Wind\ Down\ Monitor-generated-files.hmap -Xcc -I/tmp/counting-sheep-coat-build/Build/Intermediates.noindex/PhoneInTheOtherRoom.build/Debug-iphonesimulator/PhoneInTheOtherRoomDeviceActivityMonitor.build/Counting\ Sheep\ Wind\ Down\ Monitor-own-target-headers.hmap -Xcc -I/tmp/counting-sheep-coat-build/Build/Intermediates.noindex/PhoneInTheOtherRoom.build/Debug-iphonesimulator/PhoneInTheOtherRoomDeviceActivityMonitor.build/Counting\ Sheep\ Wind\ Down\ Monitor-all-non-framework-target-headers.hmap -Xcc -ivfsoverlay -Xcc /tmp/counting-sheep-coat-build/Build/Intermediates.noindex/PhoneInTheOtherRoom.build/Debug-iphonesimulator/PhoneInTheOtherRoom-d9a00fb94435e678319518e524e23875-VFS-iphonesimulator/all-product-headers.yaml -Xcc -iquote -Xcc /tmp/counting-sheep-coat-build/Build/Intermediates.noindex/PhoneInTheOtherRoom.build/Debug-iphonesimulator/PhoneInTheOtherRoomDeviceActivityMonitor.build/Counting\ Sheep\ Wind\ Down\ Monitor-project-headers.hmap -Xcc -I/tmp/counting-sheep-coat-build/Build/Products/Debug-iphonesimulator/include -Xcc -I/tmp/counting-sheep-coat-build/Build/Intermediates.noindex/PhoneInTheOtherRoom.build/Debug-iphonesimulator/PhoneInTheOtherRoomDeviceActivityMonitor.build/DerivedSources-normal/arm64 -Xcc -I/tmp/counting-sheep-coat-build/Build/Intermediates.noindex/PhoneInTheOtherRoom.build/Debug-iphonesimulator/PhoneInTheOtherRoomDeviceActivityMonitor.build/DerivedSources/arm64 -Xcc -I/tmp/counting-sheep-coat-build/Build/Intermediates.noindex/PhoneInTheOtherRoom.build/Debug-iphonesimulator/PhoneInTheOtherRoomDeviceActivityMonitor.build/DerivedSources -Xcc -DDEBUG\=1 -emit-objc-header -emit-objc-header-path /tmp/counting-sheep-coat-build/Build/Intermediates.noindex/PhoneInTheOtherRoom.build/Debug-iphonesimulator/PhoneInTheOtherRoomDeviceActivityMonitor.build/Objects-normal/arm64/Counting_Sheep_Wind_Down_Monitor-Swift.h -working-directory /Users/ngawangchime/Desktop/Developer\ Projects/Phone\ in\ the\ Other\ Room -experimental-emit-module-separately -disable-cmo

ConstructStubExecutorLinkFileList /tmp/counting-sheep-coat-build/Build/Intermediates.noindex/PhoneInTheOtherRoom.build/Debug-iphonesimulator/PhoneInTheOtherRoomScreenTimeReport.build/Counting\ Sheep\ Screen\ Time\ Report-ExecutorLinkFileList-normal-arm64.txt (in target 'PhoneInTheOtherRoomScreenTimeReport' from project 'PhoneInTheOtherRoom')
    cd /Users/ngawangchime/Desktop/Developer\ Projects/Phone\ in\ the\ Other\ Room
    construct-stub-executor-link-file-list /tmp/counting-sheep-coat-build/Build/Products/Debug-iphonesimulator/Counting\ Sheep\ Screen\ Time\ Report.appex/Counting\ Sheep\ Screen\ Time\ Report.debug.dylib /Applications/Xcode.app/Contents/Developer/Platforms/iPhoneSimulator.platform/Developer/usr/lib/libPreviewsJITStubExecutor_no_swift_entry_point.a /Applications/Xcode.app/Contents/Developer/Platforms/iPhoneSimulator.platform/Developer/usr/lib/libPreviewsJITStubExecutor.a --output /tmp/counting-sheep-coat-build/Build/Intermediates.noindex/PhoneInTheOtherRoom.build/Debug-iphonesimulator/PhoneInTheOtherRoomScreenTimeReport.build/Counting\ Sheep\ Screen\ Time\ Report-ExecutorLinkFileList-normal-arm64.txt
note: Using stub executor library with Swift entry point. (in target 'PhoneInTheOtherRoomScreenTimeReport' from project 'PhoneInTheOtherRoom')

ConstructStubExecutorLinkFileList /tmp/counting-sheep-coat-build/Build/Intermediates.noindex/PhoneInTheOtherRoom.build/Debug-iphonesimulator/PhoneInTheOtherRoomLiveActivity.build/Counting\ Sheep\ Live\ Activity-ExecutorLinkFileList-normal-arm64.txt (in target 'PhoneInTheOtherRoomLiveActivity' from project 'PhoneInTheOtherRoom')
    cd /Users/ngawangchime/Desktop/Developer\ Projects/Phone\ in\ the\ Other\ Room
    construct-stub-executor-link-file-list /tmp/counting-sheep-coat-build/Build/Products/Debug-iphonesimulator/Counting\ Sheep\ Live\ Activity.appex/Counting\ Sheep\ Live\ Activity.debug.dylib /Applications/Xcode.app/Contents/Developer/Platforms/iPhoneSimulator.platform/Developer/usr/lib/libPreviewsJITStubExecutor_no_swift_entry_point.a /Applications/Xcode.app/Contents/Developer/Platforms/iPhoneSimulator.platform/Developer/usr/lib/libPreviewsJITStubExecutor.a --output /tmp/counting-sheep-coat-build/Build/Intermediates.noindex/PhoneInTheOtherRoom.build/Debug-iphonesimulator/PhoneInTheOtherRoomLiveActivity.build/Counting\ Sheep\ Live\ Activity-ExecutorLinkFileList-normal-arm64.txt
note: Using stub executor library with Swift entry point. (in target 'PhoneInTheOtherRoomLiveActivity' from project 'PhoneInTheOtherRoom')

Ld /tmp/counting-sheep-coat-build/Build/Products/Debug-iphonesimulator/Counting\ Sheep\ Screen\ Time\ Report.appex/Counting\ Sheep\ Screen\ Time\ Report normal (in target 'PhoneInTheOtherRoomScreenTimeReport' from project 'PhoneInTheOtherRoom')
    cd /Users/ngawangchime/Desktop/Developer\ Projects/Phone\ in\ the\ Other\ Room
    /Applications/Xcode.app/Contents/Developer/Toolchains/XcodeDefault.xctoolchain/usr/bin/clang -Xlinker -reproducible -target arm64-apple-ios17.0-simulator -isysroot /Applications/Xcode.app/Contents/Developer/Platforms/iPhoneSimulator.platform/Developer/SDKs/iPhoneSimulator26.5.sdk -O0 -L/tmp/counting-sheep-coat-build/Build/Products/Debug-iphonesimulator -F/tmp/counting-sheep-coat-build/Build/Products/Debug-iphonesimulator -Xlinker -rpath -Xlinker @executable_path -Xlinker -rpath -Xlinker @executable_path/Frameworks -rdynamic -Xlinker -no_deduplicate -Xlinker -objc_abi_version -Xlinker 2 -e ___debug_blank_executor_main -Xlinker -sectcreate -Xlinker __TEXT -Xlinker __debug_dylib -Xlinker /tmp/counting-sheep-coat-build/Build/Intermediates.noindex/PhoneInTheOtherRoom.build/Debug-iphonesimulator/PhoneInTheOtherRoomScreenTimeReport.build/Counting\ Sheep\ Screen\ Time\ Report-DebugDylibPath-normal-arm64.txt -Xlinker -sectcreate -Xlinker __TEXT -Xlinker __debug_entry -Xlinker /tmp/counting-sheep-coat-build/Build/Intermediates.noindex/PhoneInTheOtherRoom.build/Debug-iphonesimulator/PhoneInTheOtherRoomScreenTimeReport.build/Counting\ Sheep\ Screen\ Time\ Report-DebugEntryPoint-normal-arm64.txt -Xlinker -sectcreate -Xlinker __TEXT -Xlinker __debug_instlnm -Xlinker /tmp/counting-sheep-coat-build/Build/Intermediates.noindex/PhoneInTheOtherRoom.build/Debug-iphonesimulator/PhoneInTheOtherRoomScreenTimeReport.build/Counting\ Sheep\ Screen\ Time\ Report-DebugDylibInstallName-normal-arm64.txt -Xlinker -filelist -Xlinker /tmp/counting-sheep-coat-build/Build/Intermediates.noindex/PhoneInTheOtherRoom.build/Debug-iphonesimulator/PhoneInTheOtherRoomScreenTimeReport.build/Counting\ Sheep\ Screen\ Time\ Report-ExecutorLinkFileList-normal-arm64.txt -Xlinker -sectcreate -Xlinker __TEXT -Xlinker __entitlements -Xlinker /tmp/counting-sheep-coat-build/Build/Intermediates.noindex/PhoneInTheOtherRoom.build/Debug-iphonesimulator/PhoneInTheOtherRoomScreenTimeReport.build/Counting\ Sheep\ Screen\ Time\ Report.appex-Simulated.xcent -Xlinker -sectcreate -Xlinker __TEXT -Xlinker __ents_der -Xlinker /tmp/counting-sheep-coat-build/Build/Intermediates.noindex/PhoneInTheOtherRoom.build/Debug-iphonesimulator/PhoneInTheOtherRoomScreenTimeReport.build/Counting\ Sheep\ Screen\ Time\ Report.appex-Simulated.xcent.der /tmp/counting-sheep-coat-build/Build/Products/Debug-iphonesimulator/Counting\ Sheep\ Screen\ Time\ Report.appex/Counting\ Sheep\ Screen\ Time\ Report.debug.dylib -Xlinker -no_adhoc_codesign -o /tmp/counting-sheep-coat-build/Build/Products/Debug-iphonesimulator/Counting\ Sheep\ Screen\ Time\ Report.appex/Counting\ Sheep\ Screen\ Time\ Report

Ld /tmp/counting-sheep-coat-build/Build/Products/Debug-iphonesimulator/Counting\ Sheep\ Live\ Activity.appex/Counting\ Sheep\ Live\ Activity normal (in target 'PhoneInTheOtherRoomLiveActivity' from project 'PhoneInTheOtherRoom')
    cd /Users/ngawangchime/Desktop/Developer\ Projects/Phone\ in\ the\ Other\ Room
    /Applications/Xcode.app/Contents/Developer/Toolchains/XcodeDefault.xctoolchain/usr/bin/clang -Xlinker -reproducible -target arm64-apple-ios17.0-simulator -isysroot /Applications/Xcode.app/Contents/Developer/Platforms/iPhoneSimulator.platform/Developer/SDKs/iPhoneSimulator26.5.sdk -O0 -L/tmp/counting-sheep-coat-build/Build/Products/Debug-iphonesimulator -F/tmp/counting-sheep-coat-build/Build/Products/Debug-iphonesimulator -Xlinker -rpath -Xlinker @executable_path -Xlinker -rpath -Xlinker @executable_path/Frameworks -Xlinker -rpath -Xlinker @executable_path/../../Frameworks -rdynamic -Xlinker -no_deduplicate -Xlinker -objc_abi_version -Xlinker 2 -e ___debug_blank_executor_main -Xlinker -sectcreate -Xlinker __TEXT -Xlinker __debug_dylib -Xlinker /tmp/counting-sheep-coat-build/Build/Intermediates.noindex/PhoneInTheOtherRoom.build/Debug-iphonesimulator/PhoneInTheOtherRoomLiveActivity.build/Counting\ Sheep\ Live\ Activity-DebugDylibPath-normal-arm64.txt -Xlinker -sectcreate -Xlinker __TEXT -Xlinker __debug_entry -Xlinker /tmp/counting-sheep-coat-build/Build/Intermediates.noindex/PhoneInTheOtherRoom.build/Debug-iphonesimulator/PhoneInTheOtherRoomLiveActivity.build/Counting\ Sheep\ Live\ Activity-DebugEntryPoint-normal-arm64.txt -Xlinker -sectcreate -Xlinker __TEXT -Xlinker __debug_instlnm -Xlinker /tmp/counting-sheep-coat-build/Build/Intermediates.noindex/PhoneInTheOtherRoom.build/Debug-iphonesimulator/PhoneInTheOtherRoomLiveActivity.build/Counting\ Sheep\ Live\ Activity-DebugDylibInstallName-normal-arm64.txt -Xlinker -filelist -Xlinker /tmp/counting-sheep-coat-build/Build/Intermediates.noindex/PhoneInTheOtherRoom.build/Debug-iphonesimulator/PhoneInTheOtherRoomLiveActivity.build/Counting\ Sheep\ Live\ Activity-ExecutorLinkFileList-normal-arm64.txt -Xlinker -sectcreate -Xlinker __TEXT -Xlinker __entitlements -Xlinker /tmp/counting-sheep-coat-build/Build/Intermediates.noindex/PhoneInTheOtherRoom.build/Debug-iphonesimulator/PhoneInTheOtherRoomLiveActivity.build/Counting\ Sheep\ Live\ Activity.appex-Simulated.xcent -Xlinker -sectcreate -Xlinker __TEXT -Xlinker __ents_der -Xlinker /tmp/counting-sheep-coat-build/Build/Intermediates.noindex/PhoneInTheOtherRoom.build/Debug-iphonesimulator/PhoneInTheOtherRoomLiveActivity.build/Counting\ Sheep\ Live\ Activity.appex-Simulated.xcent.der /tmp/counting-sheep-coat-build/Build/Products/Debug-iphonesimulator/Counting\ Sheep\ Live\ Activity.appex/Counting\ Sheep\ Live\ Activity.debug.dylib -Xlinker -no_adhoc_codesign -o /tmp/counting-sheep-coat-build/Build/Products/Debug-iphonesimulator/Counting\ Sheep\ Live\ Activity.appex/Counting\ Sheep\ Live\ Activity

CodeSign /tmp/counting-sheep-coat-build/Build/Products/Debug-iphonesimulator/Counting\ Sheep\ Wind\ Down\ Shield.appex/Counting\ Sheep\ Wind\ Down\ Shield.debug.dylib (in target 'PhoneInTheOtherRoomShieldConfiguration' from project 'PhoneInTheOtherRoom')
    cd /Users/ngawangchime/Desktop/Developer\ Projects/Phone\ in\ the\ Other\ Room

    Signing Identity:     "Sign to Run Locally"

    /usr/bin/codesign --force --sign - --timestamp\=none --generate-entitlement-der /tmp/counting-sheep-coat-build/Build/Products/Debug-iphonesimulator/Counting\ Sheep\ Wind\ Down\ Shield.appex/Counting\ Sheep\ Wind\ Down\ Shield.debug.dylib

ExtractAppIntentsMetadata (in target 'PhoneInTheOtherRoomShieldAction' from project 'PhoneInTheOtherRoom')
    cd /Users/ngawangchime/Desktop/Developer\ Projects/Phone\ in\ the\ Other\ Room
    /Applications/Xcode.app/Contents/Developer/Toolchains/XcodeDefault.xctoolchain/usr/bin/appintentsmetadataprocessor --toolchain-dir /Applications/Xcode.app/Contents/Developer/Toolchains/XcodeDefault.xctoolchain --module-name Counting_Sheep_Wind_Down_Action --sdk-root /Applications/Xcode.app/Contents/Developer/Platforms/iPhoneSimulator.platform/Developer/SDKs/iPhoneSimulator26.5.sdk --xcode-version 17F113 --platform-family iOS --deployment-target 17.0 --bundle-identifier com.ngawangchime.countingsheep.ShieldAction --output /tmp/counting-sheep-coat-build/Build/Products/Debug-iphonesimulator/Counting\ Sheep\ Wind\ Down\ Action.appex --target-triple arm64-apple-ios17.0-simulator --binary-file /tmp/counting-sheep-coat-build/Build/Products/Debug-iphonesimulator/Counting\ Sheep\ Wind\ Down\ Action.appex/Counting\ Sheep\ Wind\ Down\ Action --dependency-file /tmp/counting-sheep-coat-build/Build/Intermediates.noindex/PhoneInTheOtherRoom.build/Debug-iphonesimulator/PhoneInTheOtherRoomShieldAction.build/Objects-normal/arm64/Counting\ Sheep\ Wind\ Down\ Action_dependency_info.dat --stringsdata-file /tmp/counting-sheep-coat-build/Build/Intermediates.noindex/PhoneInTheOtherRoom.build/Debug-iphonesimulator/PhoneInTheOtherRoomShieldAction.build/Objects-normal/arm64/ExtractedAppShortcutsMetadata.stringsdata --source-file-list /tmp/counting-sheep-coat-build/Build/Intermediates.noindex/PhoneInTheOtherRoom.build/Debug-iphonesimulator/PhoneInTheOtherRoomShieldAction.build/Objects-normal/arm64/Counting\ Sheep\ Wind\ Down\ Action.SwiftFileList --metadata-file-list /tmp/counting-sheep-coat-build/Build/Intermediates.noindex/PhoneInTheOtherRoom.build/Debug-iphonesimulator/PhoneInTheOtherRoomShieldAction.build/Counting\ Sheep\ Wind\ Down\ Action.DependencyMetadataFileList --static-metadata-file-list /tmp/counting-sheep-coat-build/Build/Intermediates.noindex/PhoneInTheOtherRoom.build/Debug-iphonesimulator/PhoneInTheOtherRoomShieldAction.build/Counting\ Sheep\ Wind\ Down\ Action.DependencyStaticMetadataFileList --swift-const-vals-list /tmp/counting-sheep-coat-build/Build/Intermediates.noindex/PhoneInTheOtherRoom.build/Debug-iphonesimulator/PhoneInTheOtherRoomShieldAction.build/Objects-normal/arm64/Counting\ Sheep\ Wind\ Down\ Action.SwiftConstValuesFileList --compile-time-extraction --deployment-aware-processing --validate-assistant-intents --no-app-shortcuts-localization
2026-09-22 23:06:07.222 appintentsmetadataprocessor[78984:11012072] Starting appintentsmetadataprocessor export
2026-09-22 23:06:07.230 appintentsmetadataprocessor[78984:11012072] warning: Metadata extraction skipped. No AppIntents.framework dependency found.

CodeSign /tmp/counting-sheep-coat-build/Build/Products/Debug-iphonesimulator/Counting\ Sheep\ Wind\ Down\ Shield.appex/__preview.dylib (in target 'PhoneInTheOtherRoomShieldConfiguration' from project 'PhoneInTheOtherRoom')
    cd /Users/ngawangchime/Desktop/Developer\ Projects/Phone\ in\ the\ Other\ Room

    Signing Identity:     "Sign to Run Locally"

    /usr/bin/codesign --force --sign - --timestamp\=none --generate-entitlement-der /tmp/counting-sheep-coat-build/Build/Products/Debug-iphonesimulator/Counting\ Sheep\ Wind\ Down\ Shield.appex/__preview.dylib
/tmp/counting-sheep-coat-build/Build/Products/Debug-iphonesimulator/Counting Sheep Wind Down Shield.appex/__preview.dylib: replacing existing signature

AppIntentsSSUTraining (in target 'PhoneInTheOtherRoomShieldAction' from project 'PhoneInTheOtherRoom')
    cd /Users/ngawangchime/Desktop/Developer\ Projects/Phone\ in\ the\ Other\ Room
    /Applications/Xcode.app/Contents/Developer/Toolchains/XcodeDefault.xctoolchain/usr/bin/appintentsnltrainingprocessor --infoplist-path /tmp/counting-sheep-coat-build/Build/Products/Debug-iphonesimulator/Counting\ Sheep\ Wind\ Down\ Action.appex/Info.plist --temp-dir-path /tmp/counting-sheep-coat-build/Build/Intermediates.noindex/PhoneInTheOtherRoom.build/Debug-iphonesimulator/PhoneInTheOtherRoomShieldAction.build/ssu --bundle-id com.ngawangchime.countingsheep.ShieldAction --product-path /tmp/counting-sheep-coat-build/Build/Products/Debug-iphonesimulator/Counting\ Sheep\ Wind\ Down\ Action.appex --extracted-metadata-path /tmp/counting-sheep-coat-build/Build/Products/Debug-iphonesimulator/Counting\ Sheep\ Wind\ Down\ Action.appex/Metadata.appintents --metadata-file-list /tmp/counting-sheep-coat-build/Build/Intermediates.noindex/PhoneInTheOtherRoom.build/Debug-iphonesimulator/PhoneInTheOtherRoomShieldAction.build/Counting\ Sheep\ Wind\ Down\ Action.DependencyMetadataFileList --source-file /tmp/counting-sheep-coat-build/Build/Products/Debug-iphonesimulator/Counting\ Sheep\ Wind\ Down\ Action.appex/Info.plist --archive-ssu-assets
2026-09-22 23:06:07.373 appintentsnltrainingprocessor[78986:11012078] Parsing options for appintentsnltrainingprocessor
2026-09-22 23:06:07.373 appintentsnltrainingprocessor[78986:11012078] Starting AppIntents SSU YAML Generation
2026-09-22 23:06:07.373 appintentsnltrainingprocessor[78986:11012078] No AppShortcuts found - Skipping.

CodeSign /tmp/counting-sheep-coat-build/Build/Products/Debug-iphonesimulator/Counting\ Sheep\ Wind\ Down\ Shield.appex (in target 'PhoneInTheOtherRoomShieldConfiguration' from project 'PhoneInTheOtherRoom')
    cd /Users/ngawangchime/Desktop/Developer\ Projects/Phone\ in\ the\ Other\ Room

    Signing Identity:     "Sign to Run Locally"

    /usr/bin/codesign --force --sign - --entitlements /tmp/counting-sheep-coat-build/Build/Intermediates.noindex/PhoneInTheOtherRoom.build/Debug-iphonesimulator/PhoneInTheOtherRoomShieldConfiguration.build/Counting\ Sheep\ Wind\ Down\ Shield.appex.xcent --timestamp\=none --generate-entitlement-der /tmp/counting-sheep-coat-build/Build/Products/Debug-iphonesimulator/Counting\ Sheep\ Wind\ Down\ Shield.appex

ProcessInfoPlistFile /tmp/counting-sheep-coat-build/Build/Products/Debug-iphonesimulator/Counting\ Sheep\ Wind\ Down\ Monitor.appex/Info.plist /Users/ngawangchime/Desktop/Developer\ Projects/Phone\ in\ the\ Other\ Room/PhoneInTheOtherRoomDeviceActivityMonitor/Info.plist (in target 'PhoneInTheOtherRoomDeviceActivityMonitor' from project 'PhoneInTheOtherRoom')
    cd /Users/ngawangchime/Desktop/Developer\ Projects/Phone\ in\ the\ Other\ Room
    builtin-infoPlistUtility /Users/ngawangchime/Desktop/Developer\ Projects/Phone\ in\ the\ Other\ Room/PhoneInTheOtherRoomDeviceActivityMonitor/Info.plist -producttype com.apple.product-type.app-extension -expandbuildsettings -format binary -platform iphonesimulator -o /tmp/counting-sheep-coat-build/Build/Products/Debug-iphonesimulator/Counting\ Sheep\ Wind\ Down\ Monitor.appex/Info.plist

ExtractAppIntentsMetadata (in target 'PhoneInTheOtherRoomWatchApp' from project 'PhoneInTheOtherRoom')
    cd /Users/ngawangchime/Desktop/Developer\ Projects/Phone\ in\ the\ Other\ Room
    /Applications/Xcode.app/Contents/Developer/Toolchains/XcodeDefault.xctoolchain/usr/bin/appintentsmetadataprocessor --toolchain-dir /Applications/Xcode.app/Contents/Developer/Toolchains/XcodeDefault.xctoolchain --module-name Counting_Sheep_Watch --sdk-root /Applications/Xcode.app/Contents/Developer/Platforms/WatchSimulator.platform/Developer/SDKs/WatchSimulator26.5.sdk --xcode-version 17F113 --platform-family watchOS --deployment-target 10.0 --bundle-identifier com.ngawangchime.countingsheep.watchkitapp --output /tmp/counting-sheep-coat-build/Build/Products/Debug-watchsimulator/Counting\ Sheep\ Watch.app --target-triple arm64-apple-watchos10.0-simulator --binary-file /tmp/counting-sheep-coat-build/Build/Products/Debug-watchsimulator/Counting\ Sheep\ Watch.app/Counting\ Sheep\ Watch --dependency-file /tmp/counting-sheep-coat-build/Build/Intermediates.noindex/PhoneInTheOtherRoom.build/Debug-watchsimulator/PhoneInTheOtherRoomWatchApp.build/Objects-normal/arm64/Counting\ Sheep\ Watch_dependency_info.dat --stringsdata-file /tmp/counting-sheep-coat-build/Build/Intermediates.noindex/PhoneInTheOtherRoom.build/Debug-watchsimulator/PhoneInTheOtherRoomWatchApp.build/Objects-normal/arm64/ExtractedAppShortcutsMetadata.stringsdata --source-file-list /tmp/counting-sheep-coat-build/Build/Intermediates.noindex/PhoneInTheOtherRoom.build/Debug-watchsimulator/PhoneInTheOtherRoomWatchApp.build/Objects-normal/arm64/Counting\ Sheep\ Watch.SwiftFileList --metadata-file-list /tmp/counting-sheep-coat-build/Build/Intermediates.noindex/PhoneInTheOtherRoom.build/Debug-watchsimulator/PhoneInTheOtherRoomWatchApp.build/Counting\ Sheep\ Watch.DependencyMetadataFileList --static-metadata-file-list /tmp/counting-sheep-coat-build/Build/Intermediates.noindex/PhoneInTheOtherRoom.build/Debug-watchsimulator/PhoneInTheOtherRoomWatchApp.build/Counting\ Sheep\ Watch.DependencyStaticMetadataFileList --swift-const-vals-list /tmp/counting-sheep-coat-build/Build/Intermediates.noindex/PhoneInTheOtherRoom.build/Debug-watchsimulator/PhoneInTheOtherRoomWatchApp.build/Objects-normal/arm64/Counting\ Sheep\ Watch.SwiftConstValuesFileList --compile-time-extraction --deployment-aware-processing --validate-assistant-intents --no-app-shortcuts-localization
2026-09-22 23:06:07.433 appintentsmetadataprocessor[78988:11012090] Starting appintentsmetadataprocessor export
2026-09-22 23:06:07.434 appintentsmetadataprocessor[78988:11012090] warning: Metadata extraction skipped. No AppIntents.framework dependency found.

CopySwiftLibs /tmp/counting-sheep-coat-build/Build/Products/Debug-watchsimulator/Counting\ Sheep\ Watch.app (in target 'PhoneInTheOtherRoomWatchApp' from project 'PhoneInTheOtherRoom')
    cd /Users/ngawangchime/Desktop/Developer\ Projects/Phone\ in\ the\ Other\ Room
    builtin-swiftStdLibTool --copy --verbose --sign - --scan-executable /tmp/counting-sheep-coat-build/Build/Products/Debug-watchsimulator/Counting\ Sheep\ Watch.app/Counting\ Sheep\ Watch.debug.dylib --scan-folder /tmp/counting-sheep-coat-build/Build/Products/Debug-watchsimulator/Counting\ Sheep\ Watch.app/Frameworks --scan-folder /tmp/counting-sheep-coat-build/Build/Products/Debug-watchsimulator/Counting\ Sheep\ Watch.app/PlugIns --scan-folder /tmp/counting-sheep-coat-build/Build/Products/Debug-watchsimulator/Counting\ Sheep\ Watch.app/SystemExtensions --scan-folder /tmp/counting-sheep-coat-build/Build/Products/Debug-watchsimulator/Counting\ Sheep\ Watch.app/Extensions --platform watchsimulator --toolchain /Applications/Xcode.app/Contents/Developer/Toolchains/XcodeDefault.xctoolchain --destination /tmp/counting-sheep-coat-build/Build/Products/Debug-watchsimulator/Counting\ Sheep\ Watch.app/Frameworks --strip-bitcode --strip-bitcode-tool /Applications/Xcode.app/Contents/Developer/Toolchains/XcodeDefault.xctoolchain/usr/bin/bitcode_strip --emit-dependency-info /tmp/counting-sheep-coat-build/Build/Intermediates.noindex/PhoneInTheOtherRoom.build/Debug-watchsimulator/PhoneInTheOtherRoomWatchApp.build/SwiftStdLibToolInputDependencies.dep --filter-for-swift-os --back-deploy-swift-span

ExtractAppIntentsMetadata (in target 'PhoneInTheOtherRoomScreenTimeReport' from project 'PhoneInTheOtherRoom')
    cd /Users/ngawangchime/Desktop/Developer\ Projects/Phone\ in\ the\ Other\ Room
    /Applications/Xcode.app/Contents/Developer/Toolchains/XcodeDefault.xctoolchain/usr/bin/appintentsmetadataprocessor --toolchain-dir /Applications/Xcode.app/Contents/Developer/Toolchains/XcodeDefault.xctoolchain --module-name Counting_Sheep_Screen_Time_Report --sdk-root /Applications/Xcode.app/Contents/Developer/Platforms/iPhoneSimulator.platform/Developer/SDKs/iPhoneSimulator26.5.sdk --xcode-version 17F113 --platform-family iOS --deployment-target 17.0 --bundle-identifier com.ngawangchime.countingsheep.ScreenTimeReport --output /tmp/counting-sheep-coat-build/Build/Products/Debug-iphonesimulator/Counting\ Sheep\ Screen\ Time\ Report.appex --target-triple arm64-apple-ios17.0-simulator --binary-file /tmp/counting-sheep-coat-build/Build/Products/Debug-iphonesimulator/Counting\ Sheep\ Screen\ Time\ Report.appex/Counting\ Sheep\ Screen\ Time\ Report --dependency-file /tmp/counting-sheep-coat-build/Build/Intermediates.noindex/PhoneInTheOtherRoom.build/Debug-iphonesimulator/PhoneInTheOtherRoomScreenTimeReport.build/Objects-normal/arm64/Counting\ Sheep\ Screen\ Time\ Report_dependency_info.dat --stringsdata-file /tmp/counting-sheep-coat-build/Build/Intermediates.noindex/PhoneInTheOtherRoom.build/Debug-iphonesimulator/PhoneInTheOtherRoomScreenTimeReport.build/Objects-normal/arm64/ExtractedAppShortcutsMetadata.stringsdata --source-file-list /tmp/counting-sheep-coat-build/Build/Intermediates.noindex/PhoneInTheOtherRoom.build/Debug-iphonesimulator/PhoneInTheOtherRoomScreenTimeReport.build/Objects-normal/arm64/Counting\ Sheep\ Screen\ Time\ Report.SwiftFileList --metadata-file-list /tmp/counting-sheep-coat-build/Build/Intermediates.noindex/PhoneInTheOtherRoom.build/Debug-iphonesimulator/PhoneInTheOtherRoomScreenTimeReport.build/Counting\ Sheep\ Screen\ Time\ Report.DependencyMetadataFileList --static-metadata-file-list /tmp/counting-sheep-coat-build/Build/Intermediates.noindex/PhoneInTheOtherRoom.build/Debug-iphonesimulator/PhoneInTheOtherRoomScreenTimeReport.build/Counting\ Sheep\ Screen\ Time\ Report.DependencyStaticMetadataFileList --swift-const-vals-list /tmp/counting-sheep-coat-build/Build/Intermediates.noindex/PhoneInTheOtherRoom.build/Debug-iphonesimulator/PhoneInTheOtherRoomScreenTimeReport.build/Objects-normal/arm64/Counting\ Sheep\ Screen\ Time\ Report.SwiftConstValuesFileList --compile-time-extraction --deployment-aware-processing --validate-assistant-intents --no-app-shortcuts-localization
2026-09-22 23:06:07.520 appintentsmetadataprocessor[78989:11012091] Starting appintentsmetadataprocessor export
2026-09-22 23:06:07.522 appintentsmetadataprocessor[78989:11012091] warning: Metadata extraction skipped. No AppIntents.framework dependency found.

CodeSign /tmp/counting-sheep-coat-build/Build/Products/Debug-iphonesimulator/Counting\ Sheep\ Wind\ Down\ Action.appex/Counting\ Sheep\ Wind\ Down\ Action.debug.dylib (in target 'PhoneInTheOtherRoomShieldAction' from project 'PhoneInTheOtherRoom')
    cd /Users/ngawangchime/Desktop/Developer\ Projects/Phone\ in\ the\ Other\ Room

    Signing Identity:     "Sign to Run Locally"

    /usr/bin/codesign --force --sign - --timestamp\=none --generate-entitlement-der /tmp/counting-sheep-coat-build/Build/Products/Debug-iphonesimulator/Counting\ Sheep\ Wind\ Down\ Action.appex/Counting\ Sheep\ Wind\ Down\ Action.debug.dylib

AppIntentsSSUTraining (in target 'PhoneInTheOtherRoomScreenTimeReport' from project 'PhoneInTheOtherRoom')
    cd /Users/ngawangchime/Desktop/Developer\ Projects/Phone\ in\ the\ Other\ Room
    /Applications/Xcode.app/Contents/Developer/Toolchains/XcodeDefault.xctoolchain/usr/bin/appintentsnltrainingprocessor --infoplist-path /tmp/counting-sheep-coat-build/Build/Products/Debug-iphonesimulator/Counting\ Sheep\ Screen\ Time\ Report.appex/Info.plist --temp-dir-path /tmp/counting-sheep-coat-build/Build/Intermediates.noindex/PhoneInTheOtherRoom.build/Debug-iphonesimulator/PhoneInTheOtherRoomScreenTimeReport.build/ssu --bundle-id com.ngawangchime.countingsheep.ScreenTimeReport --product-path /tmp/counting-sheep-coat-build/Build/Products/Debug-iphonesimulator/Counting\ Sheep\ Screen\ Time\ Report.appex --extracted-metadata-path /tmp/counting-sheep-coat-build/Build/Products/Debug-iphonesimulator/Counting\ Sheep\ Screen\ Time\ Report.appex/Metadata.appintents --metadata-file-list /tmp/counting-sheep-coat-build/Build/Intermediates.noindex/PhoneInTheOtherRoom.build/Debug-iphonesimulator/PhoneInTheOtherRoomScreenTimeReport.build/Counting\ Sheep\ Screen\ Time\ Report.DependencyMetadataFileList --source-file /tmp/counting-sheep-coat-build/Build/Products/Debug-iphonesimulator/Counting\ Sheep\ Screen\ Time\ Report.appex/Info.plist --archive-ssu-assets
2026-09-22 23:06:07.650 appintentsnltrainingprocessor[78991:11012100] Parsing options for appintentsnltrainingprocessor
2026-09-22 23:06:07.653 appintentsnltrainingprocessor[78991:11012100] Starting AppIntents SSU YAML Generation
2026-09-22 23:06:07.653 appintentsnltrainingprocessor[78991:11012100] No AppShortcuts found - Skipping.

CodeSign /tmp/counting-sheep-coat-build/Build/Products/Debug-iphonesimulator/Counting\ Sheep\ Wind\ Down\ Action.appex/__preview.dylib (in target 'PhoneInTheOtherRoomShieldAction' from project 'PhoneInTheOtherRoom')
    cd /Users/ngawangchime/Desktop/Developer\ Projects/Phone\ in\ the\ Other\ Room

    Signing Identity:     "Sign to Run Locally"

    /usr/bin/codesign --force --sign - --timestamp\=none --generate-entitlement-der /tmp/counting-sheep-coat-build/Build/Products/Debug-iphonesimulator/Counting\ Sheep\ Wind\ Down\ Action.appex/__preview.dylib
/tmp/counting-sheep-coat-build/Build/Products/Debug-iphonesimulator/Counting Sheep Wind Down Action.appex/__preview.dylib: replacing existing signature

ExtractAppIntentsMetadata (in target 'PhoneInTheOtherRoomLiveActivity' from project 'PhoneInTheOtherRoom')
    cd /Users/ngawangchime/Desktop/Developer\ Projects/Phone\ in\ the\ Other\ Room
    /Applications/Xcode.app/Contents/Developer/Toolchains/XcodeDefault.xctoolchain/usr/bin/appintentsmetadataprocessor --toolchain-dir /Applications/Xcode.app/Contents/Developer/Toolchains/XcodeDefault.xctoolchain --module-name Counting_Sheep_Live_Activity --sdk-root /Applications/Xcode.app/Contents/Developer/Platforms/iPhoneSimulator.platform/Developer/SDKs/iPhoneSimulator26.5.sdk --xcode-version 17F113 --platform-family iOS --deployment-target 17.0 --bundle-identifier com.ngawangchime.countingsheep.liveactivity --output /tmp/counting-sheep-coat-build/Build/Products/Debug-iphonesimulator/Counting\ Sheep\ Live\ Activity.appex --target-triple arm64-apple-ios17.0-simulator --binary-file /tmp/counting-sheep-coat-build/Build/Products/Debug-iphonesimulator/Counting\ Sheep\ Live\ Activity.appex/Counting\ Sheep\ Live\ Activity --dependency-file /tmp/counting-sheep-coat-build/Build/Intermediates.noindex/PhoneInTheOtherRoom.build/Debug-iphonesimulator/PhoneInTheOtherRoomLiveActivity.build/Objects-normal/arm64/Counting\ Sheep\ Live\ Activity_dependency_info.dat --stringsdata-file /tmp/counting-sheep-coat-build/Build/Intermediates.noindex/PhoneInTheOtherRoom.build/Debug-iphonesimulator/PhoneInTheOtherRoomLiveActivity.build/Objects-normal/arm64/ExtractedAppShortcutsMetadata.stringsdata --source-file-list /tmp/counting-sheep-coat-build/Build/Intermediates.noindex/PhoneInTheOtherRoom.build/Debug-iphonesimulator/PhoneInTheOtherRoomLiveActivity.build/Objects-normal/arm64/Counting\ Sheep\ Live\ Activity.SwiftFileList --metadata-file-list /tmp/counting-sheep-coat-build/Build/Intermediates.noindex/PhoneInTheOtherRoom.build/Debug-iphonesimulator/PhoneInTheOtherRoomLiveActivity.build/Counting\ Sheep\ Live\ Activity.DependencyMetadataFileList --static-metadata-file-list /tmp/counting-sheep-coat-build/Build/Intermediates.noindex/PhoneInTheOtherRoom.build/Debug-iphonesimulator/PhoneInTheOtherRoomLiveActivity.build/Counting\ Sheep\ Live\ Activity.DependencyStaticMetadataFileList --swift-const-vals-list /tmp/counting-sheep-coat-build/Build/Intermediates.noindex/PhoneInTheOtherRoom.build/Debug-iphonesimulator/PhoneInTheOtherRoomLiveActivity.build/Objects-normal/arm64/Counting\ Sheep\ Live\ Activity.SwiftConstValuesFileList --compile-time-extraction --deployment-aware-processing --validate-assistant-intents --no-app-shortcuts-localization
2026-09-22 23:06:07.762 appintentsmetadataprocessor[78993:11012109] Starting appintentsmetadataprocessor export
2026-09-22 23:06:07.989 appintentsmetadataprocessor[78993:11012109] Writing Metadata.appintents
2026-09-22 23:06:07.989 appintentsmetadataprocessor[78993:11012109] Metadata root: /tmp/counting-sheep-coat-build/Build/Products/Debug-iphonesimulator/Counting Sheep Live Activity.appex/Metadata.appintents

CodeSign /tmp/counting-sheep-coat-build/Build/Products/Debug-iphonesimulator/Counting\ Sheep\ Wind\ Down\ Action.appex (in target 'PhoneInTheOtherRoomShieldAction' from project 'PhoneInTheOtherRoom')
    cd /Users/ngawangchime/Desktop/Developer\ Projects/Phone\ in\ the\ Other\ Room

    Signing Identity:     "Sign to Run Locally"

    /usr/bin/codesign --force --sign - --entitlements /tmp/counting-sheep-coat-build/Build/Intermediates.noindex/PhoneInTheOtherRoom.build/Debug-iphonesimulator/PhoneInTheOtherRoomShieldAction.build/Counting\ Sheep\ Wind\ Down\ Action.appex.xcent --timestamp\=none --generate-entitlement-der /tmp/counting-sheep-coat-build/Build/Products/Debug-iphonesimulator/Counting\ Sheep\ Wind\ Down\ Action.appex

AppIntentsSSUTraining (in target 'PhoneInTheOtherRoomLiveActivity' from project 'PhoneInTheOtherRoom')
    cd /Users/ngawangchime/Desktop/Developer\ Projects/Phone\ in\ the\ Other\ Room
    /Applications/Xcode.app/Contents/Developer/Toolchains/XcodeDefault.xctoolchain/usr/bin/appintentsnltrainingprocessor --infoplist-path /tmp/counting-sheep-coat-build/Build/Products/Debug-iphonesimulator/Counting\ Sheep\ Live\ Activity.appex/Info.plist --temp-dir-path /tmp/counting-sheep-coat-build/Build/Intermediates.noindex/PhoneInTheOtherRoom.build/Debug-iphonesimulator/PhoneInTheOtherRoomLiveActivity.build/ssu --bundle-id com.ngawangchime.countingsheep.liveactivity --product-path /tmp/counting-sheep-coat-build/Build/Products/Debug-iphonesimulator/Counting\ Sheep\ Live\ Activity.appex --extracted-metadata-path /tmp/counting-sheep-coat-build/Build/Products/Debug-iphonesimulator/Counting\ Sheep\ Live\ Activity.appex/Metadata.appintents --metadata-file-list /tmp/counting-sheep-coat-build/Build/Intermediates.noindex/PhoneInTheOtherRoom.build/Debug-iphonesimulator/PhoneInTheOtherRoomLiveActivity.build/Counting\ Sheep\ Live\ Activity.DependencyMetadataFileList --source-file /tmp/counting-sheep-coat-build/Build/Products/Debug-iphonesimulator/Counting\ Sheep\ Live\ Activity.appex/Info.plist --archive-ssu-assets
2026-09-22 23:06:08.307 appintentsnltrainingprocessor[78995:11012133] Parsing options for appintentsnltrainingprocessor
2026-09-22 23:06:08.308 appintentsnltrainingprocessor[78995:11012133] Starting AppIntents SSU YAML Generation
2026-09-22 23:06:08.368 appintentsnltrainingprocessor[78995:11012133] No AppShortcuts found - Skipping.

CodeSign /tmp/counting-sheep-coat-build/Build/Products/Debug-watchsimulator/Counting\ Sheep\ Watch.app/Counting\ Sheep\ Watch.debug.dylib (in target 'PhoneInTheOtherRoomWatchApp' from project 'PhoneInTheOtherRoom')
    cd /Users/ngawangchime/Desktop/Developer\ Projects/Phone\ in\ the\ Other\ Room

    Signing Identity:     "Sign to Run Locally"

    /usr/bin/codesign --force --sign - --timestamp\=none --generate-entitlement-der /tmp/counting-sheep-coat-build/Build/Products/Debug-watchsimulator/Counting\ Sheep\ Watch.app/Counting\ Sheep\ Watch.debug.dylib

CodeSign /tmp/counting-sheep-coat-build/Build/Products/Debug-watchsimulator/Counting\ Sheep\ Watch.app/__preview.dylib (in target 'PhoneInTheOtherRoomWatchApp' from project 'PhoneInTheOtherRoom')
    cd /Users/ngawangchime/Desktop/Developer\ Projects/Phone\ in\ the\ Other\ Room

    Signing Identity:     "Sign to Run Locally"

    /usr/bin/codesign --force --sign - --timestamp\=none --generate-entitlement-der /tmp/counting-sheep-coat-build/Build/Products/Debug-watchsimulator/Counting\ Sheep\ Watch.app/__preview.dylib
/tmp/counting-sheep-coat-build/Build/Products/Debug-watchsimulator/Counting Sheep Watch.app/__preview.dylib: replacing existing signature

CodeSign /tmp/counting-sheep-coat-build/Build/Products/Debug-watchsimulator/Counting\ Sheep\ Watch.app (in target 'PhoneInTheOtherRoomWatchApp' from project 'PhoneInTheOtherRoom')
    cd /Users/ngawangchime/Desktop/Developer\ Projects/Phone\ in\ the\ Other\ Room

    Signing Identity:     "Sign to Run Locally"

    /usr/bin/codesign --force --sign - --entitlements /tmp/counting-sheep-coat-build/Build/Intermediates.noindex/PhoneInTheOtherRoom.build/Debug-watchsimulator/PhoneInTheOtherRoomWatchApp.build/Counting\ Sheep\ Watch.app.xcent --timestamp\=none --generate-entitlement-der /tmp/counting-sheep-coat-build/Build/Products/Debug-watchsimulator/Counting\ Sheep\ Watch.app

CodeSign /tmp/counting-sheep-coat-build/Build/Products/Debug-iphonesimulator/Counting\ Sheep\ Screen\ Time\ Report.appex/Counting\ Sheep\ Screen\ Time\ Report.debug.dylib (in target 'PhoneInTheOtherRoomScreenTimeReport' from project 'PhoneInTheOtherRoom')
    cd /Users/ngawangchime/Desktop/Developer\ Projects/Phone\ in\ the\ Other\ Room

    Signing Identity:     "Sign to Run Locally"

    /usr/bin/codesign --force --sign - --timestamp\=none --generate-entitlement-der /tmp/counting-sheep-coat-build/Build/Products/Debug-iphonesimulator/Counting\ Sheep\ Screen\ Time\ Report.appex/Counting\ Sheep\ Screen\ Time\ Report.debug.dylib

Validate /tmp/counting-sheep-coat-build/Build/Products/Debug-watchsimulator/Counting\ Sheep\ Watch.app (in target 'PhoneInTheOtherRoomWatchApp' from project 'PhoneInTheOtherRoom')
    cd /Users/ngawangchime/Desktop/Developer\ Projects/Phone\ in\ the\ Other\ Room
    builtin-validationUtility /tmp/counting-sheep-coat-build/Build/Products/Debug-watchsimulator/Counting\ Sheep\ Watch.app -shallow-bundle -infoplist-subpath Info.plist

CodeSign /tmp/counting-sheep-coat-build/Build/Products/Debug-iphonesimulator/Counting\ Sheep\ Screen\ Time\ Report.appex/__preview.dylib (in target 'PhoneInTheOtherRoomScreenTimeReport' from project 'PhoneInTheOtherRoom')
    cd /Users/ngawangchime/Desktop/Developer\ Projects/Phone\ in\ the\ Other\ Room

    Signing Identity:     "Sign to Run Locally"

    /usr/bin/codesign --force --sign - --timestamp\=none --generate-entitlement-der /tmp/counting-sheep-coat-build/Build/Products/Debug-iphonesimulator/Counting\ Sheep\ Screen\ Time\ Report.appex/__preview.dylib
/tmp/counting-sheep-coat-build/Build/Products/Debug-iphonesimulator/Counting Sheep Screen Time Report.appex/__preview.dylib: replacing existing signature

CodeSign /tmp/counting-sheep-coat-build/Build/Products/Debug-iphonesimulator/Counting\ Sheep\ Screen\ Time\ Report.appex (in target 'PhoneInTheOtherRoomScreenTimeReport' from project 'PhoneInTheOtherRoom')
    cd /Users/ngawangchime/Desktop/Developer\ Projects/Phone\ in\ the\ Other\ Room

    Signing Identity:     "Sign to Run Locally"

    /usr/bin/codesign --force --sign - --entitlements /tmp/counting-sheep-coat-build/Build/Intermediates.noindex/PhoneInTheOtherRoom.build/Debug-iphonesimulator/PhoneInTheOtherRoomScreenTimeReport.build/Counting\ Sheep\ Screen\ Time\ Report.appex.xcent --timestamp\=none --generate-entitlement-der /tmp/counting-sheep-coat-build/Build/Products/Debug-iphonesimulator/Counting\ Sheep\ Screen\ Time\ Report.appex

CodeSign /tmp/counting-sheep-coat-build/Build/Products/Debug-iphonesimulator/Counting\ Sheep\ Live\ Activity.appex/Counting\ Sheep\ Live\ Activity.debug.dylib (in target 'PhoneInTheOtherRoomLiveActivity' from project 'PhoneInTheOtherRoom')
    cd /Users/ngawangchime/Desktop/Developer\ Projects/Phone\ in\ the\ Other\ Room

    Signing Identity:     "Sign to Run Locally"

    /usr/bin/codesign --force --sign - --timestamp\=none --generate-entitlement-der /tmp/counting-sheep-coat-build/Build/Products/Debug-iphonesimulator/Counting\ Sheep\ Live\ Activity.appex/Counting\ Sheep\ Live\ Activity.debug.dylib

CodeSign /tmp/counting-sheep-coat-build/Build/Products/Debug-iphonesimulator/Counting\ Sheep\ Live\ Activity.appex/__preview.dylib (in target 'PhoneInTheOtherRoomLiveActivity' from project 'PhoneInTheOtherRoom')
    cd /Users/ngawangchime/Desktop/Developer\ Projects/Phone\ in\ the\ Other\ Room

    Signing Identity:     "Sign to Run Locally"

    /usr/bin/codesign --force --sign - --timestamp\=none --generate-entitlement-der /tmp/counting-sheep-coat-build/Build/Products/Debug-iphonesimulator/Counting\ Sheep\ Live\ Activity.appex/__preview.dylib
/tmp/counting-sheep-coat-build/Build/Products/Debug-iphonesimulator/Counting Sheep Live Activity.appex/__preview.dylib: replacing existing signature

SwiftEmitModule normal arm64 Emitting\ module\ for\ Counting_Sheep_Wind_Down_Monitor (in target 'PhoneInTheOtherRoomDeviceActivityMonitor' from project 'PhoneInTheOtherRoom')

EmitSwiftModule normal arm64 (in target 'PhoneInTheOtherRoomDeviceActivityMonitor' from project 'PhoneInTheOtherRoom')
    cd /Users/ngawangchime/Desktop/Developer\ Projects/Phone\ in\ the\ Other\ Room


SwiftCompile normal arm64 Compiling\ Campfire.swift,\ CampfireVisibility.swift /Users/ngawangchime/Desktop/Developer\ Projects/Phone\ in\ the\ Other\ Room/Shared/Campfire.swift /Users/ngawangchime/Desktop/Developer\ Projects/Phone\ in\ the\ Other\ Room/Shared/CampfireVisibility.swift (in target 'PhoneInTheOtherRoomDeviceActivityMonitor' from project 'PhoneInTheOtherRoom')

SwiftCompile normal arm64 /Users/ngawangchime/Desktop/Developer\ Projects/Phone\ in\ the\ Other\ Room/Shared/Campfire.swift (in target 'PhoneInTheOtherRoomDeviceActivityMonitor' from project 'PhoneInTheOtherRoom')
    cd /Users/ngawangchime/Desktop/Developer\ Projects/Phone\ in\ the\ Other\ Room


SwiftCompile normal arm64 /Users/ngawangchime/Desktop/Developer\ Projects/Phone\ in\ the\ Other\ Room/Shared/CampfireVisibility.swift (in target 'PhoneInTheOtherRoomDeviceActivityMonitor' from project 'PhoneInTheOtherRoom')
    cd /Users/ngawangchime/Desktop/Developer\ Projects/Phone\ in\ the\ Other\ Room


CodeSign /tmp/counting-sheep-coat-build/Build/Products/Debug-iphonesimulator/Counting\ Sheep\ Live\ Activity.appex (in target 'PhoneInTheOtherRoomLiveActivity' from project 'PhoneInTheOtherRoom')
    cd /Users/ngawangchime/Desktop/Developer\ Projects/Phone\ in\ the\ Other\ Room

    Signing Identity:     "Sign to Run Locally"

    /usr/bin/codesign --force --sign - --entitlements /tmp/counting-sheep-coat-build/Build/Intermediates.noindex/PhoneInTheOtherRoom.build/Debug-iphonesimulator/PhoneInTheOtherRoomLiveActivity.build/Counting\ Sheep\ Live\ Activity.appex.xcent --timestamp\=none --generate-entitlement-der /tmp/counting-sheep-coat-build/Build/Products/Debug-iphonesimulator/Counting\ Sheep\ Live\ Activity.appex

SwiftDriverJobDiscovery normal arm64 Compiling Campfire.swift, CampfireVisibility.swift (in target 'PhoneInTheOtherRoomDeviceActivityMonitor' from project 'PhoneInTheOtherRoom')

SwiftCompile normal arm64 Compiling\ NightFlockV4Outbox.swift,\ Orientation.swift /Users/ngawangchime/Desktop/Developer\ Projects/Phone\ in\ the\ Other\ Room/Shared/NightFlockV4Outbox.swift /Users/ngawangchime/Desktop/Developer\ Projects/Phone\ in\ the\ Other\ Room/Shared/Orientation.swift (in target 'PhoneInTheOtherRoomDeviceActivityMonitor' from project 'PhoneInTheOtherRoom')
SwiftCompile normal arm64 /Users/ngawangchime/Desktop/Developer\ Projects/Phone\ in\ the\ Other\ Room/Shared/NightFlockV4Outbox.swift (in target 'PhoneInTheOtherRoomDeviceActivityMonitor' from project 'PhoneInTheOtherRoom')
    cd /Users/ngawangchime/Desktop/Developer\ Projects/Phone\ in\ the\ Other\ Room


SwiftCompile normal arm64 /Users/ngawangchime/Desktop/Developer\ Projects/Phone\ in\ the\ Other\ Room/Shared/Orientation.swift (in target 'PhoneInTheOtherRoomDeviceActivityMonitor' from project 'PhoneInTheOtherRoom')
    cd /Users/ngawangchime/Desktop/Developer\ Projects/Phone\ in\ the\ Other\ Room


SwiftCompile normal arm64 Compiling\ NightFlockRequestScheduling.swift,\ NightFlockV4API.swift /Users/ngawangchime/Desktop/Developer\ Projects/Phone\ in\ the\ Other\ Room/Shared/NightFlockRequestScheduling.swift /Users/ngawangchime/Desktop/Developer\ Projects/Phone\ in\ the\ Other\ Room/Shared/NightFlockV4API.swift (in target 'PhoneInTheOtherRoomDeviceActivityMonitor' from project 'PhoneInTheOtherRoom')
SwiftCompile normal arm64 /Users/ngawangchime/Desktop/Developer\ Projects/Phone\ in\ the\ Other\ Room/Shared/NightFlockRequestScheduling.swift (in target 'PhoneInTheOtherRoomDeviceActivityMonitor' from project 'PhoneInTheOtherRoom')
    cd /Users/ngawangchime/Desktop/Developer\ Projects/Phone\ in\ the\ Other\ Room


SwiftCompile normal arm64 /Users/ngawangchime/Desktop/Developer\ Projects/Phone\ in\ the\ Other\ Room/Shared/NightFlockV4API.swift (in target 'PhoneInTheOtherRoomDeviceActivityMonitor' from project 'PhoneInTheOtherRoom')
    cd /Users/ngawangchime/Desktop/Developer\ Projects/Phone\ in\ the\ Other\ Room


SwiftDriverJobDiscovery normal arm64 Emitting module for Counting_Sheep_Wind_Down_Monitor (in target 'PhoneInTheOtherRoomDeviceActivityMonitor' from project 'PhoneInTheOtherRoom')

SwiftDriver\ Compilation\ Requirements PhoneInTheOtherRoomDeviceActivityMonitor normal arm64 com.apple.xcode.tools.swift.compiler (in target 'PhoneInTheOtherRoomDeviceActivityMonitor' from project 'PhoneInTheOtherRoom')
    cd /Users/ngawangchime/Desktop/Developer\ Projects/Phone\ in\ the\ Other\ Room
    builtin-Swift-Compilation-Requirements -- /Applications/Xcode.app/Contents/Developer/Toolchains/XcodeDefault.xctoolchain/usr/bin/swiftc -module-name Counting_Sheep_Wind_Down_Monitor -Onone @/tmp/counting-sheep-coat-build/Build/Intermediates.noindex/PhoneInTheOtherRoom.build/Debug-iphonesimulator/PhoneInTheOtherRoomDeviceActivityMonitor.build/Objects-normal/arm64/Counting\ Sheep\ Wind\ Down\ Monitor.SwiftFileList -DDEBUG -DSCREEN_TIME_REPORTS -enable-bare-slash-regex -enable-experimental-feature DebugDescriptionMacro -sdk /Applications/Xcode.app/Contents/Developer/Platforms/iPhoneSimulator.platform/Developer/SDKs/iPhoneSimulator26.5.sdk -target arm64-apple-ios17.0-simulator -g -module-cache-path /tmp/counting-sheep-coat-build/ModuleCache.noindex -Xfrontend -serialize-debugging-options -application-extension -enable-testing -index-store-path /tmp/counting-sheep-coat-build/Index.noindex/DataStore -Xcc -D_LIBCPP_HARDENING_MODE\=_LIBCPP_HARDENING_MODE_DEBUG -swift-version 5 -I /tmp/counting-sheep-coat-build/Build/Products/Debug-iphonesimulator -F /tmp/counting-sheep-coat-build/Build/Products/Debug-iphonesimulator -c -j8 -enable-batch-mode -incremental -Xcc -ivfsstatcache -Xcc /tmp/counting-sheep-coat-build/SDKStatCaches.noindex/iphonesimulator26.5-23F81a-6cfe768891a92b912361537c460fe42b.sdkstatcache -output-file-map /tmp/counting-sheep-coat-build/Build/Intermediates.noindex/PhoneInTheOtherRoom.build/Debug-iphonesimulator/PhoneInTheOtherRoomDeviceActivityMonitor.build/Objects-normal/arm64/PhoneInTheOtherRoomDeviceActivityMonitor-OutputFileMap.json -use-frontend-parseable-output -save-temps -no-color-diagnostics -explicit-module-build -module-cache-path /tmp/counting-sheep-coat-build/Build/Intermediates.noindex/SwiftExplicitPrecompiledModules -clang-scanner-module-cache-path /tmp/counting-sheep-coat-build/ModuleCache.noindex -sdk-module-cache-path /tmp/counting-sheep-coat-build/ModuleCache.noindex -serialize-diagnostics -emit-dependencies -emit-module -emit-module-path /tmp/counting-sheep-coat-build/Build/Intermediates.noindex/PhoneInTheOtherRoom.build/Debug-iphonesimulator/PhoneInTheOtherRoomDeviceActivityMonitor.build/Objects-normal/arm64/Counting_Sheep_Wind_Down_Monitor.swiftmodule -validate-clang-modules-once -clang-build-session-file /tmp/counting-sheep-coat-build/ModuleCache.noindex/Session.modulevalidation -Xcc -I/tmp/counting-sheep-coat-build/Build/Intermediates.noindex/PhoneInTheOtherRoom.build/Debug-iphonesimulator/PhoneInTheOtherRoomDeviceActivityMonitor.build/swift-overrides.hmap -emit-const-values -Xfrontend -const-gather-protocols-file -Xfrontend /tmp/counting-sheep-coat-build/Build/Intermediates.noindex/PhoneInTheOtherRoom.build/Debug-iphonesimulator/PhoneInTheOtherRoomDeviceActivityMonitor.build/Objects-normal/arm64/PhoneInTheOtherRoomDeviceActivityMonitor_const_extract_protocols.json -Xcc -iquote -Xcc /tmp/counting-sheep-coat-build/Build/Intermediates.noindex/PhoneInTheOtherRoom.build/Debug-iphonesimulator/PhoneInTheOtherRoomDeviceActivityMonitor.build/Counting\ Sheep\ Wind\ Down\ Monitor-generated-files.hmap -Xcc -I/tmp/counting-sheep-coat-build/Build/Intermediates.noindex/PhoneInTheOtherRoom.build/Debug-iphonesimulator/PhoneInTheOtherRoomDeviceActivityMonitor.build/Counting\ Sheep\ Wind\ Down\ Monitor-own-target-headers.hmap -Xcc -I/tmp/counting-sheep-coat-build/Build/Intermediates.noindex/PhoneInTheOtherRoom.build/Debug-iphonesimulator/PhoneInTheOtherRoomDeviceActivityMonitor.build/Counting\ Sheep\ Wind\ Down\ Monitor-all-non-framework-target-headers.hmap -Xcc -ivfsoverlay -Xcc /tmp/counting-sheep-coat-build/Build/Intermediates.noindex/PhoneInTheOtherRoom.build/Debug-iphonesimulator/PhoneInTheOtherRoom-d9a00fb94435e678319518e524e23875-VFS-iphonesimulator/all-product-headers.yaml -Xcc -iquote -Xcc /tmp/counting-sheep-coat-build/Build/Intermediates.noindex/PhoneInTheOtherRoom.build/Debug-iphonesimulator/PhoneInTheOtherRoomDeviceActivityMonitor.build/Counting\ Sheep\ Wind\ Down\ Monitor-project-headers.hmap -Xcc -I/tmp/counting-sheep-coat-build/Build/Products/Debug-iphonesimulator/include -Xcc -I/tmp/counting-sheep-coat-build/Build/Intermediates.noindex/PhoneInTheOtherRoom.build/Debug-iphonesimulator/PhoneInTheOtherRoomDeviceActivityMonitor.build/DerivedSources-normal/arm64 -Xcc -I/tmp/counting-sheep-coat-build/Build/Intermediates.noindex/PhoneInTheOtherRoom.build/Debug-iphonesimulator/PhoneInTheOtherRoomDeviceActivityMonitor.build/DerivedSources/arm64 -Xcc -I/tmp/counting-sheep-coat-build/Build/Intermediates.noindex/PhoneInTheOtherRoom.build/Debug-iphonesimulator/PhoneInTheOtherRoomDeviceActivityMonitor.build/DerivedSources -Xcc -DDEBUG\=1 -emit-objc-header -emit-objc-header-path /tmp/counting-sheep-coat-build/Build/Intermediates.noindex/PhoneInTheOtherRoom.build/Debug-iphonesimulator/PhoneInTheOtherRoomDeviceActivityMonitor.build/Objects-normal/arm64/Counting_Sheep_Wind_Down_Monitor-Swift.h -working-directory /Users/ngawangchime/Desktop/Developer\ Projects/Phone\ in\ the\ Other\ Room -experimental-emit-module-separately -disable-cmo

SwiftDriverJobDiscovery normal arm64 Compiling NightFlockV4Outbox.swift, Orientation.swift (in target 'PhoneInTheOtherRoomDeviceActivityMonitor' from project 'PhoneInTheOtherRoom')

SwiftCompile normal arm64 Compiling\ FocusRunLiveActivity.swift,\ FocusRunRules.swift,\ FocusSessionStartResult.swift,\ HomeReceiptRouting.swift /Users/ngawangchime/Desktop/Developer\ Projects/Phone\ in\ the\ Other\ Room/Shared/FocusRunLiveActivity.swift /Users/ngawangchime/Desktop/Developer\ Projects/Phone\ in\ the\ Other\ Room/Shared/FocusRunRules.swift /Users/ngawangchime/Desktop/Developer\ Projects/Phone\ in\ the\ Other\ Room/Shared/FocusSessionStartResult.swift /Users/ngawangchime/Desktop/Developer\ Projects/Phone\ in\ the\ Other\ Room/Shared/HomeReceiptRouting.swift (in target 'PhoneInTheOtherRoomDeviceActivityMonitor' from project 'PhoneInTheOtherRoom')

SwiftCompile normal arm64 /Users/ngawangchime/Desktop/Developer\ Projects/Phone\ in\ the\ Other\ Room/Shared/FocusRunLiveActivity.swift (in target 'PhoneInTheOtherRoomDeviceActivityMonitor' from project 'PhoneInTheOtherRoom')
    cd /Users/ngawangchime/Desktop/Developer\ Projects/Phone\ in\ the\ Other\ Room


SwiftCompile normal arm64 /Users/ngawangchime/Desktop/Developer\ Projects/Phone\ in\ the\ Other\ Room/Shared/FocusRunRules.swift (in target 'PhoneInTheOtherRoomDeviceActivityMonitor' from project 'PhoneInTheOtherRoom')
    cd /Users/ngawangchime/Desktop/Developer\ Projects/Phone\ in\ the\ Other\ Room


SwiftCompile normal arm64 /Users/ngawangchime/Desktop/Developer\ Projects/Phone\ in\ the\ Other\ Room/Shared/FocusSessionStartResult.swift (in target 'PhoneInTheOtherRoomDeviceActivityMonitor' from project 'PhoneInTheOtherRoom')
    cd /Users/ngawangchime/Desktop/Developer\ Projects/Phone\ in\ the\ Other\ Room


SwiftCompile normal arm64 /Users/ngawangchime/Desktop/Developer\ Projects/Phone\ in\ the\ Other\ Room/Shared/HomeReceiptRouting.swift (in target 'PhoneInTheOtherRoomDeviceActivityMonitor' from project 'PhoneInTheOtherRoom')
    cd /Users/ngawangchime/Desktop/Developer\ Projects/Phone\ in\ the\ Other\ Room


Copy /tmp/counting-sheep-coat-build/Build/Products/Debug-iphonesimulator/Counting_Sheep_Wind_Down_Monitor.swiftmodule/arm64-apple-ios-simulator.swiftmodule /tmp/counting-sheep-coat-build/Build/Intermediates.noindex/PhoneInTheOtherRoom.build/Debug-iphonesimulator/PhoneInTheOtherRoomDeviceActivityMonitor.build/Objects-normal/arm64/Counting_Sheep_Wind_Down_Monitor.swiftmodule (in target 'PhoneInTheOtherRoomDeviceActivityMonitor' from project 'PhoneInTheOtherRoom')
    cd /Users/ngawangchime/Desktop/Developer\ Projects/Phone\ in\ the\ Other\ Room
    builtin-copy -exclude .DS_Store -exclude CVS -exclude .svn -exclude .git -exclude .hg -resolve-src-symlinks -rename /tmp/counting-sheep-coat-build/Build/Intermediates.noindex/PhoneInTheOtherRoom.build/Debug-iphonesimulator/PhoneInTheOtherRoomDeviceActivityMonitor.build/Objects-normal/arm64/Counting_Sheep_Wind_Down_Monitor.swiftmodule /tmp/counting-sheep-coat-build/Build/Products/Debug-iphonesimulator/Counting_Sheep_Wind_Down_Monitor.swiftmodule/arm64-apple-ios-simulator.swiftmodule

SwiftDriverJobDiscovery normal arm64 Compiling FocusRunLiveActivity.swift, FocusRunRules.swift, FocusSessionStartResult.swift, HomeReceiptRouting.swift (in target 'PhoneInTheOtherRoomDeviceActivityMonitor' from project 'PhoneInTheOtherRoom')

Copy /tmp/counting-sheep-coat-build/Build/Products/Debug-iphonesimulator/Counting_Sheep_Wind_Down_Monitor.swiftmodule/arm64-apple-ios-simulator.swiftdoc /tmp/counting-sheep-coat-build/Build/Intermediates.noindex/PhoneInTheOtherRoom.build/Debug-iphonesimulator/PhoneInTheOtherRoomDeviceActivityMonitor.build/Objects-normal/arm64/Counting_Sheep_Wind_Down_Monitor.swiftdoc (in target 'PhoneInTheOtherRoomDeviceActivityMonitor' from project 'PhoneInTheOtherRoom')
    cd /Users/ngawangchime/Desktop/Developer\ Projects/Phone\ in\ the\ Other\ Room
    builtin-copy -exclude .DS_Store -exclude CVS -exclude .svn -exclude .git -exclude .hg -resolve-src-symlinks -rename /tmp/counting-sheep-coat-build/Build/Intermediates.noindex/PhoneInTheOtherRoom.build/Debug-iphonesimulator/PhoneInTheOtherRoomDeviceActivityMonitor.build/Objects-normal/arm64/Counting_Sheep_Wind_Down_Monitor.swiftdoc /tmp/counting-sheep-coat-build/Build/Products/Debug-iphonesimulator/Counting_Sheep_Wind_Down_Monitor.swiftmodule/arm64-apple-ios-simulator.swiftdoc

Copy /tmp/counting-sheep-coat-build/Build/Products/Debug-iphonesimulator/Counting_Sheep_Wind_Down_Monitor.swiftmodule/arm64-apple-ios-simulator.abi.json /tmp/counting-sheep-coat-build/Build/Intermediates.noindex/PhoneInTheOtherRoom.build/Debug-iphonesimulator/PhoneInTheOtherRoomDeviceActivityMonitor.build/Objects-normal/arm64/Counting_Sheep_Wind_Down_Monitor.abi.json (in target 'PhoneInTheOtherRoomDeviceActivityMonitor' from project 'PhoneInTheOtherRoom')
    cd /Users/ngawangchime/Desktop/Developer\ Projects/Phone\ in\ the\ Other\ Room
    builtin-copy -exclude .DS_Store -exclude CVS -exclude .svn -exclude .git -exclude .hg -resolve-src-symlinks -rename /tmp/counting-sheep-coat-build/Build/Intermediates.noindex/PhoneInTheOtherRoom.build/Debug-iphonesimulator/PhoneInTheOtherRoomDeviceActivityMonitor.build/Objects-normal/arm64/Counting_Sheep_Wind_Down_Monitor.abi.json /tmp/counting-sheep-coat-build/Build/Products/Debug-iphonesimulator/Counting_Sheep_Wind_Down_Monitor.swiftmodule/arm64-apple-ios-simulator.abi.json

Copy /tmp/counting-sheep-coat-build/Build/Products/Debug-iphonesimulator/Counting_Sheep_Wind_Down_Monitor.swiftmodule/Project/arm64-apple-ios-simulator.swiftsourceinfo /tmp/counting-sheep-coat-build/Build/Intermediates.noindex/PhoneInTheOtherRoom.build/Debug-iphonesimulator/PhoneInTheOtherRoomDeviceActivityMonitor.build/Objects-normal/arm64/Counting_Sheep_Wind_Down_Monitor.swiftsourceinfo (in target 'PhoneInTheOtherRoomDeviceActivityMonitor' from project 'PhoneInTheOtherRoom')
    cd /Users/ngawangchime/Desktop/Developer\ Projects/Phone\ in\ the\ Other\ Room
    builtin-copy -exclude .DS_Store -exclude CVS -exclude .svn -exclude .git -exclude .hg -resolve-src-symlinks -rename /tmp/counting-sheep-coat-build/Build/Intermediates.noindex/PhoneInTheOtherRoom.build/Debug-iphonesimulator/PhoneInTheOtherRoomDeviceActivityMonitor.build/Objects-normal/arm64/Counting_Sheep_Wind_Down_Monitor.swiftsourceinfo /tmp/counting-sheep-coat-build/Build/Products/Debug-iphonesimulator/Counting_Sheep_Wind_Down_Monitor.swiftmodule/Project/arm64-apple-ios-simulator.swiftsourceinfo

SwiftCompile normal arm64 Compiling\ SessionGuard.swift,\ WatchMessage.swift,\ WelcomeReward.swift /Users/ngawangchime/Desktop/Developer\ Projects/Phone\ in\ the\ Other\ Room/Shared/SessionGuard.swift /Users/ngawangchime/Desktop/Developer\ Projects/Phone\ in\ the\ Other\ Room/Shared/WatchMessage.swift /Users/ngawangchime/Desktop/Developer\ Projects/Phone\ in\ the\ Other\ Room/Shared/WelcomeReward.swift (in target 'PhoneInTheOtherRoomDeviceActivityMonitor' from project 'PhoneInTheOtherRoom')
SwiftCompile normal arm64 /Users/ngawangchime/Desktop/Developer\ Projects/Phone\ in\ the\ Other\ Room/Shared/SessionGuard.swift (in target 'PhoneInTheOtherRoomDeviceActivityMonitor' from project 'PhoneInTheOtherRoom')
    cd /Users/ngawangchime/Desktop/Developer\ Projects/Phone\ in\ the\ Other\ Room


SwiftCompile normal arm64 /Users/ngawangchime/Desktop/Developer\ Projects/Phone\ in\ the\ Other\ Room/Shared/WatchMessage.swift (in target 'PhoneInTheOtherRoomDeviceActivityMonitor' from project 'PhoneInTheOtherRoom')
    cd /Users/ngawangchime/Desktop/Developer\ Projects/Phone\ in\ the\ Other\ Room


SwiftCompile normal arm64 /Users/ngawangchime/Desktop/Developer\ Projects/Phone\ in\ the\ Other\ Room/Shared/WelcomeReward.swift (in target 'PhoneInTheOtherRoomDeviceActivityMonitor' from project 'PhoneInTheOtherRoom')
    cd /Users/ngawangchime/Desktop/Developer\ Projects/Phone\ in\ the\ Other\ Room


SwiftCompile normal arm64 Compiling\ ImpactMeasurement.swift,\ IndependentMorningSettlement.swift,\ NightFlockPresentation.swift,\ NightFlockSharedHabits.swift /Users/ngawangchime/Desktop/Developer\ Projects/Phone\ in\ the\ Other\ Room/Shared/ImpactMeasurement.swift /Users/ngawangchime/Desktop/Developer\ Projects/Phone\ in\ the\ Other\ Room/Shared/IndependentMorningSettlement.swift /Users/ngawangchime/Desktop/Developer\ Projects/Phone\ in\ the\ Other\ Room/Shared/NightFlockPresentation.swift /Users/ngawangchime/Desktop/Developer\ Projects/Phone\ in\ the\ Other\ Room/Shared/NightFlockSharedHabits.swift (in target 'PhoneInTheOtherRoomDeviceActivityMonitor' from project 'PhoneInTheOtherRoom')
SwiftCompile normal arm64 /Users/ngawangchime/Desktop/Developer\ Projects/Phone\ in\ the\ Other\ Room/Shared/ImpactMeasurement.swift (in target 'PhoneInTheOtherRoomDeviceActivityMonitor' from project 'PhoneInTheOtherRoom')
    cd /Users/ngawangchime/Desktop/Developer\ Projects/Phone\ in\ the\ Other\ Room


SwiftCompile normal arm64 /Users/ngawangchime/Desktop/Developer\ Projects/Phone\ in\ the\ Other\ Room/Shared/IndependentMorningSettlement.swift (in target 'PhoneInTheOtherRoomDeviceActivityMonitor' from project 'PhoneInTheOtherRoom')
    cd /Users/ngawangchime/Desktop/Developer\ Projects/Phone\ in\ the\ Other\ Room


SwiftCompile normal arm64 /Users/ngawangchime/Desktop/Developer\ Projects/Phone\ in\ the\ Other\ Room/Shared/NightFlockPresentation.swift (in target 'PhoneInTheOtherRoomDeviceActivityMonitor' from project 'PhoneInTheOtherRoom')
    cd /Users/ngawangchime/Desktop/Developer\ Projects/Phone\ in\ the\ Other\ Room


SwiftCompile normal arm64 /Users/ngawangchime/Desktop/Developer\ Projects/Phone\ in\ the\ Other\ Room/Shared/NightFlockSharedHabits.swift (in target 'PhoneInTheOtherRoomDeviceActivityMonitor' from project 'PhoneInTheOtherRoom')
    cd /Users/ngawangchime/Desktop/Developer\ Projects/Phone\ in\ the\ Other\ Room


SwiftDriverJobDiscovery normal arm64 Compiling NightFlockRequestScheduling.swift, NightFlockV4API.swift (in target 'PhoneInTheOtherRoomDeviceActivityMonitor' from project 'PhoneInTheOtherRoom')

SwiftDriverJobDiscovery normal arm64 Compiling SessionGuard.swift, WatchMessage.swift, WelcomeReward.swift (in target 'PhoneInTheOtherRoomDeviceActivityMonitor' from project 'PhoneInTheOtherRoom')

SwiftCompile normal arm64 Compiling\ AccountCredentials.swift,\ AutomaticWindDownSchedulingDecision.swift /Users/ngawangchime/Desktop/Developer\ Projects/Phone\ in\ the\ Other\ Room/Shared/AccountCredentials.swift /Users/ngawangchime/Desktop/Developer\ Projects/Phone\ in\ the\ Other\ Room/Shared/AutomaticWindDownSchedulingDecision.swift (in target 'PhoneInTheOtherRoomDeviceActivityMonitor' from project 'PhoneInTheOtherRoom')

SwiftCompile normal arm64 /Users/ngawangchime/Desktop/Developer\ Projects/Phone\ in\ the\ Other\ Room/Shared/AccountCredentials.swift (in target 'PhoneInTheOtherRoomDeviceActivityMonitor' from project 'PhoneInTheOtherRoom')
    cd /Users/ngawangchime/Desktop/Developer\ Projects/Phone\ in\ the\ Other\ Room


SwiftCompile normal arm64 /Users/ngawangchime/Desktop/Developer\ Projects/Phone\ in\ the\ Other\ Room/Shared/AutomaticWindDownSchedulingDecision.swift (in target 'PhoneInTheOtherRoomDeviceActivityMonitor' from project 'PhoneInTheOtherRoom')
    cd /Users/ngawangchime/Desktop/Developer\ Projects/Phone\ in\ the\ Other\ Room


SwiftCompile normal arm64 Compiling\ ActiveRunPresentation.swift,\ CampfireProfile.swift,\ FarmBackupPayload.swift,\ FarmSaveDocument.swift /Users/ngawangchime/Desktop/Developer\ Projects/Phone\ in\ the\ Other\ Room/Shared/ActiveRunPresentation.swift /Users/ngawangchime/Desktop/Developer\ Projects/Phone\ in\ the\ Other\ Room/Shared/CampfireProfile.swift /Users/ngawangchime/Desktop/Developer\ Projects/Phone\ in\ the\ Other\ Room/Shared/FarmBackupPayload.swift /Users/ngawangchime/Desktop/Developer\ Projects/Phone\ in\ the\ Other\ Room/Shared/FarmSaveDocument.swift (in target 'PhoneInTheOtherRoomDeviceActivityMonitor' from project 'PhoneInTheOtherRoom')

SwiftCompile normal arm64 /Users/ngawangchime/Desktop/Developer\ Projects/Phone\ in\ the\ Other\ Room/Shared/ActiveRunPresentation.swift (in target 'PhoneInTheOtherRoomDeviceActivityMonitor' from project 'PhoneInTheOtherRoom')
    cd /Users/ngawangchime/Desktop/Developer\ Projects/Phone\ in\ the\ Other\ Room


SwiftCompile normal arm64 /Users/ngawangchime/Desktop/Developer\ Projects/Phone\ in\ the\ Other\ Room/Shared/CampfireProfile.swift (in target 'PhoneInTheOtherRoomDeviceActivityMonitor' from project 'PhoneInTheOtherRoom')
    cd /Users/ngawangchime/Desktop/Developer\ Projects/Phone\ in\ the\ Other\ Room


SwiftCompile normal arm64 /Users/ngawangchime/Desktop/Developer\ Projects/Phone\ in\ the\ Other\ Room/Shared/FarmBackupPayload.swift (in target 'PhoneInTheOtherRoomDeviceActivityMonitor' from project 'PhoneInTheOtherRoom')
    cd /Users/ngawangchime/Desktop/Developer\ Projects/Phone\ in\ the\ Other\ Room


SwiftCompile normal arm64 /Users/ngawangchime/Desktop/Developer\ Projects/Phone\ in\ the\ Other\ Room/Shared/FarmSaveDocument.swift (in target 'PhoneInTheOtherRoomDeviceActivityMonitor' from project 'PhoneInTheOtherRoom')
    cd /Users/ngawangchime/Desktop/Developer\ Projects/Phone\ in\ the\ Other\ Room


SwiftDriverJobDiscovery normal arm64 Compiling AccountCredentials.swift, AutomaticWindDownSchedulingDecision.swift (in target 'PhoneInTheOtherRoomDeviceActivityMonitor' from project 'PhoneInTheOtherRoom')

SwiftCompile normal arm64 Compiling\ WindDownGuidance.swift,\ WindDownHabit.swift,\ WindDownScheduling.swift /Users/ngawangchime/Desktop/Developer\ Projects/Phone\ in\ the\ Other\ Room/Shared/WindDownGuidance.swift /Users/ngawangchime/Desktop/Developer\ Projects/Phone\ in\ the\ Other\ Room/Shared/WindDownHabit.swift /Users/ngawangchime/Desktop/Developer\ Projects/Phone\ in\ the\ Other\ Room/Shared/WindDownScheduling.swift (in target 'PhoneInTheOtherRoomDeviceActivityMonitor' from project 'PhoneInTheOtherRoom')
SwiftCompile normal arm64 /Users/ngawangchime/Desktop/Developer\ Projects/Phone\ in\ the\ Other\ Room/Shared/WindDownGuidance.swift (in target 'PhoneInTheOtherRoomDeviceActivityMonitor' from project 'PhoneInTheOtherRoom')
    cd /Users/ngawangchime/Desktop/Developer\ Projects/Phone\ in\ the\ Other\ Room


SwiftCompile normal arm64 /Users/ngawangchime/Desktop/Developer\ Projects/Phone\ in\ the\ Other\ Room/Shared/WindDownHabit.swift (in target 'PhoneInTheOtherRoomDeviceActivityMonitor' from project 'PhoneInTheOtherRoom')
    cd /Users/ngawangchime/Desktop/Developer\ Projects/Phone\ in\ the\ Other\ Room


SwiftCompile normal arm64 /Users/ngawangchime/Desktop/Developer\ Projects/Phone\ in\ the\ Other\ Room/Shared/WindDownScheduling.swift (in target 'PhoneInTheOtherRoomDeviceActivityMonitor' from project 'PhoneInTheOtherRoom')
    cd /Users/ngawangchime/Desktop/Developer\ Projects/Phone\ in\ the\ Other\ Room


SwiftDriverJobDiscovery normal arm64 Compiling ActiveRunPresentation.swift, CampfireProfile.swift, FarmBackupPayload.swift, FarmSaveDocument.swift (in target 'PhoneInTheOtherRoomDeviceActivityMonitor' from project 'PhoneInTheOtherRoom')

SwiftDriverJobDiscovery normal arm64 Compiling ImpactMeasurement.swift, IndependentMorningSettlement.swift, NightFlockPresentation.swift, NightFlockSharedHabits.swift (in target 'PhoneInTheOtherRoomDeviceActivityMonitor' from project 'PhoneInTheOtherRoom')

SwiftCompile normal arm64 Compiling\ NightFlockReadDeadline.swift,\ NightFlockRemoteError.swift /Users/ngawangchime/Desktop/Developer\ Projects/Phone\ in\ the\ Other\ Room/Shared/NightFlockReadDeadline.swift /Users/ngawangchime/Desktop/Developer\ Projects/Phone\ in\ the\ Other\ Room/Shared/NightFlockRemoteError.swift (in target 'PhoneInTheOtherRoomDeviceActivityMonitor' from project 'PhoneInTheOtherRoom')
SwiftCompile normal arm64 /Users/ngawangchime/Desktop/Developer\ Projects/Phone\ in\ the\ Other\ Room/Shared/NightFlockReadDeadline.swift (in target 'PhoneInTheOtherRoomDeviceActivityMonitor' from project 'PhoneInTheOtherRoom')
    cd /Users/ngawangchime/Desktop/Developer\ Projects/Phone\ in\ the\ Other\ Room


SwiftCompile normal arm64 /Users/ngawangchime/Desktop/Developer\ Projects/Phone\ in\ the\ Other\ Room/Shared/NightFlockRemoteError.swift (in target 'PhoneInTheOtherRoomDeviceActivityMonitor' from project 'PhoneInTheOtherRoom')
    cd /Users/ngawangchime/Desktop/Developer\ Projects/Phone\ in\ the\ Other\ Room


SwiftCompile normal arm64 Compiling\ FirstRunJourney.swift,\ HomeStartRouting.swift /Users/ngawangchime/Desktop/Developer\ Projects/Phone\ in\ the\ Other\ Room/Shared/FirstRunJourney.swift /Users/ngawangchime/Desktop/Developer\ Projects/Phone\ in\ the\ Other\ Room/Shared/HomeStartRouting.swift (in target 'PhoneInTheOtherRoomDeviceActivityMonitor' from project 'PhoneInTheOtherRoom')

SwiftCompile normal arm64 /Users/ngawangchime/Desktop/Developer\ Projects/Phone\ in\ the\ Other\ Room/Shared/FirstRunJourney.swift (in target 'PhoneInTheOtherRoomDeviceActivityMonitor' from project 'PhoneInTheOtherRoom')
    cd /Users/ngawangchime/Desktop/Developer\ Projects/Phone\ in\ the\ Other\ Room


SwiftCompile normal arm64 /Users/ngawangchime/Desktop/Developer\ Projects/Phone\ in\ the\ Other\ Room/Shared/HomeStartRouting.swift (in target 'PhoneInTheOtherRoomDeviceActivityMonitor' from project 'PhoneInTheOtherRoom')
    cd /Users/ngawangchime/Desktop/Developer\ Projects/Phone\ in\ the\ Other\ Room


SwiftDriverJobDiscovery normal arm64 Compiling WindDownGuidance.swift, WindDownHabit.swift, WindDownScheduling.swift (in target 'PhoneInTheOtherRoomDeviceActivityMonitor' from project 'PhoneInTheOtherRoom')

SwiftCompile normal arm64 Compiling\ NotificationPlanning.swift,\ OllieModels.swift,\ OnboardingJourney.swift,\ PhoneAwaySearchSettlement.swift /Users/ngawangchime/Desktop/Developer\ Projects/Phone\ in\ the\ Other\ Room/Shared/NotificationPlanning.swift /Users/ngawangchime/Desktop/Developer\ Projects/Phone\ in\ the\ Other\ Room/Shared/Models/OllieModels.swift /Users/ngawangchime/Desktop/Developer\ Projects/Phone\ in\ the\ Other\ Room/Shared/OnboardingJourney.swift /Users/ngawangchime/Desktop/Developer\ Projects/Phone\ in\ the\ Other\ Room/Shared/PhoneAwaySearchSettlement.swift (in target 'PhoneInTheOtherRoomDeviceActivityMonitor' from project 'PhoneInTheOtherRoom')
SwiftCompile normal arm64 /Users/ngawangchime/Desktop/Developer\ Projects/Phone\ in\ the\ Other\ Room/Shared/NotificationPlanning.swift (in target 'PhoneInTheOtherRoomDeviceActivityMonitor' from project 'PhoneInTheOtherRoom')
    cd /Users/ngawangchime/Desktop/Developer\ Projects/Phone\ in\ the\ Other\ Room


SwiftCompile normal arm64 /Users/ngawangchime/Desktop/Developer\ Projects/Phone\ in\ the\ Other\ Room/Shared/Models/OllieModels.swift (in target 'PhoneInTheOtherRoomDeviceActivityMonitor' from project 'PhoneInTheOtherRoom')
    cd /Users/ngawangchime/Desktop/Developer\ Projects/Phone\ in\ the\ Other\ Room


SwiftCompile normal arm64 /Users/ngawangchime/Desktop/Developer\ Projects/Phone\ in\ the\ Other\ Room/Shared/OnboardingJourney.swift (in target 'PhoneInTheOtherRoomDeviceActivityMonitor' from project 'PhoneInTheOtherRoom')
    cd /Users/ngawangchime/Desktop/Developer\ Projects/Phone\ in\ the\ Other\ Room


SwiftCompile normal arm64 /Users/ngawangchime/Desktop/Developer\ Projects/Phone\ in\ the\ Other\ Room/Shared/PhoneAwaySearchSettlement.swift (in target 'PhoneInTheOtherRoomDeviceActivityMonitor' from project 'PhoneInTheOtherRoom')
    cd /Users/ngawangchime/Desktop/Developer\ Projects/Phone\ in\ the\ Other\ Room


SwiftDriverJobDiscovery normal arm64 Compiling FirstRunJourney.swift, HomeStartRouting.swift (in target 'PhoneInTheOtherRoomDeviceActivityMonitor' from project 'PhoneInTheOtherRoom')

SwiftCompile normal arm64 Compiling\ QuietTimeShieldSchedule.swift,\ QuietTimeShielding.swift,\ RewardEngine.swift,\ ScreenFreeMorningPresentation.swift /Users/ngawangchime/Desktop/Developer\ Projects/Phone\ in\ the\ Other\ Room/Shared/QuietTimeShieldSchedule.swift /Users/ngawangchime/Desktop/Developer\ Projects/Phone\ in\ the\ Other\ Room/Shared/QuietTimeShielding.swift /Users/ngawangchime/Desktop/Developer\ Projects/Phone\ in\ the\ Other\ Room/Shared/RewardEngine.swift /Users/ngawangchime/Desktop/Developer\ Projects/Phone\ in\ the\ Other\ Room/Shared/ScreenFreeMorningPresentation.swift (in target 'PhoneInTheOtherRoomDeviceActivityMonitor' from project 'PhoneInTheOtherRoom')

SwiftCompile normal arm64 /Users/ngawangchime/Desktop/Developer\ Projects/Phone\ in\ the\ Other\ Room/Shared/QuietTimeShieldSchedule.swift (in target 'PhoneInTheOtherRoomDeviceActivityMonitor' from project 'PhoneInTheOtherRoom')
    cd /Users/ngawangchime/Desktop/Developer\ Projects/Phone\ in\ the\ Other\ Room


SwiftCompile normal arm64 /Users/ngawangchime/Desktop/Developer\ Projects/Phone\ in\ the\ Other\ Room/Shared/QuietTimeShielding.swift (in target 'PhoneInTheOtherRoomDeviceActivityMonitor' from project 'PhoneInTheOtherRoom')
    cd /Users/ngawangchime/Desktop/Developer\ Projects/Phone\ in\ the\ Other\ Room


SwiftCompile normal arm64 /Users/ngawangchime/Desktop/Developer\ Projects/Phone\ in\ the\ Other\ Room/Shared/RewardEngine.swift (in target 'PhoneInTheOtherRoomDeviceActivityMonitor' from project 'PhoneInTheOtherRoom')
    cd /Users/ngawangchime/Desktop/Developer\ Projects/Phone\ in\ the\ Other\ Room


SwiftCompile normal arm64 /Users/ngawangchime/Desktop/Developer\ Projects/Phone\ in\ the\ Other\ Room/Shared/ScreenFreeMorningPresentation.swift (in target 'PhoneInTheOtherRoomDeviceActivityMonitor' from project 'PhoneInTheOtherRoom')
    cd /Users/ngawangchime/Desktop/Developer\ Projects/Phone\ in\ the\ Other\ Room


SwiftDriverJobDiscovery normal arm64 Compiling NightFlockReadDeadline.swift, NightFlockRemoteError.swift (in target 'PhoneInTheOtherRoomDeviceActivityMonitor' from project 'PhoneInTheOtherRoom')

SwiftCompile normal arm64 Compiling\ SlumberPartyAcquisition.swift,\ SlumberPartyInvitations.swift /Users/ngawangchime/Desktop/Developer\ Projects/Phone\ in\ the\ Other\ Room/Shared/SlumberPartyAcquisition.swift /Users/ngawangchime/Desktop/Developer\ Projects/Phone\ in\ the\ Other\ Room/Shared/SlumberPartyInvitations.swift (in target 'PhoneInTheOtherRoomDeviceActivityMonitor' from project 'PhoneInTheOtherRoom')
SwiftCompile normal arm64 /Users/ngawangchime/Desktop/Developer\ Projects/Phone\ in\ the\ Other\ Room/Shared/SlumberPartyAcquisition.swift (in target 'PhoneInTheOtherRoomDeviceActivityMonitor' from project 'PhoneInTheOtherRoom')
    cd /Users/ngawangchime/Desktop/Developer\ Projects/Phone\ in\ the\ Other\ Room


SwiftCompile normal arm64 /Users/ngawangchime/Desktop/Developer\ Projects/Phone\ in\ the\ Other\ Room/Shared/SlumberPartyInvitations.swift (in target 'PhoneInTheOtherRoomDeviceActivityMonitor' from project 'PhoneInTheOtherRoom')
    cd /Users/ngawangchime/Desktop/Developer\ Projects/Phone\ in\ the\ Other\ Room


SwiftDriverJobDiscovery normal arm64 Compiling QuietTimeShieldSchedule.swift, QuietTimeShielding.swift, RewardEngine.swift, ScreenFreeMorningPresentation.swift (in target 'PhoneInTheOtherRoomDeviceActivityMonitor' from project 'PhoneInTheOtherRoom')

SwiftCompile normal arm64 Compiling\ CumulativeFarmCredit.swift,\ FarmBackupSync.swift /Users/ngawangchime/Desktop/Developer\ Projects/Phone\ in\ the\ Other\ Room/Shared/CumulativeFarmCredit.swift /Users/ngawangchime/Desktop/Developer\ Projects/Phone\ in\ the\ Other\ Room/Shared/FarmBackupSync.swift (in target 'PhoneInTheOtherRoomDeviceActivityMonitor' from project 'PhoneInTheOtherRoom')
SwiftCompile normal arm64 /Users/ngawangchime/Desktop/Developer\ Projects/Phone\ in\ the\ Other\ Room/Shared/CumulativeFarmCredit.swift (in target 'PhoneInTheOtherRoomDeviceActivityMonitor' from project 'PhoneInTheOtherRoom')
    cd /Users/ngawangchime/Desktop/Developer\ Projects/Phone\ in\ the\ Other\ Room


SwiftCompile normal arm64 /Users/ngawangchime/Desktop/Developer\ Projects/Phone\ in\ the\ Other\ Room/Shared/FarmBackupSync.swift (in target 'PhoneInTheOtherRoomDeviceActivityMonitor' from project 'PhoneInTheOtherRoom')
    cd /Users/ngawangchime/Desktop/Developer\ Projects/Phone\ in\ the\ Other\ Room


SwiftDriverJobDiscovery normal arm64 Compiling NotificationPlanning.swift, OllieModels.swift, OnboardingJourney.swift, PhoneAwaySearchSettlement.swift (in target 'PhoneInTheOtherRoomDeviceActivityMonitor' from project 'PhoneInTheOtherRoom')

SwiftCompile normal arm64 Compiling\ SlumberPartySharedFarm.swift /Users/ngawangchime/Desktop/Developer\ Projects/Phone\ in\ the\ Other\ Room/Shared/SlumberPartySharedFarm.swift (in target 'PhoneInTheOtherRoomDeviceActivityMonitor' from project 'PhoneInTheOtherRoom')

SwiftCompile normal arm64 /Users/ngawangchime/Desktop/Developer\ Projects/Phone\ in\ the\ Other\ Room/Shared/SlumberPartySharedFarm.swift (in target 'PhoneInTheOtherRoomDeviceActivityMonitor' from project 'PhoneInTheOtherRoom')
    cd /Users/ngawangchime/Desktop/Developer\ Projects/Phone\ in\ the\ Other\ Room


SwiftDriverJobDiscovery normal arm64 Compiling SlumberPartyAcquisition.swift, SlumberPartyInvitations.swift (in target 'PhoneInTheOtherRoomDeviceActivityMonitor' from project 'PhoneInTheOtherRoom')

SwiftCompile normal arm64 Compiling\ NightJourneyProgress.swift,\ NightWatch.swift,\ NightWatchHistory.swift,\ NightsHistorySummary.swift /Users/ngawangchime/Desktop/Developer\ Projects/Phone\ in\ the\ Other\ Room/Shared/NightJourneyProgress.swift /Users/ngawangchime/Desktop/Developer\ Projects/Phone\ in\ the\ Other\ Room/Shared/NightWatch.swift /Users/ngawangchime/Desktop/Developer\ Projects/Phone\ in\ the\ Other\ Room/Shared/NightWatchHistory.swift /Users/ngawangchime/Desktop/Developer\ Projects/Phone\ in\ the\ Other\ Room/Shared/NightsHistorySummary.swift (in target 'PhoneInTheOtherRoomDeviceActivityMonitor' from project 'PhoneInTheOtherRoom')
SwiftCompile normal arm64 /Users/ngawangchime/Desktop/Developer\ Projects/Phone\ in\ the\ Other\ Room/Shared/NightJourneyProgress.swift (in target 'PhoneInTheOtherRoomDeviceActivityMonitor' from project 'PhoneInTheOtherRoom')
    cd /Users/ngawangchime/Desktop/Developer\ Projects/Phone\ in\ the\ Other\ Room


SwiftCompile normal arm64 /Users/ngawangchime/Desktop/Developer\ Projects/Phone\ in\ the\ Other\ Room/Shared/NightWatch.swift (in target 'PhoneInTheOtherRoomDeviceActivityMonitor' from project 'PhoneInTheOtherRoom')
    cd /Users/ngawangchime/Desktop/Developer\ Projects/Phone\ in\ the\ Other\ Room


SwiftCompile normal arm64 /Users/ngawangchime/Desktop/Developer\ Projects/Phone\ in\ the\ Other\ Room/Shared/NightWatchHistory.swift (in target 'PhoneInTheOtherRoomDeviceActivityMonitor' from project 'PhoneInTheOtherRoom')
    cd /Users/ngawangchime/Desktop/Developer\ Projects/Phone\ in\ the\ Other\ Room


SwiftCompile normal arm64 /Users/ngawangchime/Desktop/Developer\ Projects/Phone\ in\ the\ Other\ Room/Shared/NightsHistorySummary.swift (in target 'PhoneInTheOtherRoomDeviceActivityMonitor' from project 'PhoneInTheOtherRoom')
    cd /Users/ngawangchime/Desktop/Developer\ Projects/Phone\ in\ the\ Other\ Room


SwiftDriverJobDiscovery normal arm64 Compiling SlumberPartySharedFarm.swift (in target 'PhoneInTheOtherRoomDeviceActivityMonitor' from project 'PhoneInTheOtherRoom')

SwiftDriverJobDiscovery normal arm64 Compiling CumulativeFarmCredit.swift, FarmBackupSync.swift (in target 'PhoneInTheOtherRoomDeviceActivityMonitor' from project 'PhoneInTheOtherRoom')

ProcessProductPackaging /Users/ngawangchime/Desktop/Developer\ Projects/Phone\ in\ the\ Other\ Room/PhoneInTheOtherRoomApp/PhoneInTheOtherRoom.debug.entitlements /tmp/counting-sheep-coat-build/Build/Intermediates.noindex/PhoneInTheOtherRoom.build/Debug-iphonesimulator/PhoneInTheOtherRoom.build/Counting\ Sheep.app.xcent (in target 'PhoneInTheOtherRoom' from project 'PhoneInTheOtherRoom')
    cd /Users/ngawangchime/Desktop/Developer\ Projects/Phone\ in\ the\ Other\ Room

    Entitlements:

    {
}

    builtin-productPackagingUtility /Users/ngawangchime/Desktop/Developer\ Projects/Phone\ in\ the\ Other\ Room/PhoneInTheOtherRoomApp/PhoneInTheOtherRoom.debug.entitlements -entitlements -format xml -o /tmp/counting-sheep-coat-build/Build/Intermediates.noindex/PhoneInTheOtherRoom.build/Debug-iphonesimulator/PhoneInTheOtherRoom.build/Counting\ Sheep.app.xcent

ProcessProductPackaging /Users/ngawangchime/Desktop/Developer\ Projects/Phone\ in\ the\ Other\ Room/PhoneInTheOtherRoomApp/PhoneInTheOtherRoom.debug.entitlements /tmp/counting-sheep-coat-build/Build/Intermediates.noindex/PhoneInTheOtherRoom.build/Debug-iphonesimulator/PhoneInTheOtherRoom.build/Counting\ Sheep.app-Simulated.xcent (in target 'PhoneInTheOtherRoom' from project 'PhoneInTheOtherRoom')
    cd /Users/ngawangchime/Desktop/Developer\ Projects/Phone\ in\ the\ Other\ Room

    Entitlements:

    {
    "application-identifier" = "4KZQPZR47B.com.ngawangchime.countingsheep";
    "aps-environment" = development;
    "com.apple.developer.applesignin" =     (
        Default
    );
    "com.apple.developer.family-controls" = 1;
    "com.apple.developer.healthkit" = 1;
    "com.apple.developer.nfc.readersession.formats" =     (
        TAG
    );
    "com.apple.security.application-groups" =     (
        "group.com.ngawangchime.countingsheep"
    );
}

    builtin-productPackagingUtility /Users/ngawangchime/Desktop/Developer\ Projects/Phone\ in\ the\ Other\ Room/PhoneInTheOtherRoomApp/PhoneInTheOtherRoom.debug.entitlements -entitlements -format xml -o /tmp/counting-sheep-coat-build/Build/Intermediates.noindex/PhoneInTheOtherRoom.build/Debug-iphonesimulator/PhoneInTheOtherRoom.build/Counting\ Sheep.app-Simulated.xcent

ProcessProductPackagingDER /tmp/counting-sheep-coat-build/Build/Intermediates.noindex/PhoneInTheOtherRoom.build/Debug-iphonesimulator/PhoneInTheOtherRoom.build/Counting\ Sheep.app.xcent /tmp/counting-sheep-coat-build/Build/Intermediates.noindex/PhoneInTheOtherRoom.build/Debug-iphonesimulator/PhoneInTheOtherRoom.build/Counting\ Sheep.app.xcent.der (in target 'PhoneInTheOtherRoom' from project 'PhoneInTheOtherRoom')
    cd /Users/ngawangchime/Desktop/Developer\ Projects/Phone\ in\ the\ Other\ Room
    /usr/bin/derq query -f xml -i /tmp/counting-sheep-coat-build/Build/Intermediates.noindex/PhoneInTheOtherRoom.build/Debug-iphonesimulator/PhoneInTheOtherRoom.build/Counting\ Sheep.app.xcent -o /tmp/counting-sheep-coat-build/Build/Intermediates.noindex/PhoneInTheOtherRoom.build/Debug-iphonesimulator/PhoneInTheOtherRoom.build/Counting\ Sheep.app.xcent.der --raw

ProcessProductPackagingDER /tmp/counting-sheep-coat-build/Build/Intermediates.noindex/PhoneInTheOtherRoom.build/Debug-iphonesimulator/PhoneInTheOtherRoom.build/Counting\ Sheep.app-Simulated.xcent /tmp/counting-sheep-coat-build/Build/Intermediates.noindex/PhoneInTheOtherRoom.build/Debug-iphonesimulator/PhoneInTheOtherRoom.build/Counting\ Sheep.app-Simulated.xcent.der (in target 'PhoneInTheOtherRoom' from project 'PhoneInTheOtherRoom')
    cd /Users/ngawangchime/Desktop/Developer\ Projects/Phone\ in\ the\ Other\ Room
    /usr/bin/derq query -f xml -i /tmp/counting-sheep-coat-build/Build/Intermediates.noindex/PhoneInTheOtherRoom.build/Debug-iphonesimulator/PhoneInTheOtherRoom.build/Counting\ Sheep.app-Simulated.xcent -o /tmp/counting-sheep-coat-build/Build/Intermediates.noindex/PhoneInTheOtherRoom.build/Debug-iphonesimulator/PhoneInTheOtherRoom.build/Counting\ Sheep.app-Simulated.xcent.der --raw

SwiftDriver PhoneInTheOtherRoom normal arm64 com.apple.xcode.tools.swift.compiler (in target 'PhoneInTheOtherRoom' from project 'PhoneInTheOtherRoom')
    cd /Users/ngawangchime/Desktop/Developer\ Projects/Phone\ in\ the\ Other\ Room
    builtin-SwiftDriver -- /Applications/Xcode.app/Contents/Developer/Toolchains/XcodeDefault.xctoolchain/usr/bin/swiftc -module-name Counting_Sheep -Onone @/tmp/counting-sheep-coat-build/Build/Intermediates.noindex/PhoneInTheOtherRoom.build/Debug-iphonesimulator/PhoneInTheOtherRoom.build/Objects-normal/arm64/Counting\ Sheep.SwiftFileList -DDEBUG -DSCREEN_TIME_REPORTS -enable-bare-slash-regex -enable-experimental-feature DebugDescriptionMacro -sdk /Applications/Xcode.app/Contents/Developer/Platforms/iPhoneSimulator.platform/Developer/SDKs/iPhoneSimulator26.5.sdk -target arm64-apple-ios17.0-simulator -g -module-cache-path /tmp/counting-sheep-coat-build/ModuleCache.noindex -Xfrontend -serialize-debugging-options -enable-testing -index-store-path /tmp/counting-sheep-coat-build/Index.noindex/DataStore -Xcc -D_LIBCPP_HARDENING_MODE\=_LIBCPP_HARDENING_MODE_DEBUG -swift-version 5 -I /tmp/counting-sheep-coat-build/Build/Products/Debug-iphonesimulator -F /tmp/counting-sheep-coat-build/Build/Products/Debug-iphonesimulator/PackageFrameworks -F /tmp/counting-sheep-coat-build/Build/Products/Debug-iphonesimulator/PackageFrameworks -F /tmp/counting-sheep-coat-build/Build/Products/Debug-iphonesimulator/PackageFrameworks -F /tmp/counting-sheep-coat-build/Build/Products/Debug-iphonesimulator/PackageFrameworks -F /tmp/counting-sheep-coat-build/Build/Products/Debug-iphonesimulator/PackageFrameworks -F /tmp/counting-sheep-coat-build/Build/Products/Debug-iphonesimulator/PackageFrameworks -F /tmp/counting-sheep-coat-build/Build/Products/Debug-iphonesimulator/PackageFrameworks -F /tmp/counting-sheep-coat-build/Build/Products/Debug-iphonesimulator/PackageFrameworks -F /tmp/counting-sheep-coat-build/Build/Products/Debug-iphonesimulator/PackageFrameworks -F /tmp/counting-sheep-coat-build/Build/Products/Debug-iphonesimulator/PackageFrameworks -F /tmp/counting-sheep-coat-build/Build/Products/Debug-iphonesimulator/PackageFrameworks -F /tmp/counting-sheep-coat-build/Build/Products/Debug-iphonesimulator/PackageFrameworks -F /tmp/counting-sheep-coat-build/Build/Products/Debug-iphonesimulator/PackageFrameworks -F /tmp/counting-sheep-coat-build/Build/Products/Debug-iphonesimulator/PackageFrameworks -F /tmp/counting-sheep-coat-build/Build/Products/Debug-iphonesimulator -c -j8 -enable-batch-mode -incremental -Xcc -ivfsstatcache -Xcc /tmp/counting-sheep-coat-build/SDKStatCaches.noindex/iphonesimulator26.5-23F81a-6cfe768891a92b912361537c460fe42b.sdkstatcache -output-file-map /tmp/counting-sheep-coat-build/Build/Intermediates.noindex/PhoneInTheOtherRoom.build/Debug-iphonesimulator/PhoneInTheOtherRoom.build/Objects-normal/arm64/PhoneInTheOtherRoom-OutputFileMap.json -use-frontend-parseable-output -save-temps -no-color-diagnostics -explicit-module-build -module-cache-path /tmp/counting-sheep-coat-build/Build/Intermediates.noindex/SwiftExplicitPrecompiledModules -clang-scanner-module-cache-path /tmp/counting-sheep-coat-build/ModuleCache.noindex -sdk-module-cache-path /tmp/counting-sheep-coat-build/ModuleCache.noindex -serialize-diagnostics -emit-dependencies -emit-module -emit-module-path /tmp/counting-sheep-coat-build/Build/Intermediates.noindex/PhoneInTheOtherRoom.build/Debug-iphonesimulator/PhoneInTheOtherRoom.build/Objects-normal/arm64/Counting_Sheep.swiftmodule -validate-clang-modules-once -clang-build-session-file /tmp/counting-sheep-coat-build/ModuleCache.noindex/Session.modulevalidation -Xcc -I/tmp/counting-sheep-coat-build/Build/Intermediates.noindex/PhoneInTheOtherRoom.build/Debug-iphonesimulator/PhoneInTheOtherRoom.build/swift-overrides.hmap -emit-const-values -Xfrontend -const-gather-protocols-file -Xfrontend /tmp/counting-sheep-coat-build/Build/Intermediates.noindex/PhoneInTheOtherRoom.build/Debug-iphonesimulator/PhoneInTheOtherRoom.build/Objects-normal/arm64/PhoneInTheOtherRoom_const_extract_protocols.json -Xcc -iquote -Xcc /tmp/counting-sheep-coat-build/Build/Intermediates.noindex/PhoneInTheOtherRoom.build/Debug-iphonesimulator/PhoneInTheOtherRoom.build/Counting\ Sheep-generated-files.hmap -Xcc -I/tmp/counting-sheep-coat-build/Build/Intermediates.noindex/PhoneInTheOtherRoom.build/Debug-iphonesimulator/PhoneInTheOtherRoom.build/Counting\ Sheep-own-target-headers.hmap -Xcc -I/tmp/counting-sheep-coat-build/Build/Intermediates.noindex/PhoneInTheOtherRoom.build/Debug-iphonesimulator/PhoneInTheOtherRoom.build/Counting\ Sheep-all-non-framework-target-headers.hmap -Xcc -ivfsoverlay -Xcc /tmp/counting-sheep-coat-build/Build/Intermediates.noindex/PhoneInTheOtherRoom.build/Debug-iphonesimulator/PhoneInTheOtherRoom-d9a00fb94435e678319518e524e23875-VFS-iphonesimulator/all-product-headers.yaml -Xcc -iquote -Xcc /tmp/counting-sheep-coat-build/Build/Intermediates.noindex/PhoneInTheOtherRoom.build/Debug-iphonesimulator/PhoneInTheOtherRoom.build/Counting\ Sheep-project-headers.hmap -Xcc -I/tmp/counting-sheep-coat-build/Build/Products/Debug-iphonesimulator/include -Xcc -I/tmp/counting-sheep-coat-build/Build/Intermediates.noindex/PhoneInTheOtherRoom.build/Debug-iphonesimulator/PhoneInTheOtherRoom.build/DerivedSources-normal/arm64 -Xcc -I/tmp/counting-sheep-coat-build/Build/Intermediates.noindex/PhoneInTheOtherRoom.build/Debug-iphonesimulator/PhoneInTheOtherRoom.build/DerivedSources/arm64 -Xcc -I/tmp/counting-sheep-coat-build/Build/Intermediates.noindex/PhoneInTheOtherRoom.build/Debug-iphonesimulator/PhoneInTheOtherRoom.build/DerivedSources -Xcc -DDEBUG\=1 -emit-objc-header -emit-objc-header-path /tmp/counting-sheep-coat-build/Build/Intermediates.noindex/PhoneInTheOtherRoom.build/Debug-iphonesimulator/PhoneInTheOtherRoom.build/Objects-normal/arm64/Counting_Sheep-Swift.h -working-directory /Users/ngawangchime/Desktop/Developer\ Projects/Phone\ in\ the\ Other\ Room -experimental-emit-module-separately -disable-cmo

CompileAssetCatalogVariant thinned /tmp/counting-sheep-coat-build/Build/Products/Debug-iphonesimulator/Counting\ Sheep.app /Users/ngawangchime/Desktop/Developer\ Projects/Phone\ in\ the\ Other\ Room/Assets.xcassets (in target 'PhoneInTheOtherRoom' from project 'PhoneInTheOtherRoom')
    cd /Users/ngawangchime/Desktop/Developer\ Projects/Phone\ in\ the\ Other\ Room
    /Applications/Xcode.app/Contents/Developer/usr/bin/actool /Users/ngawangchime/Desktop/Developer\ Projects/Phone\ in\ the\ Other\ Room/Assets.xcassets --compile /tmp/counting-sheep-coat-build/Build/Intermediates.noindex/PhoneInTheOtherRoom.build/Debug-iphonesimulator/PhoneInTheOtherRoom.build/assetcatalog_output/thinned --output-format human-readable-text --notices --warnings --export-dependency-info /tmp/counting-sheep-coat-build/Build/Intermediates.noindex/PhoneInTheOtherRoom.build/Debug-iphonesimulator/PhoneInTheOtherRoom.build/assetcatalog_dependencies_thinned --output-partial-info-plist /tmp/counting-sheep-coat-build/Build/Intermediates.noindex/PhoneInTheOtherRoom.build/Debug-iphonesimulator/PhoneInTheOtherRoom.build/assetcatalog_generated_info.plist_thinned --app-icon AppIcon --compress-pngs --enable-on-demand-resources YES --development-region en --target-device iphone --minimum-deployment-target 17.0 --platform iphonesimulator
/* com.apple.actool.compilation-results */
/tmp/counting-sheep-coat-build/Build/Intermediates.noindex/PhoneInTheOtherRoom.build/Debug-iphonesimulator/PhoneInTheOtherRoom.build/assetcatalog_generated_info.plist_thinned
/tmp/counting-sheep-coat-build/Build/Intermediates.noindex/PhoneInTheOtherRoom.build/Debug-iphonesimulator/PhoneInTheOtherRoom.build/assetcatalog_output/thinned/AppIcon60x60@2x.png
/tmp/counting-sheep-coat-build/Build/Intermediates.noindex/PhoneInTheOtherRoom.build/Debug-iphonesimulator/PhoneInTheOtherRoom.build/assetcatalog_output/thinned/AppIcon76x76@2x~ipad.png
/tmp/counting-sheep-coat-build/Build/Intermediates.noindex/PhoneInTheOtherRoom.build/Debug-iphonesimulator/PhoneInTheOtherRoom.build/assetcatalog_output/thinned/Assets.car


SwiftDriverJobDiscovery normal arm64 Compiling NightJourneyProgress.swift, NightWatch.swift, NightWatchHistory.swift, NightsHistorySummary.swift (in target 'PhoneInTheOtherRoomDeviceActivityMonitor' from project 'PhoneInTheOtherRoom')

SwiftDriver\ Compilation PhoneInTheOtherRoomDeviceActivityMonitor normal arm64 com.apple.xcode.tools.swift.compiler (in target 'PhoneInTheOtherRoomDeviceActivityMonitor' from project 'PhoneInTheOtherRoom')
    cd /Users/ngawangchime/Desktop/Developer\ Projects/Phone\ in\ the\ Other\ Room
    builtin-Swift-Compilation -- /Applications/Xcode.app/Contents/Developer/Toolchains/XcodeDefault.xctoolchain/usr/bin/swiftc -module-name Counting_Sheep_Wind_Down_Monitor -Onone @/tmp/counting-sheep-coat-build/Build/Intermediates.noindex/PhoneInTheOtherRoom.build/Debug-iphonesimulator/PhoneInTheOtherRoomDeviceActivityMonitor.build/Objects-normal/arm64/Counting\ Sheep\ Wind\ Down\ Monitor.SwiftFileList -DDEBUG -DSCREEN_TIME_REPORTS -enable-bare-slash-regex -enable-experimental-feature DebugDescriptionMacro -sdk /Applications/Xcode.app/Contents/Developer/Platforms/iPhoneSimulator.platform/Developer/SDKs/iPhoneSimulator26.5.sdk -target arm64-apple-ios17.0-simulator -g -module-cache-path /tmp/counting-sheep-coat-build/ModuleCache.noindex -Xfrontend -serialize-debugging-options -application-extension -enable-testing -index-store-path /tmp/counting-sheep-coat-build/Index.noindex/DataStore -Xcc -D_LIBCPP_HARDENING_MODE\=_LIBCPP_HARDENING_MODE_DEBUG -swift-version 5 -I /tmp/counting-sheep-coat-build/Build/Products/Debug-iphonesimulator -F /tmp/counting-sheep-coat-build/Build/Products/Debug-iphonesimulator -c -j8 -enable-batch-mode -incremental -Xcc -ivfsstatcache -Xcc /tmp/counting-sheep-coat-build/SDKStatCaches.noindex/iphonesimulator26.5-23F81a-6cfe768891a92b912361537c460fe42b.sdkstatcache -output-file-map /tmp/counting-sheep-coat-build/Build/Intermediates.noindex/PhoneInTheOtherRoom.build/Debug-iphonesimulator/PhoneInTheOtherRoomDeviceActivityMonitor.build/Objects-normal/arm64/PhoneInTheOtherRoomDeviceActivityMonitor-OutputFileMap.json -use-frontend-parseable-output -save-temps -no-color-diagnostics -explicit-module-build -module-cache-path /tmp/counting-sheep-coat-build/Build/Intermediates.noindex/SwiftExplicitPrecompiledModules -clang-scanner-module-cache-path /tmp/counting-sheep-coat-build/ModuleCache.noindex -sdk-module-cache-path /tmp/counting-sheep-coat-build/ModuleCache.noindex -serialize-diagnostics -emit-dependencies -emit-module -emit-module-path /tmp/counting-sheep-coat-build/Build/Intermediates.noindex/PhoneInTheOtherRoom.build/Debug-iphonesimulator/PhoneInTheOtherRoomDeviceActivityMonitor.build/Objects-normal/arm64/Counting_Sheep_Wind_Down_Monitor.swiftmodule -validate-clang-modules-once -clang-build-session-file /tmp/counting-sheep-coat-build/ModuleCache.noindex/Session.modulevalidation -Xcc -I/tmp/counting-sheep-coat-build/Build/Intermediates.noindex/PhoneInTheOtherRoom.build/Debug-iphonesimulator/PhoneInTheOtherRoomDeviceActivityMonitor.build/swift-overrides.hmap -emit-const-values -Xfrontend -const-gather-protocols-file -Xfrontend /tmp/counting-sheep-coat-build/Build/Intermediates.noindex/PhoneInTheOtherRoom.build/Debug-iphonesimulator/PhoneInTheOtherRoomDeviceActivityMonitor.build/Objects-normal/arm64/PhoneInTheOtherRoomDeviceActivityMonitor_const_extract_protocols.json -Xcc -iquote -Xcc /tmp/counting-sheep-coat-build/Build/Intermediates.noindex/PhoneInTheOtherRoom.build/Debug-iphonesimulator/PhoneInTheOtherRoomDeviceActivityMonitor.build/Counting\ Sheep\ Wind\ Down\ Monitor-generated-files.hmap -Xcc -I/tmp/counting-sheep-coat-build/Build/Intermediates.noindex/PhoneInTheOtherRoom.build/Debug-iphonesimulator/PhoneInTheOtherRoomDeviceActivityMonitor.build/Counting\ Sheep\ Wind\ Down\ Monitor-own-target-headers.hmap -Xcc -I/tmp/counting-sheep-coat-build/Build/Intermediates.noindex/PhoneInTheOtherRoom.build/Debug-iphonesimulator/PhoneInTheOtherRoomDeviceActivityMonitor.build/Counting\ Sheep\ Wind\ Down\ Monitor-all-non-framework-target-headers.hmap -Xcc -ivfsoverlay -Xcc /tmp/counting-sheep-coat-build/Build/Intermediates.noindex/PhoneInTheOtherRoom.build/Debug-iphonesimulator/PhoneInTheOtherRoom-d9a00fb94435e678319518e524e23875-VFS-iphonesimulator/all-product-headers.yaml -Xcc -iquote -Xcc /tmp/counting-sheep-coat-build/Build/Intermediates.noindex/PhoneInTheOtherRoom.build/Debug-iphonesimulator/PhoneInTheOtherRoomDeviceActivityMonitor.build/Counting\ Sheep\ Wind\ Down\ Monitor-project-headers.hmap -Xcc -I/tmp/counting-sheep-coat-build/Build/Products/Debug-iphonesimulator/include -Xcc -I/tmp/counting-sheep-coat-build/Build/Intermediates.noindex/PhoneInTheOtherRoom.build/Debug-iphonesimulator/PhoneInTheOtherRoomDeviceActivityMonitor.build/DerivedSources-normal/arm64 -Xcc -I/tmp/counting-sheep-coat-build/Build/Intermediates.noindex/PhoneInTheOtherRoom.build/Debug-iphonesimulator/PhoneInTheOtherRoomDeviceActivityMonitor.build/DerivedSources/arm64 -Xcc -I/tmp/counting-sheep-coat-build/Build/Intermediates.noindex/PhoneInTheOtherRoom.build/Debug-iphonesimulator/PhoneInTheOtherRoomDeviceActivityMonitor.build/DerivedSources -Xcc -DDEBUG\=1 -emit-objc-header -emit-objc-header-path /tmp/counting-sheep-coat-build/Build/Intermediates.noindex/PhoneInTheOtherRoom.build/Debug-iphonesimulator/PhoneInTheOtherRoomDeviceActivityMonitor.build/Objects-normal/arm64/Counting_Sheep_Wind_Down_Monitor-Swift.h -working-directory /Users/ngawangchime/Desktop/Developer\ Projects/Phone\ in\ the\ Other\ Room -experimental-emit-module-separately -disable-cmo

SwiftEmitModule normal arm64 Emitting\ module\ for\ Counting_Sheep (in target 'PhoneInTheOtherRoom' from project 'PhoneInTheOtherRoom')
EmitSwiftModule normal arm64 (in target 'PhoneInTheOtherRoom' from project 'PhoneInTheOtherRoom')
    cd /Users/ngawangchime/Desktop/Developer\ Projects/Phone\ in\ the\ Other\ Room


Ld /tmp/counting-sheep-coat-build/Build/Products/Debug-iphonesimulator/Counting\ Sheep\ Wind\ Down\ Monitor.appex/Counting\ Sheep\ Wind\ Down\ Monitor.debug.dylib normal (in target 'PhoneInTheOtherRoomDeviceActivityMonitor' from project 'PhoneInTheOtherRoom')
    cd /Users/ngawangchime/Desktop/Developer\ Projects/Phone\ in\ the\ Other\ Room
    /Applications/Xcode.app/Contents/Developer/Toolchains/XcodeDefault.xctoolchain/usr/bin/clang -Xlinker -reproducible -target arm64-apple-ios17.0-simulator -dynamiclib -isysroot /Applications/Xcode.app/Contents/Developer/Platforms/iPhoneSimulator.platform/Developer/SDKs/iPhoneSimulator26.5.sdk -O0 -L/tmp/counting-sheep-coat-build/Build/Intermediates.noindex/EagerLinkingTBDs/Debug-iphonesimulator -L/tmp/counting-sheep-coat-build/Build/Products/Debug-iphonesimulator -F/tmp/counting-sheep-coat-build/Build/Intermediates.noindex/EagerLinkingTBDs/Debug-iphonesimulator -F/tmp/counting-sheep-coat-build/Build/Products/Debug-iphonesimulator -filelist /tmp/counting-sheep-coat-build/Build/Intermediates.noindex/PhoneInTheOtherRoom.build/Debug-iphonesimulator/PhoneInTheOtherRoomDeviceActivityMonitor.build/Objects-normal/arm64/Counting\ Sheep\ Wind\ Down\ Monitor.LinkFileList -install_name @rpath/Counting\ Sheep\ Wind\ Down\ Monitor.debug.dylib -Xlinker -rpath -Xlinker /usr/lib/swift -Xlinker -rpath -Xlinker @executable_path/Frameworks -Xlinker -rpath -Xlinker @executable_path/../../Frameworks -Xlinker -dead_strip -Xlinker -object_path_lto -Xlinker /tmp/counting-sheep-coat-build/Build/Intermediates.noindex/PhoneInTheOtherRoom.build/Debug-iphonesimulator/PhoneInTheOtherRoomDeviceActivityMonitor.build/Objects-normal/arm64/Counting\ Sheep\ Wind\ Down\ Monitor_lto.o -rdynamic -Xlinker -no_deduplicate -Xlinker -objc_abi_version -Xlinker 2 -Xlinker -dependency_info -Xlinker /tmp/counting-sheep-coat-build/Build/Intermediates.noindex/PhoneInTheOtherRoom.build/Debug-iphonesimulator/PhoneInTheOtherRoomDeviceActivityMonitor.build/Objects-normal/arm64/Counting\ Sheep\ Wind\ Down\ Monitor_dependency_info.dat -fapplication-extension -fobjc-link-runtime -L/Applications/Xcode.app/Contents/Developer/Toolchains/XcodeDefault.xctoolchain/usr/lib/swift/iphonesimulator -L/usr/lib/swift -Xlinker -add_ast_path -Xlinker /tmp/counting-sheep-coat-build/Build/Intermediates.noindex/PhoneInTheOtherRoom.build/Debug-iphonesimulator/PhoneInTheOtherRoomDeviceActivityMonitor.build/Objects-normal/arm64/Counting_Sheep_Wind_Down_Monitor.swiftmodule @/tmp/counting-sheep-coat-build/Build/Intermediates.noindex/PhoneInTheOtherRoom.build/Debug-iphonesimulator/PhoneInTheOtherRoomDeviceActivityMonitor.build/Objects-normal/arm64/Counting_Sheep_Wind_Down_Monitor-linker-args.resp -Xlinker -alias -Xlinker _NSExtensionMain -Xlinker ___debug_main_executable_dylib_entry_point -Xlinker -no_adhoc_codesign -o /tmp/counting-sheep-coat-build/Build/Products/Debug-iphonesimulator/Counting\ Sheep\ Wind\ Down\ Monitor.appex/Counting\ Sheep\ Wind\ Down\ Monitor.debug.dylib

SwiftCompile normal arm64 Compiling\ ShepherdCustomizationView.swift,\ ShopWardrobeNativeQA.swift,\ SlumberPartyAcquisition.swift,\ SlumberPartyInvitations.swift,\ SlumberPartyInvitationsView.swift,\ SlumberPartyRepairFixture.swift,\ SlumberPartySharedFarmView.swift,\ SlumberPartySharedHabitsConsentDisclosure.swift,\ SlumberPartySharedHabitsViews.swift,\ SlumberPartyV4GroupDetailsView.swift /Users/ngawangchime/Desktop/Developer\ Projects/Phone\ in\ the\ Other\ Room/PhoneInTheOtherRoomApp/Views/ShepherdCustomizationView.swift /Users/ngawangchime/Desktop/Developer\ Projects/Phone\ in\ the\ Other\ Room/PhoneInTheOtherRoomApp/Views/ShopWardrobeNativeQA.swift /Users/ngawangchime/Desktop/Developer\ Projects/Phone\ in\ the\ Other\ Room/Shared/SlumberPartyAcquisition.swift /Users/ngawangchime/Desktop/Developer\ Projects/Phone\ in\ the\ Other\ Room/Shared/SlumberPartyInvitations.swift /Users/ngawangchime/Desktop/Developer\ Projects/Phone\ in\ the\ Other\ Room/PhoneInTheOtherRoomApp/Views/NightFlock/SlumberPartyInvitationsView.swift /Users/ngawangchime/Desktop/Developer\ Projects/Phone\ in\ the\ Other\ Room/PhoneInTheOtherRoomApp/Views/NightFlock/SlumberPartyRepairFixture.swift /Users/ngawangchime/Desktop/Developer\ Projects/Phone\ in\ the\ Other\ Room/PhoneInTheOtherRoomApp/Views/NightFlock/SlumberPartySharedFarmView.swift /Users/ngawangchime/Desktop/Developer\ Projects/Phone\ in\ the\ Other\ Room/PhoneInTheOtherRoomApp/Views/NightFlock/SlumberPartySharedHabitsConsentDisclosure.swift /Users/ngawangchime/Desktop/Developer\ Projects/Phone\ in\ the\ Other\ Room/PhoneInTheOtherRoomApp/Views/NightFlock/SlumberPartySharedHabitsViews.swift /Users/ngawangchime/Desktop/Developer\ Projects/Phone\ in\ the\ Other\ Room/PhoneInTheOtherRoomApp/Views/NightFlock/SlumberPartyV4GroupDetailsView.swift (in target 'PhoneInTheOtherRoom' from project 'PhoneInTheOtherRoom')
SwiftCompile normal arm64 /Users/ngawangchime/Desktop/Developer\ Projects/Phone\ in\ the\ Other\ Room/PhoneInTheOtherRoomApp/Views/ShepherdCustomizationView.swift (in target 'PhoneInTheOtherRoom' from project 'PhoneInTheOtherRoom')
    cd /Users/ngawangchime/Desktop/Developer\ Projects/Phone\ in\ the\ Other\ Room


SwiftCompile normal arm64 /Users/ngawangchime/Desktop/Developer\ Projects/Phone\ in\ the\ Other\ Room/PhoneInTheOtherRoomApp/Views/ShopWardrobeNativeQA.swift (in target 'PhoneInTheOtherRoom' from project 'PhoneInTheOtherRoom')
    cd /Users/ngawangchime/Desktop/Developer\ Projects/Phone\ in\ the\ Other\ Room


SwiftCompile normal arm64 /Users/ngawangchime/Desktop/Developer\ Projects/Phone\ in\ the\ Other\ Room/Shared/SlumberPartyAcquisition.swift (in target 'PhoneInTheOtherRoom' from project 'PhoneInTheOtherRoom')
    cd /Users/ngawangchime/Desktop/Developer\ Projects/Phone\ in\ the\ Other\ Room


SwiftCompile normal arm64 /Users/ngawangchime/Desktop/Developer\ Projects/Phone\ in\ the\ Other\ Room/Shared/SlumberPartyInvitations.swift (in target 'PhoneInTheOtherRoom' from project 'PhoneInTheOtherRoom')
    cd /Users/ngawangchime/Desktop/Developer\ Projects/Phone\ in\ the\ Other\ Room


SwiftCompile normal arm64 /Users/ngawangchime/Desktop/Developer\ Projects/Phone\ in\ the\ Other\ Room/PhoneInTheOtherRoomApp/Views/NightFlock/SlumberPartyInvitationsView.swift (in target 'PhoneInTheOtherRoom' from project 'PhoneInTheOtherRoom')
    cd /Users/ngawangchime/Desktop/Developer\ Projects/Phone\ in\ the\ Other\ Room


SwiftCompile normal arm64 /Users/ngawangchime/Desktop/Developer\ Projects/Phone\ in\ the\ Other\ Room/PhoneInTheOtherRoomApp/Views/NightFlock/SlumberPartyRepairFixture.swift (in target 'PhoneInTheOtherRoom' from project 'PhoneInTheOtherRoom')
    cd /Users/ngawangchime/Desktop/Developer\ Projects/Phone\ in\ the\ Other\ Room


SwiftCompile normal arm64 /Users/ngawangchime/Desktop/Developer\ Projects/Phone\ in\ the\ Other\ Room/PhoneInTheOtherRoomApp/Views/NightFlock/SlumberPartySharedFarmView.swift (in target 'PhoneInTheOtherRoom' from project 'PhoneInTheOtherRoom')
    cd /Users/ngawangchime/Desktop/Developer\ Projects/Phone\ in\ the\ Other\ Room


SwiftCompile normal arm64 /Users/ngawangchime/Desktop/Developer\ Projects/Phone\ in\ the\ Other\ Room/PhoneInTheOtherRoomApp/Views/NightFlock/SlumberPartySharedHabitsConsentDisclosure.swift (in target 'PhoneInTheOtherRoom' from project 'PhoneInTheOtherRoom')
    cd /Users/ngawangchime/Desktop/Developer\ Projects/Phone\ in\ the\ Other\ Room


SwiftCompile normal arm64 /Users/ngawangchime/Desktop/Developer\ Projects/Phone\ in\ the\ Other\ Room/PhoneInTheOtherRoomApp/Views/NightFlock/SlumberPartySharedHabitsViews.swift (in target 'PhoneInTheOtherRoom' from project 'PhoneInTheOtherRoom')
    cd /Users/ngawangchime/Desktop/Developer\ Projects/Phone\ in\ the\ Other\ Room


SwiftCompile normal arm64 /Users/ngawangchime/Desktop/Developer\ Projects/Phone\ in\ the\ Other\ Room/PhoneInTheOtherRoomApp/Views/NightFlock/SlumberPartyV4GroupDetailsView.swift (in target 'PhoneInTheOtherRoom' from project 'PhoneInTheOtherRoom')
    cd /Users/ngawangchime/Desktop/Developer\ Projects/Phone\ in\ the\ Other\ Room


SwiftDriverJobDiscovery normal arm64 Emitting module for Counting_Sheep (in target 'PhoneInTheOtherRoom' from project 'PhoneInTheOtherRoom')

SwiftDriver\ Compilation\ Requirements PhoneInTheOtherRoom normal arm64 com.apple.xcode.tools.swift.compiler (in target 'PhoneInTheOtherRoom' from project 'PhoneInTheOtherRoom')
    cd /Users/ngawangchime/Desktop/Developer\ Projects/Phone\ in\ the\ Other\ Room
    builtin-Swift-Compilation-Requirements -- /Applications/Xcode.app/Contents/Developer/Toolchains/XcodeDefault.xctoolchain/usr/bin/swiftc -module-name Counting_Sheep -Onone @/tmp/counting-sheep-coat-build/Build/Intermediates.noindex/PhoneInTheOtherRoom.build/Debug-iphonesimulator/PhoneInTheOtherRoom.build/Objects-normal/arm64/Counting\ Sheep.SwiftFileList -DDEBUG -DSCREEN_TIME_REPORTS -enable-bare-slash-regex -enable-experimental-feature DebugDescriptionMacro -sdk /Applications/Xcode.app/Contents/Developer/Platforms/iPhoneSimulator.platform/Developer/SDKs/iPhoneSimulator26.5.sdk -target arm64-apple-ios17.0-simulator -g -module-cache-path /tmp/counting-sheep-coat-build/ModuleCache.noindex -Xfrontend -serialize-debugging-options -enable-testing -index-store-path /tmp/counting-sheep-coat-build/Index.noindex/DataStore -Xcc -D_LIBCPP_HARDENING_MODE\=_LIBCPP_HARDENING_MODE_DEBUG -swift-version 5 -I /tmp/counting-sheep-coat-build/Build/Products/Debug-iphonesimulator -F /tmp/counting-sheep-coat-build/Build/Products/Debug-iphonesimulator/PackageFrameworks -F /tmp/counting-sheep-coat-build/Build/Products/Debug-iphonesimulator/PackageFrameworks -F /tmp/counting-sheep-coat-build/Build/Products/Debug-iphonesimulator/PackageFrameworks -F /tmp/counting-sheep-coat-build/Build/Products/Debug-iphonesimulator/PackageFrameworks -F /tmp/counting-sheep-coat-build/Build/Products/Debug-iphonesimulator/PackageFrameworks -F /tmp/counting-sheep-coat-build/Build/Products/Debug-iphonesimulator/PackageFrameworks -F /tmp/counting-sheep-coat-build/Build/Products/Debug-iphonesimulator/PackageFrameworks -F /tmp/counting-sheep-coat-build/Build/Products/Debug-iphonesimulator/PackageFrameworks -F /tmp/counting-sheep-coat-build/Build/Products/Debug-iphonesimulator/PackageFrameworks -F /tmp/counting-sheep-coat-build/Build/Products/Debug-iphonesimulator/PackageFrameworks -F /tmp/counting-sheep-coat-build/Build/Products/Debug-iphonesimulator/PackageFrameworks -F /tmp/counting-sheep-coat-build/Build/Products/Debug-iphonesimulator/PackageFrameworks -F /tmp/counting-sheep-coat-build/Build/Products/Debug-iphonesimulator/PackageFrameworks -F /tmp/counting-sheep-coat-build/Build/Products/Debug-iphonesimulator/PackageFrameworks -F /tmp/counting-sheep-coat-build/Build/Products/Debug-iphonesimulator -c -j8 -enable-batch-mode -incremental -Xcc -ivfsstatcache -Xcc /tmp/counting-sheep-coat-build/SDKStatCaches.noindex/iphonesimulator26.5-23F81a-6cfe768891a92b912361537c460fe42b.sdkstatcache -output-file-map /tmp/counting-sheep-coat-build/Build/Intermediates.noindex/PhoneInTheOtherRoom.build/Debug-iphonesimulator/PhoneInTheOtherRoom.build/Objects-normal/arm64/PhoneInTheOtherRoom-OutputFileMap.json -use-frontend-parseable-output -save-temps -no-color-diagnostics -explicit-module-build -module-cache-path /tmp/counting-sheep-coat-build/Build/Intermediates.noindex/SwiftExplicitPrecompiledModules -clang-scanner-module-cache-path /tmp/counting-sheep-coat-build/ModuleCache.noindex -sdk-module-cache-path /tmp/counting-sheep-coat-build/ModuleCache.noindex -serialize-diagnostics -emit-dependencies -emit-module -emit-module-path /tmp/counting-sheep-coat-build/Build/Intermediates.noindex/PhoneInTheOtherRoom.build/Debug-iphonesimulator/PhoneInTheOtherRoom.build/Objects-normal/arm64/Counting_Sheep.swiftmodule -validate-clang-modules-once -clang-build-session-file /tmp/counting-sheep-coat-build/ModuleCache.noindex/Session.modulevalidation -Xcc -I/tmp/counting-sheep-coat-build/Build/Intermediates.noindex/PhoneInTheOtherRoom.build/Debug-iphonesimulator/PhoneInTheOtherRoom.build/swift-overrides.hmap -emit-const-values -Xfrontend -const-gather-protocols-file -Xfrontend /tmp/counting-sheep-coat-build/Build/Intermediates.noindex/PhoneInTheOtherRoom.build/Debug-iphonesimulator/PhoneInTheOtherRoom.build/Objects-normal/arm64/PhoneInTheOtherRoom_const_extract_protocols.json -Xcc -iquote -Xcc /tmp/counting-sheep-coat-build/Build/Intermediates.noindex/PhoneInTheOtherRoom.build/Debug-iphonesimulator/PhoneInTheOtherRoom.build/Counting\ Sheep-generated-files.hmap -Xcc -I/tmp/counting-sheep-coat-build/Build/Intermediates.noindex/PhoneInTheOtherRoom.build/Debug-iphonesimulator/PhoneInTheOtherRoom.build/Counting\ Sheep-own-target-headers.hmap -Xcc -I/tmp/counting-sheep-coat-build/Build/Intermediates.noindex/PhoneInTheOtherRoom.build/Debug-iphonesimulator/PhoneInTheOtherRoom.build/Counting\ Sheep-all-non-framework-target-headers.hmap -Xcc -ivfsoverlay -Xcc /tmp/counting-sheep-coat-build/Build/Intermediates.noindex/PhoneInTheOtherRoom.build/Debug-iphonesimulator/PhoneInTheOtherRoom-d9a00fb94435e678319518e524e23875-VFS-iphonesimulator/all-product-headers.yaml -Xcc -iquote -Xcc /tmp/counting-sheep-coat-build/Build/Intermediates.noindex/PhoneInTheOtherRoom.build/Debug-iphonesimulator/PhoneInTheOtherRoom.build/Counting\ Sheep-project-headers.hmap -Xcc -I/tmp/counting-sheep-coat-build/Build/Products/Debug-iphonesimulator/include -Xcc -I/tmp/counting-sheep-coat-build/Build/Intermediates.noindex/PhoneInTheOtherRoom.build/Debug-iphonesimulator/PhoneInTheOtherRoom.build/DerivedSources-normal/arm64 -Xcc -I/tmp/counting-sheep-coat-build/Build/Intermediates.noindex/PhoneInTheOtherRoom.build/Debug-iphonesimulator/PhoneInTheOtherRoom.build/DerivedSources/arm64 -Xcc -I/tmp/counting-sheep-coat-build/Build/Intermediates.noindex/PhoneInTheOtherRoom.build/Debug-iphonesimulator/PhoneInTheOtherRoom.build/DerivedSources -Xcc -DDEBUG\=1 -emit-objc-header -emit-objc-header-path /tmp/counting-sheep-coat-build/Build/Intermediates.noindex/PhoneInTheOtherRoom.build/Debug-iphonesimulator/PhoneInTheOtherRoom.build/Objects-normal/arm64/Counting_Sheep-Swift.h -working-directory /Users/ngawangchime/Desktop/Developer\ Projects/Phone\ in\ the\ Other\ Room -experimental-emit-module-separately -disable-cmo

ConstructStubExecutorLinkFileList /tmp/counting-sheep-coat-build/Build/Intermediates.noindex/PhoneInTheOtherRoom.build/Debug-iphonesimulator/PhoneInTheOtherRoomDeviceActivityMonitor.build/Counting\ Sheep\ Wind\ Down\ Monitor-ExecutorLinkFileList-normal-arm64.txt (in target 'PhoneInTheOtherRoomDeviceActivityMonitor' from project 'PhoneInTheOtherRoom')
    cd /Users/ngawangchime/Desktop/Developer\ Projects/Phone\ in\ the\ Other\ Room
    construct-stub-executor-link-file-list /tmp/counting-sheep-coat-build/Build/Products/Debug-iphonesimulator/Counting\ Sheep\ Wind\ Down\ Monitor.appex/Counting\ Sheep\ Wind\ Down\ Monitor.debug.dylib /Applications/Xcode.app/Contents/Developer/Platforms/iPhoneSimulator.platform/Developer/usr/lib/libPreviewsJITStubExecutor_no_swift_entry_point.a /Applications/Xcode.app/Contents/Developer/Platforms/iPhoneSimulator.platform/Developer/usr/lib/libPreviewsJITStubExecutor.a --output /tmp/counting-sheep-coat-build/Build/Intermediates.noindex/PhoneInTheOtherRoom.build/Debug-iphonesimulator/PhoneInTheOtherRoomDeviceActivityMonitor.build/Counting\ Sheep\ Wind\ Down\ Monitor-ExecutorLinkFileList-normal-arm64.txt
note: Using stub executor library without Swift entry point. (in target 'PhoneInTheOtherRoomDeviceActivityMonitor' from project 'PhoneInTheOtherRoom')

Copy /tmp/counting-sheep-coat-build/Build/Products/Debug-iphonesimulator/Counting_Sheep.swiftmodule/arm64-apple-ios-simulator.swiftmodule /tmp/counting-sheep-coat-build/Build/Intermediates.noindex/PhoneInTheOtherRoom.build/Debug-iphonesimulator/PhoneInTheOtherRoom.build/Objects-normal/arm64/Counting_Sheep.swiftmodule (in target 'PhoneInTheOtherRoom' from project 'PhoneInTheOtherRoom')
    cd /Users/ngawangchime/Desktop/Developer\ Projects/Phone\ in\ the\ Other\ Room
    builtin-copy -exclude .DS_Store -exclude CVS -exclude .svn -exclude .git -exclude .hg -resolve-src-symlinks -rename /tmp/counting-sheep-coat-build/Build/Intermediates.noindex/PhoneInTheOtherRoom.build/Debug-iphonesimulator/PhoneInTheOtherRoom.build/Objects-normal/arm64/Counting_Sheep.swiftmodule /tmp/counting-sheep-coat-build/Build/Products/Debug-iphonesimulator/Counting_Sheep.swiftmodule/arm64-apple-ios-simulator.swiftmodule

Ld /tmp/counting-sheep-coat-build/Build/Products/Debug-iphonesimulator/Counting\ Sheep\ Wind\ Down\ Monitor.appex/Counting\ Sheep\ Wind\ Down\ Monitor normal (in target 'PhoneInTheOtherRoomDeviceActivityMonitor' from project 'PhoneInTheOtherRoom')
    cd /Users/ngawangchime/Desktop/Developer\ Projects/Phone\ in\ the\ Other\ Room
    /Applications/Xcode.app/Contents/Developer/Toolchains/XcodeDefault.xctoolchain/usr/bin/clang -Xlinker -reproducible -target arm64-apple-ios17.0-simulator -isysroot /Applications/Xcode.app/Contents/Developer/Platforms/iPhoneSimulator.platform/Developer/SDKs/iPhoneSimulator26.5.sdk -O0 -L/tmp/counting-sheep-coat-build/Build/Products/Debug-iphonesimulator -F/tmp/counting-sheep-coat-build/Build/Products/Debug-iphonesimulator -Xlinker -rpath -Xlinker @executable_path -Xlinker -rpath -Xlinker @executable_path/Frameworks -Xlinker -rpath -Xlinker @executable_path/../../Frameworks -rdynamic -Xlinker -no_deduplicate -Xlinker -objc_abi_version -Xlinker 2 -e ___debug_blank_executor_main -Xlinker -sectcreate -Xlinker __TEXT -Xlinker __debug_dylib -Xlinker /tmp/counting-sheep-coat-build/Build/Intermediates.noindex/PhoneInTheOtherRoom.build/Debug-iphonesimulator/PhoneInTheOtherRoomDeviceActivityMonitor.build/Counting\ Sheep\ Wind\ Down\ Monitor-DebugDylibPath-normal-arm64.txt -Xlinker -sectcreate -Xlinker __TEXT -Xlinker __debug_entry -Xlinker /tmp/counting-sheep-coat-build/Build/Intermediates.noindex/PhoneInTheOtherRoom.build/Debug-iphonesimulator/PhoneInTheOtherRoomDeviceActivityMonitor.build/Counting\ Sheep\ Wind\ Down\ Monitor-DebugEntryPoint-normal-arm64.txt -Xlinker -sectcreate -Xlinker __TEXT -Xlinker __debug_instlnm -Xlinker /tmp/counting-sheep-coat-build/Build/Intermediates.noindex/PhoneInTheOtherRoom.build/Debug-iphonesimulator/PhoneInTheOtherRoomDeviceActivityMonitor.build/Counting\ Sheep\ Wind\ Down\ Monitor-DebugDylibInstallName-normal-arm64.txt -Xlinker -filelist -Xlinker /tmp/counting-sheep-coat-build/Build/Intermediates.noindex/PhoneInTheOtherRoom.build/Debug-iphonesimulator/PhoneInTheOtherRoomDeviceActivityMonitor.build/Counting\ Sheep\ Wind\ Down\ Monitor-ExecutorLinkFileList-normal-arm64.txt -Xlinker -sectcreate -Xlinker __TEXT -Xlinker __entitlements -Xlinker /tmp/counting-sheep-coat-build/Build/Intermediates.noindex/PhoneInTheOtherRoom.build/Debug-iphonesimulator/PhoneInTheOtherRoomDeviceActivityMonitor.build/Counting\ Sheep\ Wind\ Down\ Monitor.appex-Simulated.xcent -Xlinker -sectcreate -Xlinker __TEXT -Xlinker __ents_der -Xlinker /tmp/counting-sheep-coat-build/Build/Intermediates.noindex/PhoneInTheOtherRoom.build/Debug-iphonesimulator/PhoneInTheOtherRoomDeviceActivityMonitor.build/Counting\ Sheep\ Wind\ Down\ Monitor.appex-Simulated.xcent.der /tmp/counting-sheep-coat-build/Build/Products/Debug-iphonesimulator/Counting\ Sheep\ Wind\ Down\ Monitor.appex/Counting\ Sheep\ Wind\ Down\ Monitor.debug.dylib -Xlinker -no_adhoc_codesign -o /tmp/counting-sheep-coat-build/Build/Products/Debug-iphonesimulator/Counting\ Sheep\ Wind\ Down\ Monitor.appex/Counting\ Sheep\ Wind\ Down\ Monitor

Copy /tmp/counting-sheep-coat-build/Build/Products/Debug-iphonesimulator/Counting_Sheep.swiftmodule/arm64-apple-ios-simulator.swiftdoc /tmp/counting-sheep-coat-build/Build/Intermediates.noindex/PhoneInTheOtherRoom.build/Debug-iphonesimulator/PhoneInTheOtherRoom.build/Objects-normal/arm64/Counting_Sheep.swiftdoc (in target 'PhoneInTheOtherRoom' from project 'PhoneInTheOtherRoom')
    cd /Users/ngawangchime/Desktop/Developer\ Projects/Phone\ in\ the\ Other\ Room
    builtin-copy -exclude .DS_Store -exclude CVS -exclude .svn -exclude .git -exclude .hg -resolve-src-symlinks -rename /tmp/counting-sheep-coat-build/Build/Intermediates.noindex/PhoneInTheOtherRoom.build/Debug-iphonesimulator/PhoneInTheOtherRoom.build/Objects-normal/arm64/Counting_Sheep.swiftdoc /tmp/counting-sheep-coat-build/Build/Products/Debug-iphonesimulator/Counting_Sheep.swiftmodule/arm64-apple-ios-simulator.swiftdoc

Copy /tmp/counting-sheep-coat-build/Build/Products/Debug-iphonesimulator/Counting_Sheep.swiftmodule/arm64-apple-ios-simulator.abi.json /tmp/counting-sheep-coat-build/Build/Intermediates.noindex/PhoneInTheOtherRoom.build/Debug-iphonesimulator/PhoneInTheOtherRoom.build/Objects-normal/arm64/Counting_Sheep.abi.json (in target 'PhoneInTheOtherRoom' from project 'PhoneInTheOtherRoom')
    cd /Users/ngawangchime/Desktop/Developer\ Projects/Phone\ in\ the\ Other\ Room
    builtin-copy -exclude .DS_Store -exclude CVS -exclude .svn -exclude .git -exclude .hg -resolve-src-symlinks -rename /tmp/counting-sheep-coat-build/Build/Intermediates.noindex/PhoneInTheOtherRoom.build/Debug-iphonesimulator/PhoneInTheOtherRoom.build/Objects-normal/arm64/Counting_Sheep.abi.json /tmp/counting-sheep-coat-build/Build/Products/Debug-iphonesimulator/Counting_Sheep.swiftmodule/arm64-apple-ios-simulator.abi.json

Copy /tmp/counting-sheep-coat-build/Build/Products/Debug-iphonesimulator/Counting_Sheep.swiftmodule/Project/arm64-apple-ios-simulator.swiftsourceinfo /tmp/counting-sheep-coat-build/Build/Intermediates.noindex/PhoneInTheOtherRoom.build/Debug-iphonesimulator/PhoneInTheOtherRoom.build/Objects-normal/arm64/Counting_Sheep.swiftsourceinfo (in target 'PhoneInTheOtherRoom' from project 'PhoneInTheOtherRoom')
    cd /Users/ngawangchime/Desktop/Developer\ Projects/Phone\ in\ the\ Other\ Room
    builtin-copy -exclude .DS_Store -exclude CVS -exclude .svn -exclude .git -exclude .hg -resolve-src-symlinks -rename /tmp/counting-sheep-coat-build/Build/Intermediates.noindex/PhoneInTheOtherRoom.build/Debug-iphonesimulator/PhoneInTheOtherRoom.build/Objects-normal/arm64/Counting_Sheep.swiftsourceinfo /tmp/counting-sheep-coat-build/Build/Products/Debug-iphonesimulator/Counting_Sheep.swiftmodule/Project/arm64-apple-ios-simulator.swiftsourceinfo

SwiftCompile normal arm64 Compiling\ CampfireSceneView.swift,\ CampfireVisibility.swift,\ CampfireVisibilityView.swift,\ CumulativeFarmCredit.swift,\ CumulativeFarmProgressCard.swift,\ FarmBackupPresentation.swift,\ FarmBackupService.swift,\ FarmBackupSync.swift,\ FarmBackupView.swift,\ FarmBackupViewModel+AccountSync.swift,\ FarmBackupViewModel.swift /Users/ngawangchime/Desktop/Developer\ Projects/Phone\ in\ the\ Other\ Room/PhoneInTheOtherRoomApp/Views/NightFlock/CampfireSceneView.swift /Users/ngawangchime/Desktop/Developer\ Projects/Phone\ in\ the\ Other\ Room/Shared/CampfireVisibility.swift /Users/ngawangchime/Desktop/Developer\ Projects/Phone\ in\ the\ Other\ Room/PhoneInTheOtherRoomApp/Views/NightFlock/CampfireVisibilityView.swift /Users/ngawangchime/Desktop/Developer\ Projects/Phone\ in\ the\ Other\ Room/Shared/CumulativeFarmCredit.swift /Users/ngawangchime/Desktop/Developer\ Projects/Phone\ in\ the\ Other\ Room/PhoneInTheOtherRoomApp/Views/Components/CumulativeFarmProgressCard.swift /Users/ngawangchime/Desktop/Developer\ Projects/Phone\ in\ the\ Other\ Room/PhoneInTheOtherRoomApp/ViewModels/FarmBackupPresentation.swift /Users/ngawangchime/Desktop/Developer\ Projects/Phone\ in\ the\ Other\ Room/PhoneInTheOtherRoomApp/Services/FarmBackupService.swift /Users/ngawangchime/Desktop/Developer\ Projects/Phone\ in\ the\ Other\ Room/Shared/FarmBackupSync.swift /Users/ngawangchime/Desktop/Developer\ Projects/Phone\ in\ the\ Other\ Room/PhoneInTheOtherRoomApp/Views/FarmBackupView.swift /Users/ngawangchime/Desktop/Developer\ Projects/Phone\ in\ the\ Other\ Room/PhoneInTheOtherRoomApp/ViewModels/FarmBackupViewModel+AccountSync.swift /Users/ngawangchime/Desktop/Developer\ Projects/Phone\ in\ the\ Other\ Room/PhoneInTheOtherRoomApp/ViewModels/FarmBackupViewModel.swift (in target 'PhoneInTheOtherRoom' from project 'PhoneInTheOtherRoom')
SwiftCompile normal arm64 /Users/ngawangchime/Desktop/Developer\ Projects/Phone\ in\ the\ Other\ Room/PhoneInTheOtherRoomApp/Views/NightFlock/CampfireSceneView.swift (in target 'PhoneInTheOtherRoom' from project 'PhoneInTheOtherRoom')
    cd /Users/ngawangchime/Desktop/Developer\ Projects/Phone\ in\ the\ Other\ Room


SwiftCompile normal arm64 /Users/ngawangchime/Desktop/Developer\ Projects/Phone\ in\ the\ Other\ Room/Shared/CampfireVisibility.swift (in target 'PhoneInTheOtherRoom' from project 'PhoneInTheOtherRoom')
    cd /Users/ngawangchime/Desktop/Developer\ Projects/Phone\ in\ the\ Other\ Room


SwiftCompile normal arm64 /Users/ngawangchime/Desktop/Developer\ Projects/Phone\ in\ the\ Other\ Room/PhoneInTheOtherRoomApp/Views/NightFlock/CampfireVisibilityView.swift (in target 'PhoneInTheOtherRoom' from project 'PhoneInTheOtherRoom')
    cd /Users/ngawangchime/Desktop/Developer\ Projects/Phone\ in\ the\ Other\ Room


SwiftCompile normal arm64 /Users/ngawangchime/Desktop/Developer\ Projects/Phone\ in\ the\ Other\ Room/Shared/CumulativeFarmCredit.swift (in target 'PhoneInTheOtherRoom' from project 'PhoneInTheOtherRoom')
    cd /Users/ngawangchime/Desktop/Developer\ Projects/Phone\ in\ the\ Other\ Room


SwiftCompile normal arm64 /Users/ngawangchime/Desktop/Developer\ Projects/Phone\ in\ the\ Other\ Room/PhoneInTheOtherRoomApp/Views/Components/CumulativeFarmProgressCard.swift (in target 'PhoneInTheOtherRoom' from project 'PhoneInTheOtherRoom')
    cd /Users/ngawangchime/Desktop/Developer\ Projects/Phone\ in\ the\ Other\ Room


SwiftCompile normal arm64 /Users/ngawangchime/Desktop/Developer\ Projects/Phone\ in\ the\ Other\ Room/PhoneInTheOtherRoomApp/ViewModels/FarmBackupPresentation.swift (in target 'PhoneInTheOtherRoom' from project 'PhoneInTheOtherRoom')
    cd /Users/ngawangchime/Desktop/Developer\ Projects/Phone\ in\ the\ Other\ Room


SwiftCompile normal arm64 /Users/ngawangchime/Desktop/Developer\ Projects/Phone\ in\ the\ Other\ Room/PhoneInTheOtherRoomApp/Services/FarmBackupService.swift (in target 'PhoneInTheOtherRoom' from project 'PhoneInTheOtherRoom')
    cd /Users/ngawangchime/Desktop/Developer\ Projects/Phone\ in\ the\ Other\ Room


SwiftCompile normal arm64 /Users/ngawangchime/Desktop/Developer\ Projects/Phone\ in\ the\ Other\ Room/Shared/FarmBackupSync.swift (in target 'PhoneInTheOtherRoom' from project 'PhoneInTheOtherRoom')
    cd /Users/ngawangchime/Desktop/Developer\ Projects/Phone\ in\ the\ Other\ Room


SwiftCompile normal arm64 /Users/ngawangchime/Desktop/Developer\ Projects/Phone\ in\ the\ Other\ Room/PhoneInTheOtherRoomApp/Views/FarmBackupView.swift (in target 'PhoneInTheOtherRoom' from project 'PhoneInTheOtherRoom')
    cd /Users/ngawangchime/Desktop/Developer\ Projects/Phone\ in\ the\ Other\ Room


SwiftCompile normal arm64 /Users/ngawangchime/Desktop/Developer\ Projects/Phone\ in\ the\ Other\ Room/PhoneInTheOtherRoomApp/ViewModels/FarmBackupViewModel+AccountSync.swift (in target 'PhoneInTheOtherRoom' from project 'PhoneInTheOtherRoom')
    cd /Users/ngawangchime/Desktop/Developer\ Projects/Phone\ in\ the\ Other\ Room


SwiftCompile normal arm64 /Users/ngawangchime/Desktop/Developer\ Projects/Phone\ in\ the\ Other\ Room/PhoneInTheOtherRoomApp/ViewModels/FarmBackupViewModel.swift (in target 'PhoneInTheOtherRoom' from project 'PhoneInTheOtherRoom')
    cd /Users/ngawangchime/Desktop/Developer\ Projects/Phone\ in\ the\ Other\ Room


SwiftCompile normal arm64 Compiling\ NightFlockViewModel+GlobalCampfire.swift,\ NightFlockViewModel+Invitations.swift,\ NightFlockViewModel+SharedHabits.swift,\ NightFlockViewModel+Social.swift,\ NightFlockViewModel+V4.swift,\ NightFlockViewModel.swift,\ NightWatchReceiptCard.swift,\ Orientation.swift,\ PasswordAccountViewModel.swift,\ PhoneBedNFCService.swift /Users/ngawangchime/Desktop/Developer\ Projects/Phone\ in\ the\ Other\ Room/PhoneInTheOtherRoomApp/ViewModels/NightFlockViewModel+GlobalCampfire.swift /Users/ngawangchime/Desktop/Developer\ Projects/Phone\ in\ the\ Other\ Room/PhoneInTheOtherRoomApp/ViewModels/NightFlockViewModel+Invitations.swift /Users/ngawangchime/Desktop/Developer\ Projects/Phone\ in\ the\ Other\ Room/PhoneInTheOtherRoomApp/ViewModels/NightFlockViewModel+SharedHabits.swift /Users/ngawangchime/Desktop/Developer\ Projects/Phone\ in\ the\ Other\ Room/PhoneInTheOtherRoomApp/ViewModels/NightFlockViewModel+Social.swift /Users/ngawangchime/Desktop/Developer\ Projects/Phone\ in\ the\ Other\ Room/PhoneInTheOtherRoomApp/ViewModels/NightFlockViewModel+V4.swift /Users/ngawangchime/Desktop/Developer\ Projects/Phone\ in\ the\ Other\ Room/PhoneInTheOtherRoomApp/ViewModels/NightFlockViewModel.swift /Users/ngawangchime/Desktop/Developer\ Projects/Phone\ in\ the\ Other\ Room/PhoneInTheOtherRoomApp/Views/Components/NightWatchReceiptCard.swift /Users/ngawangchime/Desktop/Developer\ Projects/Phone\ in\ the\ Other\ Room/Shared/Orientation.swift /Users/ngawangchime/Desktop/Developer\ Projects/Phone\ in\ the\ Other\ Room/PhoneInTheOtherRoomApp/ViewModels/PasswordAccountViewModel.swift /Users/ngawangchime/Desktop/Developer\ Projects/Phone\ in\ the\ Other\ Room/PhoneInTheOtherRoomApp/Services/PhoneBedNFCService.swift (in target 'PhoneInTheOtherRoom' from project 'PhoneInTheOtherRoom')
SwiftCompile normal arm64 /Users/ngawangchime/Desktop/Developer\ Projects/Phone\ in\ the\ Other\ Room/PhoneInTheOtherRoomApp/ViewModels/NightFlockViewModel+GlobalCampfire.swift (in target 'PhoneInTheOtherRoom' from project 'PhoneInTheOtherRoom')
    cd /Users/ngawangchime/Desktop/Developer\ Projects/Phone\ in\ the\ Other\ Room


SwiftCompile normal arm64 /Users/ngawangchime/Desktop/Developer\ Projects/Phone\ in\ the\ Other\ Room/PhoneInTheOtherRoomApp/ViewModels/NightFlockViewModel+Invitations.swift (in target 'PhoneInTheOtherRoom' from project 'PhoneInTheOtherRoom')
    cd /Users/ngawangchime/Desktop/Developer\ Projects/Phone\ in\ the\ Other\ Room


SwiftCompile normal arm64 /Users/ngawangchime/Desktop/Developer\ Projects/Phone\ in\ the\ Other\ Room/PhoneInTheOtherRoomApp/ViewModels/NightFlockViewModel+SharedHabits.swift (in target 'PhoneInTheOtherRoom' from project 'PhoneInTheOtherRoom')
    cd /Users/ngawangchime/Desktop/Developer\ Projects/Phone\ in\ the\ Other\ Room


SwiftCompile normal arm64 /Users/ngawangchime/Desktop/Developer\ Projects/Phone\ in\ the\ Other\ Room/PhoneInTheOtherRoomApp/ViewModels/NightFlockViewModel+Social.swift (in target 'PhoneInTheOtherRoom' from project 'PhoneInTheOtherRoom')
    cd /Users/ngawangchime/Desktop/Developer\ Projects/Phone\ in\ the\ Other\ Room


SwiftCompile normal arm64 /Users/ngawangchime/Desktop/Developer\ Projects/Phone\ in\ the\ Other\ Room/PhoneInTheOtherRoomApp/ViewModels/NightFlockViewModel+V4.swift (in target 'PhoneInTheOtherRoom' from project 'PhoneInTheOtherRoom')
    cd /Users/ngawangchime/Desktop/Developer\ Projects/Phone\ in\ the\ Other\ Room


SwiftCompile normal arm64 /Users/ngawangchime/Desktop/Developer\ Projects/Phone\ in\ the\ Other\ Room/PhoneInTheOtherRoomApp/ViewModels/NightFlockViewModel.swift (in target 'PhoneInTheOtherRoom' from project 'PhoneInTheOtherRoom')
    cd /Users/ngawangchime/Desktop/Developer\ Projects/Phone\ in\ the\ Other\ Room


SwiftCompile normal arm64 /Users/ngawangchime/Desktop/Developer\ Projects/Phone\ in\ the\ Other\ Room/PhoneInTheOtherRoomApp/Views/Components/NightWatchReceiptCard.swift (in target 'PhoneInTheOtherRoom' from project 'PhoneInTheOtherRoom')
    cd /Users/ngawangchime/Desktop/Developer\ Projects/Phone\ in\ the\ Other\ Room


SwiftCompile normal arm64 /Users/ngawangchime/Desktop/Developer\ Projects/Phone\ in\ the\ Other\ Room/Shared/Orientation.swift (in target 'PhoneInTheOtherRoom' from project 'PhoneInTheOtherRoom')
    cd /Users/ngawangchime/Desktop/Developer\ Projects/Phone\ in\ the\ Other\ Room


SwiftCompile normal arm64 /Users/ngawangchime/Desktop/Developer\ Projects/Phone\ in\ the\ Other\ Room/PhoneInTheOtherRoomApp/ViewModels/PasswordAccountViewModel.swift (in target 'PhoneInTheOtherRoom' from project 'PhoneInTheOtherRoom')
    cd /Users/ngawangchime/Desktop/Developer\ Projects/Phone\ in\ the\ Other\ Room


SwiftCompile normal arm64 /Users/ngawangchime/Desktop/Developer\ Projects/Phone\ in\ the\ Other\ Room/PhoneInTheOtherRoomApp/Services/PhoneBedNFCService.swift (in target 'PhoneInTheOtherRoom' from project 'PhoneInTheOtherRoom')
    cd /Users/ngawangchime/Desktop/Developer\ Projects/Phone\ in\ the\ Other\ Room


SwiftDriverJobDiscovery normal arm64 Compiling ShepherdCustomizationView.swift, ShopWardrobeNativeQA.swift, SlumberPartyAcquisition.swift, SlumberPartyInvitations.swift, SlumberPartyInvitationsView.swift, SlumberPartyRepairFixture.swift, SlumberPartySharedFarmView.swift, SlumberPartySharedHabitsConsentDisclosure.swift, SlumberPartySharedHabitsViews.swift, SlumberPartyV4GroupDetailsView.swift (in target 'PhoneInTheOtherRoom' from project 'PhoneInTheOtherRoom')

SwiftCompile normal arm64 Compiling\ HomeWelcomeHero.swift,\ ImpactSharingConsentSheet.swift,\ LockScreenQuietNoteGuideView.swift,\ MonthlyNightsView.swift,\ MoreView.swift,\ MorningCheckInCard.swift,\ NightFlockIdeasView.swift,\ NightFlockMemberBoardView.swift,\ NightFlockPreviews.swift,\ NightJourneyView.swift,\ NightsDayDetailView.swift,\ NightsWeekSection.swift /Users/ngawangchime/Desktop/Developer\ Projects/Phone\ in\ the\ Other\ Room/PhoneInTheOtherRoomApp/Views/Components/HomeWelcomeHero.swift /Users/ngawangchime/Desktop/Developer\ Projects/Phone\ in\ the\ Other\ Room/PhoneInTheOtherRoomApp/Views/Components/ImpactSharingConsentSheet.swift /Users/ngawangchime/Desktop/Developer\ Projects/Phone\ in\ the\ Other\ Room/PhoneInTheOtherRoomApp/Views/LockScreenQuietNoteGuideView.swift /Users/ngawangchime/Desktop/Developer\ Projects/Phone\ in\ the\ Other\ Room/PhoneInTheOtherRoomApp/Views/MonthlyNightsView.swift /Users/ngawangchime/Desktop/Developer\ Projects/Phone\ in\ the\ Other\ Room/PhoneInTheOtherRoomApp/Views/MoreView.swift /Users/ngawangchime/Desktop/Developer\ Projects/Phone\ in\ the\ Other\ Room/PhoneInTheOtherRoomApp/Views/Components/MorningCheckInCard.swift /Users/ngawangchime/Desktop/Developer\ Projects/Phone\ in\ the\ Other\ Room/PhoneInTheOtherRoomApp/Views/NightFlock/NightFlockIdeasView.swift /Users/ngawangchime/Desktop/Developer\ Projects/Phone\ in\ the\ Other\ Room/PhoneInTheOtherRoomApp/Views/NightFlock/NightFlockMemberBoardView.swift /Users/ngawangchime/Desktop/Developer\ Projects/Phone\ in\ the\ Other\ Room/PhoneInTheOtherRoomApp/Views/NightFlock/NightFlockPreviews.swift /Users/ngawangchime/Desktop/Developer\ Projects/Phone\ in\ the\ Other\ Room/PhoneInTheOtherRoomApp/Views/Components/NightJourneyView.swift /Users/ngawangchime/Desktop/Developer\ Projects/Phone\ in\ the\ Other\ Room/PhoneInTheOtherRoomApp/Views/NightsDayDetailView.swift /Users/ngawangchime/Desktop/Developer\ Projects/Phone\ in\ the\ Other\ Room/PhoneInTheOtherRoomApp/Views/NightsWeekSection.swift (in target 'PhoneInTheOtherRoom' from project 'PhoneInTheOtherRoom')

SwiftCompile normal arm64 /Users/ngawangchime/Desktop/Developer\ Projects/Phone\ in\ the\ Other\ Room/PhoneInTheOtherRoomApp/Views/Components/HomeWelcomeHero.swift (in target 'PhoneInTheOtherRoom' from project 'PhoneInTheOtherRoom')
    cd /Users/ngawangchime/Desktop/Developer\ Projects/Phone\ in\ the\ Other\ Room


SwiftCompile normal arm64 /Users/ngawangchime/Desktop/Developer\ Projects/Phone\ in\ the\ Other\ Room/PhoneInTheOtherRoomApp/Views/Components/ImpactSharingConsentSheet.swift (in target 'PhoneInTheOtherRoom' from project 'PhoneInTheOtherRoom')
    cd /Users/ngawangchime/Desktop/Developer\ Projects/Phone\ in\ the\ Other\ Room


SwiftCompile normal arm64 /Users/ngawangchime/Desktop/Developer\ Projects/Phone\ in\ the\ Other\ Room/PhoneInTheOtherRoomApp/Views/LockScreenQuietNoteGuideView.swift (in target 'PhoneInTheOtherRoom' from project 'PhoneInTheOtherRoom')
    cd /Users/ngawangchime/Desktop/Developer\ Projects/Phone\ in\ the\ Other\ Room


SwiftCompile normal arm64 /Users/ngawangchime/Desktop/Developer\ Projects/Phone\ in\ the\ Other\ Room/PhoneInTheOtherRoomApp/Views/MonthlyNightsView.swift (in target 'PhoneInTheOtherRoom' from project 'PhoneInTheOtherRoom')
    cd /Users/ngawangchime/Desktop/Developer\ Projects/Phone\ in\ the\ Other\ Room


SwiftCompile normal arm64 /Users/ngawangchime/Desktop/Developer\ Projects/Phone\ in\ the\ Other\ Room/PhoneInTheOtherRoomApp/Views/MoreView.swift (in target 'PhoneInTheOtherRoom' from project 'PhoneInTheOtherRoom')
    cd /Users/ngawangchime/Desktop/Developer\ Projects/Phone\ in\ the\ Other\ Room


SwiftCompile normal arm64 /Users/ngawangchime/Desktop/Developer\ Projects/Phone\ in\ the\ Other\ Room/PhoneInTheOtherRoomApp/Views/Components/MorningCheckInCard.swift (in target 'PhoneInTheOtherRoom' from project 'PhoneInTheOtherRoom')
    cd /Users/ngawangchime/Desktop/Developer\ Projects/Phone\ in\ the\ Other\ Room


SwiftCompile normal arm64 /Users/ngawangchime/Desktop/Developer\ Projects/Phone\ in\ the\ Other\ Room/PhoneInTheOtherRoomApp/Views/NightFlock/NightFlockIdeasView.swift (in target 'PhoneInTheOtherRoom' from project 'PhoneInTheOtherRoom')
    cd /Users/ngawangchime/Desktop/Developer\ Projects/Phone\ in\ the\ Other\ Room


SwiftCompile normal arm64 /Users/ngawangchime/Desktop/Developer\ Projects/Phone\ in\ the\ Other\ Room/PhoneInTheOtherRoomApp/Views/NightFlock/NightFlockMemberBoardView.swift (in target 'PhoneInTheOtherRoom' from project 'PhoneInTheOtherRoom')
    cd /Users/ngawangchime/Desktop/Developer\ Projects/Phone\ in\ the\ Other\ Room


SwiftCompile normal arm64 /Users/ngawangchime/Desktop/Developer\ Projects/Phone\ in\ the\ Other\ Room/PhoneInTheOtherRoomApp/Views/NightFlock/NightFlockPreviews.swift (in target 'PhoneInTheOtherRoom' from project 'PhoneInTheOtherRoom')
    cd /Users/ngawangchime/Desktop/Developer\ Projects/Phone\ in\ the\ Other\ Room


SwiftCompile normal arm64 /Users/ngawangchime/Desktop/Developer\ Projects/Phone\ in\ the\ Other\ Room/PhoneInTheOtherRoomApp/Views/Components/NightJourneyView.swift (in target 'PhoneInTheOtherRoom' from project 'PhoneInTheOtherRoom')
    cd /Users/ngawangchime/Desktop/Developer\ Projects/Phone\ in\ the\ Other\ Room


SwiftCompile normal arm64 /Users/ngawangchime/Desktop/Developer\ Projects/Phone\ in\ the\ Other\ Room/PhoneInTheOtherRoomApp/Views/NightsDayDetailView.swift (in target 'PhoneInTheOtherRoom' from project 'PhoneInTheOtherRoom')
    cd /Users/ngawangchime/Desktop/Developer\ Projects/Phone\ in\ the\ Other\ Room


SwiftCompile normal arm64 /Users/ngawangchime/Desktop/Developer\ Projects/Phone\ in\ the\ Other\ Room/PhoneInTheOtherRoomApp/Views/NightsWeekSection.swift (in target 'PhoneInTheOtherRoom' from project 'PhoneInTheOtherRoom')
    cd /Users/ngawangchime/Desktop/Developer\ Projects/Phone\ in\ the\ Other\ Room


SwiftDriverJobDiscovery normal arm64 Compiling CampfireSceneView.swift, CampfireVisibility.swift, CampfireVisibilityView.swift, CumulativeFarmCredit.swift, CumulativeFarmProgressCard.swift, FarmBackupPresentation.swift, FarmBackupService.swift, FarmBackupSync.swift, FarmBackupView.swift, FarmBackupViewModel+AccountSync.swift, FarmBackupViewModel.swift (in target 'PhoneInTheOtherRoom' from project 'PhoneInTheOtherRoom')

SwiftCompile normal arm64 Compiling\ FocusRunLiveActivity.swift,\ FocusRunLiveActivityService.swift,\ FocusRunRules.swift,\ FocusRunViewModel+Campfire.swift,\ FocusRunViewModel+Farm.swift,\ FocusRunViewModel+PersonalShield.swift,\ FocusRunViewModel+Personalisation.swift,\ FocusRunViewModel+SharedHabits.swift,\ FocusRunViewModel+WindDownHabit.swift /Users/ngawangchime/Desktop/Developer\ Projects/Phone\ in\ the\ Other\ Room/Shared/FocusRunLiveActivity.swift /Users/ngawangchime/Desktop/Developer\ Projects/Phone\ in\ the\ Other\ Room/PhoneInTheOtherRoomApp/Services/FocusRunLiveActivityService.swift /Users/ngawangchime/Desktop/Developer\ Projects/Phone\ in\ the\ Other\ Room/Shared/FocusRunRules.swift /Users/ngawangchime/Desktop/Developer\ Projects/Phone\ in\ the\ Other\ Room/PhoneInTheOtherRoomApp/ViewModels/FocusRunViewModel+Campfire.swift /Users/ngawangchime/Desktop/Developer\ Projects/Phone\ in\ the\ Other\ Room/PhoneInTheOtherRoomApp/ViewModels/FocusRunViewModel+Farm.swift /Users/ngawangchime/Desktop/Developer\ Projects/Phone\ in\ the\ Other\ Room/PhoneInTheOtherRoomApp/ViewModels/FocusRunViewModel+PersonalShield.swift /Users/ngawangchime/Desktop/Developer\ Projects/Phone\ in\ the\ Other\ Room/PhoneInTheOtherRoomApp/ViewModels/FocusRunViewModel+Personalisation.swift /Users/ngawangchime/Desktop/Developer\ Projects/Phone\ in\ the\ Other\ Room/PhoneInTheOtherRoomApp/ViewModels/FocusRunViewModel+SharedHabits.swift /Users/ngawangchime/Desktop/Developer\ Projects/Phone\ in\ the\ Other\ Room/PhoneInTheOtherRoomApp/ViewModels/FocusRunViewModel+WindDownHabit.swift (in target 'PhoneInTheOtherRoom' from project 'PhoneInTheOtherRoom')
SwiftCompile normal arm64 /Users/ngawangchime/Desktop/Developer\ Projects/Phone\ in\ the\ Other\ Room/Shared/FocusRunLiveActivity.swift (in target 'PhoneInTheOtherRoom' from project 'PhoneInTheOtherRoom')
    cd /Users/ngawangchime/Desktop/Developer\ Projects/Phone\ in\ the\ Other\ Room


SwiftCompile normal arm64 /Users/ngawangchime/Desktop/Developer\ Projects/Phone\ in\ the\ Other\ Room/PhoneInTheOtherRoomApp/Services/FocusRunLiveActivityService.swift (in target 'PhoneInTheOtherRoom' from project 'PhoneInTheOtherRoom')
    cd /Users/ngawangchime/Desktop/Developer\ Projects/Phone\ in\ the\ Other\ Room


SwiftCompile normal arm64 /Users/ngawangchime/Desktop/Developer\ Projects/Phone\ in\ the\ Other\ Room/Shared/FocusRunRules.swift (in target 'PhoneInTheOtherRoom' from project 'PhoneInTheOtherRoom')
    cd /Users/ngawangchime/Desktop/Developer\ Projects/Phone\ in\ the\ Other\ Room


SwiftCompile normal arm64 /Users/ngawangchime/Desktop/Developer\ Projects/Phone\ in\ the\ Other\ Room/PhoneInTheOtherRoomApp/ViewModels/FocusRunViewModel+Campfire.swift (in target 'PhoneInTheOtherRoom' from project 'PhoneInTheOtherRoom')
    cd /Users/ngawangchime/Desktop/Developer\ Projects/Phone\ in\ the\ Other\ Room


SwiftCompile normal arm64 /Users/ngawangchime/Desktop/Developer\ Projects/Phone\ in\ the\ Other\ Room/PhoneInTheOtherRoomApp/ViewModels/FocusRunViewModel+Farm.swift (in target 'PhoneInTheOtherRoom' from project 'PhoneInTheOtherRoom')
    cd /Users/ngawangchime/Desktop/Developer\ Projects/Phone\ in\ the\ Other\ Room


SwiftCompile normal arm64 /Users/ngawangchime/Desktop/Developer\ Projects/Phone\ in\ the\ Other\ Room/PhoneInTheOtherRoomApp/ViewModels/FocusRunViewModel+PersonalShield.swift (in target 'PhoneInTheOtherRoom' from project 'PhoneInTheOtherRoom')
    cd /Users/ngawangchime/Desktop/Developer\ Projects/Phone\ in\ the\ Other\ Room


SwiftCompile normal arm64 /Users/ngawangchime/Desktop/Developer\ Projects/Phone\ in\ the\ Other\ Room/PhoneInTheOtherRoomApp/ViewModels/FocusRunViewModel+Personalisation.swift (in target 'PhoneInTheOtherRoom' from project 'PhoneInTheOtherRoom')
    cd /Users/ngawangchime/Desktop/Developer\ Projects/Phone\ in\ the\ Other\ Room


SwiftCompile normal arm64 /Users/ngawangchime/Desktop/Developer\ Projects/Phone\ in\ the\ Other\ Room/PhoneInTheOtherRoomApp/ViewModels/FocusRunViewModel+SharedHabits.swift (in target 'PhoneInTheOtherRoom' from project 'PhoneInTheOtherRoom')
    cd /Users/ngawangchime/Desktop/Developer\ Projects/Phone\ in\ the\ Other\ Room


SwiftCompile normal arm64 /Users/ngawangchime/Desktop/Developer\ Projects/Phone\ in\ the\ Other\ Room/PhoneInTheOtherRoomApp/ViewModels/FocusRunViewModel+WindDownHabit.swift (in target 'PhoneInTheOtherRoom' from project 'PhoneInTheOtherRoom')
    cd /Users/ngawangchime/Desktop/Developer\ Projects/Phone\ in\ the\ Other\ Room


SwiftDriverJobDiscovery normal arm64 Compiling HomeWelcomeHero.swift, ImpactSharingConsentSheet.swift, LockScreenQuietNoteGuideView.swift, MonthlyNightsView.swift, MoreView.swift, MorningCheckInCard.swift, NightFlockIdeasView.swift, NightFlockMemberBoardView.swift, NightFlockPreviews.swift, NightJourneyView.swift, NightsDayDetailView.swift, NightsWeekSection.swift (in target 'PhoneInTheOtherRoom' from project 'PhoneInTheOtherRoom')

SwiftCompile normal arm64 Compiling\ OllieModels.swift,\ OnboardingJourney.swift,\ PersistenceService.swift,\ PhoneAwaySearchSettlement.swift,\ PhoneNotificationService.swift,\ QuietTimeShieldSchedule.swift,\ QuietTimeShielding.swift,\ QuietTimeShieldingService.swift,\ RewardEngine.swift /Users/ngawangchime/Desktop/Developer\ Projects/Phone\ in\ the\ Other\ Room/Shared/Models/OllieModels.swift /Users/ngawangchime/Desktop/Developer\ Projects/Phone\ in\ the\ Other\ Room/Shared/OnboardingJourney.swift /Users/ngawangchime/Desktop/Developer\ Projects/Phone\ in\ the\ Other\ Room/PhoneInTheOtherRoomApp/Services/PersistenceService.swift /Users/ngawangchime/Desktop/Developer\ Projects/Phone\ in\ the\ Other\ Room/Shared/PhoneAwaySearchSettlement.swift /Users/ngawangchime/Desktop/Developer\ Projects/Phone\ in\ the\ Other\ Room/PhoneInTheOtherRoomApp/Services/PhoneNotificationService.swift /Users/ngawangchime/Desktop/Developer\ Projects/Phone\ in\ the\ Other\ Room/Shared/QuietTimeShieldSchedule.swift /Users/ngawangchime/Desktop/Developer\ Projects/Phone\ in\ the\ Other\ Room/Shared/QuietTimeShielding.swift /Users/ngawangchime/Desktop/Developer\ Projects/Phone\ in\ the\ Other\ Room/PhoneInTheOtherRoomApp/Services/QuietTimeShieldingService.swift /Users/ngawangchime/Desktop/Developer\ Projects/Phone\ in\ the\ Other\ Room/Shared/RewardEngine.swift (in target 'PhoneInTheOtherRoom' from project 'PhoneInTheOtherRoom')
SwiftCompile normal arm64 /Users/ngawangchime/Desktop/Developer\ Projects/Phone\ in\ the\ Other\ Room/Shared/Models/OllieModels.swift (in target 'PhoneInTheOtherRoom' from project 'PhoneInTheOtherRoom')
    cd /Users/ngawangchime/Desktop/Developer\ Projects/Phone\ in\ the\ Other\ Room


SwiftCompile normal arm64 /Users/ngawangchime/Desktop/Developer\ Projects/Phone\ in\ the\ Other\ Room/Shared/OnboardingJourney.swift (in target 'PhoneInTheOtherRoom' from project 'PhoneInTheOtherRoom')
    cd /Users/ngawangchime/Desktop/Developer\ Projects/Phone\ in\ the\ Other\ Room


SwiftCompile normal arm64 /Users/ngawangchime/Desktop/Developer\ Projects/Phone\ in\ the\ Other\ Room/PhoneInTheOtherRoomApp/Services/PersistenceService.swift (in target 'PhoneInTheOtherRoom' from project 'PhoneInTheOtherRoom')
    cd /Users/ngawangchime/Desktop/Developer\ Projects/Phone\ in\ the\ Other\ Room


SwiftCompile normal arm64 /Users/ngawangchime/Desktop/Developer\ Projects/Phone\ in\ the\ Other\ Room/Shared/PhoneAwaySearchSettlement.swift (in target 'PhoneInTheOtherRoom' from project 'PhoneInTheOtherRoom')
    cd /Users/ngawangchime/Desktop/Developer\ Projects/Phone\ in\ the\ Other\ Room


SwiftCompile normal arm64 /Users/ngawangchime/Desktop/Developer\ Projects/Phone\ in\ the\ Other\ Room/PhoneInTheOtherRoomApp/Services/PhoneNotificationService.swift (in target 'PhoneInTheOtherRoom' from project 'PhoneInTheOtherRoom')
    cd /Users/ngawangchime/Desktop/Developer\ Projects/Phone\ in\ the\ Other\ Room


SwiftCompile normal arm64 /Users/ngawangchime/Desktop/Developer\ Projects/Phone\ in\ the\ Other\ Room/Shared/QuietTimeShieldSchedule.swift (in target 'PhoneInTheOtherRoom' from project 'PhoneInTheOtherRoom')
    cd /Users/ngawangchime/Desktop/Developer\ Projects/Phone\ in\ the\ Other\ Room


SwiftCompile normal arm64 /Users/ngawangchime/Desktop/Developer\ Projects/Phone\ in\ the\ Other\ Room/Shared/QuietTimeShielding.swift (in target 'PhoneInTheOtherRoom' from project 'PhoneInTheOtherRoom')
    cd /Users/ngawangchime/Desktop/Developer\ Projects/Phone\ in\ the\ Other\ Room


SwiftCompile normal arm64 /Users/ngawangchime/Desktop/Developer\ Projects/Phone\ in\ the\ Other\ Room/PhoneInTheOtherRoomApp/Services/QuietTimeShieldingService.swift (in target 'PhoneInTheOtherRoom' from project 'PhoneInTheOtherRoom')
    cd /Users/ngawangchime/Desktop/Developer\ Projects/Phone\ in\ the\ Other\ Room


SwiftCompile normal arm64 /Users/ngawangchime/Desktop/Developer\ Projects/Phone\ in\ the\ Other\ Room/Shared/RewardEngine.swift (in target 'PhoneInTheOtherRoom' from project 'PhoneInTheOtherRoom')
    cd /Users/ngawangchime/Desktop/Developer\ Projects/Phone\ in\ the\ Other\ Room


SwiftDriverJobDiscovery normal arm64 Compiling NightFlockViewModel+GlobalCampfire.swift, NightFlockViewModel+Invitations.swift, NightFlockViewModel+SharedHabits.swift, NightFlockViewModel+Social.swift, NightFlockViewModel+V4.swift, NightFlockViewModel.swift, NightWatchReceiptCard.swift, Orientation.swift, PasswordAccountViewModel.swift, PhoneBedNFCService.swift (in target 'PhoneInTheOtherRoom' from project 'PhoneInTheOtherRoom')

SwiftCompile normal arm64 Compiling\ FocusSessionCoordinator+Placement.swift,\ FocusSessionCoordinator.swift,\ FocusSessionStartResult.swift,\ HomeReceiptRouting.swift,\ HomeView.swift,\ ImpactMeasurement.swift,\ IndependentMorningSettlement.swift,\ NightFlockDashboard.swift,\ NightFlockOrientationView.swift /Users/ngawangchime/Desktop/Developer\ Projects/Phone\ in\ the\ Other\ Room/PhoneInTheOtherRoomApp/Proximity/FocusSessionCoordinator+Placement.swift /Users/ngawangchime/Desktop/Developer\ Projects/Phone\ in\ the\ Other\ Room/PhoneInTheOtherRoomApp/Proximity/FocusSessionCoordinator.swift /Users/ngawangchime/Desktop/Developer\ Projects/Phone\ in\ the\ Other\ Room/Shared/FocusSessionStartResult.swift /Users/ngawangchime/Desktop/Developer\ Projects/Phone\ in\ the\ Other\ Room/Shared/HomeReceiptRouting.swift /Users/ngawangchime/Desktop/Developer\ Projects/Phone\ in\ the\ Other\ Room/PhoneInTheOtherRoomApp/Views/HomeView.swift /Users/ngawangchime/Desktop/Developer\ Projects/Phone\ in\ the\ Other\ Room/Shared/ImpactMeasurement.swift /Users/ngawangchime/Desktop/Developer\ Projects/Phone\ in\ the\ Other\ Room/Shared/IndependentMorningSettlement.swift /Users/ngawangchime/Desktop/Developer\ Projects/Phone\ in\ the\ Other\ Room/PhoneInTheOtherRoomApp/Views/NightFlock/NightFlockDashboard.swift /Users/ngawangchime/Desktop/Developer\ Projects/Phone\ in\ the\ Other\ Room/PhoneInTheOtherRoomApp/Views/NightFlock/NightFlockOrientationView.swift (in target 'PhoneInTheOtherRoom' from project 'PhoneInTheOtherRoom')
SwiftCompile normal arm64 /Users/ngawangchime/Desktop/Developer\ Projects/Phone\ in\ the\ Other\ Room/PhoneInTheOtherRoomApp/Proximity/FocusSessionCoordinator+Placement.swift (in target 'PhoneInTheOtherRoom' from project 'PhoneInTheOtherRoom')
    cd /Users/ngawangchime/Desktop/Developer\ Projects/Phone\ in\ the\ Other\ Room


SwiftCompile normal arm64 /Users/ngawangchime/Desktop/Developer\ Projects/Phone\ in\ the\ Other\ Room/PhoneInTheOtherRoomApp/Proximity/FocusSessionCoordinator.swift (in target 'PhoneInTheOtherRoom' from project 'PhoneInTheOtherRoom')
    cd /Users/ngawangchime/Desktop/Developer\ Projects/Phone\ in\ the\ Other\ Room


SwiftCompile normal arm64 /Users/ngawangchime/Desktop/Developer\ Projects/Phone\ in\ the\ Other\ Room/Shared/FocusSessionStartResult.swift (in target 'PhoneInTheOtherRoom' from project 'PhoneInTheOtherRoom')
    cd /Users/ngawangchime/Desktop/Developer\ Projects/Phone\ in\ the\ Other\ Room


SwiftCompile normal arm64 /Users/ngawangchime/Desktop/Developer\ Projects/Phone\ in\ the\ Other\ Room/Shared/HomeReceiptRouting.swift (in target 'PhoneInTheOtherRoom' from project 'PhoneInTheOtherRoom')
    cd /Users/ngawangchime/Desktop/Developer\ Projects/Phone\ in\ the\ Other\ Room


SwiftCompile normal arm64 /Users/ngawangchime/Desktop/Developer\ Projects/Phone\ in\ the\ Other\ Room/PhoneInTheOtherRoomApp/Views/HomeView.swift (in target 'PhoneInTheOtherRoom' from project 'PhoneInTheOtherRoom')
    cd /Users/ngawangchime/Desktop/Developer\ Projects/Phone\ in\ the\ Other\ Room


SwiftCompile normal arm64 /Users/ngawangchime/Desktop/Developer\ Projects/Phone\ in\ the\ Other\ Room/Shared/ImpactMeasurement.swift (in target 'PhoneInTheOtherRoom' from project 'PhoneInTheOtherRoom')
    cd /Users/ngawangchime/Desktop/Developer\ Projects/Phone\ in\ the\ Other\ Room


SwiftCompile normal arm64 /Users/ngawangchime/Desktop/Developer\ Projects/Phone\ in\ the\ Other\ Room/Shared/IndependentMorningSettlement.swift (in target 'PhoneInTheOtherRoom' from project 'PhoneInTheOtherRoom')
    cd /Users/ngawangchime/Desktop/Developer\ Projects/Phone\ in\ the\ Other\ Room


SwiftCompile normal arm64 /Users/ngawangchime/Desktop/Developer\ Projects/Phone\ in\ the\ Other\ Room/PhoneInTheOtherRoomApp/Views/NightFlock/NightFlockDashboard.swift (in target 'PhoneInTheOtherRoom' from project 'PhoneInTheOtherRoom')
    cd /Users/ngawangchime/Desktop/Developer\ Projects/Phone\ in\ the\ Other\ Room


SwiftCompile normal arm64 /Users/ngawangchime/Desktop/Developer\ Projects/Phone\ in\ the\ Other\ Room/PhoneInTheOtherRoomApp/Views/NightFlock/NightFlockOrientationView.swift (in target 'PhoneInTheOtherRoom' from project 'PhoneInTheOtherRoom')
    cd /Users/ngawangchime/Desktop/Developer\ Projects/Phone\ in\ the\ Other\ Room


SwiftDriverJobDiscovery normal arm64 Compiling FocusRunLiveActivity.swift, FocusRunLiveActivityService.swift, FocusRunRules.swift, FocusRunViewModel+Campfire.swift, FocusRunViewModel+Farm.swift, FocusRunViewModel+PersonalShield.swift, FocusRunViewModel+Personalisation.swift, FocusRunViewModel+SharedHabits.swift, FocusRunViewModel+WindDownHabit.swift (in target 'PhoneInTheOtherRoom' from project 'PhoneInTheOtherRoom')

SwiftCompile normal arm64 Compiling\ PersonalShieldSheetView.swift,\ PhoneBedTagEditorViews.swift,\ QuietTimeEditorView.swift,\ QuietWindowDurationEditor.swift,\ RewardShelfView.swift,\ RitualPlanEditors.swift,\ ScreenFreeMorningView.swift,\ ScreenTimeBookendCard.swift,\ ScreenTimeProtectionRepairView.swift,\ SettingsHelpGuideView.swift,\ SharedFarmForYouSection.swift,\ SharedFarmHomeLine.swift /Users/ngawangchime/Desktop/Developer\ Projects/Phone\ in\ the\ Other\ Room/PhoneInTheOtherRoomApp/Views/Components/PersonalShieldSheetView.swift /Users/ngawangchime/Desktop/Developer\ Projects/Phone\ in\ the\ Other\ Room/PhoneInTheOtherRoomApp/Views/Components/PhoneBedTagEditorViews.swift /Users/ngawangchime/Desktop/Developer\ Projects/Phone\ in\ the\ Other\ Room/PhoneInTheOtherRoomApp/Views/QuietTimeEditorView.swift /Users/ngawangchime/Desktop/Developer\ Projects/Phone\ in\ the\ Other\ Room/PhoneInTheOtherRoomApp/Views/Components/QuietWindowDurationEditor.swift /Users/ngawangchime/Desktop/Developer\ Projects/Phone\ in\ the\ Other\ Room/PhoneInTheOtherRoomApp/Views/RewardShelfView.swift /Users/ngawangchime/Desktop/Developer\ Projects/Phone\ in\ the\ Other\ Room/PhoneInTheOtherRoomApp/Views/Components/RitualPlanEditors.swift /Users/ngawangchime/Desktop/Developer\ Projects/Phone\ in\ the\ Other\ Room/PhoneInTheOtherRoomApp/Views/ScreenFreeMorningView.swift /Users/ngawangchime/Desktop/Developer\ Projects/Phone\ in\ the\ Other\ Room/PhoneInTheOtherRoomApp/Views/Components/ScreenTimeBookendCard.swift /Users/ngawangchime/Desktop/Developer\ Projects/Phone\ in\ the\ Other\ Room/PhoneInTheOtherRoomApp/Views/Components/ScreenTimeProtectionRepairView.swift /Users/ngawangchime/Desktop/Developer\ Projects/Phone\ in\ the\ Other\ Room/PhoneInTheOtherRoomApp/Views/SettingsHelpGuideView.swift /Users/ngawangchime/Desktop/Developer\ Projects/Phone\ in\ the\ Other\ Room/PhoneInTheOtherRoomApp/Views/NightFlock/SharedFarmForYouSection.swift /Users/ngawangchime/Desktop/Developer\ Projects/Phone\ in\ the\ Other\ Room/PhoneInTheOtherRoomApp/Views/Components/SharedFarmHomeLine.swift (in target 'PhoneInTheOtherRoom' from project 'PhoneInTheOtherRoom')

SwiftCompile normal arm64 /Users/ngawangchime/Desktop/Developer\ Projects/Phone\ in\ the\ Other\ Room/PhoneInTheOtherRoomApp/Views/Components/PersonalShieldSheetView.swift (in target 'PhoneInTheOtherRoom' from project 'PhoneInTheOtherRoom')
    cd /Users/ngawangchime/Desktop/Developer\ Projects/Phone\ in\ the\ Other\ Room


SwiftCompile normal arm64 /Users/ngawangchime/Desktop/Developer\ Projects/Phone\ in\ the\ Other\ Room/PhoneInTheOtherRoomApp/Views/Components/PhoneBedTagEditorViews.swift (in target 'PhoneInTheOtherRoom' from project 'PhoneInTheOtherRoom')
    cd /Users/ngawangchime/Desktop/Developer\ Projects/Phone\ in\ the\ Other\ Room


SwiftCompile normal arm64 /Users/ngawangchime/Desktop/Developer\ Projects/Phone\ in\ the\ Other\ Room/PhoneInTheOtherRoomApp/Views/QuietTimeEditorView.swift (in target 'PhoneInTheOtherRoom' from project 'PhoneInTheOtherRoom')
    cd /Users/ngawangchime/Desktop/Developer\ Projects/Phone\ in\ the\ Other\ Room


SwiftCompile normal arm64 /Users/ngawangchime/Desktop/Developer\ Projects/Phone\ in\ the\ Other\ Room/PhoneInTheOtherRoomApp/Views/Components/QuietWindowDurationEditor.swift (in target 'PhoneInTheOtherRoom' from project 'PhoneInTheOtherRoom')
    cd /Users/ngawangchime/Desktop/Developer\ Projects/Phone\ in\ the\ Other\ Room


SwiftCompile normal arm64 /Users/ngawangchime/Desktop/Developer\ Projects/Phone\ in\ the\ Other\ Room/PhoneInTheOtherRoomApp/Views/RewardShelfView.swift (in target 'PhoneInTheOtherRoom' from project 'PhoneInTheOtherRoom')
    cd /Users/ngawangchime/Desktop/Developer\ Projects/Phone\ in\ the\ Other\ Room


SwiftCompile normal arm64 /Users/ngawangchime/Desktop/Developer\ Projects/Phone\ in\ the\ Other\ Room/PhoneInTheOtherRoomApp/Views/Components/RitualPlanEditors.swift (in target 'PhoneInTheOtherRoom' from project 'PhoneInTheOtherRoom')
    cd /Users/ngawangchime/Desktop/Developer\ Projects/Phone\ in\ the\ Other\ Room


SwiftCompile normal arm64 /Users/ngawangchime/Desktop/Developer\ Projects/Phone\ in\ the\ Other\ Room/PhoneInTheOtherRoomApp/Views/ScreenFreeMorningView.swift (in target 'PhoneInTheOtherRoom' from project 'PhoneInTheOtherRoom')
    cd /Users/ngawangchime/Desktop/Developer\ Projects/Phone\ in\ the\ Other\ Room


SwiftCompile normal arm64 /Users/ngawangchime/Desktop/Developer\ Projects/Phone\ in\ the\ Other\ Room/PhoneInTheOtherRoomApp/Views/Components/ScreenTimeBookendCard.swift (in target 'PhoneInTheOtherRoom' from project 'PhoneInTheOtherRoom')
    cd /Users/ngawangchime/Desktop/Developer\ Projects/Phone\ in\ the\ Other\ Room


SwiftCompile normal arm64 /Users/ngawangchime/Desktop/Developer\ Projects/Phone\ in\ the\ Other\ Room/PhoneInTheOtherRoomApp/Views/Components/ScreenTimeProtectionRepairView.swift (in target 'PhoneInTheOtherRoom' from project 'PhoneInTheOtherRoom')
    cd /Users/ngawangchime/Desktop/Developer\ Projects/Phone\ in\ the\ Other\ Room


SwiftCompile normal arm64 /Users/ngawangchime/Desktop/Developer\ Projects/Phone\ in\ the\ Other\ Room/PhoneInTheOtherRoomApp/Views/SettingsHelpGuideView.swift (in target 'PhoneInTheOtherRoom' from project 'PhoneInTheOtherRoom')
    cd /Users/ngawangchime/Desktop/Developer\ Projects/Phone\ in\ the\ Other\ Room


SwiftCompile normal arm64 /Users/ngawangchime/Desktop/Developer\ Projects/Phone\ in\ the\ Other\ Room/PhoneInTheOtherRoomApp/Views/NightFlock/SharedFarmForYouSection.swift (in target 'PhoneInTheOtherRoom' from project 'PhoneInTheOtherRoom')
    cd /Users/ngawangchime/Desktop/Developer\ Projects/Phone\ in\ the\ Other\ Room


SwiftCompile normal arm64 /Users/ngawangchime/Desktop/Developer\ Projects/Phone\ in\ the\ Other\ Room/PhoneInTheOtherRoomApp/Views/Components/SharedFarmHomeLine.swift (in target 'PhoneInTheOtherRoom' from project 'PhoneInTheOtherRoom')
    cd /Users/ngawangchime/Desktop/Developer\ Projects/Phone\ in\ the\ Other\ Room


SwiftDriverJobDiscovery normal arm64 Compiling OllieModels.swift, OnboardingJourney.swift, PersistenceService.swift, PhoneAwaySearchSettlement.swift, PhoneNotificationService.swift, QuietTimeShieldSchedule.swift, QuietTimeShielding.swift, QuietTimeShieldingService.swift, RewardEngine.swift (in target 'PhoneInTheOtherRoom' from project 'PhoneInTheOtherRoom')

SwiftCompile normal arm64 Compiling\ NotificationMessageEditorView.swift,\ NotificationMessageLibraryView.swift,\ NotificationSchedulePreviewView.swift,\ NotificationSettingsView.swift,\ OllieCompanionSpriteRenderer.swift,\ OllieDetailView.swift,\ OllieDressedSprite.swift,\ OllieRitualView.swift,\ OllieWardrobePreview.swift,\ OnboardingAccountStepView.swift,\ OnboardingComponents.swift,\ OnboardingFlowView.swift /Users/ngawangchime/Desktop/Developer\ Projects/Phone\ in\ the\ Other\ Room/PhoneInTheOtherRoomApp/Views/NotificationMessageEditorView.swift /Users/ngawangchime/Desktop/Developer\ Projects/Phone\ in\ the\ Other\ Room/PhoneInTheOtherRoomApp/Views/NotificationMessageLibraryView.swift /Users/ngawangchime/Desktop/Developer\ Projects/Phone\ in\ the\ Other\ Room/PhoneInTheOtherRoomApp/Views/NotificationSchedulePreviewView.swift /Users/ngawangchime/Desktop/Developer\ Projects/Phone\ in\ the\ Other\ Room/PhoneInTheOtherRoomApp/Views/NotificationSettingsView.swift /Users/ngawangchime/Desktop/Developer\ Projects/Phone\ in\ the\ Other\ Room/PhoneInTheOtherRoomApp/Views/Components/OllieCompanionSpriteRenderer.swift /Users/ngawangchime/Desktop/Developer\ Projects/Phone\ in\ the\ Other\ Room/PhoneInTheOtherRoomApp/Views/OllieDetailView.swift /Users/ngawangchime/Desktop/Developer\ Projects/Phone\ in\ the\ Other\ Room/PhoneInTheOtherRoomApp/Views/Components/OllieDressedSprite.swift /Users/ngawangchime/Desktop/Developer\ Projects/Phone\ in\ the\ Other\ Room/PhoneInTheOtherRoomApp/Views/Components/OllieRitualView.swift /Users/ngawangchime/Desktop/Developer\ Projects/Phone\ in\ the\ Other\ Room/PhoneInTheOtherRoomApp/Views/Components/OllieWardrobePreview.swift /Users/ngawangchime/Desktop/Developer\ Projects/Phone\ in\ the\ Other\ Room/PhoneInTheOtherRoomApp/Views/Onboarding/OnboardingAccountStepView.swift /Users/ngawangchime/Desktop/Developer\ Projects/Phone\ in\ the\ Other\ Room/PhoneInTheOtherRoomApp/Views/Onboarding/OnboardingComponents.swift /Users/ngawangchime/Desktop/Developer\ Projects/Phone\ in\ the\ Other\ Room/PhoneInTheOtherRoomApp/Views/Onboarding/OnboardingFlowView.swift (in target 'PhoneInTheOtherRoom' from project 'PhoneInTheOtherRoom')
SwiftCompile normal arm64 /Users/ngawangchime/Desktop/Developer\ Projects/Phone\ in\ the\ Other\ Room/PhoneInTheOtherRoomApp/Views/NotificationMessageEditorView.swift (in target 'PhoneInTheOtherRoom' from project 'PhoneInTheOtherRoom')
    cd /Users/ngawangchime/Desktop/Developer\ Projects/Phone\ in\ the\ Other\ Room


SwiftCompile normal arm64 /Users/ngawangchime/Desktop/Developer\ Projects/Phone\ in\ the\ Other\ Room/PhoneInTheOtherRoomApp/Views/NotificationMessageLibraryView.swift (in target 'PhoneInTheOtherRoom' from project 'PhoneInTheOtherRoom')
    cd /Users/ngawangchime/Desktop/Developer\ Projects/Phone\ in\ the\ Other\ Room


SwiftCompile normal arm64 /Users/ngawangchime/Desktop/Developer\ Projects/Phone\ in\ the\ Other\ Room/PhoneInTheOtherRoomApp/Views/NotificationSchedulePreviewView.swift (in target 'PhoneInTheOtherRoom' from project 'PhoneInTheOtherRoom')
    cd /Users/ngawangchime/Desktop/Developer\ Projects/Phone\ in\ the\ Other\ Room


SwiftCompile normal arm64 /Users/ngawangchime/Desktop/Developer\ Projects/Phone\ in\ the\ Other\ Room/PhoneInTheOtherRoomApp/Views/NotificationSettingsView.swift (in target 'PhoneInTheOtherRoom' from project 'PhoneInTheOtherRoom')
    cd /Users/ngawangchime/Desktop/Developer\ Projects/Phone\ in\ the\ Other\ Room


SwiftCompile normal arm64 /Users/ngawangchime/Desktop/Developer\ Projects/Phone\ in\ the\ Other\ Room/PhoneInTheOtherRoomApp/Views/Components/OllieCompanionSpriteRenderer.swift (in target 'PhoneInTheOtherRoom' from project 'PhoneInTheOtherRoom')
    cd /Users/ngawangchime/Desktop/Developer\ Projects/Phone\ in\ the\ Other\ Room


SwiftCompile normal arm64 /Users/ngawangchime/Desktop/Developer\ Projects/Phone\ in\ the\ Other\ Room/PhoneInTheOtherRoomApp/Views/OllieDetailView.swift (in target 'PhoneInTheOtherRoom' from project 'PhoneInTheOtherRoom')
    cd /Users/ngawangchime/Desktop/Developer\ Projects/Phone\ in\ the\ Other\ Room


SwiftCompile normal arm64 /Users/ngawangchime/Desktop/Developer\ Projects/Phone\ in\ the\ Other\ Room/PhoneInTheOtherRoomApp/Views/Components/OllieDressedSprite.swift (in target 'PhoneInTheOtherRoom' from project 'PhoneInTheOtherRoom')
    cd /Users/ngawangchime/Desktop/Developer\ Projects/Phone\ in\ the\ Other\ Room


SwiftCompile normal arm64 /Users/ngawangchime/Desktop/Developer\ Projects/Phone\ in\ the\ Other\ Room/PhoneInTheOtherRoomApp/Views/Components/OllieRitualView.swift (in target 'PhoneInTheOtherRoom' from project 'PhoneInTheOtherRoom')
    cd /Users/ngawangchime/Desktop/Developer\ Projects/Phone\ in\ the\ Other\ Room


SwiftCompile normal arm64 /Users/ngawangchime/Desktop/Developer\ Projects/Phone\ in\ the\ Other\ Room/PhoneInTheOtherRoomApp/Views/Components/OllieWardrobePreview.swift (in target 'PhoneInTheOtherRoom' from project 'PhoneInTheOtherRoom')
    cd /Users/ngawangchime/Desktop/Developer\ Projects/Phone\ in\ the\ Other\ Room


SwiftCompile normal arm64 /Users/ngawangchime/Desktop/Developer\ Projects/Phone\ in\ the\ Other\ Room/PhoneInTheOtherRoomApp/Views/Onboarding/OnboardingAccountStepView.swift (in target 'PhoneInTheOtherRoom' from project 'PhoneInTheOtherRoom')
    cd /Users/ngawangchime/Desktop/Developer\ Projects/Phone\ in\ the\ Other\ Room


SwiftCompile normal arm64 /Users/ngawangchime/Desktop/Developer\ Projects/Phone\ in\ the\ Other\ Room/PhoneInTheOtherRoomApp/Views/Onboarding/OnboardingComponents.swift (in target 'PhoneInTheOtherRoom' from project 'PhoneInTheOtherRoom')
    cd /Users/ngawangchime/Desktop/Developer\ Projects/Phone\ in\ the\ Other\ Room


SwiftCompile normal arm64 /Users/ngawangchime/Desktop/Developer\ Projects/Phone\ in\ the\ Other\ Room/PhoneInTheOtherRoomApp/Views/Onboarding/OnboardingFlowView.swift (in target 'PhoneInTheOtherRoom' from project 'PhoneInTheOtherRoom')
    cd /Users/ngawangchime/Desktop/Developer\ Projects/Phone\ in\ the\ Other\ Room


SwiftDriverJobDiscovery normal arm64 Compiling PersonalShieldSheetView.swift, PhoneBedTagEditorViews.swift, QuietTimeEditorView.swift, QuietWindowDurationEditor.swift, RewardShelfView.swift, RitualPlanEditors.swift, ScreenFreeMorningView.swift, ScreenTimeBookendCard.swift, ScreenTimeProtectionRepairView.swift, SettingsHelpGuideView.swift, SharedFarmForYouSection.swift, SharedFarmHomeLine.swift (in target 'PhoneInTheOtherRoom' from project 'PhoneInTheOtherRoom')

SwiftCompile normal arm64 Compiling\ EarlyWakeSheet.swift,\ FarmAccountControlsView.swift,\ FarmPreviewData.swift,\ FarmSaveNotice.swift,\ FarmShopOwnedItemAction.swift,\ FarmShopPresentation.swift,\ FarmShopPreviews.swift,\ FarmShopView.swift,\ FeedbackFormView.swift,\ FirstRunGuideCards.swift,\ FirstStartSheetPreview.swift,\ FocusStatsRecordSections.swift,\ FocusStatsView.swift /Users/ngawangchime/Desktop/Developer\ Projects/Phone\ in\ the\ Other\ Room/PhoneInTheOtherRoomApp/Views/Components/EarlyWakeSheet.swift /Users/ngawangchime/Desktop/Developer\ Projects/Phone\ in\ the\ Other\ Room/PhoneInTheOtherRoomApp/Views/FarmAccountControlsView.swift /Users/ngawangchime/Desktop/Developer\ Projects/Phone\ in\ the\ Other\ Room/PhoneInTheOtherRoomApp/Views/FarmPreviewData.swift /Users/ngawangchime/Desktop/Developer\ Projects/Phone\ in\ the\ Other\ Room/PhoneInTheOtherRoomApp/Views/Components/FarmSaveNotice.swift /Users/ngawangchime/Desktop/Developer\ Projects/Phone\ in\ the\ Other\ Room/PhoneInTheOtherRoomApp/Views/FarmShopOwnedItemAction.swift /Users/ngawangchime/Desktop/Developer\ Projects/Phone\ in\ the\ Other\ Room/PhoneInTheOtherRoomApp/Views/FarmShopPresentation.swift /Users/ngawangchime/Desktop/Developer\ Projects/Phone\ in\ the\ Other\ Room/PhoneInTheOtherRoomApp/Views/FarmShopPreviews.swift /Users/ngawangchime/Desktop/Developer\ Projects/Phone\ in\ the\ Other\ Room/PhoneInTheOtherRoomApp/Views/FarmShopView.swift /Users/ngawangchime/Desktop/Developer\ Projects/Phone\ in\ the\ Other\ Room/PhoneInTheOtherRoomApp/Views/FeedbackFormView.swift /Users/ngawangchime/Desktop/Developer\ Projects/Phone\ in\ the\ Other\ Room/PhoneInTheOtherRoomApp/Views/Components/FirstRunGuideCards.swift /Users/ngawangchime/Desktop/Developer\ Projects/Phone\ in\ the\ Other\ Room/PhoneInTheOtherRoomApp/Views/Components/FirstStartSheetPreview.swift /Users/ngawangchime/Desktop/Developer\ Projects/Phone\ in\ the\ Other\ Room/PhoneInTheOtherRoomApp/Views/FocusStatsRecordSections.swift /Users/ngawangchime/Desktop/Developer\ Projects/Phone\ in\ the\ Other\ Room/PhoneInTheOtherRoomApp/Views/FocusStatsView.swift (in target 'PhoneInTheOtherRoom' from project 'PhoneInTheOtherRoom')
SwiftCompile normal arm64 /Users/ngawangchime/Desktop/Developer\ Projects/Phone\ in\ the\ Other\ Room/PhoneInTheOtherRoomApp/Views/Components/EarlyWakeSheet.swift (in target 'PhoneInTheOtherRoom' from project 'PhoneInTheOtherRoom')
    cd /Users/ngawangchime/Desktop/Developer\ Projects/Phone\ in\ the\ Other\ Room


SwiftCompile normal arm64 /Users/ngawangchime/Desktop/Developer\ Projects/Phone\ in\ the\ Other\ Room/PhoneInTheOtherRoomApp/Views/FarmAccountControlsView.swift (in target 'PhoneInTheOtherRoom' from project 'PhoneInTheOtherRoom')
    cd /Users/ngawangchime/Desktop/Developer\ Projects/Phone\ in\ the\ Other\ Room


SwiftCompile normal arm64 /Users/ngawangchime/Desktop/Developer\ Projects/Phone\ in\ the\ Other\ Room/PhoneInTheOtherRoomApp/Views/FarmPreviewData.swift (in target 'PhoneInTheOtherRoom' from project 'PhoneInTheOtherRoom')
    cd /Users/ngawangchime/Desktop/Developer\ Projects/Phone\ in\ the\ Other\ Room


SwiftCompile normal arm64 /Users/ngawangchime/Desktop/Developer\ Projects/Phone\ in\ the\ Other\ Room/PhoneInTheOtherRoomApp/Views/Components/FarmSaveNotice.swift (in target 'PhoneInTheOtherRoom' from project 'PhoneInTheOtherRoom')
    cd /Users/ngawangchime/Desktop/Developer\ Projects/Phone\ in\ the\ Other\ Room


SwiftCompile normal arm64 /Users/ngawangchime/Desktop/Developer\ Projects/Phone\ in\ the\ Other\ Room/PhoneInTheOtherRoomApp/Views/FarmShopOwnedItemAction.swift (in target 'PhoneInTheOtherRoom' from project 'PhoneInTheOtherRoom')
    cd /Users/ngawangchime/Desktop/Developer\ Projects/Phone\ in\ the\ Other\ Room


SwiftCompile normal arm64 /Users/ngawangchime/Desktop/Developer\ Projects/Phone\ in\ the\ Other\ Room/PhoneInTheOtherRoomApp/Views/FarmShopPresentation.swift (in target 'PhoneInTheOtherRoom' from project 'PhoneInTheOtherRoom')
    cd /Users/ngawangchime/Desktop/Developer\ Projects/Phone\ in\ the\ Other\ Room


SwiftCompile normal arm64 /Users/ngawangchime/Desktop/Developer\ Projects/Phone\ in\ the\ Other\ Room/PhoneInTheOtherRoomApp/Views/FarmShopPreviews.swift (in target 'PhoneInTheOtherRoom' from project 'PhoneInTheOtherRoom')
    cd /Users/ngawangchime/Desktop/Developer\ Projects/Phone\ in\ the\ Other\ Room


SwiftCompile normal arm64 /Users/ngawangchime/Desktop/Developer\ Projects/Phone\ in\ the\ Other\ Room/PhoneInTheOtherRoomApp/Views/FarmShopView.swift (in target 'PhoneInTheOtherRoom' from project 'PhoneInTheOtherRoom')
    cd /Users/ngawangchime/Desktop/Developer\ Projects/Phone\ in\ the\ Other\ Room


SwiftCompile normal arm64 /Users/ngawangchime/Desktop/Developer\ Projects/Phone\ in\ the\ Other\ Room/PhoneInTheOtherRoomApp/Views/FeedbackFormView.swift (in target 'PhoneInTheOtherRoom' from project 'PhoneInTheOtherRoom')
    cd /Users/ngawangchime/Desktop/Developer\ Projects/Phone\ in\ the\ Other\ Room


SwiftCompile normal arm64 /Users/ngawangchime/Desktop/Developer\ Projects/Phone\ in\ the\ Other\ Room/PhoneInTheOtherRoomApp/Views/Components/FirstRunGuideCards.swift (in target 'PhoneInTheOtherRoom' from project 'PhoneInTheOtherRoom')
    cd /Users/ngawangchime/Desktop/Developer\ Projects/Phone\ in\ the\ Other\ Room


SwiftCompile normal arm64 /Users/ngawangchime/Desktop/Developer\ Projects/Phone\ in\ the\ Other\ Room/PhoneInTheOtherRoomApp/Views/Components/FirstStartSheetPreview.swift (in target 'PhoneInTheOtherRoom' from project 'PhoneInTheOtherRoom')
    cd /Users/ngawangchime/Desktop/Developer\ Projects/Phone\ in\ the\ Other\ Room


SwiftCompile normal arm64 /Users/ngawangchime/Desktop/Developer\ Projects/Phone\ in\ the\ Other\ Room/PhoneInTheOtherRoomApp/Views/FocusStatsRecordSections.swift (in target 'PhoneInTheOtherRoom' from project 'PhoneInTheOtherRoom')
    cd /Users/ngawangchime/Desktop/Developer\ Projects/Phone\ in\ the\ Other\ Room


SwiftCompile normal arm64 /Users/ngawangchime/Desktop/Developer\ Projects/Phone\ in\ the\ Other\ Room/PhoneInTheOtherRoomApp/Views/FocusStatsView.swift (in target 'PhoneInTheOtherRoom' from project 'PhoneInTheOtherRoom')
    cd /Users/ngawangchime/Desktop/Developer\ Projects/Phone\ in\ the\ Other\ Room


SwiftDriverJobDiscovery normal arm64 Compiling FocusSessionCoordinator+Placement.swift, FocusSessionCoordinator.swift, FocusSessionStartResult.swift, HomeReceiptRouting.swift, HomeView.swift, ImpactMeasurement.swift, IndependentMorningSettlement.swift, NightFlockDashboard.swift, NightFlockOrientationView.swift (in target 'PhoneInTheOtherRoom' from project 'PhoneInTheOtherRoom')

SwiftCompile normal arm64 Compiling\ SlumberPartyV4Previews.swift,\ SocialExperienceStudyRoot.swift,\ TrailNotesArchiveView.swift,\ WindDownGuidanceTopicView.swift,\ WindDownHabitReflectionCard.swift,\ WindDownHabitSupportEditor.swift,\ WindDownPhaseProgressView.swift,\ WindDownRoutineSequenceCard.swift,\ WindDownSchedulePreviews.swift,\ WindDownScheduleView.swift,\ WindDownTagManagementCard.swift,\ WindDownTimingView.swift /Users/ngawangchime/Desktop/Developer\ Projects/Phone\ in\ the\ Other\ Room/PhoneInTheOtherRoomApp/Views/NightFlock/SlumberPartyV4Previews.swift /Users/ngawangchime/Desktop/Developer\ Projects/Phone\ in\ the\ Other\ Room/PhoneInTheOtherRoomApp/Views/Prototypes/SocialExperienceStudy/SocialExperienceStudyRoot.swift /Users/ngawangchime/Desktop/Developer\ Projects/Phone\ in\ the\ Other\ Room/PhoneInTheOtherRoomApp/Views/TrailNotesArchiveView.swift /Users/ngawangchime/Desktop/Developer\ Projects/Phone\ in\ the\ Other\ Room/PhoneInTheOtherRoomApp/Views/Components/WindDownGuidanceTopicView.swift /Users/ngawangchime/Desktop/Developer\ Projects/Phone\ in\ the\ Other\ Room/PhoneInTheOtherRoomApp/Views/Components/WindDownHabitReflectionCard.swift /Users/ngawangchime/Desktop/Developer\ Projects/Phone\ in\ the\ Other\ Room/PhoneInTheOtherRoomApp/Views/Components/WindDownHabitSupportEditor.swift /Users/ngawangchime/Desktop/Developer\ Projects/Phone\ in\ the\ Other\ Room/PhoneInTheOtherRoomApp/Views/Components/WindDownPhaseProgressView.swift /Users/ngawangchime/Desktop/Developer\ Projects/Phone\ in\ the\ Other\ Room/PhoneInTheOtherRoomApp/Views/Components/WindDownRoutineSequenceCard.swift /Users/ngawangchime/Desktop/Developer\ Projects/Phone\ in\ the\ Other\ Room/PhoneInTheOtherRoomApp/Views/WindDownSchedulePreviews.swift /Users/ngawangchime/Desktop/Developer\ Projects/Phone\ in\ the\ Other\ Room/PhoneInTheOtherRoomApp/Views/WindDownScheduleView.swift /Users/ngawangchime/Desktop/Developer\ Projects/Phone\ in\ the\ Other\ Room/PhoneInTheOtherRoomApp/Views/Components/WindDownTagManagementCard.swift /Users/ngawangchime/Desktop/Developer\ Projects/Phone\ in\ the\ Other\ Room/PhoneInTheOtherRoomApp/Views/WindDownTimingView.swift (in target 'PhoneInTheOtherRoom' from project 'PhoneInTheOtherRoom')
SwiftCompile normal arm64 /Users/ngawangchime/Desktop/Developer\ Projects/Phone\ in\ the\ Other\ Room/PhoneInTheOtherRoomApp/Views/NightFlock/SlumberPartyV4Previews.swift (in target 'PhoneInTheOtherRoom' from project 'PhoneInTheOtherRoom')
    cd /Users/ngawangchime/Desktop/Developer\ Projects/Phone\ in\ the\ Other\ Room


SwiftCompile normal arm64 /Users/ngawangchime/Desktop/Developer\ Projects/Phone\ in\ the\ Other\ Room/PhoneInTheOtherRoomApp/Views/Prototypes/SocialExperienceStudy/SocialExperienceStudyRoot.swift (in target 'PhoneInTheOtherRoom' from project 'PhoneInTheOtherRoom')
    cd /Users/ngawangchime/Desktop/Developer\ Projects/Phone\ in\ the\ Other\ Room


SwiftCompile normal arm64 /Users/ngawangchime/Desktop/Developer\ Projects/Phone\ in\ the\ Other\ Room/PhoneInTheOtherRoomApp/Views/TrailNotesArchiveView.swift (in target 'PhoneInTheOtherRoom' from project 'PhoneInTheOtherRoom')
    cd /Users/ngawangchime/Desktop/Developer\ Projects/Phone\ in\ the\ Other\ Room


SwiftCompile normal arm64 /Users/ngawangchime/Desktop/Developer\ Projects/Phone\ in\ the\ Other\ Room/PhoneInTheOtherRoomApp/Views/Components/WindDownGuidanceTopicView.swift (in target 'PhoneInTheOtherRoom' from project 'PhoneInTheOtherRoom')
    cd /Users/ngawangchime/Desktop/Developer\ Projects/Phone\ in\ the\ Other\ Room


SwiftCompile normal arm64 /Users/ngawangchime/Desktop/Developer\ Projects/Phone\ in\ the\ Other\ Room/PhoneInTheOtherRoomApp/Views/Components/WindDownHabitReflectionCard.swift (in target 'PhoneInTheOtherRoom' from project 'PhoneInTheOtherRoom')
    cd /Users/ngawangchime/Desktop/Developer\ Projects/Phone\ in\ the\ Other\ Room


SwiftCompile normal arm64 /Users/ngawangchime/Desktop/Developer\ Projects/Phone\ in\ the\ Other\ Room/PhoneInTheOtherRoomApp/Views/Components/WindDownHabitSupportEditor.swift (in target 'PhoneInTheOtherRoom' from project 'PhoneInTheOtherRoom')
    cd /Users/ngawangchime/Desktop/Developer\ Projects/Phone\ in\ the\ Other\ Room


SwiftCompile normal arm64 /Users/ngawangchime/Desktop/Developer\ Projects/Phone\ in\ the\ Other\ Room/PhoneInTheOtherRoomApp/Views/Components/WindDownPhaseProgressView.swift (in target 'PhoneInTheOtherRoom' from project 'PhoneInTheOtherRoom')
    cd /Users/ngawangchime/Desktop/Developer\ Projects/Phone\ in\ the\ Other\ Room


SwiftCompile normal arm64 /Users/ngawangchime/Desktop/Developer\ Projects/Phone\ in\ the\ Other\ Room/PhoneInTheOtherRoomApp/Views/Components/WindDownRoutineSequenceCard.swift (in target 'PhoneInTheOtherRoom' from project 'PhoneInTheOtherRoom')
    cd /Users/ngawangchime/Desktop/Developer\ Projects/Phone\ in\ the\ Other\ Room


SwiftCompile normal arm64 /Users/ngawangchime/Desktop/Developer\ Projects/Phone\ in\ the\ Other\ Room/PhoneInTheOtherRoomApp/Views/WindDownSchedulePreviews.swift (in target 'PhoneInTheOtherRoom' from project 'PhoneInTheOtherRoom')
    cd /Users/ngawangchime/Desktop/Developer\ Projects/Phone\ in\ the\ Other\ Room


SwiftCompile normal arm64 /Users/ngawangchime/Desktop/Developer\ Projects/Phone\ in\ the\ Other\ Room/PhoneInTheOtherRoomApp/Views/WindDownScheduleView.swift (in target 'PhoneInTheOtherRoom' from project 'PhoneInTheOtherRoom')
    cd /Users/ngawangchime/Desktop/Developer\ Projects/Phone\ in\ the\ Other\ Room


SwiftCompile normal arm64 /Users/ngawangchime/Desktop/Developer\ Projects/Phone\ in\ the\ Other\ Room/PhoneInTheOtherRoomApp/Views/Components/WindDownTagManagementCard.swift (in target 'PhoneInTheOtherRoom' from project 'PhoneInTheOtherRoom')
    cd /Users/ngawangchime/Desktop/Developer\ Projects/Phone\ in\ the\ Other\ Room


SwiftCompile normal arm64 /Users/ngawangchime/Desktop/Developer\ Projects/Phone\ in\ the\ Other\ Room/PhoneInTheOtherRoomApp/Views/WindDownTimingView.swift (in target 'PhoneInTheOtherRoom' from project 'PhoneInTheOtherRoom')
    cd /Users/ngawangchime/Desktop/Developer\ Projects/Phone\ in\ the\ Other\ Room


SwiftDriverJobDiscovery normal arm64 Compiling NotificationMessageEditorView.swift, NotificationMessageLibraryView.swift, NotificationSchedulePreviewView.swift, NotificationSettingsView.swift, OllieCompanionSpriteRenderer.swift, OllieDetailView.swift, OllieDressedSprite.swift, OllieRitualView.swift, OllieWardrobePreview.swift, OnboardingAccountStepView.swift, OnboardingComponents.swift, OnboardingFlowView.swift (in target 'PhoneInTheOtherRoom' from project 'PhoneInTheOtherRoom')

SwiftCompile normal arm64 Compiling\ FarmSaveStore+Accounts.swift,\ FarmShopItemDetailView.swift,\ FarmView.swift,\ FirstRunJourney.swift,\ FocusRunSetupView.swift,\ FocusRunViewModel+FarmBackup.swift,\ FocusRunViewModel.swift,\ FocusStatsContextSections.swift,\ HomeStartRouting.swift,\ HomeWindDownSummary.swift,\ NightFlockAccountService+Password.swift /Users/ngawangchime/Desktop/Developer\ Projects/Phone\ in\ the\ Other\ Room/PhoneInTheOtherRoomApp/Services/FarmSaveStore+Accounts.swift /Users/ngawangchime/Desktop/Developer\ Projects/Phone\ in\ the\ Other\ Room/PhoneInTheOtherRoomApp/Views/FarmShopItemDetailView.swift /Users/ngawangchime/Desktop/Developer\ Projects/Phone\ in\ the\ Other\ Room/PhoneInTheOtherRoomApp/Views/FarmView.swift /Users/ngawangchime/Desktop/Developer\ Projects/Phone\ in\ the\ Other\ Room/Shared/FirstRunJourney.swift /Users/ngawangchime/Desktop/Developer\ Projects/Phone\ in\ the\ Other\ Room/PhoneInTheOtherRoomApp/Views/FocusRunSetupView.swift /Users/ngawangchime/Desktop/Developer\ Projects/Phone\ in\ the\ Other\ Room/PhoneInTheOtherRoomApp/ViewModels/FocusRunViewModel+FarmBackup.swift /Users/ngawangchime/Desktop/Developer\ Projects/Phone\ in\ the\ Other\ Room/PhoneInTheOtherRoomApp/ViewModels/FocusRunViewModel.swift /Users/ngawangchime/Desktop/Developer\ Projects/Phone\ in\ the\ Other\ Room/PhoneInTheOtherRoomApp/Views/FocusStatsContextSections.swift /Users/ngawangchime/Desktop/Developer\ Projects/Phone\ in\ the\ Other\ Room/Shared/HomeStartRouting.swift /Users/ngawangchime/Desktop/Developer\ Projects/Phone\ in\ the\ Other\ Room/PhoneInTheOtherRoomApp/Views/Components/HomeWindDownSummary.swift /Users/ngawangchime/Desktop/Developer\ Projects/Phone\ in\ the\ Other\ Room/PhoneInTheOtherRoomApp/Services/NightFlockAccountService+Password.swift (in target 'PhoneInTheOtherRoom' from project 'PhoneInTheOtherRoom')
SwiftCompile normal arm64 /Users/ngawangchime/Desktop/Developer\ Projects/Phone\ in\ the\ Other\ Room/PhoneInTheOtherRoomApp/Services/FarmSaveStore+Accounts.swift (in target 'PhoneInTheOtherRoom' from project 'PhoneInTheOtherRoom')
    cd /Users/ngawangchime/Desktop/Developer\ Projects/Phone\ in\ the\ Other\ Room


SwiftCompile normal arm64 /Users/ngawangchime/Desktop/Developer\ Projects/Phone\ in\ the\ Other\ Room/PhoneInTheOtherRoomApp/Views/FarmShopItemDetailView.swift (in target 'PhoneInTheOtherRoom' from project 'PhoneInTheOtherRoom')
    cd /Users/ngawangchime/Desktop/Developer\ Projects/Phone\ in\ the\ Other\ Room


SwiftCompile normal arm64 /Users/ngawangchime/Desktop/Developer\ Projects/Phone\ in\ the\ Other\ Room/PhoneInTheOtherRoomApp/Views/FarmView.swift (in target 'PhoneInTheOtherRoom' from project 'PhoneInTheOtherRoom')
    cd /Users/ngawangchime/Desktop/Developer\ Projects/Phone\ in\ the\ Other\ Room


SwiftCompile normal arm64 /Users/ngawangchime/Desktop/Developer\ Projects/Phone\ in\ the\ Other\ Room/Shared/FirstRunJourney.swift (in target 'PhoneInTheOtherRoom' from project 'PhoneInTheOtherRoom')
    cd /Users/ngawangchime/Desktop/Developer\ Projects/Phone\ in\ the\ Other\ Room


SwiftCompile normal arm64 /Users/ngawangchime/Desktop/Developer\ Projects/Phone\ in\ the\ Other\ Room/PhoneInTheOtherRoomApp/Views/FocusRunSetupView.swift (in target 'PhoneInTheOtherRoom' from project 'PhoneInTheOtherRoom')
    cd /Users/ngawangchime/Desktop/Developer\ Projects/Phone\ in\ the\ Other\ Room


SwiftCompile normal arm64 /Users/ngawangchime/Desktop/Developer\ Projects/Phone\ in\ the\ Other\ Room/PhoneInTheOtherRoomApp/ViewModels/FocusRunViewModel+FarmBackup.swift (in target 'PhoneInTheOtherRoom' from project 'PhoneInTheOtherRoom')
    cd /Users/ngawangchime/Desktop/Developer\ Projects/Phone\ in\ the\ Other\ Room


SwiftCompile normal arm64 /Users/ngawangchime/Desktop/Developer\ Projects/Phone\ in\ the\ Other\ Room/PhoneInTheOtherRoomApp/ViewModels/FocusRunViewModel.swift (in target 'PhoneInTheOtherRoom' from project 'PhoneInTheOtherRoom')
    cd /Users/ngawangchime/Desktop/Developer\ Projects/Phone\ in\ the\ Other\ Room


SwiftCompile normal arm64 /Users/ngawangchime/Desktop/Developer\ Projects/Phone\ in\ the\ Other\ Room/PhoneInTheOtherRoomApp/Views/FocusStatsContextSections.swift (in target 'PhoneInTheOtherRoom' from project 'PhoneInTheOtherRoom')
    cd /Users/ngawangchime/Desktop/Developer\ Projects/Phone\ in\ the\ Other\ Room


SwiftCompile normal arm64 /Users/ngawangchime/Desktop/Developer\ Projects/Phone\ in\ the\ Other\ Room/Shared/HomeStartRouting.swift (in target 'PhoneInTheOtherRoom' from project 'PhoneInTheOtherRoom')
    cd /Users/ngawangchime/Desktop/Developer\ Projects/Phone\ in\ the\ Other\ Room


SwiftCompile normal arm64 /Users/ngawangchime/Desktop/Developer\ Projects/Phone\ in\ the\ Other\ Room/PhoneInTheOtherRoomApp/Views/Components/HomeWindDownSummary.swift (in target 'PhoneInTheOtherRoom' from project 'PhoneInTheOtherRoom')
    cd /Users/ngawangchime/Desktop/Developer\ Projects/Phone\ in\ the\ Other\ Room


SwiftCompile normal arm64 /Users/ngawangchime/Desktop/Developer\ Projects/Phone\ in\ the\ Other\ Room/PhoneInTheOtherRoomApp/Services/NightFlockAccountService+Password.swift (in target 'PhoneInTheOtherRoom' from project 'PhoneInTheOtherRoom')
    cd /Users/ngawangchime/Desktop/Developer\ Projects/Phone\ in\ the\ Other\ Room


SwiftDriverJobDiscovery normal arm64 Compiling EarlyWakeSheet.swift, FarmAccountControlsView.swift, FarmPreviewData.swift, FarmSaveNotice.swift, FarmShopOwnedItemAction.swift, FarmShopPresentation.swift, FarmShopPreviews.swift, FarmShopView.swift, FeedbackFormView.swift, FirstRunGuideCards.swift, FirstStartSheetPreview.swift, FocusStatsRecordSections.swift, FocusStatsView.swift (in target 'PhoneInTheOtherRoom' from project 'PhoneInTheOtherRoom')

SwiftCompile normal arm64 Compiling\ PhoneInTheOtherRoomApp.swift,\ PixelComponents.swift,\ PixelHomeDashboard.swift,\ RitualPersonalisationView.swift,\ ScreenbookFixtures.swift,\ ScreenbookRecoveryProbe.swift,\ ScreenbookRootView.swift,\ SettingsDetailViews.swift,\ SharedPastureControls.swift,\ SheepLoadingView.swift /Users/ngawangchime/Desktop/Developer\ Projects/Phone\ in\ the\ Other\ Room/PhoneInTheOtherRoomApp/App/PhoneInTheOtherRoomApp.swift /Users/ngawangchime/Desktop/Developer\ Projects/Phone\ in\ the\ Other\ Room/PhoneInTheOtherRoomApp/Design/PixelComponents.swift /Users/ngawangchime/Desktop/Developer\ Projects/Phone\ in\ the\ Other\ Room/PhoneInTheOtherRoomApp/Views/PixelHomeDashboard.swift /Users/ngawangchime/Desktop/Developer\ Projects/Phone\ in\ the\ Other\ Room/PhoneInTheOtherRoomApp/Views/RitualPersonalisationView.swift /Users/ngawangchime/Desktop/Developer\ Projects/Phone\ in\ the\ Other\ Room/PhoneInTheOtherRoomApp/Screenbook/ScreenbookFixtures.swift /Users/ngawangchime/Desktop/Developer\ Projects/Phone\ in\ the\ Other\ Room/PhoneInTheOtherRoomApp/Screenbook/ScreenbookRecoveryProbe.swift /Users/ngawangchime/Desktop/Developer\ Projects/Phone\ in\ the\ Other\ Room/PhoneInTheOtherRoomApp/Screenbook/ScreenbookRootView.swift /Users/ngawangchime/Desktop/Developer\ Projects/Phone\ in\ the\ Other\ Room/PhoneInTheOtherRoomApp/Views/SettingsDetailViews.swift /Users/ngawangchime/Desktop/Developer\ Projects/Phone\ in\ the\ Other\ Room/PhoneInTheOtherRoomApp/Views/NightFlock/SharedPastureControls.swift /Users/ngawangchime/Desktop/Developer\ Projects/Phone\ in\ the\ Other\ Room/PhoneInTheOtherRoomApp/Views/Components/SheepLoadingView.swift (in target 'PhoneInTheOtherRoom' from project 'PhoneInTheOtherRoom')
SwiftCompile normal arm64 /Users/ngawangchime/Desktop/Developer\ Projects/Phone\ in\ the\ Other\ Room/PhoneInTheOtherRoomApp/App/PhoneInTheOtherRoomApp.swift (in target 'PhoneInTheOtherRoom' from project 'PhoneInTheOtherRoom')
    cd /Users/ngawangchime/Desktop/Developer\ Projects/Phone\ in\ the\ Other\ Room


SwiftCompile normal arm64 /Users/ngawangchime/Desktop/Developer\ Projects/Phone\ in\ the\ Other\ Room/PhoneInTheOtherRoomApp/Design/PixelComponents.swift (in target 'PhoneInTheOtherRoom' from project 'PhoneInTheOtherRoom')
    cd /Users/ngawangchime/Desktop/Developer\ Projects/Phone\ in\ the\ Other\ Room


SwiftCompile normal arm64 /Users/ngawangchime/Desktop/Developer\ Projects/Phone\ in\ the\ Other\ Room/PhoneInTheOtherRoomApp/Views/PixelHomeDashboard.swift (in target 'PhoneInTheOtherRoom' from project 'PhoneInTheOtherRoom')
    cd /Users/ngawangchime/Desktop/Developer\ Projects/Phone\ in\ the\ Other\ Room


SwiftCompile normal arm64 /Users/ngawangchime/Desktop/Developer\ Projects/Phone\ in\ the\ Other\ Room/PhoneInTheOtherRoomApp/Views/RitualPersonalisationView.swift (in target 'PhoneInTheOtherRoom' from project 'PhoneInTheOtherRoom')
    cd /Users/ngawangchime/Desktop/Developer\ Projects/Phone\ in\ the\ Other\ Room


SwiftCompile normal arm64 /Users/ngawangchime/Desktop/Developer\ Projects/Phone\ in\ the\ Other\ Room/PhoneInTheOtherRoomApp/Screenbook/ScreenbookFixtures.swift (in target 'PhoneInTheOtherRoom' from project 'PhoneInTheOtherRoom')
    cd /Users/ngawangchime/Desktop/Developer\ Projects/Phone\ in\ the\ Other\ Room


SwiftCompile normal arm64 /Users/ngawangchime/Desktop/Developer\ Projects/Phone\ in\ the\ Other\ Room/PhoneInTheOtherRoomApp/Screenbook/ScreenbookRecoveryProbe.swift (in target 'PhoneInTheOtherRoom' from project 'PhoneInTheOtherRoom')
    cd /Users/ngawangchime/Desktop/Developer\ Projects/Phone\ in\ the\ Other\ Room


SwiftCompile normal arm64 /Users/ngawangchime/Desktop/Developer\ Projects/Phone\ in\ the\ Other\ Room/PhoneInTheOtherRoomApp/Screenbook/ScreenbookRootView.swift (in target 'PhoneInTheOtherRoom' from project 'PhoneInTheOtherRoom')
    cd /Users/ngawangchime/Desktop/Developer\ Projects/Phone\ in\ the\ Other\ Room


SwiftCompile normal arm64 /Users/ngawangchime/Desktop/Developer\ Projects/Phone\ in\ the\ Other\ Room/PhoneInTheOtherRoomApp/Views/SettingsDetailViews.swift (in target 'PhoneInTheOtherRoom' from project 'PhoneInTheOtherRoom')
    cd /Users/ngawangchime/Desktop/Developer\ Projects/Phone\ in\ the\ Other\ Room


SwiftCompile normal arm64 /Users/ngawangchime/Desktop/Developer\ Projects/Phone\ in\ the\ Other\ Room/PhoneInTheOtherRoomApp/Views/NightFlock/SharedPastureControls.swift (in target 'PhoneInTheOtherRoom' from project 'PhoneInTheOtherRoom')
    cd /Users/ngawangchime/Desktop/Developer\ Projects/Phone\ in\ the\ Other\ Room


SwiftCompile normal arm64 /Users/ngawangchime/Desktop/Developer\ Projects/Phone\ in\ the\ Other\ Room/PhoneInTheOtherRoomApp/Views/Components/SheepLoadingView.swift (in target 'PhoneInTheOtherRoom' from project 'PhoneInTheOtherRoom')
    cd /Users/ngawangchime/Desktop/Developer\ Projects/Phone\ in\ the\ Other\ Room


SwiftDriverJobDiscovery normal arm64 Compiling SlumberPartyV4Previews.swift, SocialExperienceStudyRoot.swift, TrailNotesArchiveView.swift, WindDownGuidanceTopicView.swift, WindDownHabitReflectionCard.swift, WindDownHabitSupportEditor.swift, WindDownPhaseProgressView.swift, WindDownRoutineSequenceCard.swift, WindDownSchedulePreviews.swift, WindDownScheduleView.swift, WindDownTagManagementCard.swift, WindDownTimingView.swift (in target 'PhoneInTheOtherRoom' from project 'PhoneInTheOtherRoom')

SwiftCompile normal arm64 Compiling\ SlumberPartyV4ListView.swift,\ SlumberPartyV4PartyDetailView.swift,\ Theme.swift,\ TrailBoardView.swift,\ UpcomingQuietTimesCard.swift,\ WindDownGuidanceDetailView.swift,\ WindDownGuidanceLibraryView.swift,\ WindDownGuidanceSourcesView.swift,\ WindDownGuideCard.swift,\ WindDownHabitHomeCard.swift /Users/ngawangchime/Desktop/Developer\ Projects/Phone\ in\ the\ Other\ Room/PhoneInTheOtherRoomApp/Views/NightFlock/SlumberPartyV4ListView.swift /Users/ngawangchime/Desktop/Developer\ Projects/Phone\ in\ the\ Other\ Room/PhoneInTheOtherRoomApp/Views/NightFlock/SlumberPartyV4PartyDetailView.swift /Users/ngawangchime/Desktop/Developer\ Projects/Phone\ in\ the\ Other\ Room/PhoneInTheOtherRoomApp/Design/Theme.swift /Users/ngawangchime/Desktop/Developer\ Projects/Phone\ in\ the\ Other\ Room/PhoneInTheOtherRoomApp/Views/TrailBoardView.swift /Users/ngawangchime/Desktop/Developer\ Projects/Phone\ in\ the\ Other\ Room/PhoneInTheOtherRoomApp/Views/Components/UpcomingQuietTimesCard.swift /Users/ngawangchime/Desktop/Developer\ Projects/Phone\ in\ the\ Other\ Room/PhoneInTheOtherRoomApp/Views/Components/WindDownGuidanceDetailView.swift /Users/ngawangchime/Desktop/Developer\ Projects/Phone\ in\ the\ Other\ Room/PhoneInTheOtherRoomApp/Views/Components/WindDownGuidanceLibraryView.swift /Users/ngawangchime/Desktop/Developer\ Projects/Phone\ in\ the\ Other\ Room/PhoneInTheOtherRoomApp/Views/Components/WindDownGuidanceSourcesView.swift /Users/ngawangchime/Desktop/Developer\ Projects/Phone\ in\ the\ Other\ Room/PhoneInTheOtherRoomApp/Views/Components/WindDownGuideCard.swift /Users/ngawangchime/Desktop/Developer\ Projects/Phone\ in\ the\ Other\ Room/PhoneInTheOtherRoomApp/Views/Components/WindDownHabitHomeCard.swift (in target 'PhoneInTheOtherRoom' from project 'PhoneInTheOtherRoom')
SwiftCompile normal arm64 /Users/ngawangchime/Desktop/Developer\ Projects/Phone\ in\ the\ Other\ Room/PhoneInTheOtherRoomApp/Views/NightFlock/SlumberPartyV4ListView.swift (in target 'PhoneInTheOtherRoom' from project 'PhoneInTheOtherRoom')
    cd /Users/ngawangchime/Desktop/Developer\ Projects/Phone\ in\ the\ Other\ Room


SwiftCompile normal arm64 /Users/ngawangchime/Desktop/Developer\ Projects/Phone\ in\ the\ Other\ Room/PhoneInTheOtherRoomApp/Views/NightFlock/SlumberPartyV4PartyDetailView.swift (in target 'PhoneInTheOtherRoom' from project 'PhoneInTheOtherRoom')
    cd /Users/ngawangchime/Desktop/Developer\ Projects/Phone\ in\ the\ Other\ Room


SwiftCompile normal arm64 /Users/ngawangchime/Desktop/Developer\ Projects/Phone\ in\ the\ Other\ Room/PhoneInTheOtherRoomApp/Design/Theme.swift (in target 'PhoneInTheOtherRoom' from project 'PhoneInTheOtherRoom')
    cd /Users/ngawangchime/Desktop/Developer\ Projects/Phone\ in\ the\ Other\ Room


SwiftCompile normal arm64 /Users/ngawangchime/Desktop/Developer\ Projects/Phone\ in\ the\ Other\ Room/PhoneInTheOtherRoomApp/Views/TrailBoardView.swift (in target 'PhoneInTheOtherRoom' from project 'PhoneInTheOtherRoom')
    cd /Users/ngawangchime/Desktop/Developer\ Projects/Phone\ in\ the\ Other\ Room


SwiftCompile normal arm64 /Users/ngawangchime/Desktop/Developer\ Projects/Phone\ in\ the\ Other\ Room/PhoneInTheOtherRoomApp/Views/Components/UpcomingQuietTimesCard.swift (in target 'PhoneInTheOtherRoom' from project 'PhoneInTheOtherRoom')
    cd /Users/ngawangchime/Desktop/Developer\ Projects/Phone\ in\ the\ Other\ Room


SwiftCompile normal arm64 /Users/ngawangchime/Desktop/Developer\ Projects/Phone\ in\ the\ Other\ Room/PhoneInTheOtherRoomApp/Views/Components/WindDownGuidanceDetailView.swift (in target 'PhoneInTheOtherRoom' from project 'PhoneInTheOtherRoom')
    cd /Users/ngawangchime/Desktop/Developer\ Projects/Phone\ in\ the\ Other\ Room


SwiftCompile normal arm64 /Users/ngawangchime/Desktop/Developer\ Projects/Phone\ in\ the\ Other\ Room/PhoneInTheOtherRoomApp/Views/Components/WindDownGuidanceLibraryView.swift (in target 'PhoneInTheOtherRoom' from project 'PhoneInTheOtherRoom')
    cd /Users/ngawangchime/Desktop/Developer\ Projects/Phone\ in\ the\ Other\ Room


SwiftCompile normal arm64 /Users/ngawangchime/Desktop/Developer\ Projects/Phone\ in\ the\ Other\ Room/PhoneInTheOtherRoomApp/Views/Components/WindDownGuidanceSourcesView.swift (in target 'PhoneInTheOtherRoom' from project 'PhoneInTheOtherRoom')
    cd /Users/ngawangchime/Desktop/Developer\ Projects/Phone\ in\ the\ Other\ Room


SwiftCompile normal arm64 /Users/ngawangchime/Desktop/Developer\ Projects/Phone\ in\ the\ Other\ Room/PhoneInTheOtherRoomApp/Views/Components/WindDownGuideCard.swift (in target 'PhoneInTheOtherRoom' from project 'PhoneInTheOtherRoom')
    cd /Users/ngawangchime/Desktop/Developer\ Projects/Phone\ in\ the\ Other\ Room


SwiftCompile normal arm64 /Users/ngawangchime/Desktop/Developer\ Projects/Phone\ in\ the\ Other\ Room/PhoneInTheOtherRoomApp/Views/Components/WindDownHabitHomeCard.swift (in target 'PhoneInTheOtherRoom' from project 'PhoneInTheOtherRoom')
    cd /Users/ngawangchime/Desktop/Developer\ Projects/Phone\ in\ the\ Other\ Room


SwiftDriverJobDiscovery normal arm64 Compiling FarmSaveStore+Accounts.swift, FarmShopItemDetailView.swift, FarmView.swift, FirstRunJourney.swift, FocusRunSetupView.swift, FocusRunViewModel+FarmBackup.swift, FocusRunViewModel.swift, FocusStatsContextSections.swift, HomeStartRouting.swift, HomeWindDownSummary.swift, NightFlockAccountService+Password.swift (in target 'PhoneInTheOtherRoom' from project 'PhoneInTheOtherRoom')

SwiftCompile normal arm64 Compiling\ NightFlockHubView.swift,\ NightFlockOutboxService.swift,\ NightFlockReadDeadline.swift,\ NightFlockRemoteError.swift,\ NightFlockRequestScheduling.swift,\ NightFlockService.swift,\ NightFlockV4API.swift,\ NightFlockV4Outbox.swift,\ NightFlockViewModel+CampfireVisibility.swift,\ NightFlockViewModel+Errors.swift /Users/ngawangchime/Desktop/Developer\ Projects/Phone\ in\ the\ Other\ Room/PhoneInTheOtherRoomApp/Views/NightFlock/NightFlockHubView.swift /Users/ngawangchime/Desktop/Developer\ Projects/Phone\ in\ the\ Other\ Room/PhoneInTheOtherRoomApp/Services/NightFlockOutboxService.swift /Users/ngawangchime/Desktop/Developer\ Projects/Phone\ in\ the\ Other\ Room/Shared/NightFlockReadDeadline.swift /Users/ngawangchime/Desktop/Developer\ Projects/Phone\ in\ the\ Other\ Room/Shared/NightFlockRemoteError.swift /Users/ngawangchime/Desktop/Developer\ Projects/Phone\ in\ the\ Other\ Room/Shared/NightFlockRequestScheduling.swift /Users/ngawangchime/Desktop/Developer\ Projects/Phone\ in\ the\ Other\ Room/PhoneInTheOtherRoomApp/Services/NightFlockService.swift /Users/ngawangchime/Desktop/Developer\ Projects/Phone\ in\ the\ Other\ Room/Shared/NightFlockV4API.swift /Users/ngawangchime/Desktop/Developer\ Projects/Phone\ in\ the\ Other\ Room/Shared/NightFlockV4Outbox.swift /Users/ngawangchime/Desktop/Developer\ Projects/Phone\ in\ the\ Other\ Room/PhoneInTheOtherRoomApp/ViewModels/NightFlockViewModel+CampfireVisibility.swift /Users/ngawangchime/Desktop/Developer\ Projects/Phone\ in\ the\ Other\ Room/PhoneInTheOtherRoomApp/ViewModels/NightFlockViewModel+Errors.swift (in target 'PhoneInTheOtherRoom' from project 'PhoneInTheOtherRoom')
SwiftCompile normal arm64 /Users/ngawangchime/Desktop/Developer\ Projects/Phone\ in\ the\ Other\ Room/PhoneInTheOtherRoomApp/Views/NightFlock/NightFlockHubView.swift (in target 'PhoneInTheOtherRoom' from project 'PhoneInTheOtherRoom')
    cd /Users/ngawangchime/Desktop/Developer\ Projects/Phone\ in\ the\ Other\ Room


SwiftCompile normal arm64 /Users/ngawangchime/Desktop/Developer\ Projects/Phone\ in\ the\ Other\ Room/PhoneInTheOtherRoomApp/Services/NightFlockOutboxService.swift (in target 'PhoneInTheOtherRoom' from project 'PhoneInTheOtherRoom')
    cd /Users/ngawangchime/Desktop/Developer\ Projects/Phone\ in\ the\ Other\ Room


SwiftCompile normal arm64 /Users/ngawangchime/Desktop/Developer\ Projects/Phone\ in\ the\ Other\ Room/Shared/NightFlockReadDeadline.swift (in target 'PhoneInTheOtherRoom' from project 'PhoneInTheOtherRoom')
    cd /Users/ngawangchime/Desktop/Developer\ Projects/Phone\ in\ the\ Other\ Room


SwiftCompile normal arm64 /Users/ngawangchime/Desktop/Developer\ Projects/Phone\ in\ the\ Other\ Room/Shared/NightFlockRemoteError.swift (in target 'PhoneInTheOtherRoom' from project 'PhoneInTheOtherRoom')
    cd /Users/ngawangchime/Desktop/Developer\ Projects/Phone\ in\ the\ Other\ Room


SwiftCompile normal arm64 /Users/ngawangchime/Desktop/Developer\ Projects/Phone\ in\ the\ Other\ Room/Shared/NightFlockRequestScheduling.swift (in target 'PhoneInTheOtherRoom' from project 'PhoneInTheOtherRoom')
    cd /Users/ngawangchime/Desktop/Developer\ Projects/Phone\ in\ the\ Other\ Room


SwiftCompile normal arm64 /Users/ngawangchime/Desktop/Developer\ Projects/Phone\ in\ the\ Other\ Room/PhoneInTheOtherRoomApp/Services/NightFlockService.swift (in target 'PhoneInTheOtherRoom' from project 'PhoneInTheOtherRoom')
    cd /Users/ngawangchime/Desktop/Developer\ Projects/Phone\ in\ the\ Other\ Room


SwiftCompile normal arm64 /Users/ngawangchime/Desktop/Developer\ Projects/Phone\ in\ the\ Other\ Room/Shared/NightFlockV4API.swift (in target 'PhoneInTheOtherRoom' from project 'PhoneInTheOtherRoom')
    cd /Users/ngawangchime/Desktop/Developer\ Projects/Phone\ in\ the\ Other\ Room


SwiftCompile normal arm64 /Users/ngawangchime/Desktop/Developer\ Projects/Phone\ in\ the\ Other\ Room/Shared/NightFlockV4Outbox.swift (in target 'PhoneInTheOtherRoom' from project 'PhoneInTheOtherRoom')
    cd /Users/ngawangchime/Desktop/Developer\ Projects/Phone\ in\ the\ Other\ Room


SwiftCompile normal arm64 /Users/ngawangchime/Desktop/Developer\ Projects/Phone\ in\ the\ Other\ Room/PhoneInTheOtherRoomApp/ViewModels/NightFlockViewModel+CampfireVisibility.swift (in target 'PhoneInTheOtherRoom' from project 'PhoneInTheOtherRoom')
    cd /Users/ngawangchime/Desktop/Developer\ Projects/Phone\ in\ the\ Other\ Room


SwiftCompile normal arm64 /Users/ngawangchime/Desktop/Developer\ Projects/Phone\ in\ the\ Other\ Room/PhoneInTheOtherRoomApp/ViewModels/NightFlockViewModel+Errors.swift (in target 'PhoneInTheOtherRoom' from project 'PhoneInTheOtherRoom')
    cd /Users/ngawangchime/Desktop/Developer\ Projects/Phone\ in\ the\ Other\ Room


SwiftDriverJobDiscovery normal arm64 Compiling PhoneInTheOtherRoomApp.swift, PixelComponents.swift, PixelHomeDashboard.swift, RitualPersonalisationView.swift, ScreenbookFixtures.swift, ScreenbookRecoveryProbe.swift, ScreenbookRootView.swift, SettingsDetailViews.swift, SharedPastureControls.swift, SheepLoadingView.swift (in target 'PhoneInTheOtherRoom' from project 'PhoneInTheOtherRoom')

SwiftCompile normal arm64 Compiling\ MorningCheckIn.swift,\ NearbyInteractionDistanceProvider.swift,\ NightFlockAPI.swift,\ NightFlockAccountService.swift,\ NightFlockCommitment.swift,\ NightFlockHomeCard.swift,\ NightFlockModels.swift,\ NightFlockOrientation.swift,\ NightFlockRewards.swift,\ NightFlockSharedHabitPresentation.swift,\ NightFlockSharedHabitSleep.swift,\ NightFlockSharedHabitsAPI.swift,\ NightFlockSharedHabitsFence.swift,\ NightFlockSharedHabitsOutbox.swift,\ NightFlockSharing.swift,\ NightFlockV2API.swift,\ NightFlockV3API.swift /Users/ngawangchime/Desktop/Developer\ Projects/Phone\ in\ the\ Other\ Room/Shared/MorningCheckIn.swift /Users/ngawangchime/Desktop/Developer\ Projects/Phone\ in\ the\ Other\ Room/PhoneInTheOtherRoomApp/Proximity/NearbyInteractionDistanceProvider.swift /Users/ngawangchime/Desktop/Developer\ Projects/Phone\ in\ the\ Other\ Room/Shared/NightFlockAPI.swift /Users/ngawangchime/Desktop/Developer\ Projects/Phone\ in\ the\ Other\ Room/PhoneInTheOtherRoomApp/Services/NightFlockAccountService.swift /Users/ngawangchime/Desktop/Developer\ Projects/Phone\ in\ the\ Other\ Room/Shared/NightFlockCommitment.swift /Users/ngawangchime/Desktop/Developer\ Projects/Phone\ in\ the\ Other\ Room/PhoneInTheOtherRoomApp/Views/NightFlock/NightFlockHomeCard.swift /Users/ngawangchime/Desktop/Developer\ Projects/Phone\ in\ the\ Other\ Room/Shared/NightFlockModels.swift /Users/ngawangchime/Desktop/Developer\ Projects/Phone\ in\ the\ Other\ Room/Shared/NightFlockOrientation.swift /Users/ngawangchime/Desktop/Developer\ Projects/Phone\ in\ the\ Other\ Room/Shared/NightFlockRewards.swift /Users/ngawangchime/Desktop/Developer\ Projects/Phone\ in\ the\ Other\ Room/Shared/NightFlockSharedHabitPresentation.swift /Users/ngawangchime/Desktop/Developer\ Projects/Phone\ in\ the\ Other\ Room/Shared/NightFlockSharedHabitSleep.swift /Users/ngawangchime/Desktop/Developer\ Projects/Phone\ in\ the\ Other\ Room/Shared/NightFlockSharedHabitsAPI.swift /Users/ngawangchime/Desktop/Developer\ Projects/Phone\ in\ the\ Other\ Room/Shared/NightFlockSharedHabitsFence.swift /Users/ngawangchime/Desktop/Developer\ Projects/Phone\ in\ the\ Other\ Room/Shared/NightFlockSharedHabitsOutbox.swift /Users/ngawangchime/Desktop/Developer\ Projects/Phone\ in\ the\ Other\ Room/Shared/NightFlockSharing.swift /Users/ngawangchime/Desktop/Developer\ Projects/Phone\ in\ the\ Other\ Room/Shared/NightFlockV2API.swift /Users/ngawangchime/Desktop/Developer\ Projects/Phone\ in\ the\ Other\ Room/Shared/NightFlockV3API.swift (in target 'PhoneInTheOtherRoom' from project 'PhoneInTheOtherRoom')
SwiftCompile normal arm64 /Users/ngawangchime/Desktop/Developer\ Projects/Phone\ in\ the\ Other\ Room/Shared/MorningCheckIn.swift (in target 'PhoneInTheOtherRoom' from project 'PhoneInTheOtherRoom')
    cd /Users/ngawangchime/Desktop/Developer\ Projects/Phone\ in\ the\ Other\ Room


SwiftCompile normal arm64 /Users/ngawangchime/Desktop/Developer\ Projects/Phone\ in\ the\ Other\ Room/PhoneInTheOtherRoomApp/Proximity/NearbyInteractionDistanceProvider.swift (in target 'PhoneInTheOtherRoom' from project 'PhoneInTheOtherRoom')
    cd /Users/ngawangchime/Desktop/Developer\ Projects/Phone\ in\ the\ Other\ Room


SwiftCompile normal arm64 /Users/ngawangchime/Desktop/Developer\ Projects/Phone\ in\ the\ Other\ Room/Shared/NightFlockAPI.swift (in target 'PhoneInTheOtherRoom' from project 'PhoneInTheOtherRoom')
    cd /Users/ngawangchime/Desktop/Developer\ Projects/Phone\ in\ the\ Other\ Room


SwiftCompile normal arm64 /Users/ngawangchime/Desktop/Developer\ Projects/Phone\ in\ the\ Other\ Room/PhoneInTheOtherRoomApp/Services/NightFlockAccountService.swift (in target 'PhoneInTheOtherRoom' from project 'PhoneInTheOtherRoom')
    cd /Users/ngawangchime/Desktop/Developer\ Projects/Phone\ in\ the\ Other\ Room


SwiftCompile normal arm64 /Users/ngawangchime/Desktop/Developer\ Projects/Phone\ in\ the\ Other\ Room/Shared/NightFlockCommitment.swift (in target 'PhoneInTheOtherRoom' from project 'PhoneInTheOtherRoom')
    cd /Users/ngawangchime/Desktop/Developer\ Projects/Phone\ in\ the\ Other\ Room


SwiftCompile normal arm64 /Users/ngawangchime/Desktop/Developer\ Projects/Phone\ in\ the\ Other\ Room/PhoneInTheOtherRoomApp/Views/NightFlock/NightFlockHomeCard.swift (in target 'PhoneInTheOtherRoom' from project 'PhoneInTheOtherRoom')
    cd /Users/ngawangchime/Desktop/Developer\ Projects/Phone\ in\ the\ Other\ Room


SwiftCompile normal arm64 /Users/ngawangchime/Desktop/Developer\ Projects/Phone\ in\ the\ Other\ Room/Shared/NightFlockModels.swift (in target 'PhoneInTheOtherRoom' from project 'PhoneInTheOtherRoom')
    cd /Users/ngawangchime/Desktop/Developer\ Projects/Phone\ in\ the\ Other\ Room


SwiftCompile normal arm64 /Users/ngawangchime/Desktop/Developer\ Projects/Phone\ in\ the\ Other\ Room/Shared/NightFlockOrientation.swift (in target 'PhoneInTheOtherRoom' from project 'PhoneInTheOtherRoom')
    cd /Users/ngawangchime/Desktop/Developer\ Projects/Phone\ in\ the\ Other\ Room


SwiftCompile normal arm64 /Users/ngawangchime/Desktop/Developer\ Projects/Phone\ in\ the\ Other\ Room/Shared/NightFlockRewards.swift (in target 'PhoneInTheOtherRoom' from project 'PhoneInTheOtherRoom')
    cd /Users/ngawangchime/Desktop/Developer\ Projects/Phone\ in\ the\ Other\ Room


SwiftCompile normal arm64 /Users/ngawangchime/Desktop/Developer\ Projects/Phone\ in\ the\ Other\ Room/Shared/NightFlockSharedHabitPresentation.swift (in target 'PhoneInTheOtherRoom' from project 'PhoneInTheOtherRoom')
    cd /Users/ngawangchime/Desktop/Developer\ Projects/Phone\ in\ the\ Other\ Room


SwiftCompile normal arm64 /Users/ngawangchime/Desktop/Developer\ Projects/Phone\ in\ the\ Other\ Room/Shared/NightFlockSharedHabitSleep.swift (in target 'PhoneInTheOtherRoom' from project 'PhoneInTheOtherRoom')
    cd /Users/ngawangchime/Desktop/Developer\ Projects/Phone\ in\ the\ Other\ Room


SwiftCompile normal arm64 /Users/ngawangchime/Desktop/Developer\ Projects/Phone\ in\ the\ Other\ Room/Shared/NightFlockSharedHabitsAPI.swift (in target 'PhoneInTheOtherRoom' from project 'PhoneInTheOtherRoom')
    cd /Users/ngawangchime/Desktop/Developer\ Projects/Phone\ in\ the\ Other\ Room


SwiftCompile normal arm64 /Users/ngawangchime/Desktop/Developer\ Projects/Phone\ in\ the\ Other\ Room/Shared/NightFlockSharedHabitsFence.swift (in target 'PhoneInTheOtherRoom' from project 'PhoneInTheOtherRoom')
    cd /Users/ngawangchime/Desktop/Developer\ Projects/Phone\ in\ the\ Other\ Room


SwiftCompile normal arm64 /Users/ngawangchime/Desktop/Developer\ Projects/Phone\ in\ the\ Other\ Room/Shared/NightFlockSharedHabitsOutbox.swift (in target 'PhoneInTheOtherRoom' from project 'PhoneInTheOtherRoom')
    cd /Users/ngawangchime/Desktop/Developer\ Projects/Phone\ in\ the\ Other\ Room


SwiftCompile normal arm64 /Users/ngawangchime/Desktop/Developer\ Projects/Phone\ in\ the\ Other\ Room/Shared/NightFlockSharing.swift (in target 'PhoneInTheOtherRoom' from project 'PhoneInTheOtherRoom')
    cd /Users/ngawangchime/Desktop/Developer\ Projects/Phone\ in\ the\ Other\ Room


SwiftCompile normal arm64 /Users/ngawangchime/Desktop/Developer\ Projects/Phone\ in\ the\ Other\ Room/Shared/NightFlockV2API.swift (in target 'PhoneInTheOtherRoom' from project 'PhoneInTheOtherRoom')
    cd /Users/ngawangchime/Desktop/Developer\ Projects/Phone\ in\ the\ Other\ Room


SwiftCompile normal arm64 /Users/ngawangchime/Desktop/Developer\ Projects/Phone\ in\ the\ Other\ Room/Shared/NightFlockV3API.swift (in target 'PhoneInTheOtherRoom' from project 'PhoneInTheOtherRoom')
    cd /Users/ngawangchime/Desktop/Developer\ Projects/Phone\ in\ the\ Other\ Room


SwiftDriverJobDiscovery normal arm64 Compiling SlumberPartyV4ListView.swift, SlumberPartyV4PartyDetailView.swift, Theme.swift, TrailBoardView.swift, UpcomingQuietTimesCard.swift, WindDownGuidanceDetailView.swift, WindDownGuidanceLibraryView.swift, WindDownGuidanceSourcesView.swift, WindDownGuideCard.swift, WindDownHabitHomeCard.swift (in target 'PhoneInTheOtherRoom' from project 'PhoneInTheOtherRoom')

SwiftCompile normal arm64 Compiling\ PasturePlay.swift,\ PastureScene.swift,\ PastureSceneController.swift,\ PersistenceService+PersonalShield.swift,\ PersistenceService+Personalisation.swift,\ PersistenceService+WindDownHabit.swift,\ PersonalShield.swift,\ PhoneAwayStartPolicy.swift,\ PhoneBedTag.swift,\ PingService.swift,\ ProximityClassifier.swift,\ QRCodeScannerView.swift,\ QuietNoteText.swift,\ QuietPeriodScheduling.swift,\ QuietTimeBriefAccess.swift,\ QuietTimeShieldPresentation.swift,\ QuietTimeShieldScheduleRegistry.swift /Users/ngawangchime/Desktop/Developer\ Projects/Phone\ in\ the\ Other\ Room/Shared/PasturePlay.swift /Users/ngawangchime/Desktop/Developer\ Projects/Phone\ in\ the\ Other\ Room/Shared/PastureScene.swift /Users/ngawangchime/Desktop/Developer\ Projects/Phone\ in\ the\ Other\ Room/PhoneInTheOtherRoomApp/ViewModels/PastureSceneController.swift /Users/ngawangchime/Desktop/Developer\ Projects/Phone\ in\ the\ Other\ Room/PhoneInTheOtherRoomApp/Services/PersistenceService+PersonalShield.swift /Users/ngawangchime/Desktop/Developer\ Projects/Phone\ in\ the\ Other\ Room/PhoneInTheOtherRoomApp/Services/PersistenceService+Personalisation.swift /Users/ngawangchime/Desktop/Developer\ Projects/Phone\ in\ the\ Other\ Room/PhoneInTheOtherRoomApp/Services/PersistenceService+WindDownHabit.swift /Users/ngawangchime/Desktop/Developer\ Projects/Phone\ in\ the\ Other\ Room/Shared/PersonalShield.swift /Users/ngawangchime/Desktop/Developer\ Projects/Phone\ in\ the\ Other\ Room/Shared/PhoneAwayStartPolicy.swift /Users/ngawangchime/Desktop/Developer\ Projects/Phone\ in\ the\ Other\ Room/Shared/PhoneBedTag.swift /Users/ngawangchime/Desktop/Developer\ Projects/Phone\ in\ the\ Other\ Room/PhoneInTheOtherRoomApp/Services/PingService.swift /Users/ngawangchime/Desktop/Developer\ Projects/Phone\ in\ the\ Other\ Room/Shared/ProximityClassifier.swift /Users/ngawangchime/Desktop/Developer\ Projects/Phone\ in\ the\ Other\ Room/PhoneInTheOtherRoomApp/Views/Components/QRCodeScannerView.swift /Users/ngawangchime/Desktop/Developer\ Projects/Phone\ in\ the\ Other\ Room/Shared/QuietNoteText.swift /Users/ngawangchime/Desktop/Developer\ Projects/Phone\ in\ the\ Other\ Room/Shared/QuietPeriodScheduling.swift /Users/ngawangchime/Desktop/Developer\ Projects/Phone\ in\ the\ Other\ Room/Shared/QuietTimeBriefAccess.swift /Users/ngawangchime/Desktop/Developer\ Projects/Phone\ in\ the\ Other\ Room/Shared/QuietTimeShieldPresentation.swift /Users/ngawangchime/Desktop/Developer\ Projects/Phone\ in\ the\ Other\ Room/Shared/QuietTimeShieldScheduleRegistry.swift (in target 'PhoneInTheOtherRoom' from project 'PhoneInTheOtherRoom')
SwiftCompile normal arm64 /Users/ngawangchime/Desktop/Developer\ Projects/Phone\ in\ the\ Other\ Room/Shared/PasturePlay.swift (in target 'PhoneInTheOtherRoom' from project 'PhoneInTheOtherRoom')
    cd /Users/ngawangchime/Desktop/Developer\ Projects/Phone\ in\ the\ Other\ Room


SwiftCompile normal arm64 /Users/ngawangchime/Desktop/Developer\ Projects/Phone\ in\ the\ Other\ Room/Shared/PastureScene.swift (in target 'PhoneInTheOtherRoom' from project 'PhoneInTheOtherRoom')
    cd /Users/ngawangchime/Desktop/Developer\ Projects/Phone\ in\ the\ Other\ Room


SwiftCompile normal arm64 /Users/ngawangchime/Desktop/Developer\ Projects/Phone\ in\ the\ Other\ Room/PhoneInTheOtherRoomApp/ViewModels/PastureSceneController.swift (in target 'PhoneInTheOtherRoom' from project 'PhoneInTheOtherRoom')
    cd /Users/ngawangchime/Desktop/Developer\ Projects/Phone\ in\ the\ Other\ Room


SwiftCompile normal arm64 /Users/ngawangchime/Desktop/Developer\ Projects/Phone\ in\ the\ Other\ Room/PhoneInTheOtherRoomApp/Services/PersistenceService+PersonalShield.swift (in target 'PhoneInTheOtherRoom' from project 'PhoneInTheOtherRoom')
    cd /Users/ngawangchime/Desktop/Developer\ Projects/Phone\ in\ the\ Other\ Room


SwiftCompile normal arm64 /Users/ngawangchime/Desktop/Developer\ Projects/Phone\ in\ the\ Other\ Room/PhoneInTheOtherRoomApp/Services/PersistenceService+Personalisation.swift (in target 'PhoneInTheOtherRoom' from project 'PhoneInTheOtherRoom')
    cd /Users/ngawangchime/Desktop/Developer\ Projects/Phone\ in\ the\ Other\ Room


SwiftCompile normal arm64 /Users/ngawangchime/Desktop/Developer\ Projects/Phone\ in\ the\ Other\ Room/PhoneInTheOtherRoomApp/Services/PersistenceService+WindDownHabit.swift (in target 'PhoneInTheOtherRoom' from project 'PhoneInTheOtherRoom')
    cd /Users/ngawangchime/Desktop/Developer\ Projects/Phone\ in\ the\ Other\ Room


SwiftCompile normal arm64 /Users/ngawangchime/Desktop/Developer\ Projects/Phone\ in\ the\ Other\ Room/Shared/PersonalShield.swift (in target 'PhoneInTheOtherRoom' from project 'PhoneInTheOtherRoom')
    cd /Users/ngawangchime/Desktop/Developer\ Projects/Phone\ in\ the\ Other\ Room


SwiftCompile normal arm64 /Users/ngawangchime/Desktop/Developer\ Projects/Phone\ in\ the\ Other\ Room/Shared/PhoneAwayStartPolicy.swift (in target 'PhoneInTheOtherRoom' from project 'PhoneInTheOtherRoom')
    cd /Users/ngawangchime/Desktop/Developer\ Projects/Phone\ in\ the\ Other\ Room


SwiftCompile normal arm64 /Users/ngawangchime/Desktop/Developer\ Projects/Phone\ in\ the\ Other\ Room/Shared/PhoneBedTag.swift (in target 'PhoneInTheOtherRoom' from project 'PhoneInTheOtherRoom')
    cd /Users/ngawangchime/Desktop/Developer\ Projects/Phone\ in\ the\ Other\ Room


SwiftCompile normal arm64 /Users/ngawangchime/Desktop/Developer\ Projects/Phone\ in\ the\ Other\ Room/PhoneInTheOtherRoomApp/Services/PingService.swift (in target 'PhoneInTheOtherRoom' from project 'PhoneInTheOtherRoom')
    cd /Users/ngawangchime/Desktop/Developer\ Projects/Phone\ in\ the\ Other\ Room


SwiftCompile normal arm64 /Users/ngawangchime/Desktop/Developer\ Projects/Phone\ in\ the\ Other\ Room/Shared/ProximityClassifier.swift (in target 'PhoneInTheOtherRoom' from project 'PhoneInTheOtherRoom')
    cd /Users/ngawangchime/Desktop/Developer\ Projects/Phone\ in\ the\ Other\ Room


SwiftCompile normal arm64 /Users/ngawangchime/Desktop/Developer\ Projects/Phone\ in\ the\ Other\ Room/PhoneInTheOtherRoomApp/Views/Components/QRCodeScannerView.swift (in target 'PhoneInTheOtherRoom' from project 'PhoneInTheOtherRoom')
    cd /Users/ngawangchime/Desktop/Developer\ Projects/Phone\ in\ the\ Other\ Room


SwiftCompile normal arm64 /Users/ngawangchime/Desktop/Developer\ Projects/Phone\ in\ the\ Other\ Room/Shared/QuietNoteText.swift (in target 'PhoneInTheOtherRoom' from project 'PhoneInTheOtherRoom')
    cd /Users/ngawangchime/Desktop/Developer\ Projects/Phone\ in\ the\ Other\ Room


SwiftCompile normal arm64 /Users/ngawangchime/Desktop/Developer\ Projects/Phone\ in\ the\ Other\ Room/Shared/QuietPeriodScheduling.swift (in target 'PhoneInTheOtherRoom' from project 'PhoneInTheOtherRoom')
    cd /Users/ngawangchime/Desktop/Developer\ Projects/Phone\ in\ the\ Other\ Room


SwiftCompile normal arm64 /Users/ngawangchime/Desktop/Developer\ Projects/Phone\ in\ the\ Other\ Room/Shared/QuietTimeBriefAccess.swift (in target 'PhoneInTheOtherRoom' from project 'PhoneInTheOtherRoom')
    cd /Users/ngawangchime/Desktop/Developer\ Projects/Phone\ in\ the\ Other\ Room


SwiftCompile normal arm64 /Users/ngawangchime/Desktop/Developer\ Projects/Phone\ in\ the\ Other\ Room/Shared/QuietTimeShieldPresentation.swift (in target 'PhoneInTheOtherRoom' from project 'PhoneInTheOtherRoom')
    cd /Users/ngawangchime/Desktop/Developer\ Projects/Phone\ in\ the\ Other\ Room


SwiftCompile normal arm64 /Users/ngawangchime/Desktop/Developer\ Projects/Phone\ in\ the\ Other\ Room/Shared/QuietTimeShieldScheduleRegistry.swift (in target 'PhoneInTheOtherRoom' from project 'PhoneInTheOtherRoom')
    cd /Users/ngawangchime/Desktop/Developer\ Projects/Phone\ in\ the\ Other\ Room


SwiftDriverJobDiscovery normal arm64 Compiling NightFlockHubView.swift, NightFlockOutboxService.swift, NightFlockReadDeadline.swift, NightFlockRemoteError.swift, NightFlockRequestScheduling.swift, NightFlockService.swift, NightFlockV4API.swift, NightFlockV4Outbox.swift, NightFlockViewModel+CampfireVisibility.swift, NightFlockViewModel+Errors.swift (in target 'PhoneInTheOtherRoom' from project 'PhoneInTheOtherRoom')

SwiftCompile normal arm64 Compiling\ AccountControls.swift,\ AccountFarmOwnership.swift,\ AnalyticsExportService.swift,\ AppAppearance.swift,\ AppFeedback.swift,\ AssetPlaceholderComponents.swift,\ AssetReadyScreens.swift,\ CampfireBuddies.swift,\ CampfireNotificationService.swift,\ CampfireStudyView.swift,\ CompletionRewardPresentation.swift,\ CountingSheepStorage.swift,\ CountingSheepUserProfile.swift,\ EmergencyExitChallenge.swift,\ FarmBackupPayload.swift,\ FarmEconomyRules.swift,\ FarmEconomySnapshot.swift,\ FarmMigration.swift /Users/ngawangchime/Desktop/Developer\ Projects/Phone\ in\ the\ Other\ Room/PhoneInTheOtherRoomApp/Design/AccountControls.swift /Users/ngawangchime/Desktop/Developer\ Projects/Phone\ in\ the\ Other\ Room/Shared/AccountFarmOwnership.swift /Users/ngawangchime/Desktop/Developer\ Projects/Phone\ in\ the\ Other\ Room/PhoneInTheOtherRoomApp/Services/AnalyticsExportService.swift /Users/ngawangchime/Desktop/Developer\ Projects/Phone\ in\ the\ Other\ Room/Shared/AppAppearance.swift /Users/ngawangchime/Desktop/Developer\ Projects/Phone\ in\ the\ Other\ Room/Shared/AppFeedback.swift /Users/ngawangchime/Desktop/Developer\ Projects/Phone\ in\ the\ Other\ Room/PhoneInTheOtherRoomApp/Views/Components/AssetPlaceholderComponents.swift /Users/ngawangchime/Desktop/Developer\ Projects/Phone\ in\ the\ Other\ Room/PhoneInTheOtherRoomApp/Views/MVP/AssetReadyScreens.swift /Users/ngawangchime/Desktop/Developer\ Projects/Phone\ in\ the\ Other\ Room/Shared/CampfireBuddies.swift /Users/ngawangchime/Desktop/Developer\ Projects/Phone\ in\ the\ Other\ Room/PhoneInTheOtherRoomApp/Services/CampfireNotificationService.swift /Users/ngawangchime/Desktop/Developer\ Projects/Phone\ in\ the\ Other\ Room/PhoneInTheOtherRoomApp/Views/Prototypes/SocialExperienceStudy/CampfireStudyView.swift /Users/ngawangchime/Desktop/Developer\ Projects/Phone\ in\ the\ Other\ Room/Shared/CompletionRewardPresentation.swift /Users/ngawangchime/Desktop/Developer\ Projects/Phone\ in\ the\ Other\ Room/Shared/CountingSheepStorage.swift /Users/ngawangchime/Desktop/Developer\ Projects/Phone\ in\ the\ Other\ Room/Shared/CountingSheepUserProfile.swift /Users/ngawangchime/Desktop/Developer\ Projects/Phone\ in\ the\ Other\ Room/Shared/EmergencyExitChallenge.swift /Users/ngawangchime/Desktop/Developer\ Projects/Phone\ in\ the\ Other\ Room/Shared/FarmBackupPayload.swift /Users/ngawangchime/Desktop/Developer\ Projects/Phone\ in\ the\ Other\ Room/Shared/FarmEconomyRules.swift /Users/ngawangchime/Desktop/Developer\ Projects/Phone\ in\ the\ Other\ Room/Shared/FarmEconomySnapshot.swift /Users/ngawangchime/Desktop/Developer\ Projects/Phone\ in\ the\ Other\ Room/Shared/FarmMigration.swift (in target 'PhoneInTheOtherRoom' from project 'PhoneInTheOtherRoom')
SwiftCompile normal arm64 /Users/ngawangchime/Desktop/Developer\ Projects/Phone\ in\ the\ Other\ Room/PhoneInTheOtherRoomApp/Design/AccountControls.swift (in target 'PhoneInTheOtherRoom' from project 'PhoneInTheOtherRoom')
    cd /Users/ngawangchime/Desktop/Developer\ Projects/Phone\ in\ the\ Other\ Room


SwiftCompile normal arm64 /Users/ngawangchime/Desktop/Developer\ Projects/Phone\ in\ the\ Other\ Room/Shared/AccountFarmOwnership.swift (in target 'PhoneInTheOtherRoom' from project 'PhoneInTheOtherRoom')
    cd /Users/ngawangchime/Desktop/Developer\ Projects/Phone\ in\ the\ Other\ Room


SwiftCompile normal arm64 /Users/ngawangchime/Desktop/Developer\ Projects/Phone\ in\ the\ Other\ Room/PhoneInTheOtherRoomApp/Services/AnalyticsExportService.swift (in target 'PhoneInTheOtherRoom' from project 'PhoneInTheOtherRoom')
    cd /Users/ngawangchime/Desktop/Developer\ Projects/Phone\ in\ the\ Other\ Room


SwiftCompile normal arm64 /Users/ngawangchime/Desktop/Developer\ Projects/Phone\ in\ the\ Other\ Room/Shared/AppAppearance.swift (in target 'PhoneInTheOtherRoom' from project 'PhoneInTheOtherRoom')
    cd /Users/ngawangchime/Desktop/Developer\ Projects/Phone\ in\ the\ Other\ Room


SwiftCompile normal arm64 /Users/ngawangchime/Desktop/Developer\ Projects/Phone\ in\ the\ Other\ Room/Shared/AppFeedback.swift (in target 'PhoneInTheOtherRoom' from project 'PhoneInTheOtherRoom')
    cd /Users/ngawangchime/Desktop/Developer\ Projects/Phone\ in\ the\ Other\ Room


SwiftCompile normal arm64 /Users/ngawangchime/Desktop/Developer\ Projects/Phone\ in\ the\ Other\ Room/PhoneInTheOtherRoomApp/Views/Components/AssetPlaceholderComponents.swift (in target 'PhoneInTheOtherRoom' from project 'PhoneInTheOtherRoom')
    cd /Users/ngawangchime/Desktop/Developer\ Projects/Phone\ in\ the\ Other\ Room


SwiftCompile normal arm64 /Users/ngawangchime/Desktop/Developer\ Projects/Phone\ in\ the\ Other\ Room/PhoneInTheOtherRoomApp/Views/MVP/AssetReadyScreens.swift (in target 'PhoneInTheOtherRoom' from project 'PhoneInTheOtherRoom')
    cd /Users/ngawangchime/Desktop/Developer\ Projects/Phone\ in\ the\ Other\ Room


SwiftCompile normal arm64 /Users/ngawangchime/Desktop/Developer\ Projects/Phone\ in\ the\ Other\ Room/Shared/CampfireBuddies.swift (in target 'PhoneInTheOtherRoom' from project 'PhoneInTheOtherRoom')
    cd /Users/ngawangchime/Desktop/Developer\ Projects/Phone\ in\ the\ Other\ Room


SwiftCompile normal arm64 /Users/ngawangchime/Desktop/Developer\ Projects/Phone\ in\ the\ Other\ Room/PhoneInTheOtherRoomApp/Services/CampfireNotificationService.swift (in target 'PhoneInTheOtherRoom' from project 'PhoneInTheOtherRoom')
    cd /Users/ngawangchime/Desktop/Developer\ Projects/Phone\ in\ the\ Other\ Room


SwiftCompile normal arm64 /Users/ngawangchime/Desktop/Developer\ Projects/Phone\ in\ the\ Other\ Room/PhoneInTheOtherRoomApp/Views/Prototypes/SocialExperienceStudy/CampfireStudyView.swift (in target 'PhoneInTheOtherRoom' from project 'PhoneInTheOtherRoom')
    cd /Users/ngawangchime/Desktop/Developer\ Projects/Phone\ in\ the\ Other\ Room


SwiftCompile normal arm64 /Users/ngawangchime/Desktop/Developer\ Projects/Phone\ in\ the\ Other\ Room/Shared/CompletionRewardPresentation.swift (in target 'PhoneInTheOtherRoom' from project 'PhoneInTheOtherRoom')
    cd /Users/ngawangchime/Desktop/Developer\ Projects/Phone\ in\ the\ Other\ Room


SwiftCompile normal arm64 /Users/ngawangchime/Desktop/Developer\ Projects/Phone\ in\ the\ Other\ Room/Shared/CountingSheepStorage.swift (in target 'PhoneInTheOtherRoom' from project 'PhoneInTheOtherRoom')
    cd /Users/ngawangchime/Desktop/Developer\ Projects/Phone\ in\ the\ Other\ Room


SwiftCompile normal arm64 /Users/ngawangchime/Desktop/Developer\ Projects/Phone\ in\ the\ Other\ Room/Shared/CountingSheepUserProfile.swift (in target 'PhoneInTheOtherRoom' from project 'PhoneInTheOtherRoom')
    cd /Users/ngawangchime/Desktop/Developer\ Projects/Phone\ in\ the\ Other\ Room


SwiftCompile normal arm64 /Users/ngawangchime/Desktop/Developer\ Projects/Phone\ in\ the\ Other\ Room/Shared/EmergencyExitChallenge.swift (in target 'PhoneInTheOtherRoom' from project 'PhoneInTheOtherRoom')
    cd /Users/ngawangchime/Desktop/Developer\ Projects/Phone\ in\ the\ Other\ Room


SwiftCompile normal arm64 /Users/ngawangchime/Desktop/Developer\ Projects/Phone\ in\ the\ Other\ Room/Shared/FarmBackupPayload.swift (in target 'PhoneInTheOtherRoom' from project 'PhoneInTheOtherRoom')
    cd /Users/ngawangchime/Desktop/Developer\ Projects/Phone\ in\ the\ Other\ Room


SwiftCompile normal arm64 /Users/ngawangchime/Desktop/Developer\ Projects/Phone\ in\ the\ Other\ Room/Shared/FarmEconomyRules.swift (in target 'PhoneInTheOtherRoom' from project 'PhoneInTheOtherRoom')
    cd /Users/ngawangchime/Desktop/Developer\ Projects/Phone\ in\ the\ Other\ Room


SwiftCompile normal arm64 /Users/ngawangchime/Desktop/Developer\ Projects/Phone\ in\ the\ Other\ Room/Shared/FarmEconomySnapshot.swift (in target 'PhoneInTheOtherRoom' from project 'PhoneInTheOtherRoom')
    cd /Users/ngawangchime/Desktop/Developer\ Projects/Phone\ in\ the\ Other\ Room


SwiftCompile normal arm64 /Users/ngawangchime/Desktop/Developer\ Projects/Phone\ in\ the\ Other\ Room/Shared/FarmMigration.swift (in target 'PhoneInTheOtherRoom' from project 'PhoneInTheOtherRoom')
    cd /Users/ngawangchime/Desktop/Developer\ Projects/Phone\ in\ the\ Other\ Room


SwiftDriverJobDiscovery normal arm64 Compiling MorningCheckIn.swift, NearbyInteractionDistanceProvider.swift, NightFlockAPI.swift, NightFlockAccountService.swift, NightFlockCommitment.swift, NightFlockHomeCard.swift, NightFlockModels.swift, NightFlockOrientation.swift, NightFlockRewards.swift, NightFlockSharedHabitPresentation.swift, NightFlockSharedHabitSleep.swift, NightFlockSharedHabitsAPI.swift, NightFlockSharedHabitsFence.swift, NightFlockSharedHabitsOutbox.swift, NightFlockSharing.swift, NightFlockV2API.swift, NightFlockV3API.swift (in target 'PhoneInTheOtherRoom' from project 'PhoneInTheOtherRoom')

SwiftCompile normal arm64 Compiling\ SheepPosterBoard.swift,\ SheepSearch.swift,\ SheepSearchExplainer.swift,\ SheepSearchPresentation.swift,\ SheepSearchSlumberParty.swift,\ SheepSearchState.swift,\ ShepherdArtStudy.swift,\ ShepherdStudyCanvas.swift,\ ShepherdStudyHeadDrawing.swift,\ ShepherdStudyMasterExporter.swift,\ ShepherdStudyMasterPaths.swift,\ ShepherdStudyPainter.swift,\ ShepherdStudyPalette.swift,\ SleepIntervalMath.swift,\ SlumberPartyHomePresentation.swift,\ SlumberPartyHomeStudySheets.swift,\ SlumberPartyHomeStudyView.swift /Users/ngawangchime/Desktop/Developer\ Projects/Phone\ in\ the\ Other\ Room/Shared/SheepPosterBoard.swift /Users/ngawangchime/Desktop/Developer\ Projects/Phone\ in\ the\ Other\ Room/Shared/SheepSearch.swift /Users/ngawangchime/Desktop/Developer\ Projects/Phone\ in\ the\ Other\ Room/Shared/SheepSearchExplainer.swift /Users/ngawangchime/Desktop/Developer\ Projects/Phone\ in\ the\ Other\ Room/Shared/SheepSearchPresentation.swift /Users/ngawangchime/Desktop/Developer\ Projects/Phone\ in\ the\ Other\ Room/Shared/SheepSearchSlumberParty.swift /Users/ngawangchime/Desktop/Developer\ Projects/Phone\ in\ the\ Other\ Room/Shared/SheepSearchState.swift /Users/ngawangchime/Desktop/Developer\ Projects/Phone\ in\ the\ Other\ Room/Shared/ShepherdArtStudy.swift /Users/ngawangchime/Desktop/Developer\ Projects/Phone\ in\ the\ Other\ Room/PhoneInTheOtherRoomApp/Views/ShepherdArtStudy/ShepherdStudyCanvas.swift /Users/ngawangchime/Desktop/Developer\ Projects/Phone\ in\ the\ Other\ Room/PhoneInTheOtherRoomApp/Views/ShepherdArtStudy/ShepherdStudyHeadDrawing.swift /Users/ngawangchime/Desktop/Developer\ Projects/Phone\ in\ the\ Other\ Room/PhoneInTheOtherRoomApp/Views/ShepherdArtStudy/ShepherdStudyMasterExporter.swift /Users/ngawangchime/Desktop/Developer\ Projects/Phone\ in\ the\ Other\ Room/PhoneInTheOtherRoomApp/Views/ShepherdArtStudy/ShepherdStudyMasterPaths.swift /Users/ngawangchime/Desktop/Developer\ Projects/Phone\ in\ the\ Other\ Room/PhoneInTheOtherRoomApp/Views/ShepherdArtStudy/ShepherdStudyPainter.swift /Users/ngawangchime/Desktop/Developer\ Projects/Phone\ in\ the\ Other\ Room/PhoneInTheOtherRoomApp/Design/ShepherdStudyPalette.swift /Users/ngawangchime/Desktop/Developer\ Projects/Phone\ in\ the\ Other\ Room/Shared/SleepIntervalMath.swift /Users/ngawangchime/Desktop/Developer\ Projects/Phone\ in\ the\ Other\ Room/Shared/SlumberPartyHomePresentation.swift /Users/ngawangchime/Desktop/Developer\ Projects/Phone\ in\ the\ Other\ Room/PhoneInTheOtherRoomApp/Views/Prototypes/SocialExperienceStudy/SlumberPartyHomeStudySheets.swift /Users/ngawangchime/Desktop/Developer\ Projects/Phone\ in\ the\ Other\ Room/PhoneInTheOtherRoomApp/Views/Prototypes/SocialExperienceStudy/SlumberPartyHomeStudyView.swift (in target 'PhoneInTheOtherRoom' from project 'PhoneInTheOtherRoom')

SwiftCompile normal arm64 /Users/ngawangchime/Desktop/Developer\ Projects/Phone\ in\ the\ Other\ Room/Shared/SheepPosterBoard.swift (in target 'PhoneInTheOtherRoom' from project 'PhoneInTheOtherRoom')
    cd /Users/ngawangchime/Desktop/Developer\ Projects/Phone\ in\ the\ Other\ Room


SwiftCompile normal arm64 /Users/ngawangchime/Desktop/Developer\ Projects/Phone\ in\ the\ Other\ Room/Shared/SheepSearch.swift (in target 'PhoneInTheOtherRoom' from project 'PhoneInTheOtherRoom')
    cd /Users/ngawangchime/Desktop/Developer\ Projects/Phone\ in\ the\ Other\ Room


SwiftCompile normal arm64 /Users/ngawangchime/Desktop/Developer\ Projects/Phone\ in\ the\ Other\ Room/Shared/SheepSearchExplainer.swift (in target 'PhoneInTheOtherRoom' from project 'PhoneInTheOtherRoom')
    cd /Users/ngawangchime/Desktop/Developer\ Projects/Phone\ in\ the\ Other\ Room


SwiftCompile normal arm64 /Users/ngawangchime/Desktop/Developer\ Projects/Phone\ in\ the\ Other\ Room/Shared/SheepSearchPresentation.swift (in target 'PhoneInTheOtherRoom' from project 'PhoneInTheOtherRoom')
    cd /Users/ngawangchime/Desktop/Developer\ Projects/Phone\ in\ the\ Other\ Room


SwiftCompile normal arm64 /Users/ngawangchime/Desktop/Developer\ Projects/Phone\ in\ the\ Other\ Room/Shared/SheepSearchSlumberParty.swift (in target 'PhoneInTheOtherRoom' from project 'PhoneInTheOtherRoom')
    cd /Users/ngawangchime/Desktop/Developer\ Projects/Phone\ in\ the\ Other\ Room


SwiftCompile normal arm64 /Users/ngawangchime/Desktop/Developer\ Projects/Phone\ in\ the\ Other\ Room/Shared/SheepSearchState.swift (in target 'PhoneInTheOtherRoom' from project 'PhoneInTheOtherRoom')
    cd /Users/ngawangchime/Desktop/Developer\ Projects/Phone\ in\ the\ Other\ Room


SwiftCompile normal arm64 /Users/ngawangchime/Desktop/Developer\ Projects/Phone\ in\ the\ Other\ Room/Shared/ShepherdArtStudy.swift (in target 'PhoneInTheOtherRoom' from project 'PhoneInTheOtherRoom')
    cd /Users/ngawangchime/Desktop/Developer\ Projects/Phone\ in\ the\ Other\ Room


SwiftCompile normal arm64 /Users/ngawangchime/Desktop/Developer\ Projects/Phone\ in\ the\ Other\ Room/PhoneInTheOtherRoomApp/Views/ShepherdArtStudy/ShepherdStudyCanvas.swift (in target 'PhoneInTheOtherRoom' from project 'PhoneInTheOtherRoom')
    cd /Users/ngawangchime/Desktop/Developer\ Projects/Phone\ in\ the\ Other\ Room


SwiftCompile normal arm64 /Users/ngawangchime/Desktop/Developer\ Projects/Phone\ in\ the\ Other\ Room/PhoneInTheOtherRoomApp/Views/ShepherdArtStudy/ShepherdStudyHeadDrawing.swift (in target 'PhoneInTheOtherRoom' from project 'PhoneInTheOtherRoom')
    cd /Users/ngawangchime/Desktop/Developer\ Projects/Phone\ in\ the\ Other\ Room


SwiftCompile normal arm64 /Users/ngawangchime/Desktop/Developer\ Projects/Phone\ in\ the\ Other\ Room/PhoneInTheOtherRoomApp/Views/ShepherdArtStudy/ShepherdStudyMasterExporter.swift (in target 'PhoneInTheOtherRoom' from project 'PhoneInTheOtherRoom')
    cd /Users/ngawangchime/Desktop/Developer\ Projects/Phone\ in\ the\ Other\ Room


SwiftCompile normal arm64 /Users/ngawangchime/Desktop/Developer\ Projects/Phone\ in\ the\ Other\ Room/PhoneInTheOtherRoomApp/Views/ShepherdArtStudy/ShepherdStudyMasterPaths.swift (in target 'PhoneInTheOtherRoom' from project 'PhoneInTheOtherRoom')
    cd /Users/ngawangchime/Desktop/Developer\ Projects/Phone\ in\ the\ Other\ Room


SwiftCompile normal arm64 /Users/ngawangchime/Desktop/Developer\ Projects/Phone\ in\ the\ Other\ Room/PhoneInTheOtherRoomApp/Views/ShepherdArtStudy/ShepherdStudyPainter.swift (in target 'PhoneInTheOtherRoom' from project 'PhoneInTheOtherRoom')
    cd /Users/ngawangchime/Desktop/Developer\ Projects/Phone\ in\ the\ Other\ Room


SwiftCompile normal arm64 /Users/ngawangchime/Desktop/Developer\ Projects/Phone\ in\ the\ Other\ Room/PhoneInTheOtherRoomApp/Design/ShepherdStudyPalette.swift (in target 'PhoneInTheOtherRoom' from project 'PhoneInTheOtherRoom')
    cd /Users/ngawangchime/Desktop/Developer\ Projects/Phone\ in\ the\ Other\ Room


SwiftCompile normal arm64 /Users/ngawangchime/Desktop/Developer\ Projects/Phone\ in\ the\ Other\ Room/Shared/SleepIntervalMath.swift (in target 'PhoneInTheOtherRoom' from project 'PhoneInTheOtherRoom')
    cd /Users/ngawangchime/Desktop/Developer\ Projects/Phone\ in\ the\ Other\ Room


SwiftCompile normal arm64 /Users/ngawangchime/Desktop/Developer\ Projects/Phone\ in\ the\ Other\ Room/Shared/SlumberPartyHomePresentation.swift (in target 'PhoneInTheOtherRoom' from project 'PhoneInTheOtherRoom')
    cd /Users/ngawangchime/Desktop/Developer\ Projects/Phone\ in\ the\ Other\ Room


SwiftCompile normal arm64 /Users/ngawangchime/Desktop/Developer\ Projects/Phone\ in\ the\ Other\ Room/PhoneInTheOtherRoomApp/Views/Prototypes/SocialExperienceStudy/SlumberPartyHomeStudySheets.swift (in target 'PhoneInTheOtherRoom' from project 'PhoneInTheOtherRoom')
    cd /Users/ngawangchime/Desktop/Developer\ Projects/Phone\ in\ the\ Other\ Room


SwiftCompile normal arm64 /Users/ngawangchime/Desktop/Developer\ Projects/Phone\ in\ the\ Other\ Room/PhoneInTheOtherRoomApp/Views/Prototypes/SocialExperienceStudy/SlumberPartyHomeStudyView.swift (in target 'PhoneInTheOtherRoom' from project 'PhoneInTheOtherRoom')
    cd /Users/ngawangchime/Desktop/Developer\ Projects/Phone\ in\ the\ Other\ Room


SwiftDriverJobDiscovery normal arm64 Compiling PasturePlay.swift, PastureScene.swift, PastureSceneController.swift, PersistenceService+PersonalShield.swift, PersistenceService+Personalisation.swift, PersistenceService+WindDownHabit.swift, PersonalShield.swift, PhoneAwayStartPolicy.swift, PhoneBedTag.swift, PingService.swift, ProximityClassifier.swift, QRCodeScannerView.swift, QuietNoteText.swift, QuietPeriodScheduling.swift, QuietTimeBriefAccess.swift, QuietTimeShieldPresentation.swift, QuietTimeShieldScheduleRegistry.swift (in target 'PhoneInTheOtherRoom' from project 'PhoneInTheOtherRoom')

SwiftDriverJobDiscovery normal arm64 Compiling SheepPosterBoard.swift, SheepSearch.swift, SheepSearchExplainer.swift, SheepSearchPresentation.swift, SheepSearchSlumberParty.swift, SheepSearchState.swift, ShepherdArtStudy.swift, ShepherdStudyCanvas.swift, ShepherdStudyHeadDrawing.swift, ShepherdStudyMasterExporter.swift, ShepherdStudyMasterPaths.swift, ShepherdStudyPainter.swift, ShepherdStudyPalette.swift, SleepIntervalMath.swift, SlumberPartyHomePresentation.swift, SlumberPartyHomeStudySheets.swift, SlumberPartyHomeStudyView.swift (in target 'PhoneInTheOtherRoom' from project 'PhoneInTheOtherRoom')

LinkAssetCatalog /Users/ngawangchime/Desktop/Developer\ Projects/Phone\ in\ the\ Other\ Room/Assets.xcassets (in target 'PhoneInTheOtherRoom' from project 'PhoneInTheOtherRoom')
    cd /Users/ngawangchime/Desktop/Developer\ Projects/Phone\ in\ the\ Other\ Room
    builtin-linkAssetCatalog --thinned /tmp/counting-sheep-coat-build/Build/Intermediates.noindex/PhoneInTheOtherRoom.build/Debug-iphonesimulator/PhoneInTheOtherRoom.build/assetcatalog_output/thinned --thinned-dependencies /tmp/counting-sheep-coat-build/Build/Intermediates.noindex/PhoneInTheOtherRoom.build/Debug-iphonesimulator/PhoneInTheOtherRoom.build/assetcatalog_dependencies_thinned --thinned-info-plist-content /tmp/counting-sheep-coat-build/Build/Intermediates.noindex/PhoneInTheOtherRoom.build/Debug-iphonesimulator/PhoneInTheOtherRoom.build/assetcatalog_generated_info.plist_thinned --unthinned /tmp/counting-sheep-coat-build/Build/Intermediates.noindex/PhoneInTheOtherRoom.build/Debug-iphonesimulator/PhoneInTheOtherRoom.build/assetcatalog_output/unthinned --unthinned-dependencies /tmp/counting-sheep-coat-build/Build/Intermediates.noindex/PhoneInTheOtherRoom.build/Debug-iphonesimulator/PhoneInTheOtherRoom.build/assetcatalog_dependencies_unthinned --unthinned-info-plist-content /tmp/counting-sheep-coat-build/Build/Intermediates.noindex/PhoneInTheOtherRoom.build/Debug-iphonesimulator/PhoneInTheOtherRoom.build/assetcatalog_generated_info.plist_unthinned --output /tmp/counting-sheep-coat-build/Build/Products/Debug-iphonesimulator/Counting\ Sheep.app --plist-output /tmp/counting-sheep-coat-build/Build/Intermediates.noindex/PhoneInTheOtherRoom.build/Debug-iphonesimulator/PhoneInTheOtherRoom.build/assetcatalog_generated_info.plist
note: Emplaced /tmp/counting-sheep-coat-build/Build/Products/Debug-iphonesimulator/Counting Sheep.app/AppIcon60x60@2x.png (in target 'PhoneInTheOtherRoom' from project 'PhoneInTheOtherRoom')
note: Emplaced /tmp/counting-sheep-coat-build/Build/Products/Debug-iphonesimulator/Counting Sheep.app/Assets.car (in target 'PhoneInTheOtherRoom' from project 'PhoneInTheOtherRoom')
note: Emplaced /tmp/counting-sheep-coat-build/Build/Products/Debug-iphonesimulator/Counting Sheep.app/AppIcon76x76@2x~ipad.png (in target 'PhoneInTheOtherRoom' from project 'PhoneInTheOtherRoom')

SwiftCompile normal arm64 Compiling\ NightFlockViewModel+SharedHabitsAgreement.swift,\ NightFlockViewModel+SharedHabitsFence.swift,\ NightFlockViewModel+UpdateCheers.swift,\ NightJourneyProgress.swift,\ NightWatch.swift,\ NightWatchHistory.swift,\ NightWatchUsageMonitoringService.swift,\ NightsHistorySummary.swift,\ NotificationPlanning.swift /Users/ngawangchime/Desktop/Developer\ Projects/Phone\ in\ the\ Other\ Room/PhoneInTheOtherRoomApp/ViewModels/NightFlockViewModel+SharedHabitsAgreement.swift /Users/ngawangchime/Desktop/Developer\ Projects/Phone\ in\ the\ Other\ Room/PhoneInTheOtherRoomApp/ViewModels/NightFlockViewModel+SharedHabitsFence.swift /Users/ngawangchime/Desktop/Developer\ Projects/Phone\ in\ the\ Other\ Room/PhoneInTheOtherRoomApp/ViewModels/NightFlockViewModel+UpdateCheers.swift /Users/ngawangchime/Desktop/Developer\ Projects/Phone\ in\ the\ Other\ Room/Shared/NightJourneyProgress.swift /Users/ngawangchime/Desktop/Developer\ Projects/Phone\ in\ the\ Other\ Room/Shared/NightWatch.swift /Users/ngawangchime/Desktop/Developer\ Projects/Phone\ in\ the\ Other\ Room/Shared/NightWatchHistory.swift /Users/ngawangchime/Desktop/Developer\ Projects/Phone\ in\ the\ Other\ Room/PhoneInTheOtherRoomApp/Services/NightWatchUsageMonitoringService.swift /Users/ngawangchime/Desktop/Developer\ Projects/Phone\ in\ the\ Other\ Room/Shared/NightsHistorySummary.swift /Users/ngawangchime/Desktop/Developer\ Projects/Phone\ in\ the\ Other\ Room/Shared/NotificationPlanning.swift (in target 'PhoneInTheOtherRoom' from project 'PhoneInTheOtherRoom')

SwiftCompile normal arm64 /Users/ngawangchime/Desktop/Developer\ Projects/Phone\ in\ the\ Other\ Room/PhoneInTheOtherRoomApp/ViewModels/NightFlockViewModel+SharedHabitsAgreement.swift (in target 'PhoneInTheOtherRoom' from project 'PhoneInTheOtherRoom')
    cd /Users/ngawangchime/Desktop/Developer\ Projects/Phone\ in\ the\ Other\ Room


SwiftCompile normal arm64 /Users/ngawangchime/Desktop/Developer\ Projects/Phone\ in\ the\ Other\ Room/PhoneInTheOtherRoomApp/ViewModels/NightFlockViewModel+SharedHabitsFence.swift (in target 'PhoneInTheOtherRoom' from project 'PhoneInTheOtherRoom')
    cd /Users/ngawangchime/Desktop/Developer\ Projects/Phone\ in\ the\ Other\ Room


SwiftCompile normal arm64 /Users/ngawangchime/Desktop/Developer\ Projects/Phone\ in\ the\ Other\ Room/PhoneInTheOtherRoomApp/ViewModels/NightFlockViewModel+UpdateCheers.swift (in target 'PhoneInTheOtherRoom' from project 'PhoneInTheOtherRoom')
    cd /Users/ngawangchime/Desktop/Developer\ Projects/Phone\ in\ the\ Other\ Room


SwiftCompile normal arm64 /Users/ngawangchime/Desktop/Developer\ Projects/Phone\ in\ the\ Other\ Room/Shared/NightJourneyProgress.swift (in target 'PhoneInTheOtherRoom' from project 'PhoneInTheOtherRoom')
    cd /Users/ngawangchime/Desktop/Developer\ Projects/Phone\ in\ the\ Other\ Room


SwiftCompile normal arm64 /Users/ngawangchime/Desktop/Developer\ Projects/Phone\ in\ the\ Other\ Room/Shared/NightWatch.swift (in target 'PhoneInTheOtherRoom' from project 'PhoneInTheOtherRoom')
    cd /Users/ngawangchime/Desktop/Developer\ Projects/Phone\ in\ the\ Other\ Room


SwiftCompile normal arm64 /Users/ngawangchime/Desktop/Developer\ Projects/Phone\ in\ the\ Other\ Room/Shared/NightWatchHistory.swift (in target 'PhoneInTheOtherRoom' from project 'PhoneInTheOtherRoom')
    cd /Users/ngawangchime/Desktop/Developer\ Projects/Phone\ in\ the\ Other\ Room


SwiftCompile normal arm64 /Users/ngawangchime/Desktop/Developer\ Projects/Phone\ in\ the\ Other\ Room/PhoneInTheOtherRoomApp/Services/NightWatchUsageMonitoringService.swift (in target 'PhoneInTheOtherRoom' from project 'PhoneInTheOtherRoom')
    cd /Users/ngawangchime/Desktop/Developer\ Projects/Phone\ in\ the\ Other\ Room


SwiftCompile normal arm64 /Users/ngawangchime/Desktop/Developer\ Projects/Phone\ in\ the\ Other\ Room/Shared/NightsHistorySummary.swift (in target 'PhoneInTheOtherRoom' from project 'PhoneInTheOtherRoom')
    cd /Users/ngawangchime/Desktop/Developer\ Projects/Phone\ in\ the\ Other\ Room


SwiftCompile normal arm64 /Users/ngawangchime/Desktop/Developer\ Projects/Phone\ in\ the\ Other\ Room/Shared/NotificationPlanning.swift (in target 'PhoneInTheOtherRoom' from project 'PhoneInTheOtherRoom')
    cd /Users/ngawangchime/Desktop/Developer\ Projects/Phone\ in\ the\ Other\ Room


SwiftCompile normal arm64 Compiling\ ActiveRunView.swift,\ AppRootView.swift,\ AppShieldExplainerSheet.swift,\ AppearancePreferenceCard.swift,\ CampfireBedtimeNativeFixture.swift,\ CampfireBuddiesNativeFixture.swift,\ CampfireBuddyViews.swift,\ CampfireShepherdView.swift,\ CampfireViews.swift,\ CompletionRewardCard.swift,\ CompletionView.swift,\ ConnectionStatusCard.swift,\ ContextualGuideOverlay.swift /Users/ngawangchime/Desktop/Developer\ Projects/Phone\ in\ the\ Other\ Room/PhoneInTheOtherRoomApp/Views/ActiveRunView.swift /Users/ngawangchime/Desktop/Developer\ Projects/Phone\ in\ the\ Other\ Room/PhoneInTheOtherRoomApp/App/AppRootView.swift /Users/ngawangchime/Desktop/Developer\ Projects/Phone\ in\ the\ Other\ Room/PhoneInTheOtherRoomApp/Views/Components/AppShieldExplainerSheet.swift /Users/ngawangchime/Desktop/Developer\ Projects/Phone\ in\ the\ Other\ Room/PhoneInTheOtherRoomApp/Views/Components/AppearancePreferenceCard.swift /Users/ngawangchime/Desktop/Developer\ Projects/Phone\ in\ the\ Other\ Room/PhoneInTheOtherRoomApp/Views/NightFlock/CampfireBedtimeNativeFixture.swift /Users/ngawangchime/Desktop/Developer\ Projects/Phone\ in\ the\ Other\ Room/PhoneInTheOtherRoomApp/Views/NightFlock/CampfireBuddiesNativeFixture.swift /Users/ngawangchime/Desktop/Developer\ Projects/Phone\ in\ the\ Other\ Room/PhoneInTheOtherRoomApp/Views/NightFlock/CampfireBuddyViews.swift /Users/ngawangchime/Desktop/Developer\ Projects/Phone\ in\ the\ Other\ Room/PhoneInTheOtherRoomApp/Views/NightFlock/CampfireShepherdView.swift /Users/ngawangchime/Desktop/Developer\ Projects/Phone\ in\ the\ Other\ Room/PhoneInTheOtherRoomApp/Views/NightFlock/CampfireViews.swift /Users/ngawangchime/Desktop/Developer\ Projects/Phone\ in\ the\ Other\ Room/PhoneInTheOtherRoomApp/Views/Components/CompletionRewardCard.swift /Users/ngawangchime/Desktop/Developer\ Projects/Phone\ in\ the\ Other\ Room/PhoneInTheOtherRoomApp/Views/CompletionView.swift /Users/ngawangchime/Desktop/Developer\ Projects/Phone\ in\ the\ Other\ Room/PhoneInTheOtherRoomApp/Views/Components/ConnectionStatusCard.swift /Users/ngawangchime/Desktop/Developer\ Projects/Phone\ in\ the\ Other\ Room/PhoneInTheOtherRoomApp/Views/Components/ContextualGuideOverlay.swift (in target 'PhoneInTheOtherRoom' from project 'PhoneInTheOtherRoom')
SwiftCompile normal arm64 /Users/ngawangchime/Desktop/Developer\ Projects/Phone\ in\ the\ Other\ Room/PhoneInTheOtherRoomApp/Views/ActiveRunView.swift (in target 'PhoneInTheOtherRoom' from project 'PhoneInTheOtherRoom')
    cd /Users/ngawangchime/Desktop/Developer\ Projects/Phone\ in\ the\ Other\ Room


SwiftCompile normal arm64 /Users/ngawangchime/Desktop/Developer\ Projects/Phone\ in\ the\ Other\ Room/PhoneInTheOtherRoomApp/App/AppRootView.swift (in target 'PhoneInTheOtherRoom' from project 'PhoneInTheOtherRoom')
    cd /Users/ngawangchime/Desktop/Developer\ Projects/Phone\ in\ the\ Other\ Room


SwiftCompile normal arm64 /Users/ngawangchime/Desktop/Developer\ Projects/Phone\ in\ the\ Other\ Room/PhoneInTheOtherRoomApp/Views/Components/AppShieldExplainerSheet.swift (in target 'PhoneInTheOtherRoom' from project 'PhoneInTheOtherRoom')
    cd /Users/ngawangchime/Desktop/Developer\ Projects/Phone\ in\ the\ Other\ Room


SwiftCompile normal arm64 /Users/ngawangchime/Desktop/Developer\ Projects/Phone\ in\ the\ Other\ Room/PhoneInTheOtherRoomApp/Views/Components/AppearancePreferenceCard.swift (in target 'PhoneInTheOtherRoom' from project 'PhoneInTheOtherRoom')
    cd /Users/ngawangchime/Desktop/Developer\ Projects/Phone\ in\ the\ Other\ Room


SwiftCompile normal arm64 /Users/ngawangchime/Desktop/Developer\ Projects/Phone\ in\ the\ Other\ Room/PhoneInTheOtherRoomApp/Views/NightFlock/CampfireBedtimeNativeFixture.swift (in target 'PhoneInTheOtherRoom' from project 'PhoneInTheOtherRoom')
    cd /Users/ngawangchime/Desktop/Developer\ Projects/Phone\ in\ the\ Other\ Room


SwiftCompile normal arm64 /Users/ngawangchime/Desktop/Developer\ Projects/Phone\ in\ the\ Other\ Room/PhoneInTheOtherRoomApp/Views/NightFlock/CampfireBuddiesNativeFixture.swift (in target 'PhoneInTheOtherRoom' from project 'PhoneInTheOtherRoom')
    cd /Users/ngawangchime/Desktop/Developer\ Projects/Phone\ in\ the\ Other\ Room


SwiftCompile normal arm64 /Users/ngawangchime/Desktop/Developer\ Projects/Phone\ in\ the\ Other\ Room/PhoneInTheOtherRoomApp/Views/NightFlock/CampfireBuddyViews.swift (in target 'PhoneInTheOtherRoom' from project 'PhoneInTheOtherRoom')
    cd /Users/ngawangchime/Desktop/Developer\ Projects/Phone\ in\ the\ Other\ Room


SwiftCompile normal arm64 /Users/ngawangchime/Desktop/Developer\ Projects/Phone\ in\ the\ Other\ Room/PhoneInTheOtherRoomApp/Views/NightFlock/CampfireShepherdView.swift (in target 'PhoneInTheOtherRoom' from project 'PhoneInTheOtherRoom')
    cd /Users/ngawangchime/Desktop/Developer\ Projects/Phone\ in\ the\ Other\ Room


SwiftCompile normal arm64 /Users/ngawangchime/Desktop/Developer\ Projects/Phone\ in\ the\ Other\ Room/PhoneInTheOtherRoomApp/Views/NightFlock/CampfireViews.swift (in target 'PhoneInTheOtherRoom' from project 'PhoneInTheOtherRoom')
    cd /Users/ngawangchime/Desktop/Developer\ Projects/Phone\ in\ the\ Other\ Room


SwiftCompile normal arm64 /Users/ngawangchime/Desktop/Developer\ Projects/Phone\ in\ the\ Other\ Room/PhoneInTheOtherRoomApp/Views/Components/CompletionRewardCard.swift (in target 'PhoneInTheOtherRoom' from project 'PhoneInTheOtherRoom')
    cd /Users/ngawangchime/Desktop/Developer\ Projects/Phone\ in\ the\ Other\ Room


SwiftCompile normal arm64 /Users/ngawangchime/Desktop/Developer\ Projects/Phone\ in\ the\ Other\ Room/PhoneInTheOtherRoomApp/Views/CompletionView.swift (in target 'PhoneInTheOtherRoom' from project 'PhoneInTheOtherRoom')
    cd /Users/ngawangchime/Desktop/Developer\ Projects/Phone\ in\ the\ Other\ Room


SwiftCompile normal arm64 /Users/ngawangchime/Desktop/Developer\ Projects/Phone\ in\ the\ Other\ Room/PhoneInTheOtherRoomApp/Views/Components/ConnectionStatusCard.swift (in target 'PhoneInTheOtherRoom' from project 'PhoneInTheOtherRoom')
    cd /Users/ngawangchime/Desktop/Developer\ Projects/Phone\ in\ the\ Other\ Room


SwiftCompile normal arm64 /Users/ngawangchime/Desktop/Developer\ Projects/Phone\ in\ the\ Other\ Room/PhoneInTheOtherRoomApp/Views/Components/ContextualGuideOverlay.swift (in target 'PhoneInTheOtherRoom' from project 'PhoneInTheOtherRoom')
    cd /Users/ngawangchime/Desktop/Developer\ Projects/Phone\ in\ the\ Other\ Room


SwiftDriverJobDiscovery normal arm64 Compiling NightFlockViewModel+SharedHabitsAgreement.swift, NightFlockViewModel+SharedHabitsFence.swift, NightFlockViewModel+UpdateCheers.swift, NightJourneyProgress.swift, NightWatch.swift, NightWatchHistory.swift, NightWatchUsageMonitoringService.swift, NightsHistorySummary.swift, NotificationPlanning.swift (in target 'PhoneInTheOtherRoom' from project 'PhoneInTheOtherRoom')

SwiftCompile normal arm64 Compiling\ WatchConnectivityManager.swift,\ WatchMessage.swift,\ WatchPhysicalQAFixture.swift,\ WelcomeReward.swift,\ WindDownGuidance.swift,\ WindDownHabit.swift,\ WindDownScheduling.swift,\ WindDownStartSheet.swift /Users/ngawangchime/Desktop/Developer\ Projects/Phone\ in\ the\ Other\ Room/PhoneInTheOtherRoomApp/Services/WatchConnectivityManager.swift /Users/ngawangchime/Desktop/Developer\ Projects/Phone\ in\ the\ Other\ Room/Shared/WatchMessage.swift /Users/ngawangchime/Desktop/Developer\ Projects/Phone\ in\ the\ Other\ Room/PhoneInTheOtherRoomApp/Debug/WatchPhysicalQAFixture.swift /Users/ngawangchime/Desktop/Developer\ Projects/Phone\ in\ the\ Other\ Room/Shared/WelcomeReward.swift /Users/ngawangchime/Desktop/Developer\ Projects/Phone\ in\ the\ Other\ Room/Shared/WindDownGuidance.swift /Users/ngawangchime/Desktop/Developer\ Projects/Phone\ in\ the\ Other\ Room/Shared/WindDownHabit.swift /Users/ngawangchime/Desktop/Developer\ Projects/Phone\ in\ the\ Other\ Room/Shared/WindDownScheduling.swift /Users/ngawangchime/Desktop/Developer\ Projects/Phone\ in\ the\ Other\ Room/PhoneInTheOtherRoomApp/Views/Components/WindDownStartSheet.swift (in target 'PhoneInTheOtherRoom' from project 'PhoneInTheOtherRoom')

SwiftCompile normal arm64 /Users/ngawangchime/Desktop/Developer\ Projects/Phone\ in\ the\ Other\ Room/PhoneInTheOtherRoomApp/Services/WatchConnectivityManager.swift (in target 'PhoneInTheOtherRoom' from project 'PhoneInTheOtherRoom')
    cd /Users/ngawangchime/Desktop/Developer\ Projects/Phone\ in\ the\ Other\ Room


SwiftCompile normal arm64 /Users/ngawangchime/Desktop/Developer\ Projects/Phone\ in\ the\ Other\ Room/Shared/WatchMessage.swift (in target 'PhoneInTheOtherRoom' from project 'PhoneInTheOtherRoom')
    cd /Users/ngawangchime/Desktop/Developer\ Projects/Phone\ in\ the\ Other\ Room


SwiftCompile normal arm64 /Users/ngawangchime/Desktop/Developer\ Projects/Phone\ in\ the\ Other\ Room/PhoneInTheOtherRoomApp/Debug/WatchPhysicalQAFixture.swift (in target 'PhoneInTheOtherRoom' from project 'PhoneInTheOtherRoom')
    cd /Users/ngawangchime/Desktop/Developer\ Projects/Phone\ in\ the\ Other\ Room

/Users/ngawangchime/Desktop/Developer Projects/Phone in the Other Room/PhoneInTheOtherRoomApp/Debug/WatchPhysicalQAFixture.swift:49:25: warning: result of call to 'start(configuration:focusAccepted:startedAt:autoConfirmPlacement:appShieldingRequested:liveActivityRequested:replacesAutomaticSchedule:runID:)' is unused
            coordinator.start(
                        ^    ~

SwiftCompile normal arm64 /Users/ngawangchime/Desktop/Developer\ Projects/Phone\ in\ the\ Other\ Room/Shared/WelcomeReward.swift (in target 'PhoneInTheOtherRoom' from project 'PhoneInTheOtherRoom')
    cd /Users/ngawangchime/Desktop/Developer\ Projects/Phone\ in\ the\ Other\ Room


SwiftCompile normal arm64 /Users/ngawangchime/Desktop/Developer\ Projects/Phone\ in\ the\ Other\ Room/Shared/WindDownGuidance.swift (in target 'PhoneInTheOtherRoom' from project 'PhoneInTheOtherRoom')
    cd /Users/ngawangchime/Desktop/Developer\ Projects/Phone\ in\ the\ Other\ Room


SwiftCompile normal arm64 /Users/ngawangchime/Desktop/Developer\ Projects/Phone\ in\ the\ Other\ Room/Shared/WindDownHabit.swift (in target 'PhoneInTheOtherRoom' from project 'PhoneInTheOtherRoom')
    cd /Users/ngawangchime/Desktop/Developer\ Projects/Phone\ in\ the\ Other\ Room


SwiftCompile normal arm64 /Users/ngawangchime/Desktop/Developer\ Projects/Phone\ in\ the\ Other\ Room/Shared/WindDownScheduling.swift (in target 'PhoneInTheOtherRoom' from project 'PhoneInTheOtherRoom')
    cd /Users/ngawangchime/Desktop/Developer\ Projects/Phone\ in\ the\ Other\ Room


SwiftCompile normal arm64 /Users/ngawangchime/Desktop/Developer\ Projects/Phone\ in\ the\ Other\ Room/PhoneInTheOtherRoomApp/Views/Components/WindDownStartSheet.swift (in target 'PhoneInTheOtherRoom' from project 'PhoneInTheOtherRoom')
    cd /Users/ngawangchime/Desktop/Developer\ Projects/Phone\ in\ the\ Other\ Room


SwiftDriverJobDiscovery normal arm64 Compiling AccountControls.swift, AccountFarmOwnership.swift, AnalyticsExportService.swift, AppAppearance.swift, AppFeedback.swift, AssetPlaceholderComponents.swift, AssetReadyScreens.swift, CampfireBuddies.swift, CampfireNotificationService.swift, CampfireStudyView.swift, CompletionRewardPresentation.swift, CountingSheepStorage.swift, CountingSheepUserProfile.swift, EmergencyExitChallenge.swift, FarmBackupPayload.swift, FarmEconomyRules.swift, FarmEconomySnapshot.swift, FarmMigration.swift (in target 'PhoneInTheOtherRoom' from project 'PhoneInTheOtherRoom')

SwiftCompile normal arm64 Compiling\ RewardModels.swift,\ RewardShelfViewModel.swift,\ RitualPersonalisation.swift,\ RitualPersonalisationRules.swift,\ ScreenTimeIntegration.swift,\ ScreenTimeReportMath.swift,\ ScreenTimeSelectionService.swift,\ ScreenbookCaptureReadiness.swift,\ ScreenbookOllieMotionReview.swift,\ ScreenbookPersonalisationView.swift,\ ScreenbookScenario.swift,\ ScreenbookScenarioRegistry.swift,\ SharedFarmPrototypeStore.swift,\ SharedMeadow.swift,\ SharedMeadowSceneController.swift,\ SharedPasture.swift,\ SharedPastureOutboxService.swift /Users/ngawangchime/Desktop/Developer\ Projects/Phone\ in\ the\ Other\ Room/Shared/RewardModels.swift /Users/ngawangchime/Desktop/Developer\ Projects/Phone\ in\ the\ Other\ Room/PhoneInTheOtherRoomApp/ViewModels/RewardShelfViewModel.swift /Users/ngawangchime/Desktop/Developer\ Projects/Phone\ in\ the\ Other\ Room/Shared/RitualPersonalisation.swift /Users/ngawangchime/Desktop/Developer\ Projects/Phone\ in\ the\ Other\ Room/Shared/RitualPersonalisationRules.swift /Users/ngawangchime/Desktop/Developer\ Projects/Phone\ in\ the\ Other\ Room/Shared/ScreenTimeIntegration.swift /Users/ngawangchime/Desktop/Developer\ Projects/Phone\ in\ the\ Other\ Room/Shared/ScreenTimeReportMath.swift /Users/ngawangchime/Desktop/Developer\ Projects/Phone\ in\ the\ Other\ Room/PhoneInTheOtherRoomApp/Services/ScreenTimeSelectionService.swift /Users/ngawangchime/Desktop/Developer\ Projects/Phone\ in\ the\ Other\ Room/PhoneInTheOtherRoomApp/Screenbook/ScreenbookCaptureReadiness.swift /Users/ngawangchime/Desktop/Developer\ Projects/Phone\ in\ the\ Other\ Room/PhoneInTheOtherRoomApp/Screenbook/ScreenbookOllieMotionReview.swift /Users/ngawangchime/Desktop/Developer\ Projects/Phone\ in\ the\ Other\ Room/PhoneInTheOtherRoomApp/Screenbook/ScreenbookPersonalisationView.swift /Users/ngawangchime/Desktop/Developer\ Projects/Phone\ in\ the\ Other\ Room/PhoneInTheOtherRoomApp/Screenbook/ScreenbookScenario.swift /Users/ngawangchime/Desktop/Developer\ Projects/Phone\ in\ the\ Other\ Room/PhoneInTheOtherRoomApp/Screenbook/ScreenbookScenarioRegistry.swift /Users/ngawangchime/Desktop/Developer\ Projects/Phone\ in\ the\ Other\ Room/PhoneInTheOtherRoomApp/ViewModels/SharedFarmPrototypeStore.swift /Users/ngawangchime/Desktop/Developer\ Projects/Phone\ in\ the\ Other\ Room/Shared/SharedMeadow.swift /Users/ngawangchime/Desktop/Developer\ Projects/Phone\ in\ the\ Other\ Room/PhoneInTheOtherRoomApp/ViewModels/SharedMeadowSceneController.swift /Users/ngawangchime/Desktop/Developer\ Projects/Phone\ in\ the\ Other\ Room/Shared/SharedPasture.swift /Users/ngawangchime/Desktop/Developer\ Projects/Phone\ in\ the\ Other\ Room/PhoneInTheOtherRoomApp/Services/SharedPastureOutboxService.swift (in target 'PhoneInTheOtherRoom' from project 'PhoneInTheOtherRoom')

SwiftCompile normal arm64 /Users/ngawangchime/Desktop/Developer\ Projects/Phone\ in\ the\ Other\ Room/Shared/RewardModels.swift (in target 'PhoneInTheOtherRoom' from project 'PhoneInTheOtherRoom')
    cd /Users/ngawangchime/Desktop/Developer\ Projects/Phone\ in\ the\ Other\ Room


SwiftCompile normal arm64 /Users/ngawangchime/Desktop/Developer\ Projects/Phone\ in\ the\ Other\ Room/PhoneInTheOtherRoomApp/ViewModels/RewardShelfViewModel.swift (in target 'PhoneInTheOtherRoom' from project 'PhoneInTheOtherRoom')
    cd /Users/ngawangchime/Desktop/Developer\ Projects/Phone\ in\ the\ Other\ Room


SwiftCompile normal arm64 /Users/ngawangchime/Desktop/Developer\ Projects/Phone\ in\ the\ Other\ Room/Shared/RitualPersonalisation.swift (in target 'PhoneInTheOtherRoom' from project 'PhoneInTheOtherRoom')
    cd /Users/ngawangchime/Desktop/Developer\ Projects/Phone\ in\ the\ Other\ Room


SwiftCompile normal arm64 /Users/ngawangchime/Desktop/Developer\ Projects/Phone\ in\ the\ Other\ Room/Shared/RitualPersonalisationRules.swift (in target 'PhoneInTheOtherRoom' from project 'PhoneInTheOtherRoom')
    cd /Users/ngawangchime/Desktop/Developer\ Projects/Phone\ in\ the\ Other\ Room


SwiftCompile normal arm64 /Users/ngawangchime/Desktop/Developer\ Projects/Phone\ in\ the\ Other\ Room/Shared/ScreenTimeIntegration.swift (in target 'PhoneInTheOtherRoom' from project 'PhoneInTheOtherRoom')
    cd /Users/ngawangchime/Desktop/Developer\ Projects/Phone\ in\ the\ Other\ Room


SwiftCompile normal arm64 /Users/ngawangchime/Desktop/Developer\ Projects/Phone\ in\ the\ Other\ Room/Shared/ScreenTimeReportMath.swift (in target 'PhoneInTheOtherRoom' from project 'PhoneInTheOtherRoom')
    cd /Users/ngawangchime/Desktop/Developer\ Projects/Phone\ in\ the\ Other\ Room


SwiftCompile normal arm64 /Users/ngawangchime/Desktop/Developer\ Projects/Phone\ in\ the\ Other\ Room/PhoneInTheOtherRoomApp/Services/ScreenTimeSelectionService.swift (in target 'PhoneInTheOtherRoom' from project 'PhoneInTheOtherRoom')
    cd /Users/ngawangchime/Desktop/Developer\ Projects/Phone\ in\ the\ Other\ Room


SwiftCompile normal arm64 /Users/ngawangchime/Desktop/Developer\ Projects/Phone\ in\ the\ Other\ Room/PhoneInTheOtherRoomApp/Screenbook/ScreenbookCaptureReadiness.swift (in target 'PhoneInTheOtherRoom' from project 'PhoneInTheOtherRoom')
    cd /Users/ngawangchime/Desktop/Developer\ Projects/Phone\ in\ the\ Other\ Room


SwiftCompile normal arm64 /Users/ngawangchime/Desktop/Developer\ Projects/Phone\ in\ the\ Other\ Room/PhoneInTheOtherRoomApp/Screenbook/ScreenbookOllieMotionReview.swift (in target 'PhoneInTheOtherRoom' from project 'PhoneInTheOtherRoom')
    cd /Users/ngawangchime/Desktop/Developer\ Projects/Phone\ in\ the\ Other\ Room


SwiftCompile normal arm64 /Users/ngawangchime/Desktop/Developer\ Projects/Phone\ in\ the\ Other\ Room/PhoneInTheOtherRoomApp/Screenbook/ScreenbookPersonalisationView.swift (in target 'PhoneInTheOtherRoom' from project 'PhoneInTheOtherRoom')
    cd /Users/ngawangchime/Desktop/Developer\ Projects/Phone\ in\ the\ Other\ Room


SwiftCompile normal arm64 /Users/ngawangchime/Desktop/Developer\ Projects/Phone\ in\ the\ Other\ Room/PhoneInTheOtherRoomApp/Screenbook/ScreenbookScenario.swift (in target 'PhoneInTheOtherRoom' from project 'PhoneInTheOtherRoom')
    cd /Users/ngawangchime/Desktop/Developer\ Projects/Phone\ in\ the\ Other\ Room


SwiftCompile normal arm64 /Users/ngawangchime/Desktop/Developer\ Projects/Phone\ in\ the\ Other\ Room/PhoneInTheOtherRoomApp/Screenbook/ScreenbookScenarioRegistry.swift (in target 'PhoneInTheOtherRoom' from project 'PhoneInTheOtherRoom')
    cd /Users/ngawangchime/Desktop/Developer\ Projects/Phone\ in\ the\ Other\ Room


SwiftCompile normal arm64 /Users/ngawangchime/Desktop/Developer\ Projects/Phone\ in\ the\ Other\ Room/PhoneInTheOtherRoomApp/ViewModels/SharedFarmPrototypeStore.swift (in target 'PhoneInTheOtherRoom' from project 'PhoneInTheOtherRoom')
    cd /Users/ngawangchime/Desktop/Developer\ Projects/Phone\ in\ the\ Other\ Room


SwiftCompile normal arm64 /Users/ngawangchime/Desktop/Developer\ Projects/Phone\ in\ the\ Other\ Room/Shared/SharedMeadow.swift (in target 'PhoneInTheOtherRoom' from project 'PhoneInTheOtherRoom')
    cd /Users/ngawangchime/Desktop/Developer\ Projects/Phone\ in\ the\ Other\ Room


SwiftCompile normal arm64 /Users/ngawangchime/Desktop/Developer\ Projects/Phone\ in\ the\ Other\ Room/PhoneInTheOtherRoomApp/ViewModels/SharedMeadowSceneController.swift (in target 'PhoneInTheOtherRoom' from project 'PhoneInTheOtherRoom')
    cd /Users/ngawangchime/Desktop/Developer\ Projects/Phone\ in\ the\ Other\ Room


SwiftCompile normal arm64 /Users/ngawangchime/Desktop/Developer\ Projects/Phone\ in\ the\ Other\ Room/Shared/SharedPasture.swift (in target 'PhoneInTheOtherRoom' from project 'PhoneInTheOtherRoom')
    cd /Users/ngawangchime/Desktop/Developer\ Projects/Phone\ in\ the\ Other\ Room


SwiftCompile normal arm64 /Users/ngawangchime/Desktop/Developer\ Projects/Phone\ in\ the\ Other\ Room/PhoneInTheOtherRoomApp/Services/SharedPastureOutboxService.swift (in target 'PhoneInTheOtherRoom' from project 'PhoneInTheOtherRoom')
    cd /Users/ngawangchime/Desktop/Developer\ Projects/Phone\ in\ the\ Other\ Room


SwiftDriverJobDiscovery normal arm64 Compiling WatchConnectivityManager.swift, WatchMessage.swift, WatchPhysicalQAFixture.swift, WelcomeReward.swift, WindDownGuidance.swift, WindDownHabit.swift, WindDownScheduling.swift, WindDownStartSheet.swift (in target 'PhoneInTheOtherRoom' from project 'PhoneInTheOtherRoom')

SwiftCompile normal arm64 Compiling\ SheepSearchExplainerView.swift,\ ShepherdArtStudyView.swift,\ ShepherdNameCard.swift,\ SlumberPartyFriendCardView.swift,\ SlumberPartyGroupStreamView.swift,\ SlumberPartyPastureView.swift,\ SlumberPartyReceivedCheersSection.swift,\ SlumberPartySharedHabitsSummaryViews.swift,\ SlumberPartySharedMeadowView.swift,\ SlumberPartySocialAvatar.swift,\ SlumberPartyUpdateCheerReceiptsView.swift,\ SlumberPartyV4MembershipActivitiesSection.swift /Users/ngawangchime/Desktop/Developer\ Projects/Phone\ in\ the\ Other\ Room/PhoneInTheOtherRoomApp/Views/SheepSearchExplainerView.swift /Users/ngawangchime/Desktop/Developer\ Projects/Phone\ in\ the\ Other\ Room/PhoneInTheOtherRoomApp/Views/ShepherdArtStudy/ShepherdArtStudyView.swift /Users/ngawangchime/Desktop/Developer\ Projects/Phone\ in\ the\ Other\ Room/PhoneInTheOtherRoomApp/Views/ShepherdNameCard.swift /Users/ngawangchime/Desktop/Developer\ Projects/Phone\ in\ the\ Other\ Room/PhoneInTheOtherRoomApp/Views/NightFlock/SlumberPartyFriendCardView.swift /Users/ngawangchime/Desktop/Developer\ Projects/Phone\ in\ the\ Other\ Room/PhoneInTheOtherRoomApp/Views/NightFlock/SlumberPartyGroupStreamView.swift /Users/ngawangchime/Desktop/Developer\ Projects/Phone\ in\ the\ Other\ Room/PhoneInTheOtherRoomApp/Views/NightFlock/SlumberPartyPastureView.swift /Users/ngawangchime/Desktop/Developer\ Projects/Phone\ in\ the\ Other\ Room/PhoneInTheOtherRoomApp/Views/NightFlock/SlumberPartyReceivedCheersSection.swift /Users/ngawangchime/Desktop/Developer\ Projects/Phone\ in\ the\ Other\ Room/PhoneInTheOtherRoomApp/Views/NightFlock/SlumberPartySharedHabitsSummaryViews.swift /Users/ngawangchime/Desktop/Developer\ Projects/Phone\ in\ the\ Other\ Room/PhoneInTheOtherRoomApp/Views/NightFlock/SlumberPartySharedMeadowView.swift /Users/ngawangchime/Desktop/Developer\ Projects/Phone\ in\ the\ Other\ Room/PhoneInTheOtherRoomApp/Views/NightFlock/SlumberPartySocialAvatar.swift /Users/ngawangchime/Desktop/Developer\ Projects/Phone\ in\ the\ Other\ Room/PhoneInTheOtherRoomApp/Views/NightFlock/SlumberPartyUpdateCheerReceiptsView.swift /Users/ngawangchime/Desktop/Developer\ Projects/Phone\ in\ the\ Other\ Room/PhoneInTheOtherRoomApp/Views/NightFlock/SlumberPartyV4MembershipActivitiesSection.swift (in target 'PhoneInTheOtherRoom' from project 'PhoneInTheOtherRoom')
SwiftCompile normal arm64 /Users/ngawangchime/Desktop/Developer\ Projects/Phone\ in\ the\ Other\ Room/PhoneInTheOtherRoomApp/Views/SheepSearchExplainerView.swift (in target 'PhoneInTheOtherRoom' from project 'PhoneInTheOtherRoom')
    cd /Users/ngawangchime/Desktop/Developer\ Projects/Phone\ in\ the\ Other\ Room


SwiftCompile normal arm64 /Users/ngawangchime/Desktop/Developer\ Projects/Phone\ in\ the\ Other\ Room/PhoneInTheOtherRoomApp/Views/ShepherdArtStudy/ShepherdArtStudyView.swift (in target 'PhoneInTheOtherRoom' from project 'PhoneInTheOtherRoom')
    cd /Users/ngawangchime/Desktop/Developer\ Projects/Phone\ in\ the\ Other\ Room


SwiftCompile normal arm64 /Users/ngawangchime/Desktop/Developer\ Projects/Phone\ in\ the\ Other\ Room/PhoneInTheOtherRoomApp/Views/ShepherdNameCard.swift (in target 'PhoneInTheOtherRoom' from project 'PhoneInTheOtherRoom')
    cd /Users/ngawangchime/Desktop/Developer\ Projects/Phone\ in\ the\ Other\ Room


SwiftCompile normal arm64 /Users/ngawangchime/Desktop/Developer\ Projects/Phone\ in\ the\ Other\ Room/PhoneInTheOtherRoomApp/Views/NightFlock/SlumberPartyFriendCardView.swift (in target 'PhoneInTheOtherRoom' from project 'PhoneInTheOtherRoom')
    cd /Users/ngawangchime/Desktop/Developer\ Projects/Phone\ in\ the\ Other\ Room


SwiftCompile normal arm64 /Users/ngawangchime/Desktop/Developer\ Projects/Phone\ in\ the\ Other\ Room/PhoneInTheOtherRoomApp/Views/NightFlock/SlumberPartyGroupStreamView.swift (in target 'PhoneInTheOtherRoom' from project 'PhoneInTheOtherRoom')
    cd /Users/ngawangchime/Desktop/Developer\ Projects/Phone\ in\ the\ Other\ Room


SwiftCompile normal arm64 /Users/ngawangchime/Desktop/Developer\ Projects/Phone\ in\ the\ Other\ Room/PhoneInTheOtherRoomApp/Views/NightFlock/SlumberPartyPastureView.swift (in target 'PhoneInTheOtherRoom' from project 'PhoneInTheOtherRoom')
    cd /Users/ngawangchime/Desktop/Developer\ Projects/Phone\ in\ the\ Other\ Room


SwiftCompile normal arm64 /Users/ngawangchime/Desktop/Developer\ Projects/Phone\ in\ the\ Other\ Room/PhoneInTheOtherRoomApp/Views/NightFlock/SlumberPartyReceivedCheersSection.swift (in target 'PhoneInTheOtherRoom' from project 'PhoneInTheOtherRoom')
    cd /Users/ngawangchime/Desktop/Developer\ Projects/Phone\ in\ the\ Other\ Room


SwiftCompile normal arm64 /Users/ngawangchime/Desktop/Developer\ Projects/Phone\ in\ the\ Other\ Room/PhoneInTheOtherRoomApp/Views/NightFlock/SlumberPartySharedHabitsSummaryViews.swift (in target 'PhoneInTheOtherRoom' from project 'PhoneInTheOtherRoom')
    cd /Users/ngawangchime/Desktop/Developer\ Projects/Phone\ in\ the\ Other\ Room


SwiftCompile normal arm64 /Users/ngawangchime/Desktop/Developer\ Projects/Phone\ in\ the\ Other\ Room/PhoneInTheOtherRoomApp/Views/NightFlock/SlumberPartySharedMeadowView.swift (in target 'PhoneInTheOtherRoom' from project 'PhoneInTheOtherRoom')
    cd /Users/ngawangchime/Desktop/Developer\ Projects/Phone\ in\ the\ Other\ Room


SwiftCompile normal arm64 /Users/ngawangchime/Desktop/Developer\ Projects/Phone\ in\ the\ Other\ Room/PhoneInTheOtherRoomApp/Views/NightFlock/SlumberPartySocialAvatar.swift (in target 'PhoneInTheOtherRoom' from project 'PhoneInTheOtherRoom')
    cd /Users/ngawangchime/Desktop/Developer\ Projects/Phone\ in\ the\ Other\ Room


SwiftCompile normal arm64 /Users/ngawangchime/Desktop/Developer\ Projects/Phone\ in\ the\ Other\ Room/PhoneInTheOtherRoomApp/Views/NightFlock/SlumberPartyUpdateCheerReceiptsView.swift (in target 'PhoneInTheOtherRoom' from project 'PhoneInTheOtherRoom')
    cd /Users/ngawangchime/Desktop/Developer\ Projects/Phone\ in\ the\ Other\ Room


SwiftCompile normal arm64 /Users/ngawangchime/Desktop/Developer\ Projects/Phone\ in\ the\ Other\ Room/PhoneInTheOtherRoomApp/Views/NightFlock/SlumberPartyV4MembershipActivitiesSection.swift (in target 'PhoneInTheOtherRoom' from project 'PhoneInTheOtherRoom')
    cd /Users/ngawangchime/Desktop/Developer\ Projects/Phone\ in\ the\ Other\ Room


SwiftDriverJobDiscovery normal arm64 Compiling RewardModels.swift, RewardShelfViewModel.swift, RitualPersonalisation.swift, RitualPersonalisationRules.swift, ScreenTimeIntegration.swift, ScreenTimeReportMath.swift, ScreenTimeSelectionService.swift, ScreenbookCaptureReadiness.swift, ScreenbookOllieMotionReview.swift, ScreenbookPersonalisationView.swift, ScreenbookScenario.swift, ScreenbookScenarioRegistry.swift, SharedFarmPrototypeStore.swift, SharedMeadow.swift, SharedMeadowSceneController.swift, SharedPasture.swift, SharedPastureOutboxService.swift (in target 'PhoneInTheOtherRoom' from project 'PhoneInTheOtherRoom')

SwiftCompile normal arm64 Compiling\ AccountAccessGate.swift,\ AccountCredentials.swift,\ AccountCredentialsView.swift,\ AccountScreenbookView.swift,\ AutomaticWindDownCard.swift,\ AutomaticWindDownSchedulingDecision.swift,\ BarnView.swift,\ Campfire.swift,\ CampfirePanel.swift,\ CampfirePersonViews.swift,\ CampfireProfileView.swift /Users/ngawangchime/Desktop/Developer\ Projects/Phone\ in\ the\ Other\ Room/PhoneInTheOtherRoomApp/Views/AccountAccessGate.swift /Users/ngawangchime/Desktop/Developer\ Projects/Phone\ in\ the\ Other\ Room/Shared/AccountCredentials.swift /Users/ngawangchime/Desktop/Developer\ Projects/Phone\ in\ the\ Other\ Room/PhoneInTheOtherRoomApp/Views/AccountCredentialsView.swift /Users/ngawangchime/Desktop/Developer\ Projects/Phone\ in\ the\ Other\ Room/PhoneInTheOtherRoomApp/Screenbook/AccountScreenbookView.swift /Users/ngawangchime/Desktop/Developer\ Projects/Phone\ in\ the\ Other\ Room/PhoneInTheOtherRoomApp/Views/Components/AutomaticWindDownCard.swift /Users/ngawangchime/Desktop/Developer\ Projects/Phone\ in\ the\ Other\ Room/Shared/AutomaticWindDownSchedulingDecision.swift /Users/ngawangchime/Desktop/Developer\ Projects/Phone\ in\ the\ Other\ Room/PhoneInTheOtherRoomApp/Views/BarnView.swift /Users/ngawangchime/Desktop/Developer\ Projects/Phone\ in\ the\ Other\ Room/Shared/Campfire.swift /Users/ngawangchime/Desktop/Developer\ Projects/Phone\ in\ the\ Other\ Room/PhoneInTheOtherRoomApp/Views/NightFlock/CampfirePanel.swift /Users/ngawangchime/Desktop/Developer\ Projects/Phone\ in\ the\ Other\ Room/PhoneInTheOtherRoomApp/Views/NightFlock/CampfirePersonViews.swift /Users/ngawangchime/Desktop/Developer\ Projects/Phone\ in\ the\ Other\ Room/PhoneInTheOtherRoomApp/Views/NightFlock/CampfireProfileView.swift (in target 'PhoneInTheOtherRoom' from project 'PhoneInTheOtherRoom')
SwiftCompile normal arm64 /Users/ngawangchime/Desktop/Developer\ Projects/Phone\ in\ the\ Other\ Room/PhoneInTheOtherRoomApp/Views/AccountAccessGate.swift (in target 'PhoneInTheOtherRoom' from project 'PhoneInTheOtherRoom')
    cd /Users/ngawangchime/Desktop/Developer\ Projects/Phone\ in\ the\ Other\ Room


SwiftCompile normal arm64 /Users/ngawangchime/Desktop/Developer\ Projects/Phone\ in\ the\ Other\ Room/Shared/AccountCredentials.swift (in target 'PhoneInTheOtherRoom' from project 'PhoneInTheOtherRoom')
    cd /Users/ngawangchime/Desktop/Developer\ Projects/Phone\ in\ the\ Other\ Room


SwiftCompile normal arm64 /Users/ngawangchime/Desktop/Developer\ Projects/Phone\ in\ the\ Other\ Room/PhoneInTheOtherRoomApp/Views/AccountCredentialsView.swift (in target 'PhoneInTheOtherRoom' from project 'PhoneInTheOtherRoom')
    cd /Users/ngawangchime/Desktop/Developer\ Projects/Phone\ in\ the\ Other\ Room


SwiftCompile normal arm64 /Users/ngawangchime/Desktop/Developer\ Projects/Phone\ in\ the\ Other\ Room/PhoneInTheOtherRoomApp/Screenbook/AccountScreenbookView.swift (in target 'PhoneInTheOtherRoom' from project 'PhoneInTheOtherRoom')
    cd /Users/ngawangchime/Desktop/Developer\ Projects/Phone\ in\ the\ Other\ Room


SwiftCompile normal arm64 /Users/ngawangchime/Desktop/Developer\ Projects/Phone\ in\ the\ Other\ Room/PhoneInTheOtherRoomApp/Views/Components/AutomaticWindDownCard.swift (in target 'PhoneInTheOtherRoom' from project 'PhoneInTheOtherRoom')
    cd /Users/ngawangchime/Desktop/Developer\ Projects/Phone\ in\ the\ Other\ Room


SwiftCompile normal arm64 /Users/ngawangchime/Desktop/Developer\ Projects/Phone\ in\ the\ Other\ Room/Shared/AutomaticWindDownSchedulingDecision.swift (in target 'PhoneInTheOtherRoom' from project 'PhoneInTheOtherRoom')
    cd /Users/ngawangchime/Desktop/Developer\ Projects/Phone\ in\ the\ Other\ Room


SwiftCompile normal arm64 /Users/ngawangchime/Desktop/Developer\ Projects/Phone\ in\ the\ Other\ Room/PhoneInTheOtherRoomApp/Views/BarnView.swift (in target 'PhoneInTheOtherRoom' from project 'PhoneInTheOtherRoom')
    cd /Users/ngawangchime/Desktop/Developer\ Projects/Phone\ in\ the\ Other\ Room


SwiftCompile normal arm64 /Users/ngawangchime/Desktop/Developer\ Projects/Phone\ in\ the\ Other\ Room/Shared/Campfire.swift (in target 'PhoneInTheOtherRoom' from project 'PhoneInTheOtherRoom')
    cd /Users/ngawangchime/Desktop/Developer\ Projects/Phone\ in\ the\ Other\ Room


SwiftCompile normal arm64 /Users/ngawangchime/Desktop/Developer\ Projects/Phone\ in\ the\ Other\ Room/PhoneInTheOtherRoomApp/Views/NightFlock/CampfirePanel.swift (in target 'PhoneInTheOtherRoom' from project 'PhoneInTheOtherRoom')
    cd /Users/ngawangchime/Desktop/Developer\ Projects/Phone\ in\ the\ Other\ Room


SwiftCompile normal arm64 /Users/ngawangchime/Desktop/Developer\ Projects/Phone\ in\ the\ Other\ Room/PhoneInTheOtherRoomApp/Views/NightFlock/CampfirePersonViews.swift (in target 'PhoneInTheOtherRoom' from project 'PhoneInTheOtherRoom')
    cd /Users/ngawangchime/Desktop/Developer\ Projects/Phone\ in\ the\ Other\ Room


SwiftCompile normal arm64 /Users/ngawangchime/Desktop/Developer\ Projects/Phone\ in\ the\ Other\ Room/PhoneInTheOtherRoomApp/Views/NightFlock/CampfireProfileView.swift (in target 'PhoneInTheOtherRoom' from project 'PhoneInTheOtherRoom')
    cd /Users/ngawangchime/Desktop/Developer\ Projects/Phone\ in\ the\ Other\ Room


SwiftDriverJobDiscovery normal arm64 Compiling ActiveRunView.swift, AppRootView.swift, AppShieldExplainerSheet.swift, AppearancePreferenceCard.swift, CampfireBedtimeNativeFixture.swift, CampfireBuddiesNativeFixture.swift, CampfireBuddyViews.swift, CampfireShepherdView.swift, CampfireViews.swift, CompletionRewardCard.swift, CompletionView.swift, ConnectionStatusCard.swift, ContextualGuideOverlay.swift (in target 'PhoneInTheOtherRoom' from project 'PhoneInTheOtherRoom')

SwiftCompile normal arm64 Compiling\ NightFlockPresentation.swift,\ NightFlockSharedHabits.swift,\ NightFlockSharedPastureView.swift,\ NightFlockSharingAccountView.swift,\ NightFlockTipCallout.swift,\ NightFlockViewModel+Campfire.swift,\ NightFlockViewModel+CampfireNotifications.swift,\ NightFlockViewModel+Commitment.swift,\ NightFlockViewModel+Pasture.swift /Users/ngawangchime/Desktop/Developer\ Projects/Phone\ in\ the\ Other\ Room/Shared/NightFlockPresentation.swift /Users/ngawangchime/Desktop/Developer\ Projects/Phone\ in\ the\ Other\ Room/Shared/NightFlockSharedHabits.swift /Users/ngawangchime/Desktop/Developer\ Projects/Phone\ in\ the\ Other\ Room/PhoneInTheOtherRoomApp/Views/NightFlock/NightFlockSharedPastureView.swift /Users/ngawangchime/Desktop/Developer\ Projects/Phone\ in\ the\ Other\ Room/PhoneInTheOtherRoomApp/Views/NightFlock/NightFlockSharingAccountView.swift /Users/ngawangchime/Desktop/Developer\ Projects/Phone\ in\ the\ Other\ Room/PhoneInTheOtherRoomApp/Views/NightFlock/NightFlockTipCallout.swift /Users/ngawangchime/Desktop/Developer\ Projects/Phone\ in\ the\ Other\ Room/PhoneInTheOtherRoomApp/ViewModels/NightFlockViewModel+Campfire.swift /Users/ngawangchime/Desktop/Developer\ Projects/Phone\ in\ the\ Other\ Room/PhoneInTheOtherRoomApp/ViewModels/NightFlockViewModel+CampfireNotifications.swift /Users/ngawangchime/Desktop/Developer\ Projects/Phone\ in\ the\ Other\ Room/PhoneInTheOtherRoomApp/ViewModels/NightFlockViewModel+Commitment.swift /Users/ngawangchime/Desktop/Developer\ Projects/Phone\ in\ the\ Other\ Room/PhoneInTheOtherRoomApp/ViewModels/NightFlockViewModel+Pasture.swift (in target 'PhoneInTheOtherRoom' from project 'PhoneInTheOtherRoom')
SwiftCompile normal arm64 /Users/ngawangchime/Desktop/Developer\ Projects/Phone\ in\ the\ Other\ Room/Shared/NightFlockPresentation.swift (in target 'PhoneInTheOtherRoom' from project 'PhoneInTheOtherRoom')
    cd /Users/ngawangchime/Desktop/Developer\ Projects/Phone\ in\ the\ Other\ Room


SwiftCompile normal arm64 /Users/ngawangchime/Desktop/Developer\ Projects/Phone\ in\ the\ Other\ Room/Shared/NightFlockSharedHabits.swift (in target 'PhoneInTheOtherRoom' from project 'PhoneInTheOtherRoom')
    cd /Users/ngawangchime/Desktop/Developer\ Projects/Phone\ in\ the\ Other\ Room


SwiftCompile normal arm64 /Users/ngawangchime/Desktop/Developer\ Projects/Phone\ in\ the\ Other\ Room/PhoneInTheOtherRoomApp/Views/NightFlock/NightFlockSharedPastureView.swift (in target 'PhoneInTheOtherRoom' from project 'PhoneInTheOtherRoom')
    cd /Users/ngawangchime/Desktop/Developer\ Projects/Phone\ in\ the\ Other\ Room


SwiftCompile normal arm64 /Users/ngawangchime/Desktop/Developer\ Projects/Phone\ in\ the\ Other\ Room/PhoneInTheOtherRoomApp/Views/NightFlock/NightFlockSharingAccountView.swift (in target 'PhoneInTheOtherRoom' from project 'PhoneInTheOtherRoom')
    cd /Users/ngawangchime/Desktop/Developer\ Projects/Phone\ in\ the\ Other\ Room


SwiftCompile normal arm64 /Users/ngawangchime/Desktop/Developer\ Projects/Phone\ in\ the\ Other\ Room/PhoneInTheOtherRoomApp/Views/NightFlock/NightFlockTipCallout.swift (in target 'PhoneInTheOtherRoom' from project 'PhoneInTheOtherRoom')
    cd /Users/ngawangchime/Desktop/Developer\ Projects/Phone\ in\ the\ Other\ Room


SwiftCompile normal arm64 /Users/ngawangchime/Desktop/Developer\ Projects/Phone\ in\ the\ Other\ Room/PhoneInTheOtherRoomApp/ViewModels/NightFlockViewModel+Campfire.swift (in target 'PhoneInTheOtherRoom' from project 'PhoneInTheOtherRoom')
    cd /Users/ngawangchime/Desktop/Developer\ Projects/Phone\ in\ the\ Other\ Room


SwiftCompile normal arm64 /Users/ngawangchime/Desktop/Developer\ Projects/Phone\ in\ the\ Other\ Room/PhoneInTheOtherRoomApp/ViewModels/NightFlockViewModel+CampfireNotifications.swift (in target 'PhoneInTheOtherRoom' from project 'PhoneInTheOtherRoom')
    cd /Users/ngawangchime/Desktop/Developer\ Projects/Phone\ in\ the\ Other\ Room


SwiftCompile normal arm64 /Users/ngawangchime/Desktop/Developer\ Projects/Phone\ in\ the\ Other\ Room/PhoneInTheOtherRoomApp/ViewModels/NightFlockViewModel+Commitment.swift (in target 'PhoneInTheOtherRoom' from project 'PhoneInTheOtherRoom')
    cd /Users/ngawangchime/Desktop/Developer\ Projects/Phone\ in\ the\ Other\ Room


SwiftCompile normal arm64 /Users/ngawangchime/Desktop/Developer\ Projects/Phone\ in\ the\ Other\ Room/PhoneInTheOtherRoomApp/ViewModels/NightFlockViewModel+Pasture.swift (in target 'PhoneInTheOtherRoom' from project 'PhoneInTheOtherRoom')
    cd /Users/ngawangchime/Desktop/Developer\ Projects/Phone\ in\ the\ Other\ Room


SwiftDriverJobDiscovery normal arm64 Compiling SheepSearchExplainerView.swift, ShepherdArtStudyView.swift, ShepherdNameCard.swift, SlumberPartyFriendCardView.swift, SlumberPartyGroupStreamView.swift, SlumberPartyPastureView.swift, SlumberPartyReceivedCheersSection.swift, SlumberPartySharedHabitsSummaryViews.swift, SlumberPartySharedMeadowView.swift, SlumberPartySocialAvatar.swift, SlumberPartyUpdateCheerReceiptsView.swift, SlumberPartyV4MembershipActivitiesSection.swift (in target 'PhoneInTheOtherRoom' from project 'PhoneInTheOtherRoom')

SwiftCompile normal arm64 Compiling\ NightFlockViewModel+CampfireBuddies.swift /Users/ngawangchime/Desktop/Developer\ Projects/Phone\ in\ the\ Other\ Room/PhoneInTheOtherRoomApp/ViewModels/NightFlockViewModel+CampfireBuddies.swift (in target 'PhoneInTheOtherRoom' from project 'PhoneInTheOtherRoom')

SwiftCompile normal arm64 /Users/ngawangchime/Desktop/Developer\ Projects/Phone\ in\ the\ Other\ Room/PhoneInTheOtherRoomApp/ViewModels/NightFlockViewModel+CampfireBuddies.swift (in target 'PhoneInTheOtherRoom' from project 'PhoneInTheOtherRoom')
    cd /Users/ngawangchime/Desktop/Developer\ Projects/Phone\ in\ the\ Other\ Room


SwiftDriverJobDiscovery normal arm64 Compiling AccountAccessGate.swift, AccountCredentials.swift, AccountCredentialsView.swift, AccountScreenbookView.swift, AutomaticWindDownCard.swift, AutomaticWindDownSchedulingDecision.swift, BarnView.swift, Campfire.swift, CampfirePanel.swift, CampfirePersonViews.swift, CampfireProfileView.swift (in target 'PhoneInTheOtherRoom' from project 'PhoneInTheOtherRoom')

SwiftCompile normal arm64 Compiling\ OnboardingPersonalizationView.swift,\ OnboardingProfileStepView.swift,\ OnboardingProtectionStepView.swift,\ OnboardingQuietStepView.swift,\ OnboardingReadyStepView.swift,\ OnboardingRecommendationStepView.swift,\ OnboardingScheduleStepView.swift,\ OnboardingWelcomeStepView.swift,\ OrientationTourOverlay.swift,\ PaperFarmObjectView.swift,\ PastureFetchFixture.swift,\ PastureFetchView.swift /Users/ngawangchime/Desktop/Developer\ Projects/Phone\ in\ the\ Other\ Room/PhoneInTheOtherRoomApp/Views/Onboarding/OnboardingPersonalizationView.swift /Users/ngawangchime/Desktop/Developer\ Projects/Phone\ in\ the\ Other\ Room/PhoneInTheOtherRoomApp/Views/Onboarding/OnboardingProfileStepView.swift /Users/ngawangchime/Desktop/Developer\ Projects/Phone\ in\ the\ Other\ Room/PhoneInTheOtherRoomApp/Views/Onboarding/OnboardingProtectionStepView.swift /Users/ngawangchime/Desktop/Developer\ Projects/Phone\ in\ the\ Other\ Room/PhoneInTheOtherRoomApp/Views/Onboarding/OnboardingQuietStepView.swift /Users/ngawangchime/Desktop/Developer\ Projects/Phone\ in\ the\ Other\ Room/PhoneInTheOtherRoomApp/Views/Onboarding/OnboardingReadyStepView.swift /Users/ngawangchime/Desktop/Developer\ Projects/Phone\ in\ the\ Other\ Room/PhoneInTheOtherRoomApp/Views/Onboarding/OnboardingRecommendationStepView.swift /Users/ngawangchime/Desktop/Developer\ Projects/Phone\ in\ the\ Other\ Room/PhoneInTheOtherRoomApp/Views/Onboarding/OnboardingScheduleStepView.swift /Users/ngawangchime/Desktop/Developer\ Projects/Phone\ in\ the\ Other\ Room/PhoneInTheOtherRoomApp/Views/Onboarding/OnboardingWelcomeStepView.swift /Users/ngawangchime/Desktop/Developer\ Projects/Phone\ in\ the\ Other\ Room/PhoneInTheOtherRoomApp/Views/Components/OrientationTourOverlay.swift /Users/ngawangchime/Desktop/Developer\ Projects/Phone\ in\ the\ Other\ Room/PhoneInTheOtherRoomApp/Views/Components/PaperFarmObjectView.swift /Users/ngawangchime/Desktop/Developer\ Projects/Phone\ in\ the\ Other\ Room/PhoneInTheOtherRoomApp/Views/Components/PastureFetchFixture.swift /Users/ngawangchime/Desktop/Developer\ Projects/Phone\ in\ the\ Other\ Room/PhoneInTheOtherRoomApp/Views/Components/PastureFetchView.swift (in target 'PhoneInTheOtherRoom' from project 'PhoneInTheOtherRoom')
SwiftCompile normal arm64 /Users/ngawangchime/Desktop/Developer\ Projects/Phone\ in\ the\ Other\ Room/PhoneInTheOtherRoomApp/Views/Onboarding/OnboardingPersonalizationView.swift (in target 'PhoneInTheOtherRoom' from project 'PhoneInTheOtherRoom')
    cd /Users/ngawangchime/Desktop/Developer\ Projects/Phone\ in\ the\ Other\ Room


SwiftCompile normal arm64 /Users/ngawangchime/Desktop/Developer\ Projects/Phone\ in\ the\ Other\ Room/PhoneInTheOtherRoomApp/Views/Onboarding/OnboardingProfileStepView.swift (in target 'PhoneInTheOtherRoom' from project 'PhoneInTheOtherRoom')
    cd /Users/ngawangchime/Desktop/Developer\ Projects/Phone\ in\ the\ Other\ Room


SwiftCompile normal arm64 /Users/ngawangchime/Desktop/Developer\ Projects/Phone\ in\ the\ Other\ Room/PhoneInTheOtherRoomApp/Views/Onboarding/OnboardingProtectionStepView.swift (in target 'PhoneInTheOtherRoom' from project 'PhoneInTheOtherRoom')
    cd /Users/ngawangchime/Desktop/Developer\ Projects/Phone\ in\ the\ Other\ Room


SwiftCompile normal arm64 /Users/ngawangchime/Desktop/Developer\ Projects/Phone\ in\ the\ Other\ Room/PhoneInTheOtherRoomApp/Views/Onboarding/OnboardingQuietStepView.swift (in target 'PhoneInTheOtherRoom' from project 'PhoneInTheOtherRoom')
    cd /Users/ngawangchime/Desktop/Developer\ Projects/Phone\ in\ the\ Other\ Room


SwiftCompile normal arm64 /Users/ngawangchime/Desktop/Developer\ Projects/Phone\ in\ the\ Other\ Room/PhoneInTheOtherRoomApp/Views/Onboarding/OnboardingReadyStepView.swift (in target 'PhoneInTheOtherRoom' from project 'PhoneInTheOtherRoom')
    cd /Users/ngawangchime/Desktop/Developer\ Projects/Phone\ in\ the\ Other\ Room


SwiftCompile normal arm64 /Users/ngawangchime/Desktop/Developer\ Projects/Phone\ in\ the\ Other\ Room/PhoneInTheOtherRoomApp/Views/Onboarding/OnboardingRecommendationStepView.swift (in target 'PhoneInTheOtherRoom' from project 'PhoneInTheOtherRoom')
    cd /Users/ngawangchime/Desktop/Developer\ Projects/Phone\ in\ the\ Other\ Room


SwiftCompile normal arm64 /Users/ngawangchime/Desktop/Developer\ Projects/Phone\ in\ the\ Other\ Room/PhoneInTheOtherRoomApp/Views/Onboarding/OnboardingScheduleStepView.swift (in target 'PhoneInTheOtherRoom' from project 'PhoneInTheOtherRoom')
    cd /Users/ngawangchime/Desktop/Developer\ Projects/Phone\ in\ the\ Other\ Room


SwiftCompile normal arm64 /Users/ngawangchime/Desktop/Developer\ Projects/Phone\ in\ the\ Other\ Room/PhoneInTheOtherRoomApp/Views/Onboarding/OnboardingWelcomeStepView.swift (in target 'PhoneInTheOtherRoom' from project 'PhoneInTheOtherRoom')
    cd /Users/ngawangchime/Desktop/Developer\ Projects/Phone\ in\ the\ Other\ Room


SwiftCompile normal arm64 /Users/ngawangchime/Desktop/Developer\ Projects/Phone\ in\ the\ Other\ Room/PhoneInTheOtherRoomApp/Views/Components/OrientationTourOverlay.swift (in target 'PhoneInTheOtherRoom' from project 'PhoneInTheOtherRoom')
    cd /Users/ngawangchime/Desktop/Developer\ Projects/Phone\ in\ the\ Other\ Room


SwiftCompile normal arm64 /Users/ngawangchime/Desktop/Developer\ Projects/Phone\ in\ the\ Other\ Room/PhoneInTheOtherRoomApp/Views/Components/PaperFarmObjectView.swift (in target 'PhoneInTheOtherRoom' from project 'PhoneInTheOtherRoom')
    cd /Users/ngawangchime/Desktop/Developer\ Projects/Phone\ in\ the\ Other\ Room


SwiftCompile normal arm64 /Users/ngawangchime/Desktop/Developer\ Projects/Phone\ in\ the\ Other\ Room/PhoneInTheOtherRoomApp/Views/Components/PastureFetchFixture.swift (in target 'PhoneInTheOtherRoom' from project 'PhoneInTheOtherRoom')
    cd /Users/ngawangchime/Desktop/Developer\ Projects/Phone\ in\ the\ Other\ Room


SwiftCompile normal arm64 /Users/ngawangchime/Desktop/Developer\ Projects/Phone\ in\ the\ Other\ Room/PhoneInTheOtherRoomApp/Views/Components/PastureFetchView.swift (in target 'PhoneInTheOtherRoom' from project 'PhoneInTheOtherRoom')
    cd /Users/ngawangchime/Desktop/Developer\ Projects/Phone\ in\ the\ Other\ Room


SwiftDriverJobDiscovery normal arm64 Compiling NightFlockViewModel+CampfireBuddies.swift (in target 'PhoneInTheOtherRoom' from project 'PhoneInTheOtherRoom')

SwiftCompile normal arm64 Compiling\ FarmModels.swift,\ FarmPastureView.swift,\ FarmSaveDocument.swift,\ FarmShop.swift,\ FarmShopCatalog.swift,\ FarmSyncConnectivityService.swift,\ FeedbackService.swift,\ FocusAnalytics.swift,\ FocusRunLiveActivityPushContract.swift,\ FocusRunShortcuts.swift,\ FocusSessionCoordinator+FarmSave.swift,\ Formatting.swift,\ GameComponents.swift,\ HealthSleepService.swift,\ HomeWindowPhase.swift,\ ImpactDataSyncService.swift,\ MVPMockData.swift /Users/ngawangchime/Desktop/Developer\ Projects/Phone\ in\ the\ Other\ Room/Shared/FarmModels.swift /Users/ngawangchime/Desktop/Developer\ Projects/Phone\ in\ the\ Other\ Room/PhoneInTheOtherRoomApp/Views/FarmPastureView.swift /Users/ngawangchime/Desktop/Developer\ Projects/Phone\ in\ the\ Other\ Room/Shared/FarmSaveDocument.swift /Users/ngawangchime/Desktop/Developer\ Projects/Phone\ in\ the\ Other\ Room/Shared/FarmShop.swift /Users/ngawangchime/Desktop/Developer\ Projects/Phone\ in\ the\ Other\ Room/Shared/FarmShopCatalog.swift /Users/ngawangchime/Desktop/Developer\ Projects/Phone\ in\ the\ Other\ Room/PhoneInTheOtherRoomApp/Services/FarmSyncConnectivityService.swift /Users/ngawangchime/Desktop/Developer\ Projects/Phone\ in\ the\ Other\ Room/PhoneInTheOtherRoomApp/Services/FeedbackService.swift /Users/ngawangchime/Desktop/Developer\ Projects/Phone\ in\ the\ Other\ Room/Shared/FocusAnalytics.swift /Users/ngawangchime/Desktop/Developer\ Projects/Phone\ in\ the\ Other\ Room/Shared/FocusRunLiveActivityPushContract.swift /Users/ngawangchime/Desktop/Developer\ Projects/Phone\ in\ the\ Other\ Room/PhoneInTheOtherRoomApp/App/FocusRunShortcuts.swift /Users/ngawangchime/Desktop/Developer\ Projects/Phone\ in\ the\ Other\ Room/PhoneInTheOtherRoomApp/Proximity/FocusSessionCoordinator+FarmSave.swift /Users/ngawangchime/Desktop/Developer\ Projects/Phone\ in\ the\ Other\ Room/Shared/Formatting.swift /Users/ngawangchime/Desktop/Developer\ Projects/Phone\ in\ the\ Other\ Room/PhoneInTheOtherRoomApp/Views/Components/GameComponents.swift /Users/ngawangchime/Desktop/Developer\ Projects/Phone\ in\ the\ Other\ Room/PhoneInTheOtherRoomApp/Services/HealthSleepService.swift /Users/ngawangchime/Desktop/Developer\ Projects/Phone\ in\ the\ Other\ Room/Shared/HomeWindowPhase.swift /Users/ngawangchime/Desktop/Developer\ Projects/Phone\ in\ the\ Other\ Room/PhoneInTheOtherRoomApp/Services/ImpactDataSyncService.swift /Users/ngawangchime/Desktop/Developer\ Projects/Phone\ in\ the\ Other\ Room/PhoneInTheOtherRoomApp/MockData/MVPMockData.swift (in target 'PhoneInTheOtherRoom' from project 'PhoneInTheOtherRoom')
SwiftCompile normal arm64 /Users/ngawangchime/Desktop/Developer\ Projects/Phone\ in\ the\ Other\ Room/Shared/FarmModels.swift (in target 'PhoneInTheOtherRoom' from project 'PhoneInTheOtherRoom')
    cd /Users/ngawangchime/Desktop/Developer\ Projects/Phone\ in\ the\ Other\ Room


SwiftCompile normal arm64 /Users/ngawangchime/Desktop/Developer\ Projects/Phone\ in\ the\ Other\ Room/PhoneInTheOtherRoomApp/Views/FarmPastureView.swift (in target 'PhoneInTheOtherRoom' from project 'PhoneInTheOtherRoom')
    cd /Users/ngawangchime/Desktop/Developer\ Projects/Phone\ in\ the\ Other\ Room


SwiftCompile normal arm64 /Users/ngawangchime/Desktop/Developer\ Projects/Phone\ in\ the\ Other\ Room/Shared/FarmSaveDocument.swift (in target 'PhoneInTheOtherRoom' from project 'PhoneInTheOtherRoom')
    cd /Users/ngawangchime/Desktop/Developer\ Projects/Phone\ in\ the\ Other\ Room


SwiftCompile normal arm64 /Users/ngawangchime/Desktop/Developer\ Projects/Phone\ in\ the\ Other\ Room/Shared/FarmShop.swift (in target 'PhoneInTheOtherRoom' from project 'PhoneInTheOtherRoom')
    cd /Users/ngawangchime/Desktop/Developer\ Projects/Phone\ in\ the\ Other\ Room


SwiftCompile normal arm64 /Users/ngawangchime/Desktop/Developer\ Projects/Phone\ in\ the\ Other\ Room/Shared/FarmShopCatalog.swift (in target 'PhoneInTheOtherRoom' from project 'PhoneInTheOtherRoom')
    cd /Users/ngawangchime/Desktop/Developer\ Projects/Phone\ in\ the\ Other\ Room


SwiftCompile normal arm64 /Users/ngawangchime/Desktop/Developer\ Projects/Phone\ in\ the\ Other\ Room/PhoneInTheOtherRoomApp/Services/FarmSyncConnectivityService.swift (in target 'PhoneInTheOtherRoom' from project 'PhoneInTheOtherRoom')
    cd /Users/ngawangchime/Desktop/Developer\ Projects/Phone\ in\ the\ Other\ Room


SwiftCompile normal arm64 /Users/ngawangchime/Desktop/Developer\ Projects/Phone\ in\ the\ Other\ Room/PhoneInTheOtherRoomApp/Services/FeedbackService.swift (in target 'PhoneInTheOtherRoom' from project 'PhoneInTheOtherRoom')
    cd /Users/ngawangchime/Desktop/Developer\ Projects/Phone\ in\ the\ Other\ Room


SwiftCompile normal arm64 /Users/ngawangchime/Desktop/Developer\ Projects/Phone\ in\ the\ Other\ Room/Shared/FocusAnalytics.swift (in target 'PhoneInTheOtherRoom' from project 'PhoneInTheOtherRoom')
    cd /Users/ngawangchime/Desktop/Developer\ Projects/Phone\ in\ the\ Other\ Room


SwiftCompile normal arm64 /Users/ngawangchime/Desktop/Developer\ Projects/Phone\ in\ the\ Other\ Room/Shared/FocusRunLiveActivityPushContract.swift (in target 'PhoneInTheOtherRoom' from project 'PhoneInTheOtherRoom')
    cd /Users/ngawangchime/Desktop/Developer\ Projects/Phone\ in\ the\ Other\ Room


SwiftCompile normal arm64 /Users/ngawangchime/Desktop/Developer\ Projects/Phone\ in\ the\ Other\ Room/PhoneInTheOtherRoomApp/App/FocusRunShortcuts.swift (in target 'PhoneInTheOtherRoom' from project 'PhoneInTheOtherRoom')
    cd /Users/ngawangchime/Desktop/Developer\ Projects/Phone\ in\ the\ Other\ Room


SwiftCompile normal arm64 /Users/ngawangchime/Desktop/Developer\ Projects/Phone\ in\ the\ Other\ Room/PhoneInTheOtherRoomApp/Proximity/FocusSessionCoordinator+FarmSave.swift (in target 'PhoneInTheOtherRoom' from project 'PhoneInTheOtherRoom')
    cd /Users/ngawangchime/Desktop/Developer\ Projects/Phone\ in\ the\ Other\ Room


SwiftCompile normal arm64 /Users/ngawangchime/Desktop/Developer\ Projects/Phone\ in\ the\ Other\ Room/Shared/Formatting.swift (in target 'PhoneInTheOtherRoom' from project 'PhoneInTheOtherRoom')
    cd /Users/ngawangchime/Desktop/Developer\ Projects/Phone\ in\ the\ Other\ Room


SwiftCompile normal arm64 /Users/ngawangchime/Desktop/Developer\ Projects/Phone\ in\ the\ Other\ Room/PhoneInTheOtherRoomApp/Views/Components/GameComponents.swift (in target 'PhoneInTheOtherRoom' from project 'PhoneInTheOtherRoom')
    cd /Users/ngawangchime/Desktop/Developer\ Projects/Phone\ in\ the\ Other\ Room


SwiftCompile normal arm64 /Users/ngawangchime/Desktop/Developer\ Projects/Phone\ in\ the\ Other\ Room/PhoneInTheOtherRoomApp/Services/HealthSleepService.swift (in target 'PhoneInTheOtherRoom' from project 'PhoneInTheOtherRoom')
    cd /Users/ngawangchime/Desktop/Developer\ Projects/Phone\ in\ the\ Other\ Room


SwiftCompile normal arm64 /Users/ngawangchime/Desktop/Developer\ Projects/Phone\ in\ the\ Other\ Room/Shared/HomeWindowPhase.swift (in target 'PhoneInTheOtherRoom' from project 'PhoneInTheOtherRoom')
    cd /Users/ngawangchime/Desktop/Developer\ Projects/Phone\ in\ the\ Other\ Room


SwiftCompile normal arm64 /Users/ngawangchime/Desktop/Developer\ Projects/Phone\ in\ the\ Other\ Room/PhoneInTheOtherRoomApp/Services/ImpactDataSyncService.swift (in target 'PhoneInTheOtherRoom' from project 'PhoneInTheOtherRoom')
    cd /Users/ngawangchime/Desktop/Developer\ Projects/Phone\ in\ the\ Other\ Room


SwiftCompile normal arm64 /Users/ngawangchime/Desktop/Developer\ Projects/Phone\ in\ the\ Other\ Room/PhoneInTheOtherRoomApp/MockData/MVPMockData.swift (in target 'PhoneInTheOtherRoom' from project 'PhoneInTheOtherRoom')
    cd /Users/ngawangchime/Desktop/Developer\ Projects/Phone\ in\ the\ Other\ Room


SwiftDriverJobDiscovery normal arm64 Compiling NightFlockPresentation.swift, NightFlockSharedHabits.swift, NightFlockSharedPastureView.swift, NightFlockSharingAccountView.swift, NightFlockTipCallout.swift, NightFlockViewModel+Campfire.swift, NightFlockViewModel+CampfireNotifications.swift, NightFlockViewModel+Commitment.swift, NightFlockViewModel+Pasture.swift (in target 'PhoneInTheOtherRoom' from project 'PhoneInTheOtherRoom')

SwiftCompile normal arm64 Compiling\ SlumberPartySharedFarm.swift,\ SlumberPartyV4MemberCard.swift,\ SlumberPartyV4PresentationClock.swift,\ SocialPersonCardStudyView.swift,\ SocialStudyComponents.swift,\ SocialStudyFixtures.swift,\ SocialStudyModels.swift,\ SunriseTrail.swift,\ SupabaseAuthenticationService.swift,\ SupabaseConfiguration.swift,\ SupabaseLiveActivityRemoteSink.swift,\ WindDownGuidanceSources.swift,\ WindDownMethodPicker.swift,\ WindDownProfile.swift,\ WindDownProfilePresentation.swift,\ WindDownStartContext.swift,\ WindDownStartTransaction.swift /Users/ngawangchime/Desktop/Developer\ Projects/Phone\ in\ the\ Other\ Room/Shared/SlumberPartySharedFarm.swift /Users/ngawangchime/Desktop/Developer\ Projects/Phone\ in\ the\ Other\ Room/PhoneInTheOtherRoomApp/Views/NightFlock/SlumberPartyV4MemberCard.swift /Users/ngawangchime/Desktop/Developer\ Projects/Phone\ in\ the\ Other\ Room/PhoneInTheOtherRoomApp/Views/NightFlock/SlumberPartyV4PresentationClock.swift /Users/ngawangchime/Desktop/Developer\ Projects/Phone\ in\ the\ Other\ Room/PhoneInTheOtherRoomApp/Views/Prototypes/SocialExperienceStudy/SocialPersonCardStudyView.swift /Users/ngawangchime/Desktop/Developer\ Projects/Phone\ in\ the\ Other\ Room/PhoneInTheOtherRoomApp/Views/Prototypes/SocialExperienceStudy/SocialStudyComponents.swift /Users/ngawangchime/Desktop/Developer\ Projects/Phone\ in\ the\ Other\ Room/PhoneInTheOtherRoomApp/Views/Prototypes/SocialExperienceStudy/SocialStudyFixtures.swift /Users/ngawangchime/Desktop/Developer\ Projects/Phone\ in\ the\ Other\ Room/PhoneInTheOtherRoomApp/Views/Prototypes/SocialExperienceStudy/SocialStudyModels.swift /Users/ngawangchime/Desktop/Developer\ Projects/Phone\ in\ the\ Other\ Room/Shared/SunriseTrail.swift /Users/ngawangchime/Desktop/Developer\ Projects/Phone\ in\ the\ Other\ Room/PhoneInTheOtherRoomApp/Services/SupabaseAuthenticationService.swift /Users/ngawangchime/Desktop/Developer\ Projects/Phone\ in\ the\ Other\ Room/PhoneInTheOtherRoomApp/Services/SupabaseConfiguration.swift /Users/ngawangchime/Desktop/Developer\ Projects/Phone\ in\ the\ Other\ Room/PhoneInTheOtherRoomApp/Services/SupabaseLiveActivityRemoteSink.swift /Users/ngawangchime/Desktop/Developer\ Projects/Phone\ in\ the\ Other\ Room/Shared/WindDownGuidanceSources.swift /Users/ngawangchime/Desktop/Developer\ Projects/Phone\ in\ the\ Other\ Room/PhoneInTheOtherRoomApp/Views/Components/WindDownMethodPicker.swift /Users/ngawangchime/Desktop/Developer\ Projects/Phone\ in\ the\ Other\ Room/Shared/WindDownProfile.swift /Users/ngawangchime/Desktop/Developer\ Projects/Phone\ in\ the\ Other\ Room/Shared/WindDownProfilePresentation.swift /Users/ngawangchime/Desktop/Developer\ Projects/Phone\ in\ the\ Other\ Room/Shared/WindDownStartContext.swift /Users/ngawangchime/Desktop/Developer\ Projects/Phone\ in\ the\ Other\ Room/Shared/WindDownStartTransaction.swift (in target 'PhoneInTheOtherRoom' from project 'PhoneInTheOtherRoom')

SwiftCompile normal arm64 /Users/ngawangchime/Desktop/Developer\ Projects/Phone\ in\ the\ Other\ Room/Shared/SlumberPartySharedFarm.swift (in target 'PhoneInTheOtherRoom' from project 'PhoneInTheOtherRoom')
    cd /Users/ngawangchime/Desktop/Developer\ Projects/Phone\ in\ the\ Other\ Room


SwiftCompile normal arm64 /Users/ngawangchime/Desktop/Developer\ Projects/Phone\ in\ the\ Other\ Room/PhoneInTheOtherRoomApp/Views/NightFlock/SlumberPartyV4MemberCard.swift (in target 'PhoneInTheOtherRoom' from project 'PhoneInTheOtherRoom')
    cd /Users/ngawangchime/Desktop/Developer\ Projects/Phone\ in\ the\ Other\ Room


SwiftCompile normal arm64 /Users/ngawangchime/Desktop/Developer\ Projects/Phone\ in\ the\ Other\ Room/PhoneInTheOtherRoomApp/Views/NightFlock/SlumberPartyV4PresentationClock.swift (in target 'PhoneInTheOtherRoom' from project 'PhoneInTheOtherRoom')
    cd /Users/ngawangchime/Desktop/Developer\ Projects/Phone\ in\ the\ Other\ Room


SwiftCompile normal arm64 /Users/ngawangchime/Desktop/Developer\ Projects/Phone\ in\ the\ Other\ Room/PhoneInTheOtherRoomApp/Views/Prototypes/SocialExperienceStudy/SocialPersonCardStudyView.swift (in target 'PhoneInTheOtherRoom' from project 'PhoneInTheOtherRoom')
    cd /Users/ngawangchime/Desktop/Developer\ Projects/Phone\ in\ the\ Other\ Room


SwiftCompile normal arm64 /Users/ngawangchime/Desktop/Developer\ Projects/Phone\ in\ the\ Other\ Room/PhoneInTheOtherRoomApp/Views/Prototypes/SocialExperienceStudy/SocialStudyComponents.swift (in target 'PhoneInTheOtherRoom' from project 'PhoneInTheOtherRoom')
    cd /Users/ngawangchime/Desktop/Developer\ Projects/Phone\ in\ the\ Other\ Room


SwiftCompile normal arm64 /Users/ngawangchime/Desktop/Developer\ Projects/Phone\ in\ the\ Other\ Room/PhoneInTheOtherRoomApp/Views/Prototypes/SocialExperienceStudy/SocialStudyFixtures.swift (in target 'PhoneInTheOtherRoom' from project 'PhoneInTheOtherRoom')
    cd /Users/ngawangchime/Desktop/Developer\ Projects/Phone\ in\ the\ Other\ Room


SwiftCompile normal arm64 /Users/ngawangchime/Desktop/Developer\ Projects/Phone\ in\ the\ Other\ Room/PhoneInTheOtherRoomApp/Views/Prototypes/SocialExperienceStudy/SocialStudyModels.swift (in target 'PhoneInTheOtherRoom' from project 'PhoneInTheOtherRoom')
    cd /Users/ngawangchime/Desktop/Developer\ Projects/Phone\ in\ the\ Other\ Room


SwiftCompile normal arm64 /Users/ngawangchime/Desktop/Developer\ Projects/Phone\ in\ the\ Other\ Room/Shared/SunriseTrail.swift (in target 'PhoneInTheOtherRoom' from project 'PhoneInTheOtherRoom')
    cd /Users/ngawangchime/Desktop/Developer\ Projects/Phone\ in\ the\ Other\ Room


SwiftCompile normal arm64 /Users/ngawangchime/Desktop/Developer\ Projects/Phone\ in\ the\ Other\ Room/PhoneInTheOtherRoomApp/Services/SupabaseAuthenticationService.swift (in target 'PhoneInTheOtherRoom' from project 'PhoneInTheOtherRoom')
    cd /Users/ngawangchime/Desktop/Developer\ Projects/Phone\ in\ the\ Other\ Room


SwiftCompile normal arm64 /Users/ngawangchime/Desktop/Developer\ Projects/Phone\ in\ the\ Other\ Room/PhoneInTheOtherRoomApp/Services/SupabaseConfiguration.swift (in target 'PhoneInTheOtherRoom' from project 'PhoneInTheOtherRoom')
    cd /Users/ngawangchime/Desktop/Developer\ Projects/Phone\ in\ the\ Other\ Room


SwiftCompile normal arm64 /Users/ngawangchime/Desktop/Developer\ Projects/Phone\ in\ the\ Other\ Room/PhoneInTheOtherRoomApp/Services/SupabaseLiveActivityRemoteSink.swift (in target 'PhoneInTheOtherRoom' from project 'PhoneInTheOtherRoom')
    cd /Users/ngawangchime/Desktop/Developer\ Projects/Phone\ in\ the\ Other\ Room


SwiftCompile normal arm64 /Users/ngawangchime/Desktop/Developer\ Projects/Phone\ in\ the\ Other\ Room/Shared/WindDownGuidanceSources.swift (in target 'PhoneInTheOtherRoom' from project 'PhoneInTheOtherRoom')
    cd /Users/ngawangchime/Desktop/Developer\ Projects/Phone\ in\ the\ Other\ Room


SwiftCompile normal arm64 /Users/ngawangchime/Desktop/Developer\ Projects/Phone\ in\ the\ Other\ Room/PhoneInTheOtherRoomApp/Views/Components/WindDownMethodPicker.swift (in target 'PhoneInTheOtherRoom' from project 'PhoneInTheOtherRoom')
    cd /Users/ngawangchime/Desktop/Developer\ Projects/Phone\ in\ the\ Other\ Room


SwiftCompile normal arm64 /Users/ngawangchime/Desktop/Developer\ Projects/Phone\ in\ the\ Other\ Room/Shared/WindDownProfile.swift (in target 'PhoneInTheOtherRoom' from project 'PhoneInTheOtherRoom')
    cd /Users/ngawangchime/Desktop/Developer\ Projects/Phone\ in\ the\ Other\ Room


SwiftCompile normal arm64 /Users/ngawangchime/Desktop/Developer\ Projects/Phone\ in\ the\ Other\ Room/Shared/WindDownProfilePresentation.swift (in target 'PhoneInTheOtherRoom' from project 'PhoneInTheOtherRoom')
    cd /Users/ngawangchime/Desktop/Developer\ Projects/Phone\ in\ the\ Other\ Room


SwiftCompile normal arm64 /Users/ngawangchime/Desktop/Developer\ Projects/Phone\ in\ the\ Other\ Room/Shared/WindDownStartContext.swift (in target 'PhoneInTheOtherRoom' from project 'PhoneInTheOtherRoom')
    cd /Users/ngawangchime/Desktop/Developer\ Projects/Phone\ in\ the\ Other\ Room


SwiftCompile normal arm64 /Users/ngawangchime/Desktop/Developer\ Projects/Phone\ in\ the\ Other\ Room/Shared/WindDownStartTransaction.swift (in target 'PhoneInTheOtherRoom' from project 'PhoneInTheOtherRoom')
    cd /Users/ngawangchime/Desktop/Developer\ Projects/Phone\ in\ the\ Other\ Room


SwiftDriverJobDiscovery normal arm64 Compiling OnboardingPersonalizationView.swift, OnboardingProfileStepView.swift, OnboardingProtectionStepView.swift, OnboardingQuietStepView.swift, OnboardingReadyStepView.swift, OnboardingRecommendationStepView.swift, OnboardingScheduleStepView.swift, OnboardingWelcomeStepView.swift, OrientationTourOverlay.swift, PaperFarmObjectView.swift, PastureFetchFixture.swift, PastureFetchView.swift (in target 'PhoneInTheOtherRoom' from project 'PhoneInTheOtherRoom')

SwiftCompile normal arm64 Compiling\ ActiveRunPresentation.swift,\ CampfireInvitationSettings.swift,\ CampfireProfile.swift,\ CampfireStartChoices.swift,\ CampfireVisibilityStore.swift,\ EarlyEndView.swift,\ FarmBackupViewModel+Recovery.swift,\ FarmBackupViewModel+Retry.swift,\ FarmSaveStore.swift /Users/ngawangchime/Desktop/Developer\ Projects/Phone\ in\ the\ Other\ Room/Shared/ActiveRunPresentation.swift /Users/ngawangchime/Desktop/Developer\ Projects/Phone\ in\ the\ Other\ Room/PhoneInTheOtherRoomApp/Views/NightFlock/CampfireInvitationSettings.swift /Users/ngawangchime/Desktop/Developer\ Projects/Phone\ in\ the\ Other\ Room/Shared/CampfireProfile.swift /Users/ngawangchime/Desktop/Developer\ Projects/Phone\ in\ the\ Other\ Room/PhoneInTheOtherRoomApp/Views/Components/CampfireStartChoices.swift /Users/ngawangchime/Desktop/Developer\ Projects/Phone\ in\ the\ Other\ Room/PhoneInTheOtherRoomApp/Services/CampfireVisibilityStore.swift /Users/ngawangchime/Desktop/Developer\ Projects/Phone\ in\ the\ Other\ Room/PhoneInTheOtherRoomApp/Views/EarlyEndView.swift /Users/ngawangchime/Desktop/Developer\ Projects/Phone\ in\ the\ Other\ Room/PhoneInTheOtherRoomApp/ViewModels/FarmBackupViewModel+Recovery.swift /Users/ngawangchime/Desktop/Developer\ Projects/Phone\ in\ the\ Other\ Room/PhoneInTheOtherRoomApp/ViewModels/FarmBackupViewModel+Retry.swift /Users/ngawangchime/Desktop/Developer\ Projects/Phone\ in\ the\ Other\ Room/PhoneInTheOtherRoomApp/Services/FarmSaveStore.swift (in target 'PhoneInTheOtherRoom' from project 'PhoneInTheOtherRoom')

SwiftCompile normal arm64 /Users/ngawangchime/Desktop/Developer\ Projects/Phone\ in\ the\ Other\ Room/Shared/ActiveRunPresentation.swift (in target 'PhoneInTheOtherRoom' from project 'PhoneInTheOtherRoom')
    cd /Users/ngawangchime/Desktop/Developer\ Projects/Phone\ in\ the\ Other\ Room


SwiftCompile normal arm64 /Users/ngawangchime/Desktop/Developer\ Projects/Phone\ in\ the\ Other\ Room/PhoneInTheOtherRoomApp/Views/NightFlock/CampfireInvitationSettings.swift (in target 'PhoneInTheOtherRoom' from project 'PhoneInTheOtherRoom')
    cd /Users/ngawangchime/Desktop/Developer\ Projects/Phone\ in\ the\ Other\ Room


SwiftCompile normal arm64 /Users/ngawangchime/Desktop/Developer\ Projects/Phone\ in\ the\ Other\ Room/Shared/CampfireProfile.swift (in target 'PhoneInTheOtherRoom' from project 'PhoneInTheOtherRoom')
    cd /Users/ngawangchime/Desktop/Developer\ Projects/Phone\ in\ the\ Other\ Room


SwiftCompile normal arm64 /Users/ngawangchime/Desktop/Developer\ Projects/Phone\ in\ the\ Other\ Room/PhoneInTheOtherRoomApp/Views/Components/CampfireStartChoices.swift (in target 'PhoneInTheOtherRoom' from project 'PhoneInTheOtherRoom')
    cd /Users/ngawangchime/Desktop/Developer\ Projects/Phone\ in\ the\ Other\ Room


SwiftCompile normal arm64 /Users/ngawangchime/Desktop/Developer\ Projects/Phone\ in\ the\ Other\ Room/PhoneInTheOtherRoomApp/Services/CampfireVisibilityStore.swift (in target 'PhoneInTheOtherRoom' from project 'PhoneInTheOtherRoom')
    cd /Users/ngawangchime/Desktop/Developer\ Projects/Phone\ in\ the\ Other\ Room


SwiftCompile normal arm64 /Users/ngawangchime/Desktop/Developer\ Projects/Phone\ in\ the\ Other\ Room/PhoneInTheOtherRoomApp/Views/EarlyEndView.swift (in target 'PhoneInTheOtherRoom' from project 'PhoneInTheOtherRoom')
    cd /Users/ngawangchime/Desktop/Developer\ Projects/Phone\ in\ the\ Other\ Room


SwiftCompile normal arm64 /Users/ngawangchime/Desktop/Developer\ Projects/Phone\ in\ the\ Other\ Room/PhoneInTheOtherRoomApp/ViewModels/FarmBackupViewModel+Recovery.swift (in target 'PhoneInTheOtherRoom' from project 'PhoneInTheOtherRoom')
    cd /Users/ngawangchime/Desktop/Developer\ Projects/Phone\ in\ the\ Other\ Room


SwiftCompile normal arm64 /Users/ngawangchime/Desktop/Developer\ Projects/Phone\ in\ the\ Other\ Room/PhoneInTheOtherRoomApp/ViewModels/FarmBackupViewModel+Retry.swift (in target 'PhoneInTheOtherRoom' from project 'PhoneInTheOtherRoom')
    cd /Users/ngawangchime/Desktop/Developer\ Projects/Phone\ in\ the\ Other\ Room


SwiftCompile normal arm64 /Users/ngawangchime/Desktop/Developer\ Projects/Phone\ in\ the\ Other\ Room/PhoneInTheOtherRoomApp/Services/FarmSaveStore.swift (in target 'PhoneInTheOtherRoom' from project 'PhoneInTheOtherRoom')
    cd /Users/ngawangchime/Desktop/Developer\ Projects/Phone\ in\ the\ Other\ Room


SwiftDriverJobDiscovery normal arm64 Compiling SlumberPartySharedFarm.swift, SlumberPartyV4MemberCard.swift, SlumberPartyV4PresentationClock.swift, SocialPersonCardStudyView.swift, SocialStudyComponents.swift, SocialStudyFixtures.swift, SocialStudyModels.swift, SunriseTrail.swift, SupabaseAuthenticationService.swift, SupabaseConfiguration.swift, SupabaseLiveActivityRemoteSink.swift, WindDownGuidanceSources.swift, WindDownMethodPicker.swift, WindDownProfile.swift, WindDownProfilePresentation.swift, WindDownStartContext.swift, WindDownStartTransaction.swift (in target 'PhoneInTheOtherRoom' from project 'PhoneInTheOtherRoom')

SwiftCompile normal arm64 Compiling\ RitualReflectionInvitation.swift,\ ScreenFreeMorningPresentation.swift,\ ScreenbookHabitLoopProbe.swift,\ ScreenbookPersonalShieldProbe.swift,\ SessionGuard.swift,\ SharedFarmPrototypeFixtures.swift,\ SlumberPartyHomeSection.swift,\ SlumberPartySharedFarmFixtures.swift /Users/ngawangchime/Desktop/Developer\ Projects/Phone\ in\ the\ Other\ Room/PhoneInTheOtherRoomApp/Views/Components/RitualReflectionInvitation.swift /Users/ngawangchime/Desktop/Developer\ Projects/Phone\ in\ the\ Other\ Room/Shared/ScreenFreeMorningPresentation.swift /Users/ngawangchime/Desktop/Developer\ Projects/Phone\ in\ the\ Other\ Room/PhoneInTheOtherRoomApp/Screenbook/ScreenbookHabitLoopProbe.swift /Users/ngawangchime/Desktop/Developer\ Projects/Phone\ in\ the\ Other\ Room/PhoneInTheOtherRoomApp/Screenbook/ScreenbookPersonalShieldProbe.swift /Users/ngawangchime/Desktop/Developer\ Projects/Phone\ in\ the\ Other\ Room/Shared/SessionGuard.swift /Users/ngawangchime/Desktop/Developer\ Projects/Phone\ in\ the\ Other\ Room/PhoneInTheOtherRoomApp/Views/NightFlock/SharedFarmPrototypeFixtures.swift /Users/ngawangchime/Desktop/Developer\ Projects/Phone\ in\ the\ Other\ Room/PhoneInTheOtherRoomApp/Views/Components/SlumberPartyHomeSection.swift /Users/ngawangchime/Desktop/Developer\ Projects/Phone\ in\ the\ Other\ Room/PhoneInTheOtherRoomApp/Views/NightFlock/SlumberPartySharedFarmFixtures.swift (in target 'PhoneInTheOtherRoom' from project 'PhoneInTheOtherRoom')

SwiftCompile normal arm64 /Users/ngawangchime/Desktop/Developer\ Projects/Phone\ in\ the\ Other\ Room/PhoneInTheOtherRoomApp/Views/Components/RitualReflectionInvitation.swift (in target 'PhoneInTheOtherRoom' from project 'PhoneInTheOtherRoom')
    cd /Users/ngawangchime/Desktop/Developer\ Projects/Phone\ in\ the\ Other\ Room


SwiftCompile normal arm64 /Users/ngawangchime/Desktop/Developer\ Projects/Phone\ in\ the\ Other\ Room/Shared/ScreenFreeMorningPresentation.swift (in target 'PhoneInTheOtherRoom' from project 'PhoneInTheOtherRoom')
    cd /Users/ngawangchime/Desktop/Developer\ Projects/Phone\ in\ the\ Other\ Room


SwiftCompile normal arm64 /Users/ngawangchime/Desktop/Developer\ Projects/Phone\ in\ the\ Other\ Room/PhoneInTheOtherRoomApp/Screenbook/ScreenbookHabitLoopProbe.swift (in target 'PhoneInTheOtherRoom' from project 'PhoneInTheOtherRoom')
    cd /Users/ngawangchime/Desktop/Developer\ Projects/Phone\ in\ the\ Other\ Room


SwiftCompile normal arm64 /Users/ngawangchime/Desktop/Developer\ Projects/Phone\ in\ the\ Other\ Room/PhoneInTheOtherRoomApp/Screenbook/ScreenbookPersonalShieldProbe.swift (in target 'PhoneInTheOtherRoom' from project 'PhoneInTheOtherRoom')
    cd /Users/ngawangchime/Desktop/Developer\ Projects/Phone\ in\ the\ Other\ Room


SwiftCompile normal arm64 /Users/ngawangchime/Desktop/Developer\ Projects/Phone\ in\ the\ Other\ Room/Shared/SessionGuard.swift (in target 'PhoneInTheOtherRoom' from project 'PhoneInTheOtherRoom')
    cd /Users/ngawangchime/Desktop/Developer\ Projects/Phone\ in\ the\ Other\ Room


SwiftCompile normal arm64 /Users/ngawangchime/Desktop/Developer\ Projects/Phone\ in\ the\ Other\ Room/PhoneInTheOtherRoomApp/Views/NightFlock/SharedFarmPrototypeFixtures.swift (in target 'PhoneInTheOtherRoom' from project 'PhoneInTheOtherRoom')
    cd /Users/ngawangchime/Desktop/Developer\ Projects/Phone\ in\ the\ Other\ Room


SwiftCompile normal arm64 /Users/ngawangchime/Desktop/Developer\ Projects/Phone\ in\ the\ Other\ Room/PhoneInTheOtherRoomApp/Views/Components/SlumberPartyHomeSection.swift (in target 'PhoneInTheOtherRoom' from project 'PhoneInTheOtherRoom')
    cd /Users/ngawangchime/Desktop/Developer\ Projects/Phone\ in\ the\ Other\ Room


SwiftCompile normal arm64 /Users/ngawangchime/Desktop/Developer\ Projects/Phone\ in\ the\ Other\ Room/PhoneInTheOtherRoomApp/Views/NightFlock/SlumberPartySharedFarmFixtures.swift (in target 'PhoneInTheOtherRoom' from project 'PhoneInTheOtherRoom')
    cd /Users/ngawangchime/Desktop/Developer\ Projects/Phone\ in\ the\ Other\ Room


SwiftDriverJobDiscovery normal arm64 Compiling ActiveRunPresentation.swift, CampfireInvitationSettings.swift, CampfireProfile.swift, CampfireStartChoices.swift, CampfireVisibilityStore.swift, EarlyEndView.swift, FarmBackupViewModel+Recovery.swift, FarmBackupViewModel+Retry.swift, FarmSaveStore.swift (in target 'PhoneInTheOtherRoom' from project 'PhoneInTheOtherRoom')

SwiftCompile normal arm64 Compiling\ NightFlockV4Models.swift,\ NightFlockV4Rewards.swift,\ NightJourneyAssets.swift,\ NightWatchGuidance.swift,\ NightWatchUsageMonitoring.swift,\ NotificationCopy.swift,\ NotificationPreferences.swift,\ OfflinePurpose.swift,\ OllieCompanionAnimation.swift,\ OllieCompanionAnimationView.swift,\ OllieWardrobe.swift,\ Onboarding.swift,\ OnboardingStepSupport.swift,\ PastureCharacterHitTarget.swift,\ PastureFetch.swift,\ PastureFetchViewModel.swift,\ PastureFetchWakeUp.swift /Users/ngawangchime/Desktop/Developer\ Projects/Phone\ in\ the\ Other\ Room/Shared/NightFlockV4Models.swift /Users/ngawangchime/Desktop/Developer\ Projects/Phone\ in\ the\ Other\ Room/Shared/NightFlockV4Rewards.swift /Users/ngawangchime/Desktop/Developer\ Projects/Phone\ in\ the\ Other\ Room/Shared/NightJourneyAssets.swift /Users/ngawangchime/Desktop/Developer\ Projects/Phone\ in\ the\ Other\ Room/Shared/NightWatchGuidance.swift /Users/ngawangchime/Desktop/Developer\ Projects/Phone\ in\ the\ Other\ Room/Shared/NightWatchUsageMonitoring.swift /Users/ngawangchime/Desktop/Developer\ Projects/Phone\ in\ the\ Other\ Room/Shared/NotificationCopy.swift /Users/ngawangchime/Desktop/Developer\ Projects/Phone\ in\ the\ Other\ Room/Shared/NotificationPreferences.swift /Users/ngawangchime/Desktop/Developer\ Projects/Phone\ in\ the\ Other\ Room/Shared/OfflinePurpose.swift /Users/ngawangchime/Desktop/Developer\ Projects/Phone\ in\ the\ Other\ Room/Shared/OllieCompanionAnimation.swift /Users/ngawangchime/Desktop/Developer\ Projects/Phone\ in\ the\ Other\ Room/PhoneInTheOtherRoomApp/Views/Components/OllieCompanionAnimationView.swift /Users/ngawangchime/Desktop/Developer\ Projects/Phone\ in\ the\ Other\ Room/Shared/OllieWardrobe.swift /Users/ngawangchime/Desktop/Developer\ Projects/Phone\ in\ the\ Other\ Room/Shared/Onboarding.swift /Users/ngawangchime/Desktop/Developer\ Projects/Phone\ in\ the\ Other\ Room/PhoneInTheOtherRoomApp/Views/Onboarding/OnboardingStepSupport.swift /Users/ngawangchime/Desktop/Developer\ Projects/Phone\ in\ the\ Other\ Room/PhoneInTheOtherRoomApp/Views/Components/PastureCharacterHitTarget.swift /Users/ngawangchime/Desktop/Developer\ Projects/Phone\ in\ the\ Other\ Room/Shared/PastureFetch.swift /Users/ngawangchime/Desktop/Developer\ Projects/Phone\ in\ the\ Other\ Room/PhoneInTheOtherRoomApp/ViewModels/PastureFetchViewModel.swift /Users/ngawangchime/Desktop/Developer\ Projects/Phone\ in\ the\ Other\ Room/Shared/PastureFetchWakeUp.swift (in target 'PhoneInTheOtherRoom' from project 'PhoneInTheOtherRoom')
SwiftCompile normal arm64 /Users/ngawangchime/Desktop/Developer\ Projects/Phone\ in\ the\ Other\ Room/Shared/NightFlockV4Models.swift (in target 'PhoneInTheOtherRoom' from project 'PhoneInTheOtherRoom')
    cd /Users/ngawangchime/Desktop/Developer\ Projects/Phone\ in\ the\ Other\ Room


SwiftCompile normal arm64 /Users/ngawangchime/Desktop/Developer\ Projects/Phone\ in\ the\ Other\ Room/Shared/NightFlockV4Rewards.swift (in target 'PhoneInTheOtherRoom' from project 'PhoneInTheOtherRoom')
    cd /Users/ngawangchime/Desktop/Developer\ Projects/Phone\ in\ the\ Other\ Room


SwiftCompile normal arm64 /Users/ngawangchime/Desktop/Developer\ Projects/Phone\ in\ the\ Other\ Room/Shared/NightJourneyAssets.swift (in target 'PhoneInTheOtherRoom' from project 'PhoneInTheOtherRoom')
    cd /Users/ngawangchime/Desktop/Developer\ Projects/Phone\ in\ the\ Other\ Room


SwiftCompile normal arm64 /Users/ngawangchime/Desktop/Developer\ Projects/Phone\ in\ the\ Other\ Room/Shared/NightWatchGuidance.swift (in target 'PhoneInTheOtherRoom' from project 'PhoneInTheOtherRoom')
    cd /Users/ngawangchime/Desktop/Developer\ Projects/Phone\ in\ the\ Other\ Room


SwiftCompile normal arm64 /Users/ngawangchime/Desktop/Developer\ Projects/Phone\ in\ the\ Other\ Room/Shared/NightWatchUsageMonitoring.swift (in target 'PhoneInTheOtherRoom' from project 'PhoneInTheOtherRoom')
    cd /Users/ngawangchime/Desktop/Developer\ Projects/Phone\ in\ the\ Other\ Room


SwiftCompile normal arm64 /Users/ngawangchime/Desktop/Developer\ Projects/Phone\ in\ the\ Other\ Room/Shared/NotificationCopy.swift (in target 'PhoneInTheOtherRoom' from project 'PhoneInTheOtherRoom')
    cd /Users/ngawangchime/Desktop/Developer\ Projects/Phone\ in\ the\ Other\ Room


SwiftCompile normal arm64 /Users/ngawangchime/Desktop/Developer\ Projects/Phone\ in\ the\ Other\ Room/Shared/NotificationPreferences.swift (in target 'PhoneInTheOtherRoom' from project 'PhoneInTheOtherRoom')
    cd /Users/ngawangchime/Desktop/Developer\ Projects/Phone\ in\ the\ Other\ Room


SwiftCompile normal arm64 /Users/ngawangchime/Desktop/Developer\ Projects/Phone\ in\ the\ Other\ Room/Shared/OfflinePurpose.swift (in target 'PhoneInTheOtherRoom' from project 'PhoneInTheOtherRoom')
    cd /Users/ngawangchime/Desktop/Developer\ Projects/Phone\ in\ the\ Other\ Room


SwiftCompile normal arm64 /Users/ngawangchime/Desktop/Developer\ Projects/Phone\ in\ the\ Other\ Room/Shared/OllieCompanionAnimation.swift (in target 'PhoneInTheOtherRoom' from project 'PhoneInTheOtherRoom')
    cd /Users/ngawangchime/Desktop/Developer\ Projects/Phone\ in\ the\ Other\ Room


SwiftCompile normal arm64 /Users/ngawangchime/Desktop/Developer\ Projects/Phone\ in\ the\ Other\ Room/PhoneInTheOtherRoomApp/Views/Components/OllieCompanionAnimationView.swift (in target 'PhoneInTheOtherRoom' from project 'PhoneInTheOtherRoom')
    cd /Users/ngawangchime/Desktop/Developer\ Projects/Phone\ in\ the\ Other\ Room


SwiftCompile normal arm64 /Users/ngawangchime/Desktop/Developer\ Projects/Phone\ in\ the\ Other\ Room/Shared/OllieWardrobe.swift (in target 'PhoneInTheOtherRoom' from project 'PhoneInTheOtherRoom')
    cd /Users/ngawangchime/Desktop/Developer\ Projects/Phone\ in\ the\ Other\ Room


SwiftCompile normal arm64 /Users/ngawangchime/Desktop/Developer\ Projects/Phone\ in\ the\ Other\ Room/Shared/Onboarding.swift (in target 'PhoneInTheOtherRoom' from project 'PhoneInTheOtherRoom')
    cd /Users/ngawangchime/Desktop/Developer\ Projects/Phone\ in\ the\ Other\ Room


SwiftCompile normal arm64 /Users/ngawangchime/Desktop/Developer\ Projects/Phone\ in\ the\ Other\ Room/PhoneInTheOtherRoomApp/Views/Onboarding/OnboardingStepSupport.swift (in target 'PhoneInTheOtherRoom' from project 'PhoneInTheOtherRoom')
    cd /Users/ngawangchime/Desktop/Developer\ Projects/Phone\ in\ the\ Other\ Room


SwiftCompile normal arm64 /Users/ngawangchime/Desktop/Developer\ Projects/Phone\ in\ the\ Other\ Room/PhoneInTheOtherRoomApp/Views/Components/PastureCharacterHitTarget.swift (in target 'PhoneInTheOtherRoom' from project 'PhoneInTheOtherRoom')
    cd /Users/ngawangchime/Desktop/Developer\ Projects/Phone\ in\ the\ Other\ Room


SwiftCompile normal arm64 /Users/ngawangchime/Desktop/Developer\ Projects/Phone\ in\ the\ Other\ Room/Shared/PastureFetch.swift (in target 'PhoneInTheOtherRoom' from project 'PhoneInTheOtherRoom')
    cd /Users/ngawangchime/Desktop/Developer\ Projects/Phone\ in\ the\ Other\ Room


SwiftCompile normal arm64 /Users/ngawangchime/Desktop/Developer\ Projects/Phone\ in\ the\ Other\ Room/PhoneInTheOtherRoomApp/ViewModels/PastureFetchViewModel.swift (in target 'PhoneInTheOtherRoom' from project 'PhoneInTheOtherRoom')
    cd /Users/ngawangchime/Desktop/Developer\ Projects/Phone\ in\ the\ Other\ Room


SwiftCompile normal arm64 /Users/ngawangchime/Desktop/Developer\ Projects/Phone\ in\ the\ Other\ Room/Shared/PastureFetchWakeUp.swift (in target 'PhoneInTheOtherRoom' from project 'PhoneInTheOtherRoom')
    cd /Users/ngawangchime/Desktop/Developer\ Projects/Phone\ in\ the\ Other\ Room


SwiftDriverJobDiscovery normal arm64 Compiling RitualReflectionInvitation.swift, ScreenFreeMorningPresentation.swift, ScreenbookHabitLoopProbe.swift, ScreenbookPersonalShieldProbe.swift, SessionGuard.swift, SharedFarmPrototypeFixtures.swift, SlumberPartyHomeSection.swift, SlumberPartySharedFarmFixtures.swift (in target 'PhoneInTheOtherRoom' from project 'PhoneInTheOtherRoom')

SwiftCompile normal arm64 Compiling\ FarmSharedComponents.swift /Users/ngawangchime/Desktop/Developer\ Projects/Phone\ in\ the\ Other\ Room/PhoneInTheOtherRoomApp/Views/Components/FarmSharedComponents.swift (in target 'PhoneInTheOtherRoom' from project 'PhoneInTheOtherRoom')

SwiftCompile normal arm64 /Users/ngawangchime/Desktop/Developer\ Projects/Phone\ in\ the\ Other\ Room/PhoneInTheOtherRoomApp/Views/Components/FarmSharedComponents.swift (in target 'PhoneInTheOtherRoom' from project 'PhoneInTheOtherRoom')
    cd /Users/ngawangchime/Desktop/Developer\ Projects/Phone\ in\ the\ Other\ Room


SwiftDriverJobDiscovery normal arm64 Compiling FarmModels.swift, FarmPastureView.swift, FarmSaveDocument.swift, FarmShop.swift, FarmShopCatalog.swift, FarmSyncConnectivityService.swift, FeedbackService.swift, FocusAnalytics.swift, FocusRunLiveActivityPushContract.swift, FocusRunShortcuts.swift, FocusSessionCoordinator+FarmSave.swift, Formatting.swift, GameComponents.swift, HealthSleepService.swift, HomeWindowPhase.swift, ImpactDataSyncService.swift, MVPMockData.swift (in target 'PhoneInTheOtherRoom' from project 'PhoneInTheOtherRoom')

SwiftDriverJobDiscovery normal arm64 Compiling FarmSharedComponents.swift (in target 'PhoneInTheOtherRoom' from project 'PhoneInTheOtherRoom')

ExtractAppIntentsMetadata (in target 'PhoneInTheOtherRoomDeviceActivityMonitor' from project 'PhoneInTheOtherRoom')
    cd /Users/ngawangchime/Desktop/Developer\ Projects/Phone\ in\ the\ Other\ Room
    /Applications/Xcode.app/Contents/Developer/Toolchains/XcodeDefault.xctoolchain/usr/bin/appintentsmetadataprocessor --toolchain-dir /Applications/Xcode.app/Contents/Developer/Toolchains/XcodeDefault.xctoolchain --module-name Counting_Sheep_Wind_Down_Monitor --sdk-root /Applications/Xcode.app/Contents/Developer/Platforms/iPhoneSimulator.platform/Developer/SDKs/iPhoneSimulator26.5.sdk --xcode-version 17F113 --platform-family iOS --deployment-target 17.0 --bundle-identifier com.ngawangchime.countingsheep.DeviceActivityMonitor --output /tmp/counting-sheep-coat-build/Build/Products/Debug-iphonesimulator/Counting\ Sheep\ Wind\ Down\ Monitor.appex --target-triple arm64-apple-ios17.0-simulator --binary-file /tmp/counting-sheep-coat-build/Build/Products/Debug-iphonesimulator/Counting\ Sheep\ Wind\ Down\ Monitor.appex/Counting\ Sheep\ Wind\ Down\ Monitor --dependency-file /tmp/counting-sheep-coat-build/Build/Intermediates.noindex/PhoneInTheOtherRoom.build/Debug-iphonesimulator/PhoneInTheOtherRoomDeviceActivityMonitor.build/Objects-normal/arm64/Counting\ Sheep\ Wind\ Down\ Monitor_dependency_info.dat --stringsdata-file /tmp/counting-sheep-coat-build/Build/Intermediates.noindex/PhoneInTheOtherRoom.build/Debug-iphonesimulator/PhoneInTheOtherRoomDeviceActivityMonitor.build/Objects-normal/arm64/ExtractedAppShortcutsMetadata.stringsdata --source-file-list /tmp/counting-sheep-coat-build/Build/Intermediates.noindex/PhoneInTheOtherRoom.build/Debug-iphonesimulator/PhoneInTheOtherRoomDeviceActivityMonitor.build/Objects-normal/arm64/Counting\ Sheep\ Wind\ Down\ Monitor.SwiftFileList --metadata-file-list /tmp/counting-sheep-coat-build/Build/Intermediates.noindex/PhoneInTheOtherRoom.build/Debug-iphonesimulator/PhoneInTheOtherRoomDeviceActivityMonitor.build/Counting\ Sheep\ Wind\ Down\ Monitor.DependencyMetadataFileList --static-metadata-file-list /tmp/counting-sheep-coat-build/Build/Intermediates.noindex/PhoneInTheOtherRoom.build/Debug-iphonesimulator/PhoneInTheOtherRoomDeviceActivityMonitor.build/Counting\ Sheep\ Wind\ Down\ Monitor.DependencyStaticMetadataFileList --swift-const-vals-list /tmp/counting-sheep-coat-build/Build/Intermediates.noindex/PhoneInTheOtherRoom.build/Debug-iphonesimulator/PhoneInTheOtherRoomDeviceActivityMonitor.build/Objects-normal/arm64/Counting\ Sheep\ Wind\ Down\ Monitor.SwiftConstValuesFileList --compile-time-extraction --deployment-aware-processing --validate-assistant-intents --no-app-shortcuts-localization
2026-09-22 23:10:39.052 appintentsmetadataprocessor[79906:11020912] Starting appintentsmetadataprocessor export
2026-09-22 23:10:39.062 appintentsmetadataprocessor[79906:11020912] warning: Metadata extraction skipped. No AppIntents.framework dependency found.

AppIntentsSSUTraining (in target 'PhoneInTheOtherRoomDeviceActivityMonitor' from project 'PhoneInTheOtherRoom')
    cd /Users/ngawangchime/Desktop/Developer\ Projects/Phone\ in\ the\ Other\ Room
    /Applications/Xcode.app/Contents/Developer/Toolchains/XcodeDefault.xctoolchain/usr/bin/appintentsnltrainingprocessor --infoplist-path /tmp/counting-sheep-coat-build/Build/Products/Debug-iphonesimulator/Counting\ Sheep\ Wind\ Down\ Monitor.appex/Info.plist --temp-dir-path /tmp/counting-sheep-coat-build/Build/Intermediates.noindex/PhoneInTheOtherRoom.build/Debug-iphonesimulator/PhoneInTheOtherRoomDeviceActivityMonitor.build/ssu --bundle-id com.ngawangchime.countingsheep.DeviceActivityMonitor --product-path /tmp/counting-sheep-coat-build/Build/Products/Debug-iphonesimulator/Counting\ Sheep\ Wind\ Down\ Monitor.appex --extracted-metadata-path /tmp/counting-sheep-coat-build/Build/Products/Debug-iphonesimulator/Counting\ Sheep\ Wind\ Down\ Monitor.appex/Metadata.appintents --metadata-file-list /tmp/counting-sheep-coat-build/Build/Intermediates.noindex/PhoneInTheOtherRoom.build/Debug-iphonesimulator/PhoneInTheOtherRoomDeviceActivityMonitor.build/Counting\ Sheep\ Wind\ Down\ Monitor.DependencyMetadataFileList --source-file /tmp/counting-sheep-coat-build/Build/Products/Debug-iphonesimulator/Counting\ Sheep\ Wind\ Down\ Monitor.appex/Info.plist --archive-ssu-assets
2026-09-22 23:10:39.110 appintentsnltrainingprocessor[79907:11020916] Parsing options for appintentsnltrainingprocessor
2026-09-22 23:10:39.111 appintentsnltrainingprocessor[79907:11020916] Starting AppIntents SSU YAML Generation
2026-09-22 23:10:39.112 appintentsnltrainingprocessor[79907:11020916] No AppShortcuts found - Skipping.

CodeSign /tmp/counting-sheep-coat-build/Build/Products/Debug-iphonesimulator/Counting\ Sheep\ Wind\ Down\ Monitor.appex/Counting\ Sheep\ Wind\ Down\ Monitor.debug.dylib (in target 'PhoneInTheOtherRoomDeviceActivityMonitor' from project 'PhoneInTheOtherRoom')
    cd /Users/ngawangchime/Desktop/Developer\ Projects/Phone\ in\ the\ Other\ Room

    Signing Identity:     "Sign to Run Locally"

    /usr/bin/codesign --force --sign - --timestamp\=none --generate-entitlement-der /tmp/counting-sheep-coat-build/Build/Products/Debug-iphonesimulator/Counting\ Sheep\ Wind\ Down\ Monitor.appex/Counting\ Sheep\ Wind\ Down\ Monitor.debug.dylib

CodeSign /tmp/counting-sheep-coat-build/Build/Products/Debug-iphonesimulator/Counting\ Sheep\ Wind\ Down\ Monitor.appex/__preview.dylib (in target 'PhoneInTheOtherRoomDeviceActivityMonitor' from project 'PhoneInTheOtherRoom')
    cd /Users/ngawangchime/Desktop/Developer\ Projects/Phone\ in\ the\ Other\ Room

    Signing Identity:     "Sign to Run Locally"

    /usr/bin/codesign --force --sign - --timestamp\=none --generate-entitlement-der /tmp/counting-sheep-coat-build/Build/Products/Debug-iphonesimulator/Counting\ Sheep\ Wind\ Down\ Monitor.appex/__preview.dylib
/tmp/counting-sheep-coat-build/Build/Products/Debug-iphonesimulator/Counting Sheep Wind Down Monitor.appex/__preview.dylib: replacing existing signature

CodeSign /tmp/counting-sheep-coat-build/Build/Products/Debug-iphonesimulator/Counting\ Sheep\ Wind\ Down\ Monitor.appex (in target 'PhoneInTheOtherRoomDeviceActivityMonitor' from project 'PhoneInTheOtherRoom')
    cd /Users/ngawangchime/Desktop/Developer\ Projects/Phone\ in\ the\ Other\ Room

    Signing Identity:     "Sign to Run Locally"

    /usr/bin/codesign --force --sign - --entitlements /tmp/counting-sheep-coat-build/Build/Intermediates.noindex/PhoneInTheOtherRoom.build/Debug-iphonesimulator/PhoneInTheOtherRoomDeviceActivityMonitor.build/Counting\ Sheep\ Wind\ Down\ Monitor.appex.xcent --timestamp\=none --generate-entitlement-der /tmp/counting-sheep-coat-build/Build/Products/Debug-iphonesimulator/Counting\ Sheep\ Wind\ Down\ Monitor.appex

SwiftDriverJobDiscovery normal arm64 Compiling NightFlockV4Models.swift, NightFlockV4Rewards.swift, NightJourneyAssets.swift, NightWatchGuidance.swift, NightWatchUsageMonitoring.swift, NotificationCopy.swift, NotificationPreferences.swift, OfflinePurpose.swift, OllieCompanionAnimation.swift, OllieCompanionAnimationView.swift, OllieWardrobe.swift, Onboarding.swift, OnboardingStepSupport.swift, PastureCharacterHitTarget.swift, PastureFetch.swift, PastureFetchViewModel.swift, PastureFetchWakeUp.swift (in target 'PhoneInTheOtherRoom' from project 'PhoneInTheOtherRoom')

SwiftDriver\ Compilation PhoneInTheOtherRoom normal arm64 com.apple.xcode.tools.swift.compiler (in target 'PhoneInTheOtherRoom' from project 'PhoneInTheOtherRoom')
    cd /Users/ngawangchime/Desktop/Developer\ Projects/Phone\ in\ the\ Other\ Room
    builtin-Swift-Compilation -- /Applications/Xcode.app/Contents/Developer/Toolchains/XcodeDefault.xctoolchain/usr/bin/swiftc -module-name Counting_Sheep -Onone @/tmp/counting-sheep-coat-build/Build/Intermediates.noindex/PhoneInTheOtherRoom.build/Debug-iphonesimulator/PhoneInTheOtherRoom.build/Objects-normal/arm64/Counting\ Sheep.SwiftFileList -DDEBUG -DSCREEN_TIME_REPORTS -enable-bare-slash-regex -enable-experimental-feature DebugDescriptionMacro -sdk /Applications/Xcode.app/Contents/Developer/Platforms/iPhoneSimulator.platform/Developer/SDKs/iPhoneSimulator26.5.sdk -target arm64-apple-ios17.0-simulator -g -module-cache-path /tmp/counting-sheep-coat-build/ModuleCache.noindex -Xfrontend -serialize-debugging-options -enable-testing -index-store-path /tmp/counting-sheep-coat-build/Index.noindex/DataStore -Xcc -D_LIBCPP_HARDENING_MODE\=_LIBCPP_HARDENING_MODE_DEBUG -swift-version 5 -I /tmp/counting-sheep-coat-build/Build/Products/Debug-iphonesimulator -F /tmp/counting-sheep-coat-build/Build/Products/Debug-iphonesimulator/PackageFrameworks -F /tmp/counting-sheep-coat-build/Build/Products/Debug-iphonesimulator/PackageFrameworks -F /tmp/counting-sheep-coat-build/Build/Products/Debug-iphonesimulator/PackageFrameworks -F /tmp/counting-sheep-coat-build/Build/Products/Debug-iphonesimulator/PackageFrameworks -F /tmp/counting-sheep-coat-build/Build/Products/Debug-iphonesimulator/PackageFrameworks -F /tmp/counting-sheep-coat-build/Build/Products/Debug-iphonesimulator/PackageFrameworks -F /tmp/counting-sheep-coat-build/Build/Products/Debug-iphonesimulator/PackageFrameworks -F /tmp/counting-sheep-coat-build/Build/Products/Debug-iphonesimulator/PackageFrameworks -F /tmp/counting-sheep-coat-build/Build/Products/Debug-iphonesimulator/PackageFrameworks -F /tmp/counting-sheep-coat-build/Build/Products/Debug-iphonesimulator/PackageFrameworks -F /tmp/counting-sheep-coat-build/Build/Products/Debug-iphonesimulator/PackageFrameworks -F /tmp/counting-sheep-coat-build/Build/Products/Debug-iphonesimulator/PackageFrameworks -F /tmp/counting-sheep-coat-build/Build/Products/Debug-iphonesimulator/PackageFrameworks -F /tmp/counting-sheep-coat-build/Build/Products/Debug-iphonesimulator/PackageFrameworks -F /tmp/counting-sheep-coat-build/Build/Products/Debug-iphonesimulator -c -j8 -enable-batch-mode -incremental -Xcc -ivfsstatcache -Xcc /tmp/counting-sheep-coat-build/SDKStatCaches.noindex/iphonesimulator26.5-23F81a-6cfe768891a92b912361537c460fe42b.sdkstatcache -output-file-map /tmp/counting-sheep-coat-build/Build/Intermediates.noindex/PhoneInTheOtherRoom.build/Debug-iphonesimulator/PhoneInTheOtherRoom.build/Objects-normal/arm64/PhoneInTheOtherRoom-OutputFileMap.json -use-frontend-parseable-output -save-temps -no-color-diagnostics -explicit-module-build -module-cache-path /tmp/counting-sheep-coat-build/Build/Intermediates.noindex/SwiftExplicitPrecompiledModules -clang-scanner-module-cache-path /tmp/counting-sheep-coat-build/ModuleCache.noindex -sdk-module-cache-path /tmp/counting-sheep-coat-build/ModuleCache.noindex -serialize-diagnostics -emit-dependencies -emit-module -emit-module-path /tmp/counting-sheep-coat-build/Build/Intermediates.noindex/PhoneInTheOtherRoom.build/Debug-iphonesimulator/PhoneInTheOtherRoom.build/Objects-normal/arm64/Counting_Sheep.swiftmodule -validate-clang-modules-once -clang-build-session-file /tmp/counting-sheep-coat-build/ModuleCache.noindex/Session.modulevalidation -Xcc -I/tmp/counting-sheep-coat-build/Build/Intermediates.noindex/PhoneInTheOtherRoom.build/Debug-iphonesimulator/PhoneInTheOtherRoom.build/swift-overrides.hmap -emit-const-values -Xfrontend -const-gather-protocols-file -Xfrontend /tmp/counting-sheep-coat-build/Build/Intermediates.noindex/PhoneInTheOtherRoom.build/Debug-iphonesimulator/PhoneInTheOtherRoom.build/Objects-normal/arm64/PhoneInTheOtherRoom_const_extract_protocols.json -Xcc -iquote -Xcc /tmp/counting-sheep-coat-build/Build/Intermediates.noindex/PhoneInTheOtherRoom.build/Debug-iphonesimulator/PhoneInTheOtherRoom.build/Counting\ Sheep-generated-files.hmap -Xcc -I/tmp/counting-sheep-coat-build/Build/Intermediates.noindex/PhoneInTheOtherRoom.build/Debug-iphonesimulator/PhoneInTheOtherRoom.build/Counting\ Sheep-own-target-headers.hmap -Xcc -I/tmp/counting-sheep-coat-build/Build/Intermediates.noindex/PhoneInTheOtherRoom.build/Debug-iphonesimulator/PhoneInTheOtherRoom.build/Counting\ Sheep-all-non-framework-target-headers.hmap -Xcc -ivfsoverlay -Xcc /tmp/counting-sheep-coat-build/Build/Intermediates.noindex/PhoneInTheOtherRoom.build/Debug-iphonesimulator/PhoneInTheOtherRoom-d9a00fb94435e678319518e524e23875-VFS-iphonesimulator/all-product-headers.yaml -Xcc -iquote -Xcc /tmp/counting-sheep-coat-build/Build/Intermediates.noindex/PhoneInTheOtherRoom.build/Debug-iphonesimulator/PhoneInTheOtherRoom.build/Counting\ Sheep-project-headers.hmap -Xcc -I/tmp/counting-sheep-coat-build/Build/Products/Debug-iphonesimulator/include -Xcc -I/tmp/counting-sheep-coat-build/Build/Intermediates.noindex/PhoneInTheOtherRoom.build/Debug-iphonesimulator/PhoneInTheOtherRoom.build/DerivedSources-normal/arm64 -Xcc -I/tmp/counting-sheep-coat-build/Build/Intermediates.noindex/PhoneInTheOtherRoom.build/Debug-iphonesimulator/PhoneInTheOtherRoom.build/DerivedSources/arm64 -Xcc -I/tmp/counting-sheep-coat-build/Build/Intermediates.noindex/PhoneInTheOtherRoom.build/Debug-iphonesimulator/PhoneInTheOtherRoom.build/DerivedSources -Xcc -DDEBUG\=1 -emit-objc-header -emit-objc-header-path /tmp/counting-sheep-coat-build/Build/Intermediates.noindex/PhoneInTheOtherRoom.build/Debug-iphonesimulator/PhoneInTheOtherRoom.build/Objects-normal/arm64/Counting_Sheep-Swift.h -working-directory /Users/ngawangchime/Desktop/Developer\ Projects/Phone\ in\ the\ Other\ Room -experimental-emit-module-separately -disable-cmo

Ld /tmp/counting-sheep-coat-build/Build/Products/Debug-iphonesimulator/Counting\ Sheep.app/Counting\ Sheep.debug.dylib normal (in target 'PhoneInTheOtherRoom' from project 'PhoneInTheOtherRoom')
    cd /Users/ngawangchime/Desktop/Developer\ Projects/Phone\ in\ the\ Other\ Room
    /Applications/Xcode.app/Contents/Developer/Toolchains/XcodeDefault.xctoolchain/usr/bin/clang -Xlinker -reproducible -target arm64-apple-ios17.0-simulator -dynamiclib -isysroot /Applications/Xcode.app/Contents/Developer/Platforms/iPhoneSimulator.platform/Developer/SDKs/iPhoneSimulator26.5.sdk -O0 -L/tmp/counting-sheep-coat-build/Build/Intermediates.noindex/EagerLinkingTBDs/Debug-iphonesimulator -L/tmp/counting-sheep-coat-build/Build/Products/Debug-iphonesimulator -F/tmp/counting-sheep-coat-build/Build/Intermediates.noindex/EagerLinkingTBDs/Debug-iphonesimulator -F/tmp/counting-sheep-coat-build/Build/Products/Debug-iphonesimulator/PackageFrameworks -F/tmp/counting-sheep-coat-build/Build/Products/Debug-iphonesimulator/PackageFrameworks -F/tmp/counting-sheep-coat-build/Build/Products/Debug-iphonesimulator/PackageFrameworks -F/tmp/counting-sheep-coat-build/Build/Products/Debug-iphonesimulator/PackageFrameworks -F/tmp/counting-sheep-coat-build/Build/Products/Debug-iphonesimulator/PackageFrameworks -F/tmp/counting-sheep-coat-build/Build/Products/Debug-iphonesimulator/PackageFrameworks -F/tmp/counting-sheep-coat-build/Build/Products/Debug-iphonesimulator/PackageFrameworks -F/tmp/counting-sheep-coat-build/Build/Products/Debug-iphonesimulator/PackageFrameworks -F/tmp/counting-sheep-coat-build/Build/Products/Debug-iphonesimulator/PackageFrameworks -F/tmp/counting-sheep-coat-build/Build/Products/Debug-iphonesimulator/PackageFrameworks -F/tmp/counting-sheep-coat-build/Build/Products/Debug-iphonesimulator/PackageFrameworks -F/tmp/counting-sheep-coat-build/Build/Products/Debug-iphonesimulator/PackageFrameworks -F/tmp/counting-sheep-coat-build/Build/Products/Debug-iphonesimulator/PackageFrameworks -F/tmp/counting-sheep-coat-build/Build/Products/Debug-iphonesimulator/PackageFrameworks -F/tmp/counting-sheep-coat-build/Build/Products/Debug-iphonesimulator -filelist /tmp/counting-sheep-coat-build/Build/Intermediates.noindex/PhoneInTheOtherRoom.build/Debug-iphonesimulator/PhoneInTheOtherRoom.build/Objects-normal/arm64/Counting\ Sheep.LinkFileList -install_name @rpath/Counting\ Sheep.debug.dylib -Xlinker -rpath -Xlinker /usr/lib/swift -Xlinker -rpath -Xlinker /tmp/counting-sheep-coat-build/Build/Products/Debug-iphonesimulator/PackageFrameworks -Xlinker -rpath -Xlinker @executable_path/Frameworks -Xlinker -dead_strip -Xlinker -object_path_lto -Xlinker /tmp/counting-sheep-coat-build/Build/Intermediates.noindex/PhoneInTheOtherRoom.build/Debug-iphonesimulator/PhoneInTheOtherRoom.build/Objects-normal/arm64/Counting\ Sheep_lto.o -rdynamic -Xlinker -no_deduplicate -Xlinker -objc_abi_version -Xlinker 2 -Xlinker -dependency_info -Xlinker /tmp/counting-sheep-coat-build/Build/Intermediates.noindex/PhoneInTheOtherRoom.build/Debug-iphonesimulator/PhoneInTheOtherRoom.build/Objects-normal/arm64/Counting\ Sheep_dependency_info.dat -fobjc-link-runtime -L/Applications/Xcode.app/Contents/Developer/Toolchains/XcodeDefault.xctoolchain/usr/lib/swift/iphonesimulator -L/usr/lib/swift -Xlinker -add_ast_path -Xlinker /tmp/counting-sheep-coat-build/Build/Intermediates.noindex/PhoneInTheOtherRoom.build/Debug-iphonesimulator/PhoneInTheOtherRoom.build/Objects-normal/arm64/Counting_Sheep.swiftmodule @/tmp/counting-sheep-coat-build/Build/Intermediates.noindex/PhoneInTheOtherRoom.build/Debug-iphonesimulator/PhoneInTheOtherRoom.build/Objects-normal/arm64/Counting_Sheep-linker-args.resp -Wl,-no_warn_duplicate_libraries -Wl,-no_warn_duplicate_libraries -Wl,-no_warn_duplicate_libraries -Wl,-no_warn_duplicate_libraries -Wl,-no_warn_duplicate_libraries -Wl,-no_warn_duplicate_libraries -Wl,-no_warn_duplicate_libraries -Wl,-no_warn_duplicate_libraries -Wl,-no_warn_duplicate_libraries -Wl,-no_warn_duplicate_libraries -Wl,-no_warn_duplicate_libraries -Wl,-no_warn_duplicate_libraries -Wl,-no_warn_duplicate_libraries -Wl,-no_warn_duplicate_libraries -Xlinker -alias -Xlinker _main -Xlinker ___debug_main_executable_dylib_entry_point -Xlinker -no_adhoc_codesign -o /tmp/counting-sheep-coat-build/Build/Products/Debug-iphonesimulator/Counting\ Sheep.app/Counting\ Sheep.debug.dylib -Xlinker -add_ast_path -Xlinker /tmp/counting-sheep-coat-build/Build/Intermediates.noindex/Supabase.build/Debug-iphonesimulator/Supabase.build/Objects-normal/arm64/Supabase.swiftmodule @/tmp/counting-sheep-coat-build/Build/Intermediates.noindex/Supabase.build/Debug-iphonesimulator/Supabase.build/Objects-normal/arm64/Supabase-linker-args.resp -Xlinker -add_ast_path -Xlinker /tmp/counting-sheep-coat-build/Build/Intermediates.noindex/swift-concurrency-extras.build/Debug-iphonesimulator/ConcurrencyExtras.build/Objects-normal/arm64/ConcurrencyExtras.swiftmodule @/tmp/counting-sheep-coat-build/Build/Intermediates.noindex/swift-concurrency-extras.build/Debug-iphonesimulator/ConcurrencyExtras.build/Objects-normal/arm64/ConcurrencyExtras-linker-args.resp -Xlinker -add_ast_path -Xlinker /tmp/counting-sheep-coat-build/Build/Intermediates.noindex/swift-http-types.build/Debug-iphonesimulator/HTTPTypes.build/Objects-normal/arm64/HTTPTypes.swiftmodule @/tmp/counting-sheep-coat-build/Build/Intermediates.noindex/swift-http-types.build/Debug-iphonesimulator/HTTPTypes.build/Objects-normal/arm64/HTTPTypes-linker-args.resp -Xlinker -add_ast_path -Xlinker /tmp/counting-sheep-coat-build/Build/Intermediates.noindex/swift-clocks.build/Debug-iphonesimulator/Clocks.build/Objects-normal/arm64/Clocks.swiftmodule @/tmp/counting-sheep-coat-build/Build/Intermediates.noindex/swift-clocks.build/Debug-iphonesimulator/Clocks.build/Objects-normal/arm64/Clocks-linker-args.resp -Xlinker -add_ast_path -Xlinker /tmp/counting-sheep-coat-build/Build/Intermediates.noindex/xctest-dynamic-overlay.build/Debug-iphonesimulator/IssueReporting.build/Objects-normal/arm64/IssueReporting.swiftmodule @/tmp/counting-sheep-coat-build/Build/Intermediates.noindex/xctest-dynamic-overlay.build/Debug-iphonesimulator/IssueReporting.build/Objects-normal/arm64/IssueReporting-linker-args.resp -Xlinker -add_ast_path -Xlinker /tmp/counting-sheep-coat-build/Build/Intermediates.noindex/xctest-dynamic-overlay.build/Debug-iphonesimulator/XCTestDynamicOverlay.build/Objects-normal/arm64/XCTestDynamicOverlay.swiftmodule @/tmp/counting-sheep-coat-build/Build/Intermediates.noindex/xctest-dynamic-overlay.build/Debug-iphonesimulator/XCTestDynamicOverlay.build/Objects-normal/arm64/XCTestDynamicOverlay-linker-args.resp -Xlinker -add_ast_path -Xlinker /tmp/counting-sheep-coat-build/Build/Intermediates.noindex/Supabase.build/Debug-iphonesimulator/Helpers.build/Objects-normal/arm64/Helpers.swiftmodule @/tmp/counting-sheep-coat-build/Build/Intermediates.noindex/Supabase.build/Debug-iphonesimulator/Helpers.build/Objects-normal/arm64/Helpers-linker-args.resp -Xlinker -add_ast_path -Xlinker /tmp/counting-sheep-coat-build/Build/Intermediates.noindex/swift-crypto.build/Debug-iphonesimulator/Crypto.build/Objects-normal/arm64/Crypto.swiftmodule @/tmp/counting-sheep-coat-build/Build/Intermediates.noindex/swift-crypto.build/Debug-iphonesimulator/Crypto.build/Objects-normal/arm64/Crypto-linker-args.resp -Xlinker -add_ast_path -Xlinker /tmp/counting-sheep-coat-build/Build/Intermediates.noindex/Supabase.build/Debug-iphonesimulator/Auth.build/Objects-normal/arm64/Auth.swiftmodule @/tmp/counting-sheep-coat-build/Build/Intermediates.noindex/Supabase.build/Debug-iphonesimulator/Auth.build/Objects-normal/arm64/Auth-linker-args.resp -Xlinker -add_ast_path -Xlinker /tmp/counting-sheep-coat-build/Build/Intermediates.noindex/Supabase.build/Debug-iphonesimulator/Functions.build/Objects-normal/arm64/Functions.swiftmodule @/tmp/counting-sheep-coat-build/Build/Intermediates.noindex/Supabase.build/Debug-iphonesimulator/Functions.build/Objects-normal/arm64/Functions-linker-args.resp -Xlinker -add_ast_path -Xlinker /tmp/counting-sheep-coat-build/Build/Intermediates.noindex/Supabase.build/Debug-iphonesimulator/PostgREST.build/Objects-normal/arm64/PostgREST.swiftmodule @/tmp/counting-sheep-coat-build/Build/Intermediates.noindex/Supabase.build/Debug-iphonesimulator/PostgREST.build/Objects-normal/arm64/PostgREST-linker-args.resp -Xlinker -add_ast_path -Xlinker /tmp/counting-sheep-coat-build/Build/Intermediates.noindex/Supabase.build/Debug-iphonesimulator/RealtimeV2.build/Objects-normal/arm64/RealtimeV2.swiftmodule @/tmp/counting-sheep-coat-build/Build/Intermediates.noindex/Supabase.build/Debug-iphonesimulator/RealtimeV2.build/Objects-normal/arm64/RealtimeV2-linker-args.resp -Xlinker -add_ast_path -Xlinker /tmp/counting-sheep-coat-build/Build/Intermediates.noindex/Supabase.build/Debug-iphonesimulator/Realtime.build/Objects-normal/arm64/Realtime.swiftmodule @/tmp/counting-sheep-coat-build/Build/Intermediates.noindex/Supabase.build/Debug-iphonesimulator/Realtime.build/Objects-normal/arm64/Realtime-linker-args.resp -Xlinker -add_ast_path -Xlinker /tmp/counting-sheep-coat-build/Build/Intermediates.noindex/Supabase.build/Debug-iphonesimulator/Storage.build/Objects-normal/arm64/Storage.swiftmodule @/tmp/counting-sheep-coat-build/Build/Intermediates.noindex/Supabase.build/Debug-iphonesimulator/Storage.build/Objects-normal/arm64/Storage-linker-args.resp

ConstructStubExecutorLinkFileList /tmp/counting-sheep-coat-build/Build/Intermediates.noindex/PhoneInTheOtherRoom.build/Debug-iphonesimulator/PhoneInTheOtherRoom.build/Counting\ Sheep-ExecutorLinkFileList-normal-arm64.txt (in target 'PhoneInTheOtherRoom' from project 'PhoneInTheOtherRoom')
    cd /Users/ngawangchime/Desktop/Developer\ Projects/Phone\ in\ the\ Other\ Room
    construct-stub-executor-link-file-list /tmp/counting-sheep-coat-build/Build/Products/Debug-iphonesimulator/Counting\ Sheep.app/Counting\ Sheep.debug.dylib /Applications/Xcode.app/Contents/Developer/Platforms/iPhoneSimulator.platform/Developer/usr/lib/libPreviewsJITStubExecutor_no_swift_entry_point.a /Applications/Xcode.app/Contents/Developer/Platforms/iPhoneSimulator.platform/Developer/usr/lib/libPreviewsJITStubExecutor.a --output /tmp/counting-sheep-coat-build/Build/Intermediates.noindex/PhoneInTheOtherRoom.build/Debug-iphonesimulator/PhoneInTheOtherRoom.build/Counting\ Sheep-ExecutorLinkFileList-normal-arm64.txt
note: Using stub executor library with Swift entry point. (in target 'PhoneInTheOtherRoom' from project 'PhoneInTheOtherRoom')

Ld /tmp/counting-sheep-coat-build/Build/Products/Debug-iphonesimulator/Counting\ Sheep.app/Counting\ Sheep normal (in target 'PhoneInTheOtherRoom' from project 'PhoneInTheOtherRoom')
    cd /Users/ngawangchime/Desktop/Developer\ Projects/Phone\ in\ the\ Other\ Room
    /Applications/Xcode.app/Contents/Developer/Toolchains/XcodeDefault.xctoolchain/usr/bin/clang -Xlinker -reproducible -target arm64-apple-ios17.0-simulator -isysroot /Applications/Xcode.app/Contents/Developer/Platforms/iPhoneSimulator.platform/Developer/SDKs/iPhoneSimulator26.5.sdk -O0 -L/tmp/counting-sheep-coat-build/Build/Products/Debug-iphonesimulator -F/tmp/counting-sheep-coat-build/Build/Products/Debug-iphonesimulator/PackageFrameworks -F/tmp/counting-sheep-coat-build/Build/Products/Debug-iphonesimulator/PackageFrameworks -F/tmp/counting-sheep-coat-build/Build/Products/Debug-iphonesimulator/PackageFrameworks -F/tmp/counting-sheep-coat-build/Build/Products/Debug-iphonesimulator/PackageFrameworks -F/tmp/counting-sheep-coat-build/Build/Products/Debug-iphonesimulator/PackageFrameworks -F/tmp/counting-sheep-coat-build/Build/Products/Debug-iphonesimulator/PackageFrameworks -F/tmp/counting-sheep-coat-build/Build/Products/Debug-iphonesimulator/PackageFrameworks -F/tmp/counting-sheep-coat-build/Build/Products/Debug-iphonesimulator/PackageFrameworks -F/tmp/counting-sheep-coat-build/Build/Products/Debug-iphonesimulator/PackageFrameworks -F/tmp/counting-sheep-coat-build/Build/Products/Debug-iphonesimulator/PackageFrameworks -F/tmp/counting-sheep-coat-build/Build/Products/Debug-iphonesimulator/PackageFrameworks -F/tmp/counting-sheep-coat-build/Build/Products/Debug-iphonesimulator/PackageFrameworks -F/tmp/counting-sheep-coat-build/Build/Products/Debug-iphonesimulator/PackageFrameworks -F/tmp/counting-sheep-coat-build/Build/Products/Debug-iphonesimulator/PackageFrameworks -F/tmp/counting-sheep-coat-build/Build/Products/Debug-iphonesimulator -Xlinker -rpath -Xlinker @executable_path -Xlinker -rpath -Xlinker /tmp/counting-sheep-coat-build/Build/Products/Debug-iphonesimulator/PackageFrameworks -Xlinker -rpath -Xlinker @executable_path/Frameworks -rdynamic -Xlinker -no_deduplicate -Xlinker -objc_abi_version -Xlinker 2 -e ___debug_blank_executor_main -Xlinker -sectcreate -Xlinker __TEXT -Xlinker __debug_dylib -Xlinker /tmp/counting-sheep-coat-build/Build/Intermediates.noindex/PhoneInTheOtherRoom.build/Debug-iphonesimulator/PhoneInTheOtherRoom.build/Counting\ Sheep-DebugDylibPath-normal-arm64.txt -Xlinker -sectcreate -Xlinker __TEXT -Xlinker __debug_instlnm -Xlinker /tmp/counting-sheep-coat-build/Build/Intermediates.noindex/PhoneInTheOtherRoom.build/Debug-iphonesimulator/PhoneInTheOtherRoom.build/Counting\ Sheep-DebugDylibInstallName-normal-arm64.txt -Xlinker -filelist -Xlinker /tmp/counting-sheep-coat-build/Build/Intermediates.noindex/PhoneInTheOtherRoom.build/Debug-iphonesimulator/PhoneInTheOtherRoom.build/Counting\ Sheep-ExecutorLinkFileList-normal-arm64.txt -Xlinker -sectcreate -Xlinker __TEXT -Xlinker __entitlements -Xlinker /tmp/counting-sheep-coat-build/Build/Intermediates.noindex/PhoneInTheOtherRoom.build/Debug-iphonesimulator/PhoneInTheOtherRoom.build/Counting\ Sheep.app-Simulated.xcent -Xlinker -sectcreate -Xlinker __TEXT -Xlinker __ents_der -Xlinker /tmp/counting-sheep-coat-build/Build/Intermediates.noindex/PhoneInTheOtherRoom.build/Debug-iphonesimulator/PhoneInTheOtherRoom.build/Counting\ Sheep.app-Simulated.xcent.der /tmp/counting-sheep-coat-build/Build/Products/Debug-iphonesimulator/Counting\ Sheep.app/Counting\ Sheep.debug.dylib -Xlinker -no_adhoc_codesign -o /tmp/counting-sheep-coat-build/Build/Products/Debug-iphonesimulator/Counting\ Sheep.app/Counting\ Sheep

Copy /tmp/counting-sheep-coat-build/Build/Products/Debug-iphonesimulator/Counting\ Sheep.app/PlugIns/Counting\ Sheep\ Wind\ Down\ Monitor.appex /tmp/counting-sheep-coat-build/Build/Products/Debug-iphonesimulator/Counting\ Sheep\ Wind\ Down\ Monitor.appex (in target 'PhoneInTheOtherRoom' from project 'PhoneInTheOtherRoom')
    cd /Users/ngawangchime/Desktop/Developer\ Projects/Phone\ in\ the\ Other\ Room
    builtin-copy -exclude .DS_Store -exclude CVS -exclude .svn -exclude .git -exclude .hg -exclude Headers -exclude PrivateHeaders -exclude Modules -exclude \*.tbd -resolve-src-symlinks -remove-static-executable /tmp/counting-sheep-coat-build/Build/Products/Debug-iphonesimulator/Counting\ Sheep\ Wind\ Down\ Monitor.appex /tmp/counting-sheep-coat-build/Build/Products/Debug-iphonesimulator/Counting\ Sheep.app/PlugIns

Copy /tmp/counting-sheep-coat-build/Build/Products/Debug-iphonesimulator/Counting\ Sheep.app/PlugIns/Counting\ Sheep\ Wind\ Down\ Shield.appex /tmp/counting-sheep-coat-build/Build/Products/Debug-iphonesimulator/Counting\ Sheep\ Wind\ Down\ Shield.appex (in target 'PhoneInTheOtherRoom' from project 'PhoneInTheOtherRoom')
    cd /Users/ngawangchime/Desktop/Developer\ Projects/Phone\ in\ the\ Other\ Room
    builtin-copy -exclude .DS_Store -exclude CVS -exclude .svn -exclude .git -exclude .hg -exclude Headers -exclude PrivateHeaders -exclude Modules -exclude \*.tbd -resolve-src-symlinks -remove-static-executable /tmp/counting-sheep-coat-build/Build/Products/Debug-iphonesimulator/Counting\ Sheep\ Wind\ Down\ Shield.appex /tmp/counting-sheep-coat-build/Build/Products/Debug-iphonesimulator/Counting\ Sheep.app/PlugIns

Copy /tmp/counting-sheep-coat-build/Build/Products/Debug-iphonesimulator/Counting\ Sheep.app/PlugIns/Counting\ Sheep\ Wind\ Down\ Action.appex /tmp/counting-sheep-coat-build/Build/Products/Debug-iphonesimulator/Counting\ Sheep\ Wind\ Down\ Action.appex (in target 'PhoneInTheOtherRoom' from project 'PhoneInTheOtherRoom')
    cd /Users/ngawangchime/Desktop/Developer\ Projects/Phone\ in\ the\ Other\ Room
    builtin-copy -exclude .DS_Store -exclude CVS -exclude .svn -exclude .git -exclude .hg -exclude Headers -exclude PrivateHeaders -exclude Modules -exclude \*.tbd -resolve-src-symlinks -remove-static-executable /tmp/counting-sheep-coat-build/Build/Products/Debug-iphonesimulator/Counting\ Sheep\ Wind\ Down\ Action.appex /tmp/counting-sheep-coat-build/Build/Products/Debug-iphonesimulator/Counting\ Sheep.app/PlugIns

Copy /tmp/counting-sheep-coat-build/Build/Products/Debug-iphonesimulator/Counting\ Sheep.app/PlugIns/Counting\ Sheep\ Live\ Activity.appex /tmp/counting-sheep-coat-build/Build/Products/Debug-iphonesimulator/Counting\ Sheep\ Live\ Activity.appex (in target 'PhoneInTheOtherRoom' from project 'PhoneInTheOtherRoom')
    cd /Users/ngawangchime/Desktop/Developer\ Projects/Phone\ in\ the\ Other\ Room
    builtin-copy -exclude .DS_Store -exclude CVS -exclude .svn -exclude .git -exclude .hg -exclude Headers -exclude PrivateHeaders -exclude Modules -exclude \*.tbd -resolve-src-symlinks -remove-static-executable /tmp/counting-sheep-coat-build/Build/Products/Debug-iphonesimulator/Counting\ Sheep\ Live\ Activity.appex /tmp/counting-sheep-coat-build/Build/Products/Debug-iphonesimulator/Counting\ Sheep.app/PlugIns

Copy /tmp/counting-sheep-coat-build/Build/Products/Debug-iphonesimulator/Counting\ Sheep.app/Extensions/Counting\ Sheep\ Screen\ Time\ Report.appex /tmp/counting-sheep-coat-build/Build/Products/Debug-iphonesimulator/Counting\ Sheep\ Screen\ Time\ Report.appex (in target 'PhoneInTheOtherRoom' from project 'PhoneInTheOtherRoom')
    cd /Users/ngawangchime/Desktop/Developer\ Projects/Phone\ in\ the\ Other\ Room
    builtin-copy -exclude .DS_Store -exclude CVS -exclude .svn -exclude .git -exclude .hg -exclude Headers -exclude PrivateHeaders -exclude Modules -exclude \*.tbd -resolve-src-symlinks -remove-static-executable /tmp/counting-sheep-coat-build/Build/Products/Debug-iphonesimulator/Counting\ Sheep\ Screen\ Time\ Report.appex /tmp/counting-sheep-coat-build/Build/Products/Debug-iphonesimulator/Counting\ Sheep.app/Extensions

Copy /tmp/counting-sheep-coat-build/Build/Products/Debug-iphonesimulator/Counting\ Sheep.app/Watch/Counting\ Sheep\ Watch.app /tmp/counting-sheep-coat-build/Build/Products/Debug-watchsimulator/Counting\ Sheep\ Watch.app (in target 'PhoneInTheOtherRoom' from project 'PhoneInTheOtherRoom')
    cd /Users/ngawangchime/Desktop/Developer\ Projects/Phone\ in\ the\ Other\ Room
    builtin-copy -exclude .DS_Store -exclude CVS -exclude .svn -exclude .git -exclude .hg -exclude Headers -exclude PrivateHeaders -exclude Modules -exclude \*.tbd -resolve-src-symlinks -remove-static-executable /tmp/counting-sheep-coat-build/Build/Products/Debug-watchsimulator/Counting\ Sheep\ Watch.app /tmp/counting-sheep-coat-build/Build/Products/Debug-iphonesimulator/Counting\ Sheep.app/Watch

ExtractAppIntentsMetadata (in target 'PhoneInTheOtherRoom' from project 'PhoneInTheOtherRoom')
    cd /Users/ngawangchime/Desktop/Developer\ Projects/Phone\ in\ the\ Other\ Room
    /Applications/Xcode.app/Contents/Developer/Toolchains/XcodeDefault.xctoolchain/usr/bin/appintentsmetadataprocessor --toolchain-dir /Applications/Xcode.app/Contents/Developer/Toolchains/XcodeDefault.xctoolchain --module-name Counting_Sheep --sdk-root /Applications/Xcode.app/Contents/Developer/Platforms/iPhoneSimulator.platform/Developer/SDKs/iPhoneSimulator26.5.sdk --xcode-version 17F113 --platform-family iOS --deployment-target 17.0 --bundle-identifier com.ngawangchime.countingsheep --output /tmp/counting-sheep-coat-build/Build/Products/Debug-iphonesimulator/Counting\ Sheep.app --target-triple arm64-apple-ios17.0-simulator --binary-file /tmp/counting-sheep-coat-build/Build/Products/Debug-iphonesimulator/Counting\ Sheep.app/Counting\ Sheep --dependency-file /tmp/counting-sheep-coat-build/Build/Intermediates.noindex/PhoneInTheOtherRoom.build/Debug-iphonesimulator/PhoneInTheOtherRoom.build/Objects-normal/arm64/Counting\ Sheep_dependency_info.dat --stringsdata-file /tmp/counting-sheep-coat-build/Build/Intermediates.noindex/PhoneInTheOtherRoom.build/Debug-iphonesimulator/PhoneInTheOtherRoom.build/Objects-normal/arm64/ExtractedAppShortcutsMetadata.stringsdata --source-file-list /tmp/counting-sheep-coat-build/Build/Intermediates.noindex/PhoneInTheOtherRoom.build/Debug-iphonesimulator/PhoneInTheOtherRoom.build/Objects-normal/arm64/Counting\ Sheep.SwiftFileList --metadata-file-list /tmp/counting-sheep-coat-build/Build/Intermediates.noindex/PhoneInTheOtherRoom.build/Debug-iphonesimulator/PhoneInTheOtherRoom.build/Counting\ Sheep.DependencyMetadataFileList --static-metadata-file-list /tmp/counting-sheep-coat-build/Build/Intermediates.noindex/PhoneInTheOtherRoom.build/Debug-iphonesimulator/PhoneInTheOtherRoom.build/Counting\ Sheep.DependencyStaticMetadataFileList --swift-const-vals-list /tmp/counting-sheep-coat-build/Build/Intermediates.noindex/PhoneInTheOtherRoom.build/Debug-iphonesimulator/PhoneInTheOtherRoom.build/Objects-normal/arm64/Counting\ Sheep.SwiftConstValuesFileList --compile-time-extraction --deployment-aware-processing --validate-assistant-intents --no-app-shortcuts-localization
2026-09-22 23:10:50.920 appintentsmetadataprocessor[79945:11021389] Starting appintentsmetadataprocessor export
2026-09-22 23:10:51.032 appintentsmetadataprocessor[79945:11021389] Writing Metadata.appintents
2026-09-22 23:10:51.032 appintentsmetadataprocessor[79945:11021389] Metadata root: /tmp/counting-sheep-coat-build/Build/Products/Debug-iphonesimulator/Counting Sheep.app/Metadata.appintents

CopySwiftLibs /tmp/counting-sheep-coat-build/Build/Products/Debug-iphonesimulator/Counting\ Sheep.app (in target 'PhoneInTheOtherRoom' from project 'PhoneInTheOtherRoom')
    cd /Users/ngawangchime/Desktop/Developer\ Projects/Phone\ in\ the\ Other\ Room
    builtin-swiftStdLibTool --copy --verbose --sign - --scan-executable /tmp/counting-sheep-coat-build/Build/Products/Debug-iphonesimulator/Counting\ Sheep.app/Counting\ Sheep.debug.dylib --scan-folder /tmp/counting-sheep-coat-build/Build/Products/Debug-iphonesimulator/Counting\ Sheep.app/Frameworks --scan-folder /tmp/counting-sheep-coat-build/Build/Products/Debug-iphonesimulator/Counting\ Sheep.app/PlugIns --scan-folder /tmp/counting-sheep-coat-build/Build/Products/Debug-iphonesimulator/Counting\ Sheep.app/SystemExtensions --scan-folder /tmp/counting-sheep-coat-build/Build/Products/Debug-iphonesimulator/Counting\ Sheep.app/Extensions --platform iphonesimulator --toolchain /Applications/Xcode.app/Contents/Developer/Toolchains/XcodeDefault.xctoolchain --destination /tmp/counting-sheep-coat-build/Build/Products/Debug-iphonesimulator/Counting\ Sheep.app/Frameworks --strip-bitcode --strip-bitcode-tool /Applications/Xcode.app/Contents/Developer/Toolchains/XcodeDefault.xctoolchain/usr/bin/bitcode_strip --emit-dependency-info /tmp/counting-sheep-coat-build/Build/Intermediates.noindex/PhoneInTheOtherRoom.build/Debug-iphonesimulator/PhoneInTheOtherRoom.build/SwiftStdLibToolInputDependencies.dep --filter-for-swift-os --back-deploy-swift-span

ProcessInfoPlistFile /tmp/counting-sheep-coat-build/Build/Products/Debug-iphonesimulator/Counting\ Sheep.app/Info.plist /Users/ngawangchime/Desktop/Developer\ Projects/Phone\ in\ the\ Other\ Room/PhoneInTheOtherRoomApp/Info.plist (in target 'PhoneInTheOtherRoom' from project 'PhoneInTheOtherRoom')
    cd /Users/ngawangchime/Desktop/Developer\ Projects/Phone\ in\ the\ Other\ Room
    builtin-infoPlistUtility /Users/ngawangchime/Desktop/Developer\ Projects/Phone\ in\ the\ Other\ Room/PhoneInTheOtherRoomApp/Info.plist -producttype com.apple.product-type.application -genpkginfo /tmp/counting-sheep-coat-build/Build/Products/Debug-iphonesimulator/Counting\ Sheep.app/PkgInfo -expandbuildsettings -format binary -platform iphonesimulator -additionalcontentfile /tmp/counting-sheep-coat-build/Build/Intermediates.noindex/PhoneInTheOtherRoom.build/Debug-iphonesimulator/PhoneInTheOtherRoom.build/assetcatalog_generated_info.plist -scanforprivacyfile /tmp/counting-sheep-coat-build/Build/Products/Debug-iphonesimulator/Counting\ Sheep.app/Extensions/Counting\ Sheep\ Screen\ Time\ Report.appex -scanforprivacyfile /tmp/counting-sheep-coat-build/Build/Products/Debug-iphonesimulator/Counting\ Sheep.app/PlugIns/Counting\ Sheep\ Live\ Activity.appex -scanforprivacyfile /tmp/counting-sheep-coat-build/Build/Products/Debug-iphonesimulator/Counting\ Sheep.app/PlugIns/Counting\ Sheep\ Wind\ Down\ Action.appex -scanforprivacyfile /tmp/counting-sheep-coat-build/Build/Products/Debug-iphonesimulator/Counting\ Sheep.app/PlugIns/Counting\ Sheep\ Wind\ Down\ Monitor.appex -scanforprivacyfile /tmp/counting-sheep-coat-build/Build/Products/Debug-iphonesimulator/Counting\ Sheep.app/PlugIns/Counting\ Sheep\ Wind\ Down\ Shield.appex -scanforprivacyfile /tmp/counting-sheep-coat-build/Build/Products/Debug-iphonesimulator/Counting\ Sheep.app/Watch/Counting\ Sheep\ Watch.app -scanforprivacyfile /tmp/counting-sheep-coat-build/Build/Products/Debug-iphonesimulator/Counting\ Sheep.app/swift-crypto_Crypto.bundle -o /tmp/counting-sheep-coat-build/Build/Products/Debug-iphonesimulator/Counting\ Sheep.app/Info.plist

AppIntentsSSUTraining (in target 'PhoneInTheOtherRoom' from project 'PhoneInTheOtherRoom')
    cd /Users/ngawangchime/Desktop/Developer\ Projects/Phone\ in\ the\ Other\ Room
    /Applications/Xcode.app/Contents/Developer/Toolchains/XcodeDefault.xctoolchain/usr/bin/appintentsnltrainingprocessor --infoplist-path /tmp/counting-sheep-coat-build/Build/Products/Debug-iphonesimulator/Counting\ Sheep.app/Info.plist --temp-dir-path /tmp/counting-sheep-coat-build/Build/Intermediates.noindex/PhoneInTheOtherRoom.build/Debug-iphonesimulator/PhoneInTheOtherRoom.build/ssu --bundle-id com.ngawangchime.countingsheep --product-path /tmp/counting-sheep-coat-build/Build/Products/Debug-iphonesimulator/Counting\ Sheep.app --extracted-metadata-path /tmp/counting-sheep-coat-build/Build/Products/Debug-iphonesimulator/Counting\ Sheep.app/Metadata.appintents --metadata-file-list /tmp/counting-sheep-coat-build/Build/Intermediates.noindex/PhoneInTheOtherRoom.build/Debug-iphonesimulator/PhoneInTheOtherRoom.build/Counting\ Sheep.DependencyMetadataFileList --source-file /tmp/counting-sheep-coat-build/Build/Products/Debug-iphonesimulator/Counting\ Sheep.app/Info.plist --archive-ssu-assets
2026-09-22 23:10:51.061 appintentsnltrainingprocessor[79946:11021394] Parsing options for appintentsnltrainingprocessor
2026-09-22 23:10:51.062 appintentsnltrainingprocessor[79946:11021394] Starting AppIntents SSU YAML Generation
2026-09-22 23:10:51.086 appintentsnltrainingprocessor[79946:11021394] Training 'Put my phone away with ${+applicationName}|Put my phone to bed with ${+applicationName}|Put my phone away with Ollie in ${+applicationName}' for en
2026-09-22 23:10:51.087 appintentsnltrainingprocessor[79946:11021394] Training Negative Phrases '' for en
2026-09-22 23:10:51.087 appintentsnltrainingprocessor[79946:11021394] Application name 'Counting Sheep' for en
2026-09-22 23:10:51.103 appintentsnltrainingprocessor[79946:11021394] Generated AppIntents SSU YAML files in file:///tmp/counting-sheep-coat-build/Build/Intermediates.noindex/PhoneInTheOtherRoom.build/Debug-iphonesimulator/PhoneInTheOtherRoom.build/ssu/
2026-09-22 23:10:51.104 appintentsnltrainingprocessor[79946:11021394] Copied AppIntents SSU YAML files to file:///tmp/counting-sheep-coat-build/Build/Products/Debug-iphonesimulator/Counting(null)heep.app/Metadata.appintents/
Archiving all locales.

[------------------------------------------------------------] 0% archiving en
[🁢🁢🁢🁢🁢🁢🁢🁢🁢🁢🁢🁢🁢🁢🁢🁢🁢🁢🁢🁢🁢🁢🁢🁢🁢🁢🁢🁢🁢🁢🁢🁢🁢🁢🁢🁢🁢🁢🁢🁢🁢🁢🁢🁢🁢🁢🁢🁢🁢🁢🁢🁢🁢🁢🁢🁢🁢🁢🁢🁢] 100% archived en
[🁢🁢🁢🁢🁢🁢🁢🁢🁢🁢🁢🁢🁢🁢🁢🁢🁢🁢🁢🁢🁢🁢🁢🁢🁢🁢🁢🁢🁢🁢🁢🁢🁢🁢🁢🁢🁢🁢🁢🁢🁢🁢🁢🁢🁢🁢🁢🁢🁢🁢🁢🁢🁢🁢🁢🁢🁢🁢🁢🁢] 100% archived 1 locales/tmp/counting-sheep-coat-build/Build/Products/Debug-iphonesimulator/Counting Sheep.app/Metadata.appintents/nlu
/tmp/counting-sheep-coat-build/Build/Products/Debug-iphonesimulator/Counting Sheep.app/Metadata.appintents/nlu/41dbd888499fc29016c9e329a270c0d8.version


CodeSign /tmp/counting-sheep-coat-build/Build/Products/Debug-iphonesimulator/Counting\ Sheep.app/Counting\ Sheep.debug.dylib (in target 'PhoneInTheOtherRoom' from project 'PhoneInTheOtherRoom')
    cd /Users/ngawangchime/Desktop/Developer\ Projects/Phone\ in\ the\ Other\ Room

    Signing Identity:     "Sign to Run Locally"

    /usr/bin/codesign --force --sign - --timestamp\=none --generate-entitlement-der /tmp/counting-sheep-coat-build/Build/Products/Debug-iphonesimulator/Counting\ Sheep.app/Counting\ Sheep.debug.dylib

CodeSign /tmp/counting-sheep-coat-build/Build/Products/Debug-iphonesimulator/Counting\ Sheep.app/__preview.dylib (in target 'PhoneInTheOtherRoom' from project 'PhoneInTheOtherRoom')
    cd /Users/ngawangchime/Desktop/Developer\ Projects/Phone\ in\ the\ Other\ Room

    Signing Identity:     "Sign to Run Locally"

    /usr/bin/codesign --force --sign - --timestamp\=none --generate-entitlement-der /tmp/counting-sheep-coat-build/Build/Products/Debug-iphonesimulator/Counting\ Sheep.app/__preview.dylib
/tmp/counting-sheep-coat-build/Build/Products/Debug-iphonesimulator/Counting Sheep.app/__preview.dylib: replacing existing signature

CodeSign /tmp/counting-sheep-coat-build/Build/Products/Debug-iphonesimulator/Counting\ Sheep.app (in target 'PhoneInTheOtherRoom' from project 'PhoneInTheOtherRoom')
    cd /Users/ngawangchime/Desktop/Developer\ Projects/Phone\ in\ the\ Other\ Room

    Signing Identity:     "Sign to Run Locally"

    /usr/bin/codesign --force --sign - --entitlements /tmp/counting-sheep-coat-build/Build/Intermediates.noindex/PhoneInTheOtherRoom.build/Debug-iphonesimulator/PhoneInTheOtherRoom.build/Counting\ Sheep.app.xcent --timestamp\=none --generate-entitlement-der /tmp/counting-sheep-coat-build/Build/Products/Debug-iphonesimulator/Counting\ Sheep.app

ValidateEmbeddedBinary /tmp/counting-sheep-coat-build/Build/Products/Debug-iphonesimulator/Counting\ Sheep.app/PlugIns/Counting\ Sheep\ Wind\ Down\ Shield.appex (in target 'PhoneInTheOtherRoom' from project 'PhoneInTheOtherRoom')
    cd /Users/ngawangchime/Desktop/Developer\ Projects/Phone\ in\ the\ Other\ Room
    /Applications/Xcode.app/Contents/Developer/usr/bin/embeddedBinaryValidationUtility /tmp/counting-sheep-coat-build/Build/Products/Debug-iphonesimulator/Counting\ Sheep.app/PlugIns/Counting\ Sheep\ Wind\ Down\ Shield.appex -signing-cert - -info-plist-path /tmp/counting-sheep-coat-build/Build/Products/Debug-iphonesimulator/Counting\ Sheep.app/Info.plist

ValidateEmbeddedBinary /tmp/counting-sheep-coat-build/Build/Products/Debug-iphonesimulator/Counting\ Sheep.app/Watch/Counting\ Sheep\ Watch.app (in target 'PhoneInTheOtherRoom' from project 'PhoneInTheOtherRoom')
    cd /Users/ngawangchime/Desktop/Developer\ Projects/Phone\ in\ the\ Other\ Room
    /Applications/Xcode.app/Contents/Developer/usr/bin/embeddedBinaryValidationUtility /tmp/counting-sheep-coat-build/Build/Products/Debug-iphonesimulator/Counting\ Sheep.app/Watch/Counting\ Sheep\ Watch.app -signing-cert - -info-plist-path /tmp/counting-sheep-coat-build/Build/Products/Debug-iphonesimulator/Counting\ Sheep.app/Info.plist

ValidateEmbeddedBinary /tmp/counting-sheep-coat-build/Build/Products/Debug-iphonesimulator/Counting\ Sheep.app/PlugIns/Counting\ Sheep\ Wind\ Down\ Monitor.appex (in target 'PhoneInTheOtherRoom' from project 'PhoneInTheOtherRoom')
    cd /Users/ngawangchime/Desktop/Developer\ Projects/Phone\ in\ the\ Other\ Room
    /Applications/Xcode.app/Contents/Developer/usr/bin/embeddedBinaryValidationUtility /tmp/counting-sheep-coat-build/Build/Products/Debug-iphonesimulator/Counting\ Sheep.app/PlugIns/Counting\ Sheep\ Wind\ Down\ Monitor.appex -signing-cert - -info-plist-path /tmp/counting-sheep-coat-build/Build/Products/Debug-iphonesimulator/Counting\ Sheep.app/Info.plist

ValidateEmbeddedBinary /tmp/counting-sheep-coat-build/Build/Products/Debug-iphonesimulator/Counting\ Sheep.app/PlugIns/Counting\ Sheep\ Wind\ Down\ Action.appex (in target 'PhoneInTheOtherRoom' from project 'PhoneInTheOtherRoom')
    cd /Users/ngawangchime/Desktop/Developer\ Projects/Phone\ in\ the\ Other\ Room
    /Applications/Xcode.app/Contents/Developer/usr/bin/embeddedBinaryValidationUtility /tmp/counting-sheep-coat-build/Build/Products/Debug-iphonesimulator/Counting\ Sheep.app/PlugIns/Counting\ Sheep\ Wind\ Down\ Action.appex -signing-cert - -info-plist-path /tmp/counting-sheep-coat-build/Build/Products/Debug-iphonesimulator/Counting\ Sheep.app/Info.plist

ValidateEmbeddedBinary /tmp/counting-sheep-coat-build/Build/Products/Debug-iphonesimulator/Counting\ Sheep.app/PlugIns/Counting\ Sheep\ Live\ Activity.appex (in target 'PhoneInTheOtherRoom' from project 'PhoneInTheOtherRoom')
    cd /Users/ngawangchime/Desktop/Developer\ Projects/Phone\ in\ the\ Other\ Room
    /Applications/Xcode.app/Contents/Developer/usr/bin/embeddedBinaryValidationUtility /tmp/counting-sheep-coat-build/Build/Products/Debug-iphonesimulator/Counting\ Sheep.app/PlugIns/Counting\ Sheep\ Live\ Activity.appex -signing-cert - -info-plist-path /tmp/counting-sheep-coat-build/Build/Products/Debug-iphonesimulator/Counting\ Sheep.app/Info.plist

ValidateEmbeddedBinary /tmp/counting-sheep-coat-build/Build/Products/Debug-iphonesimulator/Counting\ Sheep.app/Extensions/Counting\ Sheep\ Screen\ Time\ Report.appex (in target 'PhoneInTheOtherRoom' from project 'PhoneInTheOtherRoom')
    cd /Users/ngawangchime/Desktop/Developer\ Projects/Phone\ in\ the\ Other\ Room
    /Applications/Xcode.app/Contents/Developer/usr/bin/embeddedBinaryValidationUtility /tmp/counting-sheep-coat-build/Build/Products/Debug-iphonesimulator/Counting\ Sheep.app/Extensions/Counting\ Sheep\ Screen\ Time\ Report.appex -signing-cert - -info-plist-path /tmp/counting-sheep-coat-build/Build/Products/Debug-iphonesimulator/Counting\ Sheep.app/Info.plist

Validate /tmp/counting-sheep-coat-build/Build/Products/Debug-iphonesimulator/Counting\ Sheep.app (in target 'PhoneInTheOtherRoom' from project 'PhoneInTheOtherRoom')
    cd /Users/ngawangchime/Desktop/Developer\ Projects/Phone\ in\ the\ Other\ Room
    builtin-validationUtility /tmp/counting-sheep-coat-build/Build/Products/Debug-iphonesimulator/Counting\ Sheep.app -shallow-bundle -infoplist-subpath Info.plist

** BUILD SUCCEEDED **
