Command line invocation:
    /Applications/Xcode.app/Contents/Developer/usr/bin/xcodebuild build -project PhoneInTheOtherRoom.xcodeproj -scheme PhoneInTheOtherRoom -destination "generic/platform=iOS Simulator" -derivedDataPath /tmp/slumber-repair-derived

Resolve Package Graph


Resolved source packages:
  swift-clocks: https://github.com/pointfreeco/swift-clocks @ 1.1.0
  swift-crypto: https://github.com/apple/swift-crypto.git @ 4.5.0
  swift-http-types: https://github.com/apple/swift-http-types.git @ 1.6.0
  swift-concurrency-extras: https://github.com/pointfreeco/swift-concurrency-extras @ 1.4.0
  xctest-dynamic-overlay: https://github.com/pointfreeco/xctest-dynamic-overlay @ 1.11.0
  swift-asn1: https://github.com/apple/swift-asn1.git @ 1.7.1
  Supabase: https://github.com/supabase/supabase-swift.git @ 2.51.0

ComputePackagePrebuildTargetDependencyGraph

Prepare packages

CreateBuildRequest

SendProjectDescription

CreateBuildOperation

ComputeTargetDependencyGraph
note: Building targets in dependency order
note: Target dependency graph (29 targets)
    Target 'PhoneInTheOtherRoom' in project 'PhoneInTheOtherRoom'
        ➜ Explicit dependency on target 'PhoneInTheOtherRoomWatchApp' in project 'PhoneInTheOtherRoom'
        ➜ Explicit dependency on target 'PhoneInTheOtherRoomLiveActivity' in project 'PhoneInTheOtherRoom'
        ➜ Explicit dependency on target 'PhoneInTheOtherRoomScreenTimeReport' in project 'PhoneInTheOtherRoom'
        ➜ Explicit dependency on target 'PhoneInTheOtherRoomDeviceActivityMonitor' in project 'PhoneInTheOtherRoom'
        ➜ Explicit dependency on target 'PhoneInTheOtherRoomShieldConfiguration' in project 'PhoneInTheOtherRoom'
        ➜ Explicit dependency on target 'PhoneInTheOtherRoomShieldAction' in project 'PhoneInTheOtherRoom'
        ➜ Explicit dependency on target 'Supabase' in project 'Supabase'
    Target 'Supabase' in project 'Supabase'
        ➜ Explicit dependency on target 'Supabase' in project 'Supabase'
        ➜ Explicit dependency on target 'Helpers' in project 'Supabase'
        ➜ Explicit dependency on target 'Auth' in project 'Supabase'
        ➜ Explicit dependency on target 'Functions' in project 'Supabase'
        ➜ Explicit dependency on target 'PostgREST' in project 'Supabase'
        ➜ Explicit dependency on target 'RealtimeV2' in project 'Supabase'
        ➜ Explicit dependency on target 'Realtime' in project 'Supabase'
        ➜ Explicit dependency on target 'Storage' in project 'Supabase'
        ➜ Explicit dependency on target 'ConcurrencyExtras' in project 'swift-concurrency-extras'
        ➜ Explicit dependency on target 'HTTPTypes' in project 'swift-http-types'
        ➜ Explicit dependency on target 'Clocks' in project 'swift-clocks'
        ➜ Explicit dependency on target 'XCTestDynamicOverlay' in project 'xctest-dynamic-overlay'
        ➜ Explicit dependency on target 'IssueReporting' in project 'xctest-dynamic-overlay'
        ➜ Explicit dependency on target 'Crypto' in project 'swift-crypto'
    Target 'Supabase' in project 'Supabase'
        ➜ Explicit dependency on target 'Helpers' in project 'Supabase'
        ➜ Explicit dependency on target 'Auth' in project 'Supabase'
        ➜ Explicit dependency on target 'Functions' in project 'Supabase'
        ➜ Explicit dependency on target 'PostgREST' in project 'Supabase'
        ➜ Explicit dependency on target 'RealtimeV2' in project 'Supabase'
        ➜ Explicit dependency on target 'Realtime' in project 'Supabase'
        ➜ Explicit dependency on target 'Storage' in project 'Supabase'
        ➜ Explicit dependency on target 'ConcurrencyExtras' in project 'swift-concurrency-extras'
        ➜ Explicit dependency on target 'HTTPTypes' in project 'swift-http-types'
        ➜ Explicit dependency on target 'Clocks' in project 'swift-clocks'
        ➜ Explicit dependency on target 'XCTestDynamicOverlay' in project 'xctest-dynamic-overlay'
        ➜ Explicit dependency on target 'IssueReporting' in project 'xctest-dynamic-overlay'
        ➜ Explicit dependency on target 'Crypto' in project 'swift-crypto'
    Target 'Storage' in project 'Supabase'
        ➜ Explicit dependency on target 'Helpers' in project 'Supabase'
        ➜ Explicit dependency on target 'ConcurrencyExtras' in project 'swift-concurrency-extras'
        ➜ Explicit dependency on target 'HTTPTypes' in project 'swift-http-types'
        ➜ Explicit dependency on target 'Clocks' in project 'swift-clocks'
        ➜ Explicit dependency on target 'XCTestDynamicOverlay' in project 'xctest-dynamic-overlay'
        ➜ Explicit dependency on target 'IssueReporting' in project 'xctest-dynamic-overlay'
    Target 'Realtime' in project 'Supabase'
        ➜ Explicit dependency on target 'Helpers' in project 'Supabase'
        ➜ Explicit dependency on target 'RealtimeV2' in project 'Supabase'
        ➜ Explicit dependency on target 'ConcurrencyExtras' in project 'swift-concurrency-extras'
        ➜ Explicit dependency on target 'HTTPTypes' in project 'swift-http-types'
        ➜ Explicit dependency on target 'Clocks' in project 'swift-clocks'
        ➜ Explicit dependency on target 'XCTestDynamicOverlay' in project 'xctest-dynamic-overlay'
        ➜ Explicit dependency on target 'IssueReporting' in project 'xctest-dynamic-overlay'
    Target 'RealtimeV2' in project 'Supabase'
        ➜ Explicit dependency on target 'Helpers' in project 'Supabase'
        ➜ Explicit dependency on target 'ConcurrencyExtras' in project 'swift-concurrency-extras'
        ➜ Explicit dependency on target 'HTTPTypes' in project 'swift-http-types'
        ➜ Explicit dependency on target 'Clocks' in project 'swift-clocks'
        ➜ Explicit dependency on target 'XCTestDynamicOverlay' in project 'xctest-dynamic-overlay'
        ➜ Explicit dependency on target 'IssueReporting' in project 'xctest-dynamic-overlay'
    Target 'PostgREST' in project 'Supabase'
        ➜ Explicit dependency on target 'Helpers' in project 'Supabase'
        ➜ Explicit dependency on target 'ConcurrencyExtras' in project 'swift-concurrency-extras'
        ➜ Explicit dependency on target 'HTTPTypes' in project 'swift-http-types'
        ➜ Explicit dependency on target 'Clocks' in project 'swift-clocks'
        ➜ Explicit dependency on target 'XCTestDynamicOverlay' in project 'xctest-dynamic-overlay'
        ➜ Explicit dependency on target 'IssueReporting' in project 'xctest-dynamic-overlay'
    Target 'Functions' in project 'Supabase'
        ➜ Explicit dependency on target 'Helpers' in project 'Supabase'
        ➜ Explicit dependency on target 'ConcurrencyExtras' in project 'swift-concurrency-extras'
        ➜ Explicit dependency on target 'HTTPTypes' in project 'swift-http-types'
        ➜ Explicit dependency on target 'Clocks' in project 'swift-clocks'
        ➜ Explicit dependency on target 'XCTestDynamicOverlay' in project 'xctest-dynamic-overlay'
        ➜ Explicit dependency on target 'IssueReporting' in project 'xctest-dynamic-overlay'
    Target 'Auth' in project 'Supabase'
        ➜ Explicit dependency on target 'Helpers' in project 'Supabase'
        ➜ Explicit dependency on target 'ConcurrencyExtras' in project 'swift-concurrency-extras'
        ➜ Explicit dependency on target 'HTTPTypes' in project 'swift-http-types'
        ➜ Explicit dependency on target 'Clocks' in project 'swift-clocks'
        ➜ Explicit dependency on target 'XCTestDynamicOverlay' in project 'xctest-dynamic-overlay'
        ➜ Explicit dependency on target 'IssueReporting' in project 'xctest-dynamic-overlay'
        ➜ Explicit dependency on target 'Crypto' in project 'swift-crypto'
    Target 'Crypto' in project 'swift-crypto'
        ➜ Explicit dependency on target 'Crypto' in project 'swift-crypto'
        ➜ Explicit dependency on target 'swift-crypto_Crypto' in project 'swift-crypto'
    Target 'Crypto' in project 'swift-crypto'
        ➜ Explicit dependency on target 'swift-crypto_Crypto' in project 'swift-crypto'
    Target 'swift-crypto_Crypto' in project 'swift-crypto' (no dependencies)
    Target 'Helpers' in project 'Supabase'
        ➜ Explicit dependency on target 'ConcurrencyExtras' in project 'swift-concurrency-extras'
        ➜ Explicit dependency on target 'HTTPTypes' in project 'swift-http-types'
        ➜ Explicit dependency on target 'Clocks' in project 'swift-clocks'
        ➜ Explicit dependency on target 'XCTestDynamicOverlay' in project 'xctest-dynamic-overlay'
        ➜ Explicit dependency on target 'IssueReporting' in project 'xctest-dynamic-overlay'
    Target 'XCTestDynamicOverlay' in project 'xctest-dynamic-overlay'
        ➜ Explicit dependency on target 'XCTestDynamicOverlay' in project 'xctest-dynamic-overlay'
        ➜ Explicit dependency on target 'IssueReporting' in project 'xctest-dynamic-overlay'
    Target 'XCTestDynamicOverlay' in project 'xctest-dynamic-overlay'
        ➜ Explicit dependency on target 'IssueReporting' in project 'xctest-dynamic-overlay'
    Target 'Clocks' in project 'swift-clocks'
        ➜ Explicit dependency on target 'Clocks' in project 'swift-clocks'
        ➜ Explicit dependency on target 'ConcurrencyExtras' in project 'swift-concurrency-extras'
        ➜ Explicit dependency on target 'IssueReporting' in project 'xctest-dynamic-overlay'
    Target 'Clocks' in project 'swift-clocks'
        ➜ Explicit dependency on target 'ConcurrencyExtras' in project 'swift-concurrency-extras'
        ➜ Explicit dependency on target 'IssueReporting' in project 'xctest-dynamic-overlay'
    Target 'IssueReporting' in project 'xctest-dynamic-overlay'
        ➜ Explicit dependency on target 'IssueReporting' in project 'xctest-dynamic-overlay'
    Target 'IssueReporting' in project 'xctest-dynamic-overlay' (no dependencies)
    Target 'HTTPTypes' in project 'swift-http-types'
        ➜ Explicit dependency on target 'HTTPTypes' in project 'swift-http-types'
    Target 'HTTPTypes' in project 'swift-http-types' (no dependencies)
    Target 'ConcurrencyExtras' in project 'swift-concurrency-extras'
        ➜ Explicit dependency on target 'ConcurrencyExtras' in project 'swift-concurrency-extras'
    Target 'ConcurrencyExtras' in project 'swift-concurrency-extras' (no dependencies)
    Target 'PhoneInTheOtherRoomShieldAction' in project 'PhoneInTheOtherRoom' (no dependencies)
    Target 'PhoneInTheOtherRoomShieldConfiguration' in project 'PhoneInTheOtherRoom' (no dependencies)
    Target 'PhoneInTheOtherRoomDeviceActivityMonitor' in project 'PhoneInTheOtherRoom' (no dependencies)
    Target 'PhoneInTheOtherRoomScreenTimeReport' in project 'PhoneInTheOtherRoom' (no dependencies)
    Target 'PhoneInTheOtherRoomLiveActivity' in project 'PhoneInTheOtherRoom' (no dependencies)
    Target 'PhoneInTheOtherRoomWatchApp' in project 'PhoneInTheOtherRoom' (no dependencies)

GatherProvisioningInputs

CreateBuildDescription

ClangStatCache /Applications/Xcode.app/Contents/Developer/Toolchains/XcodeDefault.xctoolchain/usr/bin/clang-stat-cache /Applications/Xcode.app/Contents/Developer/Platforms/iPhoneSimulator.platform/Developer/SDKs/iPhoneSimulator26.5.sdk /tmp/slumber-repair-derived/SDKStatCaches.noindex/iphonesimulator26.5-23F81a-6cfe768891a92b912361537c460fe42b.sdkstatcache
    cd /Users/ngawangchime/Desktop/Developer\ Projects/Phone\ in\ the\ Other\ Room/PhoneInTheOtherRoom.xcodeproj
    /Applications/Xcode.app/Contents/Developer/Toolchains/XcodeDefault.xctoolchain/usr/bin/clang-stat-cache /Applications/Xcode.app/Contents/Developer/Platforms/iPhoneSimulator.platform/Developer/SDKs/iPhoneSimulator26.5.sdk -o /tmp/slumber-repair-derived/SDKStatCaches.noindex/iphonesimulator26.5-23F81a-6cfe768891a92b912361537c460fe42b.sdkstatcache

ClangStatCache /Applications/Xcode.app/Contents/Developer/Toolchains/XcodeDefault.xctoolchain/usr/bin/clang-stat-cache /Applications/Xcode.app/Contents/Developer/Platforms/WatchSimulator.platform/Developer/SDKs/WatchSimulator26.5.sdk /tmp/slumber-repair-derived/SDKStatCaches.noindex/watchsimulator26.5-23T570-1651579a441f1322ae888f0ed545cb80.sdkstatcache
    cd /Users/ngawangchime/Desktop/Developer\ Projects/Phone\ in\ the\ Other\ Room/PhoneInTheOtherRoom.xcodeproj
    /Applications/Xcode.app/Contents/Developer/Toolchains/XcodeDefault.xctoolchain/usr/bin/clang-stat-cache /Applications/Xcode.app/Contents/Developer/Platforms/WatchSimulator.platform/Developer/SDKs/WatchSimulator26.5.sdk -o /tmp/slumber-repair-derived/SDKStatCaches.noindex/watchsimulator26.5-23T570-1651579a441f1322ae888f0ed545cb80.sdkstatcache

ProcessProductPackaging /Users/ngawangchime/Desktop/Developer\ Projects/Phone\ in\ the\ Other\ Room/PhoneInTheOtherRoomWatchApp/PhoneInTheOtherRoomWatchApp.entitlements /tmp/slumber-repair-derived/Build/Intermediates.noindex/PhoneInTheOtherRoom.build/Debug-watchsimulator/PhoneInTheOtherRoomWatchApp.build/Counting\ Sheep\ Watch.app.xcent (in target 'PhoneInTheOtherRoomWatchApp' from project 'PhoneInTheOtherRoom')
    cd /Users/ngawangchime/Desktop/Developer\ Projects/Phone\ in\ the\ Other\ Room

    Entitlements:

    {
}

    builtin-productPackagingUtility /Users/ngawangchime/Desktop/Developer\ Projects/Phone\ in\ the\ Other\ Room/PhoneInTheOtherRoomWatchApp/PhoneInTheOtherRoomWatchApp.entitlements -entitlements -format xml -o /tmp/slumber-repair-derived/Build/Intermediates.noindex/PhoneInTheOtherRoom.build/Debug-watchsimulator/PhoneInTheOtherRoomWatchApp.build/Counting\ Sheep\ Watch.app.xcent

ProcessProductPackaging /Users/ngawangchime/Desktop/Developer\ Projects/Phone\ in\ the\ Other\ Room/PhoneInTheOtherRoomScreenTimeReport/PhoneInTheOtherRoomScreenTimeReport.entitlements /tmp/slumber-repair-derived/Build/Intermediates.noindex/PhoneInTheOtherRoom.build/Debug-iphonesimulator/PhoneInTheOtherRoomScreenTimeReport.build/Counting\ Sheep\ Screen\ Time\ Report.appex-Simulated.xcent (in target 'PhoneInTheOtherRoomScreenTimeReport' from project 'PhoneInTheOtherRoom')
    cd /Users/ngawangchime/Desktop/Developer\ Projects/Phone\ in\ the\ Other\ Room

    Entitlements:

    {
    "application-identifier" = "4KZQPZR47B.com.ngawangchime.countingsheep.ScreenTimeReport";
    "com.apple.developer.family-controls" = 1;
    "com.apple.security.application-groups" =     (
        "group.com.ngawangchime.countingsheep"
    );
}

    builtin-productPackagingUtility /Users/ngawangchime/Desktop/Developer\ Projects/Phone\ in\ the\ Other\ Room/PhoneInTheOtherRoomScreenTimeReport/PhoneInTheOtherRoomScreenTimeReport.entitlements -entitlements -format xml -o /tmp/slumber-repair-derived/Build/Intermediates.noindex/PhoneInTheOtherRoom.build/Debug-iphonesimulator/PhoneInTheOtherRoomScreenTimeReport.build/Counting\ Sheep\ Screen\ Time\ Report.appex-Simulated.xcent

ProcessProductPackaging /Users/ngawangchime/Desktop/Developer\ Projects/Phone\ in\ the\ Other\ Room/PhoneInTheOtherRoomWatchApp/PhoneInTheOtherRoomWatchApp.entitlements /tmp/slumber-repair-derived/Build/Intermediates.noindex/PhoneInTheOtherRoom.build/Debug-watchsimulator/PhoneInTheOtherRoomWatchApp.build/Counting\ Sheep\ Watch.app-Simulated.xcent (in target 'PhoneInTheOtherRoomWatchApp' from project 'PhoneInTheOtherRoom')
    cd /Users/ngawangchime/Desktop/Developer\ Projects/Phone\ in\ the\ Other\ Room

    Entitlements:

    {
    "application-identifier" = "4KZQPZR47B.com.ngawangchime.countingsheep.watchkitapp";
}

    builtin-productPackagingUtility /Users/ngawangchime/Desktop/Developer\ Projects/Phone\ in\ the\ Other\ Room/PhoneInTheOtherRoomWatchApp/PhoneInTheOtherRoomWatchApp.entitlements -entitlements -format xml -o /tmp/slumber-repair-derived/Build/Intermediates.noindex/PhoneInTheOtherRoom.build/Debug-watchsimulator/PhoneInTheOtherRoomWatchApp.build/Counting\ Sheep\ Watch.app-Simulated.xcent

ProcessProductPackaging /Users/ngawangchime/Desktop/Developer\ Projects/Phone\ in\ the\ Other\ Room/PhoneInTheOtherRoomShieldConfiguration/PhoneInTheOtherRoomShieldConfiguration.entitlements /tmp/slumber-repair-derived/Build/Intermediates.noindex/PhoneInTheOtherRoom.build/Debug-iphonesimulator/PhoneInTheOtherRoomShieldConfiguration.build/Counting\ Sheep\ Wind\ Down\ Shield.appex-Simulated.xcent (in target 'PhoneInTheOtherRoomShieldConfiguration' from project 'PhoneInTheOtherRoom')
    cd /Users/ngawangchime/Desktop/Developer\ Projects/Phone\ in\ the\ Other\ Room

    Entitlements:

    {
    "application-identifier" = "4KZQPZR47B.com.ngawangchime.countingsheep.ShieldConfiguration";
    "com.apple.developer.family-controls" = 1;
    "com.apple.security.application-groups" =     (
        "group.com.ngawangchime.countingsheep"
    );
}

    builtin-productPackagingUtility /Users/ngawangchime/Desktop/Developer\ Projects/Phone\ in\ the\ Other\ Room/PhoneInTheOtherRoomShieldConfiguration/PhoneInTheOtherRoomShieldConfiguration.entitlements -entitlements -format xml -o /tmp/slumber-repair-derived/Build/Intermediates.noindex/PhoneInTheOtherRoom.build/Debug-iphonesimulator/PhoneInTheOtherRoomShieldConfiguration.build/Counting\ Sheep\ Wind\ Down\ Shield.appex-Simulated.xcent

ProcessProductPackaging /Users/ngawangchime/Desktop/Developer\ Projects/Phone\ in\ the\ Other\ Room/PhoneInTheOtherRoomShieldConfiguration/PhoneInTheOtherRoomShieldConfiguration.entitlements /tmp/slumber-repair-derived/Build/Intermediates.noindex/PhoneInTheOtherRoom.build/Debug-iphonesimulator/PhoneInTheOtherRoomShieldConfiguration.build/Counting\ Sheep\ Wind\ Down\ Shield.appex.xcent (in target 'PhoneInTheOtherRoomShieldConfiguration' from project 'PhoneInTheOtherRoom')
    cd /Users/ngawangchime/Desktop/Developer\ Projects/Phone\ in\ the\ Other\ Room

    Entitlements:

    {
}

    builtin-productPackagingUtility /Users/ngawangchime/Desktop/Developer\ Projects/Phone\ in\ the\ Other\ Room/PhoneInTheOtherRoomShieldConfiguration/PhoneInTheOtherRoomShieldConfiguration.entitlements -entitlements -format xml -o /tmp/slumber-repair-derived/Build/Intermediates.noindex/PhoneInTheOtherRoom.build/Debug-iphonesimulator/PhoneInTheOtherRoomShieldConfiguration.build/Counting\ Sheep\ Wind\ Down\ Shield.appex.xcent

ProcessProductPackaging /Users/ngawangchime/Desktop/Developer\ Projects/Phone\ in\ the\ Other\ Room/PhoneInTheOtherRoomScreenTimeReport/PhoneInTheOtherRoomScreenTimeReport.entitlements /tmp/slumber-repair-derived/Build/Intermediates.noindex/PhoneInTheOtherRoom.build/Debug-iphonesimulator/PhoneInTheOtherRoomScreenTimeReport.build/Counting\ Sheep\ Screen\ Time\ Report.appex.xcent (in target 'PhoneInTheOtherRoomScreenTimeReport' from project 'PhoneInTheOtherRoom')
    cd /Users/ngawangchime/Desktop/Developer\ Projects/Phone\ in\ the\ Other\ Room

    Entitlements:

    {
}

    builtin-productPackagingUtility /Users/ngawangchime/Desktop/Developer\ Projects/Phone\ in\ the\ Other\ Room/PhoneInTheOtherRoomScreenTimeReport/PhoneInTheOtherRoomScreenTimeReport.entitlements -entitlements -format xml -o /tmp/slumber-repair-derived/Build/Intermediates.noindex/PhoneInTheOtherRoom.build/Debug-iphonesimulator/PhoneInTheOtherRoomScreenTimeReport.build/Counting\ Sheep\ Screen\ Time\ Report.appex.xcent

Copy /tmp/slumber-repair-derived/Build/Intermediates.noindex/GeneratedModuleMaps-iphonesimulator/XCTestDynamicOverlay.modulemap /tmp/slumber-repair-derived/Build/Intermediates.noindex/xctest-dynamic-overlay.build/Debug-iphonesimulator/XCTestDynamicOverlay.build/XCTestDynamicOverlay.modulemap (in target 'XCTestDynamicOverlay' from project 'xctest-dynamic-overlay')
    cd /tmp/slumber-repair-derived/SourcePackages/checkouts/xctest-dynamic-overlay
    builtin-copy -exclude .DS_Store -exclude CVS -exclude .svn -exclude .git -exclude .hg -resolve-src-symlinks /tmp/slumber-repair-derived/Build/Intermediates.noindex/xctest-dynamic-overlay.build/Debug-iphonesimulator/XCTestDynamicOverlay.build/XCTestDynamicOverlay.modulemap /tmp/slumber-repair-derived/Build/Intermediates.noindex/GeneratedModuleMaps-iphonesimulator

Copy /tmp/slumber-repair-derived/Build/Intermediates.noindex/GeneratedModuleMaps-iphonesimulator/Supabase.modulemap /tmp/slumber-repair-derived/Build/Intermediates.noindex/Supabase.build/Debug-iphonesimulator/Supabase.build/Supabase.modulemap (in target 'Supabase' from project 'Supabase')
    cd /tmp/slumber-repair-derived/SourcePackages/checkouts/supabase-swift
    builtin-copy -exclude .DS_Store -exclude CVS -exclude .svn -exclude .git -exclude .hg -resolve-src-symlinks /tmp/slumber-repair-derived/Build/Intermediates.noindex/Supabase.build/Debug-iphonesimulator/Supabase.build/Supabase.modulemap /tmp/slumber-repair-derived/Build/Intermediates.noindex/GeneratedModuleMaps-iphonesimulator

Copy /tmp/slumber-repair-derived/Build/Intermediates.noindex/GeneratedModuleMaps-iphonesimulator/Storage.modulemap /tmp/slumber-repair-derived/Build/Intermediates.noindex/Supabase.build/Debug-iphonesimulator/Storage.build/Storage.modulemap (in target 'Storage' from project 'Supabase')
    cd /tmp/slumber-repair-derived/SourcePackages/checkouts/supabase-swift
    builtin-copy -exclude .DS_Store -exclude CVS -exclude .svn -exclude .git -exclude .hg -resolve-src-symlinks /tmp/slumber-repair-derived/Build/Intermediates.noindex/Supabase.build/Debug-iphonesimulator/Storage.build/Storage.modulemap /tmp/slumber-repair-derived/Build/Intermediates.noindex/GeneratedModuleMaps-iphonesimulator

Copy /tmp/slumber-repair-derived/Build/Intermediates.noindex/GeneratedModuleMaps-iphonesimulator/RealtimeV2.modulemap /tmp/slumber-repair-derived/Build/Intermediates.noindex/Supabase.build/Debug-iphonesimulator/RealtimeV2.build/RealtimeV2.modulemap (in target 'RealtimeV2' from project 'Supabase')
    cd /tmp/slumber-repair-derived/SourcePackages/checkouts/supabase-swift
    builtin-copy -exclude .DS_Store -exclude CVS -exclude .svn -exclude .git -exclude .hg -resolve-src-symlinks /tmp/slumber-repair-derived/Build/Intermediates.noindex/Supabase.build/Debug-iphonesimulator/RealtimeV2.build/RealtimeV2.modulemap /tmp/slumber-repair-derived/Build/Intermediates.noindex/GeneratedModuleMaps-iphonesimulator

Copy /tmp/slumber-repair-derived/Build/Intermediates.noindex/GeneratedModuleMaps-iphonesimulator/Realtime.modulemap /tmp/slumber-repair-derived/Build/Intermediates.noindex/Supabase.build/Debug-iphonesimulator/Realtime.build/Realtime.modulemap (in target 'Realtime' from project 'Supabase')
    cd /tmp/slumber-repair-derived/SourcePackages/checkouts/supabase-swift
    builtin-copy -exclude .DS_Store -exclude CVS -exclude .svn -exclude .git -exclude .hg -resolve-src-symlinks /tmp/slumber-repair-derived/Build/Intermediates.noindex/Supabase.build/Debug-iphonesimulator/Realtime.build/Realtime.modulemap /tmp/slumber-repair-derived/Build/Intermediates.noindex/GeneratedModuleMaps-iphonesimulator

Copy /tmp/slumber-repair-derived/Build/Intermediates.noindex/GeneratedModuleMaps-iphonesimulator/PostgREST.modulemap /tmp/slumber-repair-derived/Build/Intermediates.noindex/Supabase.build/Debug-iphonesimulator/PostgREST.build/PostgREST.modulemap (in target 'PostgREST' from project 'Supabase')
    cd /tmp/slumber-repair-derived/SourcePackages/checkouts/supabase-swift
    builtin-copy -exclude .DS_Store -exclude CVS -exclude .svn -exclude .git -exclude .hg -resolve-src-symlinks /tmp/slumber-repair-derived/Build/Intermediates.noindex/Supabase.build/Debug-iphonesimulator/PostgREST.build/PostgREST.modulemap /tmp/slumber-repair-derived/Build/Intermediates.noindex/GeneratedModuleMaps-iphonesimulator

Copy /tmp/slumber-repair-derived/Build/Intermediates.noindex/GeneratedModuleMaps-iphonesimulator/IssueReporting.modulemap /tmp/slumber-repair-derived/Build/Intermediates.noindex/xctest-dynamic-overlay.build/Debug-iphonesimulator/IssueReporting.build/IssueReporting.modulemap (in target 'IssueReporting' from project 'xctest-dynamic-overlay')
    cd /tmp/slumber-repair-derived/SourcePackages/checkouts/xctest-dynamic-overlay
    builtin-copy -exclude .DS_Store -exclude CVS -exclude .svn -exclude .git -exclude .hg -resolve-src-symlinks /tmp/slumber-repair-derived/Build/Intermediates.noindex/xctest-dynamic-overlay.build/Debug-iphonesimulator/IssueReporting.build/IssueReporting.modulemap /tmp/slumber-repair-derived/Build/Intermediates.noindex/GeneratedModuleMaps-iphonesimulator

Copy /tmp/slumber-repair-derived/Build/Intermediates.noindex/GeneratedModuleMaps-iphonesimulator/Helpers.modulemap /tmp/slumber-repair-derived/Build/Intermediates.noindex/Supabase.build/Debug-iphonesimulator/Helpers.build/Helpers.modulemap (in target 'Helpers' from project 'Supabase')
    cd /tmp/slumber-repair-derived/SourcePackages/checkouts/supabase-swift
    builtin-copy -exclude .DS_Store -exclude CVS -exclude .svn -exclude .git -exclude .hg -resolve-src-symlinks /tmp/slumber-repair-derived/Build/Intermediates.noindex/Supabase.build/Debug-iphonesimulator/Helpers.build/Helpers.modulemap /tmp/slumber-repair-derived/Build/Intermediates.noindex/GeneratedModuleMaps-iphonesimulator

Copy /tmp/slumber-repair-derived/Build/Intermediates.noindex/GeneratedModuleMaps-iphonesimulator/HTTPTypes.modulemap /tmp/slumber-repair-derived/Build/Intermediates.noindex/swift-http-types.build/Debug-iphonesimulator/HTTPTypes.build/HTTPTypes.modulemap (in target 'HTTPTypes' from project 'swift-http-types')
    cd /tmp/slumber-repair-derived/SourcePackages/checkouts/swift-http-types
    builtin-copy -exclude .DS_Store -exclude CVS -exclude .svn -exclude .git -exclude .hg -resolve-src-symlinks /tmp/slumber-repair-derived/Build/Intermediates.noindex/swift-http-types.build/Debug-iphonesimulator/HTTPTypes.build/HTTPTypes.modulemap /tmp/slumber-repair-derived/Build/Intermediates.noindex/GeneratedModuleMaps-iphonesimulator

Copy /tmp/slumber-repair-derived/Build/Intermediates.noindex/GeneratedModuleMaps-iphonesimulator/Functions.modulemap /tmp/slumber-repair-derived/Build/Intermediates.noindex/Supabase.build/Debug-iphonesimulator/Functions.build/Functions.modulemap (in target 'Functions' from project 'Supabase')
    cd /tmp/slumber-repair-derived/SourcePackages/checkouts/supabase-swift
    builtin-copy -exclude .DS_Store -exclude CVS -exclude .svn -exclude .git -exclude .hg -resolve-src-symlinks /tmp/slumber-repair-derived/Build/Intermediates.noindex/Supabase.build/Debug-iphonesimulator/Functions.build/Functions.modulemap /tmp/slumber-repair-derived/Build/Intermediates.noindex/GeneratedModuleMaps-iphonesimulator

Copy /tmp/slumber-repair-derived/Build/Intermediates.noindex/GeneratedModuleMaps-iphonesimulator/Crypto.modulemap /tmp/slumber-repair-derived/Build/Intermediates.noindex/swift-crypto.build/Debug-iphonesimulator/Crypto.build/Crypto.modulemap (in target 'Crypto' from project 'swift-crypto')
    cd /tmp/slumber-repair-derived/SourcePackages/checkouts/swift-crypto
    builtin-copy -exclude .DS_Store -exclude CVS -exclude .svn -exclude .git -exclude .hg -resolve-src-symlinks /tmp/slumber-repair-derived/Build/Intermediates.noindex/swift-crypto.build/Debug-iphonesimulator/Crypto.build/Crypto.modulemap /tmp/slumber-repair-derived/Build/Intermediates.noindex/GeneratedModuleMaps-iphonesimulator

Copy /tmp/slumber-repair-derived/Build/Intermediates.noindex/GeneratedModuleMaps-iphonesimulator/ConcurrencyExtras.modulemap /tmp/slumber-repair-derived/Build/Intermediates.noindex/swift-concurrency-extras.build/Debug-iphonesimulator/ConcurrencyExtras.build/ConcurrencyExtras.modulemap (in target 'ConcurrencyExtras' from project 'swift-concurrency-extras')
    cd /tmp/slumber-repair-derived/SourcePackages/checkouts/swift-concurrency-extras
    builtin-copy -exclude .DS_Store -exclude CVS -exclude .svn -exclude .git -exclude .hg -resolve-src-symlinks /tmp/slumber-repair-derived/Build/Intermediates.noindex/swift-concurrency-extras.build/Debug-iphonesimulator/ConcurrencyExtras.build/ConcurrencyExtras.modulemap /tmp/slumber-repair-derived/Build/Intermediates.noindex/GeneratedModuleMaps-iphonesimulator

Copy /tmp/slumber-repair-derived/Build/Intermediates.noindex/GeneratedModuleMaps-iphonesimulator/Clocks.modulemap /tmp/slumber-repair-derived/Build/Intermediates.noindex/swift-clocks.build/Debug-iphonesimulator/Clocks.build/Clocks.modulemap (in target 'Clocks' from project 'swift-clocks')
    cd /tmp/slumber-repair-derived/SourcePackages/checkouts/swift-clocks
    builtin-copy -exclude .DS_Store -exclude CVS -exclude .svn -exclude .git -exclude .hg -resolve-src-symlinks /tmp/slumber-repair-derived/Build/Intermediates.noindex/swift-clocks.build/Debug-iphonesimulator/Clocks.build/Clocks.modulemap /tmp/slumber-repair-derived/Build/Intermediates.noindex/GeneratedModuleMaps-iphonesimulator

Copy /tmp/slumber-repair-derived/Build/Intermediates.noindex/GeneratedModuleMaps-iphonesimulator/Auth.modulemap /tmp/slumber-repair-derived/Build/Intermediates.noindex/Supabase.build/Debug-iphonesimulator/Auth.build/Auth.modulemap (in target 'Auth' from project 'Supabase')
    cd /tmp/slumber-repair-derived/SourcePackages/checkouts/supabase-swift
    builtin-copy -exclude .DS_Store -exclude CVS -exclude .svn -exclude .git -exclude .hg -resolve-src-symlinks /tmp/slumber-repair-derived/Build/Intermediates.noindex/Supabase.build/Debug-iphonesimulator/Auth.build/Auth.modulemap /tmp/slumber-repair-derived/Build/Intermediates.noindex/GeneratedModuleMaps-iphonesimulator

ProcessInfoPlistFile /tmp/slumber-repair-derived/Build/Products/Debug-iphonesimulator/swift-crypto_Crypto.bundle/Info.plist /tmp/slumber-repair-derived/Build/Intermediates.noindex/swift-crypto.build/Debug-iphonesimulator/swift-crypto_Crypto.build/empty-swift-crypto_Crypto.plist (in target 'swift-crypto_Crypto' from project 'swift-crypto')
    cd /tmp/slumber-repair-derived/SourcePackages/checkouts/swift-crypto
    builtin-infoPlistUtility /tmp/slumber-repair-derived/Build/Intermediates.noindex/swift-crypto.build/Debug-iphonesimulator/swift-crypto_Crypto.build/empty-swift-crypto_Crypto.plist -producttype com.apple.product-type.bundle -expandbuildsettings -format binary -platform iphonesimulator -o /tmp/slumber-repair-derived/Build/Products/Debug-iphonesimulator/swift-crypto_Crypto.bundle/Info.plist

CpResource /tmp/slumber-repair-derived/Build/Products/Debug-iphonesimulator/swift-crypto_Crypto.bundle/PrivacyInfo.xcprivacy /tmp/slumber-repair-derived/SourcePackages/checkouts/swift-crypto/Sources/Crypto/PrivacyInfo.xcprivacy (in target 'swift-crypto_Crypto' from project 'swift-crypto')
    cd /tmp/slumber-repair-derived/SourcePackages/checkouts/swift-crypto
    builtin-copy -exclude .DS_Store -exclude CVS -exclude .svn -exclude .git -exclude .hg -resolve-src-symlinks /tmp/slumber-repair-derived/SourcePackages/checkouts/swift-crypto/Sources/Crypto/PrivacyInfo.xcprivacy /tmp/slumber-repair-derived/Build/Products/Debug-iphonesimulator/swift-crypto_Crypto.bundle

ProcessProductPackagingDER /tmp/slumber-repair-derived/Build/Intermediates.noindex/PhoneInTheOtherRoom.build/Debug-watchsimulator/PhoneInTheOtherRoomWatchApp.build/Counting\ Sheep\ Watch.app.xcent /tmp/slumber-repair-derived/Build/Intermediates.noindex/PhoneInTheOtherRoom.build/Debug-watchsimulator/PhoneInTheOtherRoomWatchApp.build/Counting\ Sheep\ Watch.app.xcent.der (in target 'PhoneInTheOtherRoomWatchApp' from project 'PhoneInTheOtherRoom')
    cd /Users/ngawangchime/Desktop/Developer\ Projects/Phone\ in\ the\ Other\ Room
    /usr/bin/derq query -f xml -i /tmp/slumber-repair-derived/Build/Intermediates.noindex/PhoneInTheOtherRoom.build/Debug-watchsimulator/PhoneInTheOtherRoomWatchApp.build/Counting\ Sheep\ Watch.app.xcent -o /tmp/slumber-repair-derived/Build/Intermediates.noindex/PhoneInTheOtherRoom.build/Debug-watchsimulator/PhoneInTheOtherRoomWatchApp.build/Counting\ Sheep\ Watch.app.xcent.der --raw

ProcessProductPackagingDER /tmp/slumber-repair-derived/Build/Intermediates.noindex/PhoneInTheOtherRoom.build/Debug-watchsimulator/PhoneInTheOtherRoomWatchApp.build/Counting\ Sheep\ Watch.app-Simulated.xcent /tmp/slumber-repair-derived/Build/Intermediates.noindex/PhoneInTheOtherRoom.build/Debug-watchsimulator/PhoneInTheOtherRoomWatchApp.build/Counting\ Sheep\ Watch.app-Simulated.xcent.der (in target 'PhoneInTheOtherRoomWatchApp' from project 'PhoneInTheOtherRoom')
    cd /Users/ngawangchime/Desktop/Developer\ Projects/Phone\ in\ the\ Other\ Room
    /usr/bin/derq query -f xml -i /tmp/slumber-repair-derived/Build/Intermediates.noindex/PhoneInTheOtherRoom.build/Debug-watchsimulator/PhoneInTheOtherRoomWatchApp.build/Counting\ Sheep\ Watch.app-Simulated.xcent -o /tmp/slumber-repair-derived/Build/Intermediates.noindex/PhoneInTheOtherRoom.build/Debug-watchsimulator/PhoneInTheOtherRoomWatchApp.build/Counting\ Sheep\ Watch.app-Simulated.xcent.der --raw

ProcessProductPackagingDER /tmp/slumber-repair-derived/Build/Intermediates.noindex/PhoneInTheOtherRoom.build/Debug-iphonesimulator/PhoneInTheOtherRoomShieldConfiguration.build/Counting\ Sheep\ Wind\ Down\ Shield.appex.xcent /tmp/slumber-repair-derived/Build/Intermediates.noindex/PhoneInTheOtherRoom.build/Debug-iphonesimulator/PhoneInTheOtherRoomShieldConfiguration.build/Counting\ Sheep\ Wind\ Down\ Shield.appex.xcent.der (in target 'PhoneInTheOtherRoomShieldConfiguration' from project 'PhoneInTheOtherRoom')
    cd /Users/ngawangchime/Desktop/Developer\ Projects/Phone\ in\ the\ Other\ Room
    /usr/bin/derq query -f xml -i /tmp/slumber-repair-derived/Build/Intermediates.noindex/PhoneInTheOtherRoom.build/Debug-iphonesimulator/PhoneInTheOtherRoomShieldConfiguration.build/Counting\ Sheep\ Wind\ Down\ Shield.appex.xcent -o /tmp/slumber-repair-derived/Build/Intermediates.noindex/PhoneInTheOtherRoom.build/Debug-iphonesimulator/PhoneInTheOtherRoomShieldConfiguration.build/Counting\ Sheep\ Wind\ Down\ Shield.appex.xcent.der --raw

ProcessProductPackagingDER /tmp/slumber-repair-derived/Build/Intermediates.noindex/PhoneInTheOtherRoom.build/Debug-iphonesimulator/PhoneInTheOtherRoomShieldConfiguration.build/Counting\ Sheep\ Wind\ Down\ Shield.appex-Simulated.xcent /tmp/slumber-repair-derived/Build/Intermediates.noindex/PhoneInTheOtherRoom.build/Debug-iphonesimulator/PhoneInTheOtherRoomShieldConfiguration.build/Counting\ Sheep\ Wind\ Down\ Shield.appex-Simulated.xcent.der (in target 'PhoneInTheOtherRoomShieldConfiguration' from project 'PhoneInTheOtherRoom')
    cd /Users/ngawangchime/Desktop/Developer\ Projects/Phone\ in\ the\ Other\ Room
    /usr/bin/derq query -f xml -i /tmp/slumber-repair-derived/Build/Intermediates.noindex/PhoneInTheOtherRoom.build/Debug-iphonesimulator/PhoneInTheOtherRoomShieldConfiguration.build/Counting\ Sheep\ Wind\ Down\ Shield.appex-Simulated.xcent -o /tmp/slumber-repair-derived/Build/Intermediates.noindex/PhoneInTheOtherRoom.build/Debug-iphonesimulator/PhoneInTheOtherRoomShieldConfiguration.build/Counting\ Sheep\ Wind\ Down\ Shield.appex-Simulated.xcent.der --raw

ProcessProductPackaging /Users/ngawangchime/Desktop/Developer\ Projects/Phone\ in\ the\ Other\ Room/PhoneInTheOtherRoomShieldAction/PhoneInTheOtherRoomShieldAction.entitlements /tmp/slumber-repair-derived/Build/Intermediates.noindex/PhoneInTheOtherRoom.build/Debug-iphonesimulator/PhoneInTheOtherRoomShieldAction.build/Counting\ Sheep\ Wind\ Down\ Action.appex.xcent (in target 'PhoneInTheOtherRoomShieldAction' from project 'PhoneInTheOtherRoom')
    cd /Users/ngawangchime/Desktop/Developer\ Projects/Phone\ in\ the\ Other\ Room

    Entitlements:

    {
}

    builtin-productPackagingUtility /Users/ngawangchime/Desktop/Developer\ Projects/Phone\ in\ the\ Other\ Room/PhoneInTheOtherRoomShieldAction/PhoneInTheOtherRoomShieldAction.entitlements -entitlements -format xml -o /tmp/slumber-repair-derived/Build/Intermediates.noindex/PhoneInTheOtherRoom.build/Debug-iphonesimulator/PhoneInTheOtherRoomShieldAction.build/Counting\ Sheep\ Wind\ Down\ Action.appex.xcent

ProcessProductPackaging /Users/ngawangchime/Desktop/Developer\ Projects/Phone\ in\ the\ Other\ Room/PhoneInTheOtherRoomShieldAction/PhoneInTheOtherRoomShieldAction.entitlements /tmp/slumber-repair-derived/Build/Intermediates.noindex/PhoneInTheOtherRoom.build/Debug-iphonesimulator/PhoneInTheOtherRoomShieldAction.build/Counting\ Sheep\ Wind\ Down\ Action.appex-Simulated.xcent (in target 'PhoneInTheOtherRoomShieldAction' from project 'PhoneInTheOtherRoom')
    cd /Users/ngawangchime/Desktop/Developer\ Projects/Phone\ in\ the\ Other\ Room

    Entitlements:

    {
    "application-identifier" = "4KZQPZR47B.com.ngawangchime.countingsheep.ShieldAction";
    "com.apple.developer.family-controls" = 1;
    "com.apple.security.application-groups" =     (
        "group.com.ngawangchime.countingsheep"
    );
}

    builtin-productPackagingUtility /Users/ngawangchime/Desktop/Developer\ Projects/Phone\ in\ the\ Other\ Room/PhoneInTheOtherRoomShieldAction/PhoneInTheOtherRoomShieldAction.entitlements -entitlements -format xml -o /tmp/slumber-repair-derived/Build/Intermediates.noindex/PhoneInTheOtherRoom.build/Debug-iphonesimulator/PhoneInTheOtherRoomShieldAction.build/Counting\ Sheep\ Wind\ Down\ Action.appex-Simulated.xcent

ProcessProductPackagingDER /tmp/slumber-repair-derived/Build/Intermediates.noindex/PhoneInTheOtherRoom.build/Debug-iphonesimulator/PhoneInTheOtherRoomScreenTimeReport.build/Counting\ Sheep\ Screen\ Time\ Report.appex.xcent /tmp/slumber-repair-derived/Build/Intermediates.noindex/PhoneInTheOtherRoom.build/Debug-iphonesimulator/PhoneInTheOtherRoomScreenTimeReport.build/Counting\ Sheep\ Screen\ Time\ Report.appex.xcent.der (in target 'PhoneInTheOtherRoomScreenTimeReport' from project 'PhoneInTheOtherRoom')
    cd /Users/ngawangchime/Desktop/Developer\ Projects/Phone\ in\ the\ Other\ Room
    /usr/bin/derq query -f xml -i /tmp/slumber-repair-derived/Build/Intermediates.noindex/PhoneInTheOtherRoom.build/Debug-iphonesimulator/PhoneInTheOtherRoomScreenTimeReport.build/Counting\ Sheep\ Screen\ Time\ Report.appex.xcent -o /tmp/slumber-repair-derived/Build/Intermediates.noindex/PhoneInTheOtherRoom.build/Debug-iphonesimulator/PhoneInTheOtherRoomScreenTimeReport.build/Counting\ Sheep\ Screen\ Time\ Report.appex.xcent.der --raw

ProcessProductPackagingDER /tmp/slumber-repair-derived/Build/Intermediates.noindex/PhoneInTheOtherRoom.build/Debug-iphonesimulator/PhoneInTheOtherRoomScreenTimeReport.build/Counting\ Sheep\ Screen\ Time\ Report.appex-Simulated.xcent /tmp/slumber-repair-derived/Build/Intermediates.noindex/PhoneInTheOtherRoom.build/Debug-iphonesimulator/PhoneInTheOtherRoomScreenTimeReport.build/Counting\ Sheep\ Screen\ Time\ Report.appex-Simulated.xcent.der (in target 'PhoneInTheOtherRoomScreenTimeReport' from project 'PhoneInTheOtherRoom')
    cd /Users/ngawangchime/Desktop/Developer\ Projects/Phone\ in\ the\ Other\ Room
    /usr/bin/derq query -f xml -i /tmp/slumber-repair-derived/Build/Intermediates.noindex/PhoneInTheOtherRoom.build/Debug-iphonesimulator/PhoneInTheOtherRoomScreenTimeReport.build/Counting\ Sheep\ Screen\ Time\ Report.appex-Simulated.xcent -o /tmp/slumber-repair-derived/Build/Intermediates.noindex/PhoneInTheOtherRoom.build/Debug-iphonesimulator/PhoneInTheOtherRoomScreenTimeReport.build/Counting\ Sheep\ Screen\ Time\ Report.appex-Simulated.xcent.der --raw

ProcessProductPackagingDER /tmp/slumber-repair-derived/Build/Intermediates.noindex/PhoneInTheOtherRoom.build/Debug-iphonesimulator/PhoneInTheOtherRoomShieldAction.build/Counting\ Sheep\ Wind\ Down\ Action.appex.xcent /tmp/slumber-repair-derived/Build/Intermediates.noindex/PhoneInTheOtherRoom.build/Debug-iphonesimulator/PhoneInTheOtherRoomShieldAction.build/Counting\ Sheep\ Wind\ Down\ Action.appex.xcent.der (in target 'PhoneInTheOtherRoomShieldAction' from project 'PhoneInTheOtherRoom')
    cd /Users/ngawangchime/Desktop/Developer\ Projects/Phone\ in\ the\ Other\ Room
    /usr/bin/derq query -f xml -i /tmp/slumber-repair-derived/Build/Intermediates.noindex/PhoneInTheOtherRoom.build/Debug-iphonesimulator/PhoneInTheOtherRoomShieldAction.build/Counting\ Sheep\ Wind\ Down\ Action.appex.xcent -o /tmp/slumber-repair-derived/Build/Intermediates.noindex/PhoneInTheOtherRoom.build/Debug-iphonesimulator/PhoneInTheOtherRoomShieldAction.build/Counting\ Sheep\ Wind\ Down\ Action.appex.xcent.der --raw

ProcessProductPackagingDER /tmp/slumber-repair-derived/Build/Intermediates.noindex/PhoneInTheOtherRoom.build/Debug-iphonesimulator/PhoneInTheOtherRoomShieldAction.build/Counting\ Sheep\ Wind\ Down\ Action.appex-Simulated.xcent /tmp/slumber-repair-derived/Build/Intermediates.noindex/PhoneInTheOtherRoom.build/Debug-iphonesimulator/PhoneInTheOtherRoomShieldAction.build/Counting\ Sheep\ Wind\ Down\ Action.appex-Simulated.xcent.der (in target 'PhoneInTheOtherRoomShieldAction' from project 'PhoneInTheOtherRoom')
    cd /Users/ngawangchime/Desktop/Developer\ Projects/Phone\ in\ the\ Other\ Room
    /usr/bin/derq query -f xml -i /tmp/slumber-repair-derived/Build/Intermediates.noindex/PhoneInTheOtherRoom.build/Debug-iphonesimulator/PhoneInTheOtherRoomShieldAction.build/Counting\ Sheep\ Wind\ Down\ Action.appex-Simulated.xcent -o /tmp/slumber-repair-derived/Build/Intermediates.noindex/PhoneInTheOtherRoom.build/Debug-iphonesimulator/PhoneInTheOtherRoomShieldAction.build/Counting\ Sheep\ Wind\ Down\ Action.appex-Simulated.xcent.der --raw

ProcessProductPackaging /Users/ngawangchime/Desktop/Developer\ Projects/Phone\ in\ the\ Other\ Room/PhoneInTheOtherRoomLiveActivity/PhoneInTheOtherRoomLiveActivity.entitlements /tmp/slumber-repair-derived/Build/Intermediates.noindex/PhoneInTheOtherRoom.build/Debug-iphonesimulator/PhoneInTheOtherRoomLiveActivity.build/Counting\ Sheep\ Live\ Activity.appex.xcent (in target 'PhoneInTheOtherRoomLiveActivity' from project 'PhoneInTheOtherRoom')
    cd /Users/ngawangchime/Desktop/Developer\ Projects/Phone\ in\ the\ Other\ Room

    Entitlements:

    {
}

    builtin-productPackagingUtility /Users/ngawangchime/Desktop/Developer\ Projects/Phone\ in\ the\ Other\ Room/PhoneInTheOtherRoomLiveActivity/PhoneInTheOtherRoomLiveActivity.entitlements -entitlements -format xml -o /tmp/slumber-repair-derived/Build/Intermediates.noindex/PhoneInTheOtherRoom.build/Debug-iphonesimulator/PhoneInTheOtherRoomLiveActivity.build/Counting\ Sheep\ Live\ Activity.appex.xcent

ProcessProductPackaging /Users/ngawangchime/Desktop/Developer\ Projects/Phone\ in\ the\ Other\ Room/PhoneInTheOtherRoomLiveActivity/PhoneInTheOtherRoomLiveActivity.entitlements /tmp/slumber-repair-derived/Build/Intermediates.noindex/PhoneInTheOtherRoom.build/Debug-iphonesimulator/PhoneInTheOtherRoomLiveActivity.build/Counting\ Sheep\ Live\ Activity.appex-Simulated.xcent (in target 'PhoneInTheOtherRoomLiveActivity' from project 'PhoneInTheOtherRoom')
    cd /Users/ngawangchime/Desktop/Developer\ Projects/Phone\ in\ the\ Other\ Room

    Entitlements:

    {
    "application-identifier" = "4KZQPZR47B.com.ngawangchime.countingsheep.liveactivity";
    "com.apple.security.application-groups" =     (
        "group.com.ngawangchime.countingsheep"
    );
}

    builtin-productPackagingUtility /Users/ngawangchime/Desktop/Developer\ Projects/Phone\ in\ the\ Other\ Room/PhoneInTheOtherRoomLiveActivity/PhoneInTheOtherRoomLiveActivity.entitlements -entitlements -format xml -o /tmp/slumber-repair-derived/Build/Intermediates.noindex/PhoneInTheOtherRoom.build/Debug-iphonesimulator/PhoneInTheOtherRoomLiveActivity.build/Counting\ Sheep\ Live\ Activity.appex-Simulated.xcent

ProcessProductPackaging /Users/ngawangchime/Desktop/Developer\ Projects/Phone\ in\ the\ Other\ Room/PhoneInTheOtherRoomDeviceActivityMonitor/PhoneInTheOtherRoomDeviceActivityMonitor.entitlements /tmp/slumber-repair-derived/Build/Intermediates.noindex/PhoneInTheOtherRoom.build/Debug-iphonesimulator/PhoneInTheOtherRoomDeviceActivityMonitor.build/Counting\ Sheep\ Wind\ Down\ Monitor.appex.xcent (in target 'PhoneInTheOtherRoomDeviceActivityMonitor' from project 'PhoneInTheOtherRoom')
    cd /Users/ngawangchime/Desktop/Developer\ Projects/Phone\ in\ the\ Other\ Room

    Entitlements:

    {
}

    builtin-productPackagingUtility /Users/ngawangchime/Desktop/Developer\ Projects/Phone\ in\ the\ Other\ Room/PhoneInTheOtherRoomDeviceActivityMonitor/PhoneInTheOtherRoomDeviceActivityMonitor.entitlements -entitlements -format xml -o /tmp/slumber-repair-derived/Build/Intermediates.noindex/PhoneInTheOtherRoom.build/Debug-iphonesimulator/PhoneInTheOtherRoomDeviceActivityMonitor.build/Counting\ Sheep\ Wind\ Down\ Monitor.appex.xcent

ProcessProductPackaging /Users/ngawangchime/Desktop/Developer\ Projects/Phone\ in\ the\ Other\ Room/PhoneInTheOtherRoomDeviceActivityMonitor/PhoneInTheOtherRoomDeviceActivityMonitor.entitlements /tmp/slumber-repair-derived/Build/Intermediates.noindex/PhoneInTheOtherRoom.build/Debug-iphonesimulator/PhoneInTheOtherRoomDeviceActivityMonitor.build/Counting\ Sheep\ Wind\ Down\ Monitor.appex-Simulated.xcent (in target 'PhoneInTheOtherRoomDeviceActivityMonitor' from project 'PhoneInTheOtherRoom')
    cd /Users/ngawangchime/Desktop/Developer\ Projects/Phone\ in\ the\ Other\ Room

    Entitlements:

    {
    "application-identifier" = "4KZQPZR47B.com.ngawangchime.countingsheep.DeviceActivityMonitor";
    "com.apple.developer.family-controls" = 1;
    "com.apple.security.application-groups" =     (
        "group.com.ngawangchime.countingsheep"
    );
}

    builtin-productPackagingUtility /Users/ngawangchime/Desktop/Developer\ Projects/Phone\ in\ the\ Other\ Room/PhoneInTheOtherRoomDeviceActivityMonitor/PhoneInTheOtherRoomDeviceActivityMonitor.entitlements -entitlements -format xml -o /tmp/slumber-repair-derived/Build/Intermediates.noindex/PhoneInTheOtherRoom.build/Debug-iphonesimulator/PhoneInTheOtherRoomDeviceActivityMonitor.build/Counting\ Sheep\ Wind\ Down\ Monitor.appex-Simulated.xcent

ProcessProductPackagingDER /tmp/slumber-repair-derived/Build/Intermediates.noindex/PhoneInTheOtherRoom.build/Debug-iphonesimulator/PhoneInTheOtherRoomLiveActivity.build/Counting\ Sheep\ Live\ Activity.appex.xcent /tmp/slumber-repair-derived/Build/Intermediates.noindex/PhoneInTheOtherRoom.build/Debug-iphonesimulator/PhoneInTheOtherRoomLiveActivity.build/Counting\ Sheep\ Live\ Activity.appex.xcent.der (in target 'PhoneInTheOtherRoomLiveActivity' from project 'PhoneInTheOtherRoom')
    cd /Users/ngawangchime/Desktop/Developer\ Projects/Phone\ in\ the\ Other\ Room
    /usr/bin/derq query -f xml -i /tmp/slumber-repair-derived/Build/Intermediates.noindex/PhoneInTheOtherRoom.build/Debug-iphonesimulator/PhoneInTheOtherRoomLiveActivity.build/Counting\ Sheep\ Live\ Activity.appex.xcent -o /tmp/slumber-repair-derived/Build/Intermediates.noindex/PhoneInTheOtherRoom.build/Debug-iphonesimulator/PhoneInTheOtherRoomLiveActivity.build/Counting\ Sheep\ Live\ Activity.appex.xcent.der --raw

ProcessProductPackagingDER /tmp/slumber-repair-derived/Build/Intermediates.noindex/PhoneInTheOtherRoom.build/Debug-iphonesimulator/PhoneInTheOtherRoomLiveActivity.build/Counting\ Sheep\ Live\ Activity.appex-Simulated.xcent /tmp/slumber-repair-derived/Build/Intermediates.noindex/PhoneInTheOtherRoom.build/Debug-iphonesimulator/PhoneInTheOtherRoomLiveActivity.build/Counting\ Sheep\ Live\ Activity.appex-Simulated.xcent.der (in target 'PhoneInTheOtherRoomLiveActivity' from project 'PhoneInTheOtherRoom')
    cd /Users/ngawangchime/Desktop/Developer\ Projects/Phone\ in\ the\ Other\ Room
    /usr/bin/derq query -f xml -i /tmp/slumber-repair-derived/Build/Intermediates.noindex/PhoneInTheOtherRoom.build/Debug-iphonesimulator/PhoneInTheOtherRoomLiveActivity.build/Counting\ Sheep\ Live\ Activity.appex-Simulated.xcent -o /tmp/slumber-repair-derived/Build/Intermediates.noindex/PhoneInTheOtherRoom.build/Debug-iphonesimulator/PhoneInTheOtherRoomLiveActivity.build/Counting\ Sheep\ Live\ Activity.appex-Simulated.xcent.der --raw

ProcessProductPackagingDER /tmp/slumber-repair-derived/Build/Intermediates.noindex/PhoneInTheOtherRoom.build/Debug-iphonesimulator/PhoneInTheOtherRoomDeviceActivityMonitor.build/Counting\ Sheep\ Wind\ Down\ Monitor.appex.xcent /tmp/slumber-repair-derived/Build/Intermediates.noindex/PhoneInTheOtherRoom.build/Debug-iphonesimulator/PhoneInTheOtherRoomDeviceActivityMonitor.build/Counting\ Sheep\ Wind\ Down\ Monitor.appex.xcent.der (in target 'PhoneInTheOtherRoomDeviceActivityMonitor' from project 'PhoneInTheOtherRoom')
    cd /Users/ngawangchime/Desktop/Developer\ Projects/Phone\ in\ the\ Other\ Room
    /usr/bin/derq query -f xml -i /tmp/slumber-repair-derived/Build/Intermediates.noindex/PhoneInTheOtherRoom.build/Debug-iphonesimulator/PhoneInTheOtherRoomDeviceActivityMonitor.build/Counting\ Sheep\ Wind\ Down\ Monitor.appex.xcent -o /tmp/slumber-repair-derived/Build/Intermediates.noindex/PhoneInTheOtherRoom.build/Debug-iphonesimulator/PhoneInTheOtherRoomDeviceActivityMonitor.build/Counting\ Sheep\ Wind\ Down\ Monitor.appex.xcent.der --raw

ProcessProductPackagingDER /tmp/slumber-repair-derived/Build/Intermediates.noindex/PhoneInTheOtherRoom.build/Debug-iphonesimulator/PhoneInTheOtherRoomDeviceActivityMonitor.build/Counting\ Sheep\ Wind\ Down\ Monitor.appex-Simulated.xcent /tmp/slumber-repair-derived/Build/Intermediates.noindex/PhoneInTheOtherRoom.build/Debug-iphonesimulator/PhoneInTheOtherRoomDeviceActivityMonitor.build/Counting\ Sheep\ Wind\ Down\ Monitor.appex-Simulated.xcent.der (in target 'PhoneInTheOtherRoomDeviceActivityMonitor' from project 'PhoneInTheOtherRoom')
    cd /Users/ngawangchime/Desktop/Developer\ Projects/Phone\ in\ the\ Other\ Room
    /usr/bin/derq query -f xml -i /tmp/slumber-repair-derived/Build/Intermediates.noindex/PhoneInTheOtherRoom.build/Debug-iphonesimulator/PhoneInTheOtherRoomDeviceActivityMonitor.build/Counting\ Sheep\ Wind\ Down\ Monitor.appex-Simulated.xcent -o /tmp/slumber-repair-derived/Build/Intermediates.noindex/PhoneInTheOtherRoom.build/Debug-iphonesimulator/PhoneInTheOtherRoomDeviceActivityMonitor.build/Counting\ Sheep\ Wind\ Down\ Monitor.appex-Simulated.xcent.der --raw

CompileAssetCatalogVariant thinned /tmp/slumber-repair-derived/Build/Products/Debug-watchsimulator/Counting\ Sheep\ Watch.app /Users/ngawangchime/Desktop/Developer\ Projects/Phone\ in\ the\ Other\ Room/Assets.xcassets (in target 'PhoneInTheOtherRoomWatchApp' from project 'PhoneInTheOtherRoom')
    cd /Users/ngawangchime/Desktop/Developer\ Projects/Phone\ in\ the\ Other\ Room
    /Applications/Xcode.app/Contents/Developer/usr/bin/actool /Users/ngawangchime/Desktop/Developer\ Projects/Phone\ in\ the\ Other\ Room/Assets.xcassets --compile /tmp/slumber-repair-derived/Build/Intermediates.noindex/PhoneInTheOtherRoom.build/Debug-watchsimulator/PhoneInTheOtherRoomWatchApp.build/assetcatalog_output/thinned --output-format human-readable-text --notices --warnings --export-dependency-info /tmp/slumber-repair-derived/Build/Intermediates.noindex/PhoneInTheOtherRoom.build/Debug-watchsimulator/PhoneInTheOtherRoomWatchApp.build/assetcatalog_dependencies_thinned --output-partial-info-plist /tmp/slumber-repair-derived/Build/Intermediates.noindex/PhoneInTheOtherRoom.build/Debug-watchsimulator/PhoneInTheOtherRoomWatchApp.build/assetcatalog_generated_info.plist_thinned --app-icon WatchAppIcon --compress-pngs --enable-on-demand-resources YES --development-region en --target-device watch --minimum-deployment-target 10.0 --platform watchsimulator
/* com.apple.actool.compilation-results */
/tmp/slumber-repair-derived/Build/Intermediates.noindex/PhoneInTheOtherRoom.build/Debug-watchsimulator/PhoneInTheOtherRoomWatchApp.build/assetcatalog_generated_info.plist_thinned
/tmp/slumber-repair-derived/Build/Intermediates.noindex/PhoneInTheOtherRoom.build/Debug-watchsimulator/PhoneInTheOtherRoomWatchApp.build/assetcatalog_output/thinned/Assets.car


Copy /tmp/slumber-repair-derived/Build/Products/Debug-iphonesimulator/Counting_Sheep_Wind_Down_Action.swiftmodule/arm64-apple-ios-simulator.swiftmodule /tmp/slumber-repair-derived/Build/Intermediates.noindex/PhoneInTheOtherRoom.build/Debug-iphonesimulator/PhoneInTheOtherRoomShieldAction.build/Objects-normal/arm64/Counting_Sheep_Wind_Down_Action.swiftmodule (in target 'PhoneInTheOtherRoomShieldAction' from project 'PhoneInTheOtherRoom')
    cd /Users/ngawangchime/Desktop/Developer\ Projects/Phone\ in\ the\ Other\ Room
    builtin-copy -exclude .DS_Store -exclude CVS -exclude .svn -exclude .git -exclude .hg -resolve-src-symlinks -rename /tmp/slumber-repair-derived/Build/Intermediates.noindex/PhoneInTheOtherRoom.build/Debug-iphonesimulator/PhoneInTheOtherRoomShieldAction.build/Objects-normal/arm64/Counting_Sheep_Wind_Down_Action.swiftmodule /tmp/slumber-repair-derived/Build/Products/Debug-iphonesimulator/Counting_Sheep_Wind_Down_Action.swiftmodule/arm64-apple-ios-simulator.swiftmodule

Ld /tmp/slumber-repair-derived/Build/Intermediates.noindex/PhoneInTheOtherRoom.build/Debug-watchsimulator/PhoneInTheOtherRoomWatchApp.build/Objects-normal/arm64/Binary/Counting\ Sheep\ Watch.debug.dylib normal arm64 (in target 'PhoneInTheOtherRoomWatchApp' from project 'PhoneInTheOtherRoom')
    cd /Users/ngawangchime/Desktop/Developer\ Projects/Phone\ in\ the\ Other\ Room
    /Applications/Xcode.app/Contents/Developer/Toolchains/XcodeDefault.xctoolchain/usr/bin/clang -Xlinker -reproducible -target arm64-apple-watchos10.0-simulator -dynamiclib -isysroot /Applications/Xcode.app/Contents/Developer/Platforms/WatchSimulator.platform/Developer/SDKs/WatchSimulator26.5.sdk -O0 -L/tmp/slumber-repair-derived/Build/Intermediates.noindex/EagerLinkingTBDs/Debug-watchsimulator -L/tmp/slumber-repair-derived/Build/Products/Debug-watchsimulator -F/tmp/slumber-repair-derived/Build/Intermediates.noindex/EagerLinkingTBDs/Debug-watchsimulator -F/tmp/slumber-repair-derived/Build/Products/Debug-watchsimulator -filelist /tmp/slumber-repair-derived/Build/Intermediates.noindex/PhoneInTheOtherRoom.build/Debug-watchsimulator/PhoneInTheOtherRoomWatchApp.build/Objects-normal/arm64/Counting\ Sheep\ Watch.LinkFileList -install_name @rpath/Counting\ Sheep\ Watch.debug.dylib -Xlinker -rpath -Xlinker /usr/lib/swift -Xlinker -dead_strip -Xlinker -object_path_lto -Xlinker /tmp/slumber-repair-derived/Build/Intermediates.noindex/PhoneInTheOtherRoom.build/Debug-watchsimulator/PhoneInTheOtherRoomWatchApp.build/Objects-normal/arm64/Counting\ Sheep\ Watch_lto.o -rdynamic -Xlinker -no_deduplicate -Xlinker -objc_abi_version -Xlinker 2 -Xlinker -dependency_info -Xlinker /tmp/slumber-repair-derived/Build/Intermediates.noindex/PhoneInTheOtherRoom.build/Debug-watchsimulator/PhoneInTheOtherRoomWatchApp.build/Objects-normal/arm64/Counting\ Sheep\ Watch_dependency_info.dat -fobjc-link-runtime -L/Applications/Xcode.app/Contents/Developer/Toolchains/XcodeDefault.xctoolchain/usr/lib/swift/watchsimulator -L/usr/lib/swift -Xlinker -add_ast_path -Xlinker /tmp/slumber-repair-derived/Build/Intermediates.noindex/PhoneInTheOtherRoom.build/Debug-watchsimulator/PhoneInTheOtherRoomWatchApp.build/Objects-normal/arm64/Counting_Sheep_Watch.swiftmodule @/tmp/slumber-repair-derived/Build/Intermediates.noindex/PhoneInTheOtherRoom.build/Debug-watchsimulator/PhoneInTheOtherRoomWatchApp.build/Objects-normal/arm64/Counting_Sheep_Watch-linker-args.resp -Xlinker -alias -Xlinker _main -Xlinker ___debug_main_executable_dylib_entry_point -Xlinker -no_adhoc_codesign -o /tmp/slumber-repair-derived/Build/Intermediates.noindex/PhoneInTheOtherRoom.build/Debug-watchsimulator/PhoneInTheOtherRoomWatchApp.build/Objects-normal/arm64/Binary/Counting\ Sheep\ Watch.debug.dylib

SwiftMergeGeneratedHeaders /tmp/slumber-repair-derived/Build/Intermediates.noindex/PhoneInTheOtherRoom.build/Debug-iphonesimulator/PhoneInTheOtherRoomShieldAction.build/DerivedSources/Counting_Sheep_Wind_Down_Action-Swift.h /tmp/slumber-repair-derived/Build/Intermediates.noindex/PhoneInTheOtherRoom.build/Debug-iphonesimulator/PhoneInTheOtherRoomShieldAction.build/Objects-normal/arm64/Counting_Sheep_Wind_Down_Action-Swift.h /tmp/slumber-repair-derived/Build/Intermediates.noindex/PhoneInTheOtherRoom.build/Debug-iphonesimulator/PhoneInTheOtherRoomShieldAction.build/Objects-normal/x86_64/Counting_Sheep_Wind_Down_Action-Swift.h (in target 'PhoneInTheOtherRoomShieldAction' from project 'PhoneInTheOtherRoom')
    cd /Users/ngawangchime/Desktop/Developer\ Projects/Phone\ in\ the\ Other\ Room
    builtin-swiftHeaderTool -arch arm64 /tmp/slumber-repair-derived/Build/Intermediates.noindex/PhoneInTheOtherRoom.build/Debug-iphonesimulator/PhoneInTheOtherRoomShieldAction.build/Objects-normal/arm64/Counting_Sheep_Wind_Down_Action-Swift.h -arch x86_64 /tmp/slumber-repair-derived/Build/Intermediates.noindex/PhoneInTheOtherRoom.build/Debug-iphonesimulator/PhoneInTheOtherRoomShieldAction.build/Objects-normal/x86_64/Counting_Sheep_Wind_Down_Action-Swift.h -o /tmp/slumber-repair-derived/Build/Intermediates.noindex/PhoneInTheOtherRoom.build/Debug-iphonesimulator/PhoneInTheOtherRoomShieldAction.build/DerivedSources/Counting_Sheep_Wind_Down_Action-Swift.h

Copy /tmp/slumber-repair-derived/Build/Products/Debug-iphonesimulator/Counting_Sheep_Wind_Down_Shield.swiftmodule/arm64-apple-ios-simulator.swiftmodule /tmp/slumber-repair-derived/Build/Intermediates.noindex/PhoneInTheOtherRoom.build/Debug-iphonesimulator/PhoneInTheOtherRoomShieldConfiguration.build/Objects-normal/arm64/Counting_Sheep_Wind_Down_Shield.swiftmodule (in target 'PhoneInTheOtherRoomShieldConfiguration' from project 'PhoneInTheOtherRoom')
    cd /Users/ngawangchime/Desktop/Developer\ Projects/Phone\ in\ the\ Other\ Room
    builtin-copy -exclude .DS_Store -exclude CVS -exclude .svn -exclude .git -exclude .hg -resolve-src-symlinks -rename /tmp/slumber-repair-derived/Build/Intermediates.noindex/PhoneInTheOtherRoom.build/Debug-iphonesimulator/PhoneInTheOtherRoomShieldConfiguration.build/Objects-normal/arm64/Counting_Sheep_Wind_Down_Shield.swiftmodule /tmp/slumber-repair-derived/Build/Products/Debug-iphonesimulator/Counting_Sheep_Wind_Down_Shield.swiftmodule/arm64-apple-ios-simulator.swiftmodule

Ld /tmp/slumber-repair-derived/Build/Intermediates.noindex/PhoneInTheOtherRoom.build/Debug-watchsimulator/PhoneInTheOtherRoomWatchApp.build/Objects-normal/x86_64/Binary/Counting\ Sheep\ Watch.debug.dylib normal x86_64 (in target 'PhoneInTheOtherRoomWatchApp' from project 'PhoneInTheOtherRoom')
    cd /Users/ngawangchime/Desktop/Developer\ Projects/Phone\ in\ the\ Other\ Room
    /Applications/Xcode.app/Contents/Developer/Toolchains/XcodeDefault.xctoolchain/usr/bin/clang -Xlinker -reproducible -target x86_64-apple-watchos10.0-simulator -dynamiclib -isysroot /Applications/Xcode.app/Contents/Developer/Platforms/WatchSimulator.platform/Developer/SDKs/WatchSimulator26.5.sdk -O0 -L/tmp/slumber-repair-derived/Build/Intermediates.noindex/EagerLinkingTBDs/Debug-watchsimulator -L/tmp/slumber-repair-derived/Build/Products/Debug-watchsimulator -F/tmp/slumber-repair-derived/Build/Intermediates.noindex/EagerLinkingTBDs/Debug-watchsimulator -F/tmp/slumber-repair-derived/Build/Products/Debug-watchsimulator -filelist /tmp/slumber-repair-derived/Build/Intermediates.noindex/PhoneInTheOtherRoom.build/Debug-watchsimulator/PhoneInTheOtherRoomWatchApp.build/Objects-normal/x86_64/Counting\ Sheep\ Watch.LinkFileList -install_name @rpath/Counting\ Sheep\ Watch.debug.dylib -Xlinker -rpath -Xlinker /usr/lib/swift -Xlinker -dead_strip -Xlinker -object_path_lto -Xlinker /tmp/slumber-repair-derived/Build/Intermediates.noindex/PhoneInTheOtherRoom.build/Debug-watchsimulator/PhoneInTheOtherRoomWatchApp.build/Objects-normal/x86_64/Counting\ Sheep\ Watch_lto.o -rdynamic -Xlinker -no_deduplicate -Xlinker -objc_abi_version -Xlinker 2 -Xlinker -dependency_info -Xlinker /tmp/slumber-repair-derived/Build/Intermediates.noindex/PhoneInTheOtherRoom.build/Debug-watchsimulator/PhoneInTheOtherRoomWatchApp.build/Objects-normal/x86_64/Counting\ Sheep\ Watch_dependency_info.dat -fobjc-link-runtime -L/Applications/Xcode.app/Contents/Developer/Toolchains/XcodeDefault.xctoolchain/usr/lib/swift/watchsimulator -L/usr/lib/swift -Xlinker -add_ast_path -Xlinker /tmp/slumber-repair-derived/Build/Intermediates.noindex/PhoneInTheOtherRoom.build/Debug-watchsimulator/PhoneInTheOtherRoomWatchApp.build/Objects-normal/x86_64/Counting_Sheep_Watch.swiftmodule @/tmp/slumber-repair-derived/Build/Intermediates.noindex/PhoneInTheOtherRoom.build/Debug-watchsimulator/PhoneInTheOtherRoomWatchApp.build/Objects-normal/x86_64/Counting_Sheep_Watch-linker-args.resp -Xlinker -alias -Xlinker _main -Xlinker ___debug_main_executable_dylib_entry_point -Xlinker -no_adhoc_codesign -o /tmp/slumber-repair-derived/Build/Intermediates.noindex/PhoneInTheOtherRoom.build/Debug-watchsimulator/PhoneInTheOtherRoomWatchApp.build/Objects-normal/x86_64/Binary/Counting\ Sheep\ Watch.debug.dylib

SwiftMergeGeneratedHeaders /tmp/slumber-repair-derived/Build/Intermediates.noindex/PhoneInTheOtherRoom.build/Debug-iphonesimulator/PhoneInTheOtherRoomShieldConfiguration.build/DerivedSources/Counting_Sheep_Wind_Down_Shield-Swift.h /tmp/slumber-repair-derived/Build/Intermediates.noindex/PhoneInTheOtherRoom.build/Debug-iphonesimulator/PhoneInTheOtherRoomShieldConfiguration.build/Objects-normal/arm64/Counting_Sheep_Wind_Down_Shield-Swift.h /tmp/slumber-repair-derived/Build/Intermediates.noindex/PhoneInTheOtherRoom.build/Debug-iphonesimulator/PhoneInTheOtherRoomShieldConfiguration.build/Objects-normal/x86_64/Counting_Sheep_Wind_Down_Shield-Swift.h (in target 'PhoneInTheOtherRoomShieldConfiguration' from project 'PhoneInTheOtherRoom')
    cd /Users/ngawangchime/Desktop/Developer\ Projects/Phone\ in\ the\ Other\ Room
    builtin-swiftHeaderTool -arch arm64 /tmp/slumber-repair-derived/Build/Intermediates.noindex/PhoneInTheOtherRoom.build/Debug-iphonesimulator/PhoneInTheOtherRoomShieldConfiguration.build/Objects-normal/arm64/Counting_Sheep_Wind_Down_Shield-Swift.h -arch x86_64 /tmp/slumber-repair-derived/Build/Intermediates.noindex/PhoneInTheOtherRoom.build/Debug-iphonesimulator/PhoneInTheOtherRoomShieldConfiguration.build/Objects-normal/x86_64/Counting_Sheep_Wind_Down_Shield-Swift.h -o /tmp/slumber-repair-derived/Build/Intermediates.noindex/PhoneInTheOtherRoom.build/Debug-iphonesimulator/PhoneInTheOtherRoomShieldConfiguration.build/DerivedSources/Counting_Sheep_Wind_Down_Shield-Swift.h

Copy /tmp/slumber-repair-derived/Build/Products/Debug-iphonesimulator/Counting_Sheep_Wind_Down_Shield.swiftmodule/arm64-apple-ios-simulator.swiftdoc /tmp/slumber-repair-derived/Build/Intermediates.noindex/PhoneInTheOtherRoom.build/Debug-iphonesimulator/PhoneInTheOtherRoomShieldConfiguration.build/Objects-normal/arm64/Counting_Sheep_Wind_Down_Shield.swiftdoc (in target 'PhoneInTheOtherRoomShieldConfiguration' from project 'PhoneInTheOtherRoom')
    cd /Users/ngawangchime/Desktop/Developer\ Projects/Phone\ in\ the\ Other\ Room
    builtin-copy -exclude .DS_Store -exclude CVS -exclude .svn -exclude .git -exclude .hg -resolve-src-symlinks -rename /tmp/slumber-repair-derived/Build/Intermediates.noindex/PhoneInTheOtherRoom.build/Debug-iphonesimulator/PhoneInTheOtherRoomShieldConfiguration.build/Objects-normal/arm64/Counting_Sheep_Wind_Down_Shield.swiftdoc /tmp/slumber-repair-derived/Build/Products/Debug-iphonesimulator/Counting_Sheep_Wind_Down_Shield.swiftmodule/arm64-apple-ios-simulator.swiftdoc

Copy /tmp/slumber-repair-derived/Build/Products/Debug-iphonesimulator/Counting_Sheep_Wind_Down_Shield.swiftmodule/arm64-apple-ios-simulator.abi.json /tmp/slumber-repair-derived/Build/Intermediates.noindex/PhoneInTheOtherRoom.build/Debug-iphonesimulator/PhoneInTheOtherRoomShieldConfiguration.build/Objects-normal/arm64/Counting_Sheep_Wind_Down_Shield.abi.json (in target 'PhoneInTheOtherRoomShieldConfiguration' from project 'PhoneInTheOtherRoom')
    cd /Users/ngawangchime/Desktop/Developer\ Projects/Phone\ in\ the\ Other\ Room
    builtin-copy -exclude .DS_Store -exclude CVS -exclude .svn -exclude .git -exclude .hg -resolve-src-symlinks -rename /tmp/slumber-repair-derived/Build/Intermediates.noindex/PhoneInTheOtherRoom.build/Debug-iphonesimulator/PhoneInTheOtherRoomShieldConfiguration.build/Objects-normal/arm64/Counting_Sheep_Wind_Down_Shield.abi.json /tmp/slumber-repair-derived/Build/Products/Debug-iphonesimulator/Counting_Sheep_Wind_Down_Shield.swiftmodule/arm64-apple-ios-simulator.abi.json

Copy /tmp/slumber-repair-derived/Build/Products/Debug-iphonesimulator/Counting_Sheep_Wind_Down_Shield.swiftmodule/Project/arm64-apple-ios-simulator.swiftsourceinfo /tmp/slumber-repair-derived/Build/Intermediates.noindex/PhoneInTheOtherRoom.build/Debug-iphonesimulator/PhoneInTheOtherRoomShieldConfiguration.build/Objects-normal/arm64/Counting_Sheep_Wind_Down_Shield.swiftsourceinfo (in target 'PhoneInTheOtherRoomShieldConfiguration' from project 'PhoneInTheOtherRoom')
    cd /Users/ngawangchime/Desktop/Developer\ Projects/Phone\ in\ the\ Other\ Room
    builtin-copy -exclude .DS_Store -exclude CVS -exclude .svn -exclude .git -exclude .hg -resolve-src-symlinks -rename /tmp/slumber-repair-derived/Build/Intermediates.noindex/PhoneInTheOtherRoom.build/Debug-iphonesimulator/PhoneInTheOtherRoomShieldConfiguration.build/Objects-normal/arm64/Counting_Sheep_Wind_Down_Shield.swiftsourceinfo /tmp/slumber-repair-derived/Build/Products/Debug-iphonesimulator/Counting_Sheep_Wind_Down_Shield.swiftmodule/Project/arm64-apple-ios-simulator.swiftsourceinfo

Copy /tmp/slumber-repair-derived/Build/Products/Debug-iphonesimulator/Counting_Sheep_Wind_Down_Action.swiftmodule/arm64-apple-ios-simulator.swiftdoc /tmp/slumber-repair-derived/Build/Intermediates.noindex/PhoneInTheOtherRoom.build/Debug-iphonesimulator/PhoneInTheOtherRoomShieldAction.build/Objects-normal/arm64/Counting_Sheep_Wind_Down_Action.swiftdoc (in target 'PhoneInTheOtherRoomShieldAction' from project 'PhoneInTheOtherRoom')
    cd /Users/ngawangchime/Desktop/Developer\ Projects/Phone\ in\ the\ Other\ Room
    builtin-copy -exclude .DS_Store -exclude CVS -exclude .svn -exclude .git -exclude .hg -resolve-src-symlinks -rename /tmp/slumber-repair-derived/Build/Intermediates.noindex/PhoneInTheOtherRoom.build/Debug-iphonesimulator/PhoneInTheOtherRoomShieldAction.build/Objects-normal/arm64/Counting_Sheep_Wind_Down_Action.swiftdoc /tmp/slumber-repair-derived/Build/Products/Debug-iphonesimulator/Counting_Sheep_Wind_Down_Action.swiftmodule/arm64-apple-ios-simulator.swiftdoc

Copy /tmp/slumber-repair-derived/Build/Products/Debug-iphonesimulator/Counting_Sheep_Wind_Down_Action.swiftmodule/arm64-apple-ios-simulator.abi.json /tmp/slumber-repair-derived/Build/Intermediates.noindex/PhoneInTheOtherRoom.build/Debug-iphonesimulator/PhoneInTheOtherRoomShieldAction.build/Objects-normal/arm64/Counting_Sheep_Wind_Down_Action.abi.json (in target 'PhoneInTheOtherRoomShieldAction' from project 'PhoneInTheOtherRoom')
    cd /Users/ngawangchime/Desktop/Developer\ Projects/Phone\ in\ the\ Other\ Room
    builtin-copy -exclude .DS_Store -exclude CVS -exclude .svn -exclude .git -exclude .hg -resolve-src-symlinks -rename /tmp/slumber-repair-derived/Build/Intermediates.noindex/PhoneInTheOtherRoom.build/Debug-iphonesimulator/PhoneInTheOtherRoomShieldAction.build/Objects-normal/arm64/Counting_Sheep_Wind_Down_Action.abi.json /tmp/slumber-repair-derived/Build/Products/Debug-iphonesimulator/Counting_Sheep_Wind_Down_Action.swiftmodule/arm64-apple-ios-simulator.abi.json

Copy /tmp/slumber-repair-derived/Build/Products/Debug-iphonesimulator/Counting_Sheep_Wind_Down_Action.swiftmodule/Project/arm64-apple-ios-simulator.swiftsourceinfo /tmp/slumber-repair-derived/Build/Intermediates.noindex/PhoneInTheOtherRoom.build/Debug-iphonesimulator/PhoneInTheOtherRoomShieldAction.build/Objects-normal/arm64/Counting_Sheep_Wind_Down_Action.swiftsourceinfo (in target 'PhoneInTheOtherRoomShieldAction' from project 'PhoneInTheOtherRoom')
    cd /Users/ngawangchime/Desktop/Developer\ Projects/Phone\ in\ the\ Other\ Room
    builtin-copy -exclude .DS_Store -exclude CVS -exclude .svn -exclude .git -exclude .hg -resolve-src-symlinks -rename /tmp/slumber-repair-derived/Build/Intermediates.noindex/PhoneInTheOtherRoom.build/Debug-iphonesimulator/PhoneInTheOtherRoomShieldAction.build/Objects-normal/arm64/Counting_Sheep_Wind_Down_Action.swiftsourceinfo /tmp/slumber-repair-derived/Build/Products/Debug-iphonesimulator/Counting_Sheep_Wind_Down_Action.swiftmodule/Project/arm64-apple-ios-simulator.swiftsourceinfo

SwiftMergeGeneratedHeaders /tmp/slumber-repair-derived/Build/Intermediates.noindex/PhoneInTheOtherRoom.build/Debug-iphonesimulator/PhoneInTheOtherRoomScreenTimeReport.build/DerivedSources/Counting_Sheep_Screen_Time_Report-Swift.h /tmp/slumber-repair-derived/Build/Intermediates.noindex/PhoneInTheOtherRoom.build/Debug-iphonesimulator/PhoneInTheOtherRoomScreenTimeReport.build/Objects-normal/arm64/Counting_Sheep_Screen_Time_Report-Swift.h /tmp/slumber-repair-derived/Build/Intermediates.noindex/PhoneInTheOtherRoom.build/Debug-iphonesimulator/PhoneInTheOtherRoomScreenTimeReport.build/Objects-normal/x86_64/Counting_Sheep_Screen_Time_Report-Swift.h (in target 'PhoneInTheOtherRoomScreenTimeReport' from project 'PhoneInTheOtherRoom')
    cd /Users/ngawangchime/Desktop/Developer\ Projects/Phone\ in\ the\ Other\ Room
    builtin-swiftHeaderTool -arch arm64 /tmp/slumber-repair-derived/Build/Intermediates.noindex/PhoneInTheOtherRoom.build/Debug-iphonesimulator/PhoneInTheOtherRoomScreenTimeReport.build/Objects-normal/arm64/Counting_Sheep_Screen_Time_Report-Swift.h -arch x86_64 /tmp/slumber-repair-derived/Build/Intermediates.noindex/PhoneInTheOtherRoom.build/Debug-iphonesimulator/PhoneInTheOtherRoomScreenTimeReport.build/Objects-normal/x86_64/Counting_Sheep_Screen_Time_Report-Swift.h -o /tmp/slumber-repair-derived/Build/Intermediates.noindex/PhoneInTheOtherRoom.build/Debug-iphonesimulator/PhoneInTheOtherRoomScreenTimeReport.build/DerivedSources/Counting_Sheep_Screen_Time_Report-Swift.h

Copy /tmp/slumber-repair-derived/Build/Products/Debug-iphonesimulator/Counting_Sheep_Screen_Time_Report.swiftmodule/arm64-apple-ios-simulator.swiftmodule /tmp/slumber-repair-derived/Build/Intermediates.noindex/PhoneInTheOtherRoom.build/Debug-iphonesimulator/PhoneInTheOtherRoomScreenTimeReport.build/Objects-normal/arm64/Counting_Sheep_Screen_Time_Report.swiftmodule (in target 'PhoneInTheOtherRoomScreenTimeReport' from project 'PhoneInTheOtherRoom')
    cd /Users/ngawangchime/Desktop/Developer\ Projects/Phone\ in\ the\ Other\ Room
    builtin-copy -exclude .DS_Store -exclude CVS -exclude .svn -exclude .git -exclude .hg -resolve-src-symlinks -rename /tmp/slumber-repair-derived/Build/Intermediates.noindex/PhoneInTheOtherRoom.build/Debug-iphonesimulator/PhoneInTheOtherRoomScreenTimeReport.build/Objects-normal/arm64/Counting_Sheep_Screen_Time_Report.swiftmodule /tmp/slumber-repair-derived/Build/Products/Debug-iphonesimulator/Counting_Sheep_Screen_Time_Report.swiftmodule/arm64-apple-ios-simulator.swiftmodule

Copy /tmp/slumber-repair-derived/Build/Products/Debug-iphonesimulator/Counting_Sheep_Screen_Time_Report.swiftmodule/arm64-apple-ios-simulator.swiftdoc /tmp/slumber-repair-derived/Build/Intermediates.noindex/PhoneInTheOtherRoom.build/Debug-iphonesimulator/PhoneInTheOtherRoomScreenTimeReport.build/Objects-normal/arm64/Counting_Sheep_Screen_Time_Report.swiftdoc (in target 'PhoneInTheOtherRoomScreenTimeReport' from project 'PhoneInTheOtherRoom')
    cd /Users/ngawangchime/Desktop/Developer\ Projects/Phone\ in\ the\ Other\ Room
    builtin-copy -exclude .DS_Store -exclude CVS -exclude .svn -exclude .git -exclude .hg -resolve-src-symlinks -rename /tmp/slumber-repair-derived/Build/Intermediates.noindex/PhoneInTheOtherRoom.build/Debug-iphonesimulator/PhoneInTheOtherRoomScreenTimeReport.build/Objects-normal/arm64/Counting_Sheep_Screen_Time_Report.swiftdoc /tmp/slumber-repair-derived/Build/Products/Debug-iphonesimulator/Counting_Sheep_Screen_Time_Report.swiftmodule/arm64-apple-ios-simulator.swiftdoc

Copy /tmp/slumber-repair-derived/Build/Products/Debug-iphonesimulator/Counting_Sheep_Screen_Time_Report.swiftmodule/arm64-apple-ios-simulator.abi.json /tmp/slumber-repair-derived/Build/Intermediates.noindex/PhoneInTheOtherRoom.build/Debug-iphonesimulator/PhoneInTheOtherRoomScreenTimeReport.build/Objects-normal/arm64/Counting_Sheep_Screen_Time_Report.abi.json (in target 'PhoneInTheOtherRoomScreenTimeReport' from project 'PhoneInTheOtherRoom')
    cd /Users/ngawangchime/Desktop/Developer\ Projects/Phone\ in\ the\ Other\ Room
    builtin-copy -exclude .DS_Store -exclude CVS -exclude .svn -exclude .git -exclude .hg -resolve-src-symlinks -rename /tmp/slumber-repair-derived/Build/Intermediates.noindex/PhoneInTheOtherRoom.build/Debug-iphonesimulator/PhoneInTheOtherRoomScreenTimeReport.build/Objects-normal/arm64/Counting_Sheep_Screen_Time_Report.abi.json /tmp/slumber-repair-derived/Build/Products/Debug-iphonesimulator/Counting_Sheep_Screen_Time_Report.swiftmodule/arm64-apple-ios-simulator.abi.json

Copy /tmp/slumber-repair-derived/Build/Products/Debug-iphonesimulator/Counting_Sheep_Screen_Time_Report.swiftmodule/Project/arm64-apple-ios-simulator.swiftsourceinfo /tmp/slumber-repair-derived/Build/Intermediates.noindex/PhoneInTheOtherRoom.build/Debug-iphonesimulator/PhoneInTheOtherRoomScreenTimeReport.build/Objects-normal/arm64/Counting_Sheep_Screen_Time_Report.swiftsourceinfo (in target 'PhoneInTheOtherRoomScreenTimeReport' from project 'PhoneInTheOtherRoom')
    cd /Users/ngawangchime/Desktop/Developer\ Projects/Phone\ in\ the\ Other\ Room
    builtin-copy -exclude .DS_Store -exclude CVS -exclude .svn -exclude .git -exclude .hg -resolve-src-symlinks -rename /tmp/slumber-repair-derived/Build/Intermediates.noindex/PhoneInTheOtherRoom.build/Debug-iphonesimulator/PhoneInTheOtherRoomScreenTimeReport.build/Objects-normal/arm64/Counting_Sheep_Screen_Time_Report.swiftsourceinfo /tmp/slumber-repair-derived/Build/Products/Debug-iphonesimulator/Counting_Sheep_Screen_Time_Report.swiftmodule/Project/arm64-apple-ios-simulator.swiftsourceinfo

SwiftDriver IssueReporting normal x86_64 com.apple.xcode.tools.swift.compiler (in target 'IssueReporting' from project 'xctest-dynamic-overlay')
    cd /Users/ngawangchime/Desktop/Developer\ Projects/Phone\ in\ the\ Other\ Room/PhoneInTheOtherRoom.xcodeproj
    builtin-SwiftDriver -- /Applications/Xcode.app/Contents/Developer/Toolchains/XcodeDefault.xctoolchain/usr/bin/swiftc -module-name IssueReporting -Onone @/tmp/slumber-repair-derived/Build/Intermediates.noindex/xctest-dynamic-overlay.build/Debug-iphonesimulator/IssueReporting.build/Objects-normal/x86_64/IssueReporting.SwiftFileList -DSWIFT_PACKAGE -DDEBUG -DSWIFT_MODULE_RESOURCE_BUNDLE_UNAVAILABLE -DXcode -enable-upcoming-feature ExistentialAny -enable-upcoming-feature ImmutableWeakCaptures -enable-upcoming-feature InferIsolatedConformances -enable-upcoming-feature InternalImportsByDefault -enable-upcoming-feature MemberImportVisibility -enable-upcoming-feature NonisolatedNonsendingByDefault -plugin-path /Applications/Xcode.app/Contents/Developer/Toolchains/XcodeDefault.xctoolchain/usr/lib/swift/host/plugins/testing -enable-experimental-feature DebugDescriptionMacro -sdk /Applications/Xcode.app/Contents/Developer/Platforms/iPhoneSimulator.platform/Developer/SDKs/iPhoneSimulator26.5.sdk -target x86_64-apple-ios13.0-simulator -g -module-cache-path /tmp/slumber-repair-derived/ModuleCache.noindex -Xfrontend -serialize-debugging-options -enable-testing -suppress-warnings -index-store-path /tmp/slumber-repair-derived/Index.noindex/DataStore -Xcc -D_LIBCPP_HARDENING_MODE\=_LIBCPP_HARDENING_MODE_DEBUG -swift-version 6 -I /tmp/slumber-repair-derived/Build/Products/Debug-iphonesimulator -Isystem /Applications/Xcode.app/Contents/Developer/Platforms/iPhoneSimulator.platform/Developer/usr/lib -F /tmp/slumber-repair-derived/Build/Products/Debug-iphonesimulator -F /Applications/Xcode.app/Contents/Developer/Platforms/iPhoneSimulator.platform/Developer/Library/Frameworks -F /Applications/Xcode.app/Contents/Developer/Platforms/iPhoneSimulator.platform/Developer/SDKs/iPhoneSimulator26.5.sdk/Developer/Library/Frameworks -c -j8 -enable-batch-mode -incremental -Xcc -ivfsstatcache -Xcc /tmp/slumber-repair-derived/SDKStatCaches.noindex/iphonesimulator26.5-23F81a-6cfe768891a92b912361537c460fe42b.sdkstatcache -output-file-map /tmp/slumber-repair-derived/Build/Intermediates.noindex/xctest-dynamic-overlay.build/Debug-iphonesimulator/IssueReporting.build/Objects-normal/x86_64/IssueReporting-OutputFileMap.json -use-frontend-parseable-output -save-temps -no-color-diagnostics -explicit-module-build -module-cache-path /tmp/slumber-repair-derived/Build/Intermediates.noindex/SwiftExplicitPrecompiledModules -clang-scanner-module-cache-path /tmp/slumber-repair-derived/ModuleCache.noindex -sdk-module-cache-path /tmp/slumber-repair-derived/ModuleCache.noindex -serialize-diagnostics -emit-dependencies -emit-module -emit-module-path /tmp/slumber-repair-derived/Build/Intermediates.noindex/xctest-dynamic-overlay.build/Debug-iphonesimulator/IssueReporting.build/Objects-normal/x86_64/IssueReporting.swiftmodule -user-module-version 1.11.0 -validate-clang-modules-once -clang-build-session-file /tmp/slumber-repair-derived/ModuleCache.noindex/Session.modulevalidation -package-name xctest_dynamic_overlay -Xcc -I/tmp/slumber-repair-derived/Build/Intermediates.noindex/xctest-dynamic-overlay.build/Debug-iphonesimulator/IssueReporting.build/swift-overrides.hmap -emit-const-values -Xfrontend -const-gather-protocols-file -Xfrontend /tmp/slumber-repair-derived/Build/Intermediates.noindex/xctest-dynamic-overlay.build/Debug-iphonesimulator/IssueReporting.build/Objects-normal/x86_64/IssueReporting_const_extract_protocols.json -Xcc -I/tmp/slumber-repair-derived/Build/Products/Debug-iphonesimulator/include -Xcc -I/tmp/slumber-repair-derived/Build/Intermediates.noindex/xctest-dynamic-overlay.build/Debug-iphonesimulator/IssueReporting.build/DerivedSources-normal/x86_64 -Xcc -I/tmp/slumber-repair-derived/Build/Intermediates.noindex/xctest-dynamic-overlay.build/Debug-iphonesimulator/IssueReporting.build/DerivedSources/x86_64 -Xcc -I/tmp/slumber-repair-derived/Build/Intermediates.noindex/xctest-dynamic-overlay.build/Debug-iphonesimulator/IssueReporting.build/DerivedSources -Xcc -DSWIFT_PACKAGE -Xcc -DDEBUG\=1 -emit-objc-header -emit-objc-header-path /tmp/slumber-repair-derived/Build/Intermediates.noindex/xctest-dynamic-overlay.build/Debug-iphonesimulator/IssueReporting.build/Objects-normal/x86_64/IssueReporting-Swift.h -working-directory /Users/ngawangchime/Desktop/Developer\ Projects/Phone\ in\ the\ Other\ Room/PhoneInTheOtherRoom.xcodeproj -experimental-emit-module-separately -disable-cmo

SwiftDriver IssueReporting normal arm64 com.apple.xcode.tools.swift.compiler (in target 'IssueReporting' from project 'xctest-dynamic-overlay')
    cd /Users/ngawangchime/Desktop/Developer\ Projects/Phone\ in\ the\ Other\ Room/PhoneInTheOtherRoom.xcodeproj
    builtin-SwiftDriver -- /Applications/Xcode.app/Contents/Developer/Toolchains/XcodeDefault.xctoolchain/usr/bin/swiftc -module-name IssueReporting -Onone @/tmp/slumber-repair-derived/Build/Intermediates.noindex/xctest-dynamic-overlay.build/Debug-iphonesimulator/IssueReporting.build/Objects-normal/arm64/IssueReporting.SwiftFileList -DSWIFT_PACKAGE -DDEBUG -DSWIFT_MODULE_RESOURCE_BUNDLE_UNAVAILABLE -DXcode -enable-upcoming-feature ExistentialAny -enable-upcoming-feature ImmutableWeakCaptures -enable-upcoming-feature InferIsolatedConformances -enable-upcoming-feature InternalImportsByDefault -enable-upcoming-feature MemberImportVisibility -enable-upcoming-feature NonisolatedNonsendingByDefault -plugin-path /Applications/Xcode.app/Contents/Developer/Toolchains/XcodeDefault.xctoolchain/usr/lib/swift/host/plugins/testing -enable-experimental-feature DebugDescriptionMacro -sdk /Applications/Xcode.app/Contents/Developer/Platforms/iPhoneSimulator.platform/Developer/SDKs/iPhoneSimulator26.5.sdk -target arm64-apple-ios13.0-simulator -g -module-cache-path /tmp/slumber-repair-derived/ModuleCache.noindex -Xfrontend -serialize-debugging-options -enable-testing -suppress-warnings -index-store-path /tmp/slumber-repair-derived/Index.noindex/DataStore -Xcc -D_LIBCPP_HARDENING_MODE\=_LIBCPP_HARDENING_MODE_DEBUG -swift-version 6 -I /tmp/slumber-repair-derived/Build/Products/Debug-iphonesimulator -Isystem /Applications/Xcode.app/Contents/Developer/Platforms/iPhoneSimulator.platform/Developer/usr/lib -F /tmp/slumber-repair-derived/Build/Products/Debug-iphonesimulator -F /Applications/Xcode.app/Contents/Developer/Platforms/iPhoneSimulator.platform/Developer/Library/Frameworks -F /Applications/Xcode.app/Contents/Developer/Platforms/iPhoneSimulator.platform/Developer/SDKs/iPhoneSimulator26.5.sdk/Developer/Library/Frameworks -c -j8 -enable-batch-mode -incremental -Xcc -ivfsstatcache -Xcc /tmp/slumber-repair-derived/SDKStatCaches.noindex/iphonesimulator26.5-23F81a-6cfe768891a92b912361537c460fe42b.sdkstatcache -output-file-map /tmp/slumber-repair-derived/Build/Intermediates.noindex/xctest-dynamic-overlay.build/Debug-iphonesimulator/IssueReporting.build/Objects-normal/arm64/IssueReporting-OutputFileMap.json -use-frontend-parseable-output -save-temps -no-color-diagnostics -explicit-module-build -module-cache-path /tmp/slumber-repair-derived/Build/Intermediates.noindex/SwiftExplicitPrecompiledModules -clang-scanner-module-cache-path /tmp/slumber-repair-derived/ModuleCache.noindex -sdk-module-cache-path /tmp/slumber-repair-derived/ModuleCache.noindex -serialize-diagnostics -emit-dependencies -emit-module -emit-module-path /tmp/slumber-repair-derived/Build/Intermediates.noindex/xctest-dynamic-overlay.build/Debug-iphonesimulator/IssueReporting.build/Objects-normal/arm64/IssueReporting.swiftmodule -user-module-version 1.11.0 -validate-clang-modules-once -clang-build-session-file /tmp/slumber-repair-derived/ModuleCache.noindex/Session.modulevalidation -package-name xctest_dynamic_overlay -Xcc -I/tmp/slumber-repair-derived/Build/Intermediates.noindex/xctest-dynamic-overlay.build/Debug-iphonesimulator/IssueReporting.build/swift-overrides.hmap -emit-const-values -Xfrontend -const-gather-protocols-file -Xfrontend /tmp/slumber-repair-derived/Build/Intermediates.noindex/xctest-dynamic-overlay.build/Debug-iphonesimulator/IssueReporting.build/Objects-normal/arm64/IssueReporting_const_extract_protocols.json -Xcc -I/tmp/slumber-repair-derived/Build/Products/Debug-iphonesimulator/include -Xcc -I/tmp/slumber-repair-derived/Build/Intermediates.noindex/xctest-dynamic-overlay.build/Debug-iphonesimulator/IssueReporting.build/DerivedSources-normal/arm64 -Xcc -I/tmp/slumber-repair-derived/Build/Intermediates.noindex/xctest-dynamic-overlay.build/Debug-iphonesimulator/IssueReporting.build/DerivedSources/arm64 -Xcc -I/tmp/slumber-repair-derived/Build/Intermediates.noindex/xctest-dynamic-overlay.build/Debug-iphonesimulator/IssueReporting.build/DerivedSources -Xcc -DSWIFT_PACKAGE -Xcc -DDEBUG\=1 -emit-objc-header -emit-objc-header-path /tmp/slumber-repair-derived/Build/Intermediates.noindex/xctest-dynamic-overlay.build/Debug-iphonesimulator/IssueReporting.build/Objects-normal/arm64/IssueReporting-Swift.h -working-directory /Users/ngawangchime/Desktop/Developer\ Projects/Phone\ in\ the\ Other\ Room/PhoneInTheOtherRoom.xcodeproj -experimental-emit-module-separately -disable-cmo

SwiftDriver HTTPTypes normal arm64 com.apple.xcode.tools.swift.compiler (in target 'HTTPTypes' from project 'swift-http-types')
    cd /Users/ngawangchime/Desktop/Developer\ Projects/Phone\ in\ the\ Other\ Room/PhoneInTheOtherRoom.xcodeproj
    builtin-SwiftDriver -- /Applications/Xcode.app/Contents/Developer/Toolchains/XcodeDefault.xctoolchain/usr/bin/swiftc -module-name HTTPTypes -Onone @/tmp/slumber-repair-derived/Build/Intermediates.noindex/swift-http-types.build/Debug-iphonesimulator/HTTPTypes.build/Objects-normal/arm64/HTTPTypes.SwiftFileList -DSWIFT_PACKAGE -DDEBUG -DSWIFT_MODULE_RESOURCE_BUNDLE_UNAVAILABLE -DFoundationURL -DXcode -enable-upcoming-feature InternalImportsByDefault -enable-upcoming-feature MemberImportVisibility -plugin-path /Applications/Xcode.app/Contents/Developer/Toolchains/XcodeDefault.xctoolchain/usr/lib/swift/host/plugins/testing -enable-experimental-feature DebugDescriptionMacro -sdk /Applications/Xcode.app/Contents/Developer/Platforms/iPhoneSimulator.platform/Developer/SDKs/iPhoneSimulator26.5.sdk -target arm64-apple-ios12.0-simulator -g -module-cache-path /tmp/slumber-repair-derived/ModuleCache.noindex -Xfrontend -serialize-debugging-options -enable-testing -suppress-warnings -index-store-path /tmp/slumber-repair-derived/Index.noindex/DataStore -Xcc -D_LIBCPP_HARDENING_MODE\=_LIBCPP_HARDENING_MODE_DEBUG -swift-version 6 -I /tmp/slumber-repair-derived/Build/Products/Debug-iphonesimulator -Isystem /Applications/Xcode.app/Contents/Developer/Platforms/iPhoneSimulator.platform/Developer/usr/lib -F /tmp/slumber-repair-derived/Build/Products/Debug-iphonesimulator -F /Applications/Xcode.app/Contents/Developer/Platforms/iPhoneSimulator.platform/Developer/Library/Frameworks -F /Applications/Xcode.app/Contents/Developer/Platforms/iPhoneSimulator.platform/Developer/SDKs/iPhoneSimulator26.5.sdk/Developer/Library/Frameworks -c -j8 -enable-batch-mode -incremental -Xcc -ivfsstatcache -Xcc /tmp/slumber-repair-derived/SDKStatCaches.noindex/iphonesimulator26.5-23F81a-6cfe768891a92b912361537c460fe42b.sdkstatcache -output-file-map /tmp/slumber-repair-derived/Build/Intermediates.noindex/swift-http-types.build/Debug-iphonesimulator/HTTPTypes.build/Objects-normal/arm64/HTTPTypes-OutputFileMap.json -use-frontend-parseable-output -save-temps -no-color-diagnostics -explicit-module-build -module-cache-path /tmp/slumber-repair-derived/Build/Intermediates.noindex/SwiftExplicitPrecompiledModules -clang-scanner-module-cache-path /tmp/slumber-repair-derived/ModuleCache.noindex -sdk-module-cache-path /tmp/slumber-repair-derived/ModuleCache.noindex -serialize-diagnostics -emit-dependencies -emit-module -emit-module-path /tmp/slumber-repair-derived/Build/Intermediates.noindex/swift-http-types.build/Debug-iphonesimulator/HTTPTypes.build/Objects-normal/arm64/HTTPTypes.swiftmodule -user-module-version 1.6.0 -validate-clang-modules-once -clang-build-session-file /tmp/slumber-repair-derived/ModuleCache.noindex/Session.modulevalidation -package-name swift_http_types -Xcc -I/tmp/slumber-repair-derived/Build/Intermediates.noindex/swift-http-types.build/Debug-iphonesimulator/HTTPTypes.build/swift-overrides.hmap -emit-const-values -Xfrontend -const-gather-protocols-file -Xfrontend /tmp/slumber-repair-derived/Build/Intermediates.noindex/swift-http-types.build/Debug-iphonesimulator/HTTPTypes.build/Objects-normal/arm64/HTTPTypes_const_extract_protocols.json -Xcc -I/tmp/slumber-repair-derived/Build/Products/Debug-iphonesimulator/include -Xcc -I/tmp/slumber-repair-derived/Build/Intermediates.noindex/swift-http-types.build/Debug-iphonesimulator/HTTPTypes.build/DerivedSources-normal/arm64 -Xcc -I/tmp/slumber-repair-derived/Build/Intermediates.noindex/swift-http-types.build/Debug-iphonesimulator/HTTPTypes.build/DerivedSources/arm64 -Xcc -I/tmp/slumber-repair-derived/Build/Intermediates.noindex/swift-http-types.build/Debug-iphonesimulator/HTTPTypes.build/DerivedSources -Xcc -DSWIFT_PACKAGE -Xcc -DDEBUG\=1 -emit-objc-header -emit-objc-header-path /tmp/slumber-repair-derived/Build/Intermediates.noindex/swift-http-types.build/Debug-iphonesimulator/HTTPTypes.build/Objects-normal/arm64/HTTPTypes-Swift.h -working-directory /Users/ngawangchime/Desktop/Developer\ Projects/Phone\ in\ the\ Other\ Room/PhoneInTheOtherRoom.xcodeproj -experimental-emit-module-separately -disable-cmo

SwiftDriver HTTPTypes normal x86_64 com.apple.xcode.tools.swift.compiler (in target 'HTTPTypes' from project 'swift-http-types')
    cd /Users/ngawangchime/Desktop/Developer\ Projects/Phone\ in\ the\ Other\ Room/PhoneInTheOtherRoom.xcodeproj
    builtin-SwiftDriver -- /Applications/Xcode.app/Contents/Developer/Toolchains/XcodeDefault.xctoolchain/usr/bin/swiftc -module-name HTTPTypes -Onone @/tmp/slumber-repair-derived/Build/Intermediates.noindex/swift-http-types.build/Debug-iphonesimulator/HTTPTypes.build/Objects-normal/x86_64/HTTPTypes.SwiftFileList -DSWIFT_PACKAGE -DDEBUG -DSWIFT_MODULE_RESOURCE_BUNDLE_UNAVAILABLE -DFoundationURL -DXcode -enable-upcoming-feature InternalImportsByDefault -enable-upcoming-feature MemberImportVisibility -plugin-path /Applications/Xcode.app/Contents/Developer/Toolchains/XcodeDefault.xctoolchain/usr/lib/swift/host/plugins/testing -enable-experimental-feature DebugDescriptionMacro -sdk /Applications/Xcode.app/Contents/Developer/Platforms/iPhoneSimulator.platform/Developer/SDKs/iPhoneSimulator26.5.sdk -target x86_64-apple-ios12.0-simulator -g -module-cache-path /tmp/slumber-repair-derived/ModuleCache.noindex -Xfrontend -serialize-debugging-options -enable-testing -suppress-warnings -index-store-path /tmp/slumber-repair-derived/Index.noindex/DataStore -Xcc -D_LIBCPP_HARDENING_MODE\=_LIBCPP_HARDENING_MODE_DEBUG -swift-version 6 -I /tmp/slumber-repair-derived/Build/Products/Debug-iphonesimulator -Isystem /Applications/Xcode.app/Contents/Developer/Platforms/iPhoneSimulator.platform/Developer/usr/lib -F /tmp/slumber-repair-derived/Build/Products/Debug-iphonesimulator -F /Applications/Xcode.app/Contents/Developer/Platforms/iPhoneSimulator.platform/Developer/Library/Frameworks -F /Applications/Xcode.app/Contents/Developer/Platforms/iPhoneSimulator.platform/Developer/SDKs/iPhoneSimulator26.5.sdk/Developer/Library/Frameworks -c -j8 -enable-batch-mode -incremental -Xcc -ivfsstatcache -Xcc /tmp/slumber-repair-derived/SDKStatCaches.noindex/iphonesimulator26.5-23F81a-6cfe768891a92b912361537c460fe42b.sdkstatcache -output-file-map /tmp/slumber-repair-derived/Build/Intermediates.noindex/swift-http-types.build/Debug-iphonesimulator/HTTPTypes.build/Objects-normal/x86_64/HTTPTypes-OutputFileMap.json -use-frontend-parseable-output -save-temps -no-color-diagnostics -explicit-module-build -module-cache-path /tmp/slumber-repair-derived/Build/Intermediates.noindex/SwiftExplicitPrecompiledModules -clang-scanner-module-cache-path /tmp/slumber-repair-derived/ModuleCache.noindex -sdk-module-cache-path /tmp/slumber-repair-derived/ModuleCache.noindex -serialize-diagnostics -emit-dependencies -emit-module -emit-module-path /tmp/slumber-repair-derived/Build/Intermediates.noindex/swift-http-types.build/Debug-iphonesimulator/HTTPTypes.build/Objects-normal/x86_64/HTTPTypes.swiftmodule -user-module-version 1.6.0 -validate-clang-modules-once -clang-build-session-file /tmp/slumber-repair-derived/ModuleCache.noindex/Session.modulevalidation -package-name swift_http_types -Xcc -I/tmp/slumber-repair-derived/Build/Intermediates.noindex/swift-http-types.build/Debug-iphonesimulator/HTTPTypes.build/swift-overrides.hmap -emit-const-values -Xfrontend -const-gather-protocols-file -Xfrontend /tmp/slumber-repair-derived/Build/Intermediates.noindex/swift-http-types.build/Debug-iphonesimulator/HTTPTypes.build/Objects-normal/x86_64/HTTPTypes_const_extract_protocols.json -Xcc -I/tmp/slumber-repair-derived/Build/Products/Debug-iphonesimulator/include -Xcc -I/tmp/slumber-repair-derived/Build/Intermediates.noindex/swift-http-types.build/Debug-iphonesimulator/HTTPTypes.build/DerivedSources-normal/x86_64 -Xcc -I/tmp/slumber-repair-derived/Build/Intermediates.noindex/swift-http-types.build/Debug-iphonesimulator/HTTPTypes.build/DerivedSources/x86_64 -Xcc -I/tmp/slumber-repair-derived/Build/Intermediates.noindex/swift-http-types.build/Debug-iphonesimulator/HTTPTypes.build/DerivedSources -Xcc -DSWIFT_PACKAGE -Xcc -DDEBUG\=1 -emit-objc-header -emit-objc-header-path /tmp/slumber-repair-derived/Build/Intermediates.noindex/swift-http-types.build/Debug-iphonesimulator/HTTPTypes.build/Objects-normal/x86_64/HTTPTypes-Swift.h -working-directory /Users/ngawangchime/Desktop/Developer\ Projects/Phone\ in\ the\ Other\ Room/PhoneInTheOtherRoom.xcodeproj -experimental-emit-module-separately -disable-cmo

SwiftDriver Crypto normal x86_64 com.apple.xcode.tools.swift.compiler (in target 'Crypto' from project 'swift-crypto')
    cd /Users/ngawangchime/Desktop/Developer\ Projects/Phone\ in\ the\ Other\ Room/PhoneInTheOtherRoom.xcodeproj
    builtin-SwiftDriver -- /Applications/Xcode.app/Contents/Developer/Toolchains/XcodeDefault.xctoolchain/usr/bin/swiftc -module-name Crypto -Onone @/tmp/slumber-repair-derived/Build/Intermediates.noindex/swift-crypto.build/Debug-iphonesimulator/Crypto.build/Objects-normal/x86_64/Crypto.SwiftFileList -DSWIFT_PACKAGE -DDEBUG -DSWIFT_MODULE_RESOURCE_BUNDLE_AVAILABLE -DCRYPTO_IN_SWIFTPM -DXcode -enable-upcoming-feature MemberImportVisibility -plugin-path /Applications/Xcode.app/Contents/Developer/Toolchains/XcodeDefault.xctoolchain/usr/lib/swift/host/plugins/testing -enable-experimental-feature DebugDescriptionMacro -sdk /Applications/Xcode.app/Contents/Developer/Platforms/iPhoneSimulator.platform/Developer/SDKs/iPhoneSimulator26.5.sdk -target x86_64-apple-ios12.0-simulator -g -module-cache-path /tmp/slumber-repair-derived/ModuleCache.noindex -Xfrontend -serialize-debugging-options -enable-testing -suppress-warnings -index-store-path /tmp/slumber-repair-derived/Index.noindex/DataStore -Xcc -D_LIBCPP_HARDENING_MODE\=_LIBCPP_HARDENING_MODE_DEBUG -swift-version 6 -I /tmp/slumber-repair-derived/Build/Products/Debug-iphonesimulator -Isystem /Applications/Xcode.app/Contents/Developer/Platforms/iPhoneSimulator.platform/Developer/usr/lib -F /tmp/slumber-repair-derived/Build/Products/Debug-iphonesimulator -F /Applications/Xcode.app/Contents/Developer/Platforms/iPhoneSimulator.platform/Developer/Library/Frameworks -F /Applications/Xcode.app/Contents/Developer/Platforms/iPhoneSimulator.platform/Developer/SDKs/iPhoneSimulator26.5.sdk/Developer/Library/Frameworks -c -j8 -enable-batch-mode -incremental -Xcc -ivfsstatcache -Xcc /tmp/slumber-repair-derived/SDKStatCaches.noindex/iphonesimulator26.5-23F81a-6cfe768891a92b912361537c460fe42b.sdkstatcache -output-file-map /tmp/slumber-repair-derived/Build/Intermediates.noindex/swift-crypto.build/Debug-iphonesimulator/Crypto.build/Objects-normal/x86_64/Crypto-OutputFileMap.json -use-frontend-parseable-output -save-temps -no-color-diagnostics -explicit-module-build -module-cache-path /tmp/slumber-repair-derived/Build/Intermediates.noindex/SwiftExplicitPrecompiledModules -clang-scanner-module-cache-path /tmp/slumber-repair-derived/ModuleCache.noindex -sdk-module-cache-path /tmp/slumber-repair-derived/ModuleCache.noindex -serialize-diagnostics -emit-dependencies -emit-module -emit-module-path /tmp/slumber-repair-derived/Build/Intermediates.noindex/swift-crypto.build/Debug-iphonesimulator/Crypto.build/Objects-normal/x86_64/Crypto.swiftmodule -user-module-version 4.5.0 -validate-clang-modules-once -clang-build-session-file /tmp/slumber-repair-derived/ModuleCache.noindex/Session.modulevalidation -package-name swift_crypto -Xcc -I/tmp/slumber-repair-derived/Build/Intermediates.noindex/swift-crypto.build/Debug-iphonesimulator/Crypto.build/swift-overrides.hmap -emit-const-values -Xfrontend -const-gather-protocols-file -Xfrontend /tmp/slumber-repair-derived/Build/Intermediates.noindex/swift-crypto.build/Debug-iphonesimulator/Crypto.build/Objects-normal/x86_64/Crypto_const_extract_protocols.json -Xcc -I/tmp/slumber-repair-derived/Build/Products/Debug-iphonesimulator/include -Xcc -I/tmp/slumber-repair-derived/Build/Intermediates.noindex/swift-crypto.build/Debug-iphonesimulator/Crypto.build/DerivedSources-normal/x86_64 -Xcc -I/tmp/slumber-repair-derived/Build/Intermediates.noindex/swift-crypto.build/Debug-iphonesimulator/Crypto.build/DerivedSources/x86_64 -Xcc -I/tmp/slumber-repair-derived/Build/Intermediates.noindex/swift-crypto.build/Debug-iphonesimulator/Crypto.build/DerivedSources -Xcc -DSWIFT_PACKAGE -Xcc -DDEBUG\=1 -emit-objc-header -emit-objc-header-path /tmp/slumber-repair-derived/Build/Intermediates.noindex/swift-crypto.build/Debug-iphonesimulator/Crypto.build/Objects-normal/x86_64/Crypto-Swift.h -working-directory /Users/ngawangchime/Desktop/Developer\ Projects/Phone\ in\ the\ Other\ Room/PhoneInTheOtherRoom.xcodeproj -experimental-emit-module-separately -disable-cmo

SwiftDriver Crypto normal arm64 com.apple.xcode.tools.swift.compiler (in target 'Crypto' from project 'swift-crypto')
    cd /Users/ngawangchime/Desktop/Developer\ Projects/Phone\ in\ the\ Other\ Room/PhoneInTheOtherRoom.xcodeproj
    builtin-SwiftDriver -- /Applications/Xcode.app/Contents/Developer/Toolchains/XcodeDefault.xctoolchain/usr/bin/swiftc -module-name Crypto -Onone @/tmp/slumber-repair-derived/Build/Intermediates.noindex/swift-crypto.build/Debug-iphonesimulator/Crypto.build/Objects-normal/arm64/Crypto.SwiftFileList -DSWIFT_PACKAGE -DDEBUG -DSWIFT_MODULE_RESOURCE_BUNDLE_AVAILABLE -DCRYPTO_IN_SWIFTPM -DXcode -enable-upcoming-feature MemberImportVisibility -plugin-path /Applications/Xcode.app/Contents/Developer/Toolchains/XcodeDefault.xctoolchain/usr/lib/swift/host/plugins/testing -enable-experimental-feature DebugDescriptionMacro -sdk /Applications/Xcode.app/Contents/Developer/Platforms/iPhoneSimulator.platform/Developer/SDKs/iPhoneSimulator26.5.sdk -target arm64-apple-ios12.0-simulator -g -module-cache-path /tmp/slumber-repair-derived/ModuleCache.noindex -Xfrontend -serialize-debugging-options -enable-testing -suppress-warnings -index-store-path /tmp/slumber-repair-derived/Index.noindex/DataStore -Xcc -D_LIBCPP_HARDENING_MODE\=_LIBCPP_HARDENING_MODE_DEBUG -swift-version 6 -I /tmp/slumber-repair-derived/Build/Products/Debug-iphonesimulator -Isystem /Applications/Xcode.app/Contents/Developer/Platforms/iPhoneSimulator.platform/Developer/usr/lib -F /tmp/slumber-repair-derived/Build/Products/Debug-iphonesimulator -F /Applications/Xcode.app/Contents/Developer/Platforms/iPhoneSimulator.platform/Developer/Library/Frameworks -F /Applications/Xcode.app/Contents/Developer/Platforms/iPhoneSimulator.platform/Developer/SDKs/iPhoneSimulator26.5.sdk/Developer/Library/Frameworks -c -j8 -enable-batch-mode -incremental -Xcc -ivfsstatcache -Xcc /tmp/slumber-repair-derived/SDKStatCaches.noindex/iphonesimulator26.5-23F81a-6cfe768891a92b912361537c460fe42b.sdkstatcache -output-file-map /tmp/slumber-repair-derived/Build/Intermediates.noindex/swift-crypto.build/Debug-iphonesimulator/Crypto.build/Objects-normal/arm64/Crypto-OutputFileMap.json -use-frontend-parseable-output -save-temps -no-color-diagnostics -explicit-module-build -module-cache-path /tmp/slumber-repair-derived/Build/Intermediates.noindex/SwiftExplicitPrecompiledModules -clang-scanner-module-cache-path /tmp/slumber-repair-derived/ModuleCache.noindex -sdk-module-cache-path /tmp/slumber-repair-derived/ModuleCache.noindex -serialize-diagnostics -emit-dependencies -emit-module -emit-module-path /tmp/slumber-repair-derived/Build/Intermediates.noindex/swift-crypto.build/Debug-iphonesimulator/Crypto.build/Objects-normal/arm64/Crypto.swiftmodule -user-module-version 4.5.0 -validate-clang-modules-once -clang-build-session-file /tmp/slumber-repair-derived/ModuleCache.noindex/Session.modulevalidation -package-name swift_crypto -Xcc -I/tmp/slumber-repair-derived/Build/Intermediates.noindex/swift-crypto.build/Debug-iphonesimulator/Crypto.build/swift-overrides.hmap -emit-const-values -Xfrontend -const-gather-protocols-file -Xfrontend /tmp/slumber-repair-derived/Build/Intermediates.noindex/swift-crypto.build/Debug-iphonesimulator/Crypto.build/Objects-normal/arm64/Crypto_const_extract_protocols.json -Xcc -I/tmp/slumber-repair-derived/Build/Products/Debug-iphonesimulator/include -Xcc -I/tmp/slumber-repair-derived/Build/Intermediates.noindex/swift-crypto.build/Debug-iphonesimulator/Crypto.build/DerivedSources-normal/arm64 -Xcc -I/tmp/slumber-repair-derived/Build/Intermediates.noindex/swift-crypto.build/Debug-iphonesimulator/Crypto.build/DerivedSources/arm64 -Xcc -I/tmp/slumber-repair-derived/Build/Intermediates.noindex/swift-crypto.build/Debug-iphonesimulator/Crypto.build/DerivedSources -Xcc -DSWIFT_PACKAGE -Xcc -DDEBUG\=1 -emit-objc-header -emit-objc-header-path /tmp/slumber-repair-derived/Build/Intermediates.noindex/swift-crypto.build/Debug-iphonesimulator/Crypto.build/Objects-normal/arm64/Crypto-Swift.h -working-directory /Users/ngawangchime/Desktop/Developer\ Projects/Phone\ in\ the\ Other\ Room/PhoneInTheOtherRoom.xcodeproj -experimental-emit-module-separately -disable-cmo

SwiftDriver ConcurrencyExtras normal x86_64 com.apple.xcode.tools.swift.compiler (in target 'ConcurrencyExtras' from project 'swift-concurrency-extras')
    cd /Users/ngawangchime/Desktop/Developer\ Projects/Phone\ in\ the\ Other\ Room/PhoneInTheOtherRoom.xcodeproj
    builtin-SwiftDriver -- /Applications/Xcode.app/Contents/Developer/Toolchains/XcodeDefault.xctoolchain/usr/bin/swiftc -module-name ConcurrencyExtras -Onone @/tmp/slumber-repair-derived/Build/Intermediates.noindex/swift-concurrency-extras.build/Debug-iphonesimulator/ConcurrencyExtras.build/Objects-normal/x86_64/ConcurrencyExtras.SwiftFileList -DSWIFT_PACKAGE -DDEBUG -DSWIFT_MODULE_RESOURCE_BUNDLE_UNAVAILABLE -DXcode -enable-upcoming-feature NonisolatedNonsendingByDefault -plugin-path /Applications/Xcode.app/Contents/Developer/Toolchains/XcodeDefault.xctoolchain/usr/lib/swift/host/plugins/testing -enable-experimental-feature DebugDescriptionMacro -sdk /Applications/Xcode.app/Contents/Developer/Platforms/iPhoneSimulator.platform/Developer/SDKs/iPhoneSimulator26.5.sdk -target x86_64-apple-ios13.0-simulator -g -module-cache-path /tmp/slumber-repair-derived/ModuleCache.noindex -Xfrontend -serialize-debugging-options -enable-testing -suppress-warnings -index-store-path /tmp/slumber-repair-derived/Index.noindex/DataStore -Xcc -D_LIBCPP_HARDENING_MODE\=_LIBCPP_HARDENING_MODE_DEBUG -swift-version 6 -I /tmp/slumber-repair-derived/Build/Products/Debug-iphonesimulator -Isystem /Applications/Xcode.app/Contents/Developer/Platforms/iPhoneSimulator.platform/Developer/usr/lib -F /tmp/slumber-repair-derived/Build/Products/Debug-iphonesimulator -F /Applications/Xcode.app/Contents/Developer/Platforms/iPhoneSimulator.platform/Developer/Library/Frameworks -F /Applications/Xcode.app/Contents/Developer/Platforms/iPhoneSimulator.platform/Developer/SDKs/iPhoneSimulator26.5.sdk/Developer/Library/Frameworks -c -j8 -enable-batch-mode -incremental -Xcc -ivfsstatcache -Xcc /tmp/slumber-repair-derived/SDKStatCaches.noindex/iphonesimulator26.5-23F81a-6cfe768891a92b912361537c460fe42b.sdkstatcache -output-file-map /tmp/slumber-repair-derived/Build/Intermediates.noindex/swift-concurrency-extras.build/Debug-iphonesimulator/ConcurrencyExtras.build/Objects-normal/x86_64/ConcurrencyExtras-OutputFileMap.json -use-frontend-parseable-output -save-temps -no-color-diagnostics -explicit-module-build -module-cache-path /tmp/slumber-repair-derived/Build/Intermediates.noindex/SwiftExplicitPrecompiledModules -clang-scanner-module-cache-path /tmp/slumber-repair-derived/ModuleCache.noindex -sdk-module-cache-path /tmp/slumber-repair-derived/ModuleCache.noindex -serialize-diagnostics -emit-dependencies -emit-module -emit-module-path /tmp/slumber-repair-derived/Build/Intermediates.noindex/swift-concurrency-extras.build/Debug-iphonesimulator/ConcurrencyExtras.build/Objects-normal/x86_64/ConcurrencyExtras.swiftmodule -user-module-version 1.4.0 -validate-clang-modules-once -clang-build-session-file /tmp/slumber-repair-derived/ModuleCache.noindex/Session.modulevalidation -package-name swift_concurrency_extras -Xcc -I/tmp/slumber-repair-derived/Build/Intermediates.noindex/swift-concurrency-extras.build/Debug-iphonesimulator/ConcurrencyExtras.build/swift-overrides.hmap -emit-const-values -Xfrontend -const-gather-protocols-file -Xfrontend /tmp/slumber-repair-derived/Build/Intermediates.noindex/swift-concurrency-extras.build/Debug-iphonesimulator/ConcurrencyExtras.build/Objects-normal/x86_64/ConcurrencyExtras_const_extract_protocols.json -Xcc -I/tmp/slumber-repair-derived/Build/Products/Debug-iphonesimulator/include -Xcc -I/tmp/slumber-repair-derived/Build/Intermediates.noindex/swift-concurrency-extras.build/Debug-iphonesimulator/ConcurrencyExtras.build/DerivedSources-normal/x86_64 -Xcc -I/tmp/slumber-repair-derived/Build/Intermediates.noindex/swift-concurrency-extras.build/Debug-iphonesimulator/ConcurrencyExtras.build/DerivedSources/x86_64 -Xcc -I/tmp/slumber-repair-derived/Build/Intermediates.noindex/swift-concurrency-extras.build/Debug-iphonesimulator/ConcurrencyExtras.build/DerivedSources -Xcc -DSWIFT_PACKAGE -Xcc -DDEBUG\=1 -emit-objc-header -emit-objc-header-path /tmp/slumber-repair-derived/Build/Intermediates.noindex/swift-concurrency-extras.build/Debug-iphonesimulator/ConcurrencyExtras.build/Objects-normal/x86_64/ConcurrencyExtras-Swift.h -working-directory /Users/ngawangchime/Desktop/Developer\ Projects/Phone\ in\ the\ Other\ Room/PhoneInTheOtherRoom.xcodeproj -experimental-emit-module-separately -disable-cmo

CreateUniversalBinary /tmp/slumber-repair-derived/Build/Products/Debug-watchsimulator/Counting\ Sheep\ Watch.app/Counting\ Sheep\ Watch.debug.dylib normal arm64\ x86_64 (in target 'PhoneInTheOtherRoomWatchApp' from project 'PhoneInTheOtherRoom')
    cd /Users/ngawangchime/Desktop/Developer\ Projects/Phone\ in\ the\ Other\ Room
    /Applications/Xcode.app/Contents/Developer/Toolchains/XcodeDefault.xctoolchain/usr/bin/lipo -create /tmp/slumber-repair-derived/Build/Intermediates.noindex/PhoneInTheOtherRoom.build/Debug-watchsimulator/PhoneInTheOtherRoomWatchApp.build/Objects-normal/arm64/Binary/Counting\ Sheep\ Watch.debug.dylib /tmp/slumber-repair-derived/Build/Intermediates.noindex/PhoneInTheOtherRoom.build/Debug-watchsimulator/PhoneInTheOtherRoomWatchApp.build/Objects-normal/x86_64/Binary/Counting\ Sheep\ Watch.debug.dylib -output /tmp/slumber-repair-derived/Build/Products/Debug-watchsimulator/Counting\ Sheep\ Watch.app/Counting\ Sheep\ Watch.debug.dylib

ConstructStubExecutorLinkFileList /tmp/slumber-repair-derived/Build/Intermediates.noindex/PhoneInTheOtherRoom.build/Debug-watchsimulator/PhoneInTheOtherRoomWatchApp.build/Counting\ Sheep\ Watch-ExecutorLinkFileList-normal-x86_64.txt (in target 'PhoneInTheOtherRoomWatchApp' from project 'PhoneInTheOtherRoom')
    cd /Users/ngawangchime/Desktop/Developer\ Projects/Phone\ in\ the\ Other\ Room
    construct-stub-executor-link-file-list /tmp/slumber-repair-derived/Build/Intermediates.noindex/PhoneInTheOtherRoom.build/Debug-watchsimulator/PhoneInTheOtherRoomWatchApp.build/Objects-normal/x86_64/Binary/Counting\ Sheep\ Watch.debug.dylib /Applications/Xcode.app/Contents/Developer/Platforms/WatchSimulator.platform/Developer/usr/lib/libPreviewsJITStubExecutor_no_swift_entry_point.a /Applications/Xcode.app/Contents/Developer/Platforms/WatchSimulator.platform/Developer/usr/lib/libPreviewsJITStubExecutor.a --output /tmp/slumber-repair-derived/Build/Intermediates.noindex/PhoneInTheOtherRoom.build/Debug-watchsimulator/PhoneInTheOtherRoomWatchApp.build/Counting\ Sheep\ Watch-ExecutorLinkFileList-normal-x86_64.txt
note: Using stub executor library with Swift entry point. (in target 'PhoneInTheOtherRoomWatchApp' from project 'PhoneInTheOtherRoom')

ConstructStubExecutorLinkFileList /tmp/slumber-repair-derived/Build/Intermediates.noindex/PhoneInTheOtherRoom.build/Debug-watchsimulator/PhoneInTheOtherRoomWatchApp.build/Counting\ Sheep\ Watch-ExecutorLinkFileList-normal-arm64.txt (in target 'PhoneInTheOtherRoomWatchApp' from project 'PhoneInTheOtherRoom')
    cd /Users/ngawangchime/Desktop/Developer\ Projects/Phone\ in\ the\ Other\ Room
    construct-stub-executor-link-file-list /tmp/slumber-repair-derived/Build/Intermediates.noindex/PhoneInTheOtherRoom.build/Debug-watchsimulator/PhoneInTheOtherRoomWatchApp.build/Objects-normal/arm64/Binary/Counting\ Sheep\ Watch.debug.dylib /Applications/Xcode.app/Contents/Developer/Platforms/WatchSimulator.platform/Developer/usr/lib/libPreviewsJITStubExecutor_no_swift_entry_point.a /Applications/Xcode.app/Contents/Developer/Platforms/WatchSimulator.platform/Developer/usr/lib/libPreviewsJITStubExecutor.a --output /tmp/slumber-repair-derived/Build/Intermediates.noindex/PhoneInTheOtherRoom.build/Debug-watchsimulator/PhoneInTheOtherRoomWatchApp.build/Counting\ Sheep\ Watch-ExecutorLinkFileList-normal-arm64.txt
note: Using stub executor library with Swift entry point. (in target 'PhoneInTheOtherRoomWatchApp' from project 'PhoneInTheOtherRoom')

Ld /tmp/slumber-repair-derived/Build/Intermediates.noindex/PhoneInTheOtherRoom.build/Debug-watchsimulator/PhoneInTheOtherRoomWatchApp.build/Objects-normal/x86_64/Binary/Counting\ Sheep\ Watch normal x86_64 (in target 'PhoneInTheOtherRoomWatchApp' from project 'PhoneInTheOtherRoom')
    cd /Users/ngawangchime/Desktop/Developer\ Projects/Phone\ in\ the\ Other\ Room
    /Applications/Xcode.app/Contents/Developer/Toolchains/XcodeDefault.xctoolchain/usr/bin/clang -Xlinker -reproducible -target x86_64-apple-watchos10.0-simulator -isysroot /Applications/Xcode.app/Contents/Developer/Platforms/WatchSimulator.platform/Developer/SDKs/WatchSimulator26.5.sdk -O0 -L/tmp/slumber-repair-derived/Build/Products/Debug-watchsimulator -F/tmp/slumber-repair-derived/Build/Products/Debug-watchsimulator -Xlinker -rpath -Xlinker @executable_path -rdynamic -Xlinker -no_deduplicate -Xlinker -objc_abi_version -Xlinker 2 -e ___debug_blank_executor_main -Xlinker -sectcreate -Xlinker __TEXT -Xlinker __debug_dylib -Xlinker /tmp/slumber-repair-derived/Build/Intermediates.noindex/PhoneInTheOtherRoom.build/Debug-watchsimulator/PhoneInTheOtherRoomWatchApp.build/Counting\ Sheep\ Watch-DebugDylibPath-normal-x86_64.txt -Xlinker -sectcreate -Xlinker __TEXT -Xlinker __debug_instlnm -Xlinker /tmp/slumber-repair-derived/Build/Intermediates.noindex/PhoneInTheOtherRoom.build/Debug-watchsimulator/PhoneInTheOtherRoomWatchApp.build/Counting\ Sheep\ Watch-DebugDylibInstallName-normal-x86_64.txt -Xlinker -filelist -Xlinker /tmp/slumber-repair-derived/Build/Intermediates.noindex/PhoneInTheOtherRoom.build/Debug-watchsimulator/PhoneInTheOtherRoomWatchApp.build/Counting\ Sheep\ Watch-ExecutorLinkFileList-normal-x86_64.txt -Xlinker -sectcreate -Xlinker __TEXT -Xlinker __entitlements -Xlinker /tmp/slumber-repair-derived/Build/Intermediates.noindex/PhoneInTheOtherRoom.build/Debug-watchsimulator/PhoneInTheOtherRoomWatchApp.build/Counting\ Sheep\ Watch.app-Simulated.xcent -Xlinker -sectcreate -Xlinker __TEXT -Xlinker __ents_der -Xlinker /tmp/slumber-repair-derived/Build/Intermediates.noindex/PhoneInTheOtherRoom.build/Debug-watchsimulator/PhoneInTheOtherRoomWatchApp.build/Counting\ Sheep\ Watch.app-Simulated.xcent.der /tmp/slumber-repair-derived/Build/Intermediates.noindex/PhoneInTheOtherRoom.build/Debug-watchsimulator/PhoneInTheOtherRoomWatchApp.build/Objects-normal/x86_64/Binary/Counting\ Sheep\ Watch.debug.dylib -Xlinker -no_adhoc_codesign -o /tmp/slumber-repair-derived/Build/Intermediates.noindex/PhoneInTheOtherRoom.build/Debug-watchsimulator/PhoneInTheOtherRoomWatchApp.build/Objects-normal/x86_64/Binary/Counting\ Sheep\ Watch

Ld /tmp/slumber-repair-derived/Build/Intermediates.noindex/PhoneInTheOtherRoom.build/Debug-watchsimulator/PhoneInTheOtherRoomWatchApp.build/Objects-normal/arm64/Binary/Counting\ Sheep\ Watch normal arm64 (in target 'PhoneInTheOtherRoomWatchApp' from project 'PhoneInTheOtherRoom')
    cd /Users/ngawangchime/Desktop/Developer\ Projects/Phone\ in\ the\ Other\ Room
    /Applications/Xcode.app/Contents/Developer/Toolchains/XcodeDefault.xctoolchain/usr/bin/clang -Xlinker -reproducible -target arm64-apple-watchos10.0-simulator -isysroot /Applications/Xcode.app/Contents/Developer/Platforms/WatchSimulator.platform/Developer/SDKs/WatchSimulator26.5.sdk -O0 -L/tmp/slumber-repair-derived/Build/Products/Debug-watchsimulator -F/tmp/slumber-repair-derived/Build/Products/Debug-watchsimulator -Xlinker -rpath -Xlinker @executable_path -rdynamic -Xlinker -no_deduplicate -Xlinker -objc_abi_version -Xlinker 2 -e ___debug_blank_executor_main -Xlinker -sectcreate -Xlinker __TEXT -Xlinker __debug_dylib -Xlinker /tmp/slumber-repair-derived/Build/Intermediates.noindex/PhoneInTheOtherRoom.build/Debug-watchsimulator/PhoneInTheOtherRoomWatchApp.build/Counting\ Sheep\ Watch-DebugDylibPath-normal-arm64.txt -Xlinker -sectcreate -Xlinker __TEXT -Xlinker __debug_instlnm -Xlinker /tmp/slumber-repair-derived/Build/Intermediates.noindex/PhoneInTheOtherRoom.build/Debug-watchsimulator/PhoneInTheOtherRoomWatchApp.build/Counting\ Sheep\ Watch-DebugDylibInstallName-normal-arm64.txt -Xlinker -filelist -Xlinker /tmp/slumber-repair-derived/Build/Intermediates.noindex/PhoneInTheOtherRoom.build/Debug-watchsimulator/PhoneInTheOtherRoomWatchApp.build/Counting\ Sheep\ Watch-ExecutorLinkFileList-normal-arm64.txt -Xlinker -sectcreate -Xlinker __TEXT -Xlinker __entitlements -Xlinker /tmp/slumber-repair-derived/Build/Intermediates.noindex/PhoneInTheOtherRoom.build/Debug-watchsimulator/PhoneInTheOtherRoomWatchApp.build/Counting\ Sheep\ Watch.app-Simulated.xcent -Xlinker -sectcreate -Xlinker __TEXT -Xlinker __ents_der -Xlinker /tmp/slumber-repair-derived/Build/Intermediates.noindex/PhoneInTheOtherRoom.build/Debug-watchsimulator/PhoneInTheOtherRoomWatchApp.build/Counting\ Sheep\ Watch.app-Simulated.xcent.der /tmp/slumber-repair-derived/Build/Intermediates.noindex/PhoneInTheOtherRoom.build/Debug-watchsimulator/PhoneInTheOtherRoomWatchApp.build/Objects-normal/arm64/Binary/Counting\ Sheep\ Watch.debug.dylib -Xlinker -no_adhoc_codesign -o /tmp/slumber-repair-derived/Build/Intermediates.noindex/PhoneInTheOtherRoom.build/Debug-watchsimulator/PhoneInTheOtherRoomWatchApp.build/Objects-normal/arm64/Binary/Counting\ Sheep\ Watch

SwiftDriver\ Compilation\ Requirements HTTPTypes normal x86_64 com.apple.xcode.tools.swift.compiler (in target 'HTTPTypes' from project 'swift-http-types')
    cd /Users/ngawangchime/Desktop/Developer\ Projects/Phone\ in\ the\ Other\ Room/PhoneInTheOtherRoom.xcodeproj
    builtin-Swift-Compilation-Requirements -- /Applications/Xcode.app/Contents/Developer/Toolchains/XcodeDefault.xctoolchain/usr/bin/swiftc -module-name HTTPTypes -Onone @/tmp/slumber-repair-derived/Build/Intermediates.noindex/swift-http-types.build/Debug-iphonesimulator/HTTPTypes.build/Objects-normal/x86_64/HTTPTypes.SwiftFileList -DSWIFT_PACKAGE -DDEBUG -DSWIFT_MODULE_RESOURCE_BUNDLE_UNAVAILABLE -DFoundationURL -DXcode -enable-upcoming-feature InternalImportsByDefault -enable-upcoming-feature MemberImportVisibility -plugin-path /Applications/Xcode.app/Contents/Developer/Toolchains/XcodeDefault.xctoolchain/usr/lib/swift/host/plugins/testing -enable-experimental-feature DebugDescriptionMacro -sdk /Applications/Xcode.app/Contents/Developer/Platforms/iPhoneSimulator.platform/Developer/SDKs/iPhoneSimulator26.5.sdk -target x86_64-apple-ios12.0-simulator -g -module-cache-path /tmp/slumber-repair-derived/ModuleCache.noindex -Xfrontend -serialize-debugging-options -enable-testing -suppress-warnings -index-store-path /tmp/slumber-repair-derived/Index.noindex/DataStore -Xcc -D_LIBCPP_HARDENING_MODE\=_LIBCPP_HARDENING_MODE_DEBUG -swift-version 6 -I /tmp/slumber-repair-derived/Build/Products/Debug-iphonesimulator -Isystem /Applications/Xcode.app/Contents/Developer/Platforms/iPhoneSimulator.platform/Developer/usr/lib -F /tmp/slumber-repair-derived/Build/Products/Debug-iphonesimulator -F /Applications/Xcode.app/Contents/Developer/Platforms/iPhoneSimulator.platform/Developer/Library/Frameworks -F /Applications/Xcode.app/Contents/Developer/Platforms/iPhoneSimulator.platform/Developer/SDKs/iPhoneSimulator26.5.sdk/Developer/Library/Frameworks -c -j8 -enable-batch-mode -incremental -Xcc -ivfsstatcache -Xcc /tmp/slumber-repair-derived/SDKStatCaches.noindex/iphonesimulator26.5-23F81a-6cfe768891a92b912361537c460fe42b.sdkstatcache -output-file-map /tmp/slumber-repair-derived/Build/Intermediates.noindex/swift-http-types.build/Debug-iphonesimulator/HTTPTypes.build/Objects-normal/x86_64/HTTPTypes-OutputFileMap.json -use-frontend-parseable-output -save-temps -no-color-diagnostics -explicit-module-build -module-cache-path /tmp/slumber-repair-derived/Build/Intermediates.noindex/SwiftExplicitPrecompiledModules -clang-scanner-module-cache-path /tmp/slumber-repair-derived/ModuleCache.noindex -sdk-module-cache-path /tmp/slumber-repair-derived/ModuleCache.noindex -serialize-diagnostics -emit-dependencies -emit-module -emit-module-path /tmp/slumber-repair-derived/Build/Intermediates.noindex/swift-http-types.build/Debug-iphonesimulator/HTTPTypes.build/Objects-normal/x86_64/HTTPTypes.swiftmodule -user-module-version 1.6.0 -validate-clang-modules-once -clang-build-session-file /tmp/slumber-repair-derived/ModuleCache.noindex/Session.modulevalidation -package-name swift_http_types -Xcc -I/tmp/slumber-repair-derived/Build/Intermediates.noindex/swift-http-types.build/Debug-iphonesimulator/HTTPTypes.build/swift-overrides.hmap -emit-const-values -Xfrontend -const-gather-protocols-file -Xfrontend /tmp/slumber-repair-derived/Build/Intermediates.noindex/swift-http-types.build/Debug-iphonesimulator/HTTPTypes.build/Objects-normal/x86_64/HTTPTypes_const_extract_protocols.json -Xcc -I/tmp/slumber-repair-derived/Build/Products/Debug-iphonesimulator/include -Xcc -I/tmp/slumber-repair-derived/Build/Intermediates.noindex/swift-http-types.build/Debug-iphonesimulator/HTTPTypes.build/DerivedSources-normal/x86_64 -Xcc -I/tmp/slumber-repair-derived/Build/Intermediates.noindex/swift-http-types.build/Debug-iphonesimulator/HTTPTypes.build/DerivedSources/x86_64 -Xcc -I/tmp/slumber-repair-derived/Build/Intermediates.noindex/swift-http-types.build/Debug-iphonesimulator/HTTPTypes.build/DerivedSources -Xcc -DSWIFT_PACKAGE -Xcc -DDEBUG\=1 -emit-objc-header -emit-objc-header-path /tmp/slumber-repair-derived/Build/Intermediates.noindex/swift-http-types.build/Debug-iphonesimulator/HTTPTypes.build/Objects-normal/x86_64/HTTPTypes-Swift.h -working-directory /Users/ngawangchime/Desktop/Developer\ Projects/Phone\ in\ the\ Other\ Room/PhoneInTheOtherRoom.xcodeproj -experimental-emit-module-separately -disable-cmo

SwiftDriver\ Compilation\ Requirements HTTPTypes normal arm64 com.apple.xcode.tools.swift.compiler (in target 'HTTPTypes' from project 'swift-http-types')
    cd /Users/ngawangchime/Desktop/Developer\ Projects/Phone\ in\ the\ Other\ Room/PhoneInTheOtherRoom.xcodeproj
    builtin-Swift-Compilation-Requirements -- /Applications/Xcode.app/Contents/Developer/Toolchains/XcodeDefault.xctoolchain/usr/bin/swiftc -module-name HTTPTypes -Onone @/tmp/slumber-repair-derived/Build/Intermediates.noindex/swift-http-types.build/Debug-iphonesimulator/HTTPTypes.build/Objects-normal/arm64/HTTPTypes.SwiftFileList -DSWIFT_PACKAGE -DDEBUG -DSWIFT_MODULE_RESOURCE_BUNDLE_UNAVAILABLE -DFoundationURL -DXcode -enable-upcoming-feature InternalImportsByDefault -enable-upcoming-feature MemberImportVisibility -plugin-path /Applications/Xcode.app/Contents/Developer/Toolchains/XcodeDefault.xctoolchain/usr/lib/swift/host/plugins/testing -enable-experimental-feature DebugDescriptionMacro -sdk /Applications/Xcode.app/Contents/Developer/Platforms/iPhoneSimulator.platform/Developer/SDKs/iPhoneSimulator26.5.sdk -target arm64-apple-ios12.0-simulator -g -module-cache-path /tmp/slumber-repair-derived/ModuleCache.noindex -Xfrontend -serialize-debugging-options -enable-testing -suppress-warnings -index-store-path /tmp/slumber-repair-derived/Index.noindex/DataStore -Xcc -D_LIBCPP_HARDENING_MODE\=_LIBCPP_HARDENING_MODE_DEBUG -swift-version 6 -I /tmp/slumber-repair-derived/Build/Products/Debug-iphonesimulator -Isystem /Applications/Xcode.app/Contents/Developer/Platforms/iPhoneSimulator.platform/Developer/usr/lib -F /tmp/slumber-repair-derived/Build/Products/Debug-iphonesimulator -F /Applications/Xcode.app/Contents/Developer/Platforms/iPhoneSimulator.platform/Developer/Library/Frameworks -F /Applications/Xcode.app/Contents/Developer/Platforms/iPhoneSimulator.platform/Developer/SDKs/iPhoneSimulator26.5.sdk/Developer/Library/Frameworks -c -j8 -enable-batch-mode -incremental -Xcc -ivfsstatcache -Xcc /tmp/slumber-repair-derived/SDKStatCaches.noindex/iphonesimulator26.5-23F81a-6cfe768891a92b912361537c460fe42b.sdkstatcache -output-file-map /tmp/slumber-repair-derived/Build/Intermediates.noindex/swift-http-types.build/Debug-iphonesimulator/HTTPTypes.build/Objects-normal/arm64/HTTPTypes-OutputFileMap.json -use-frontend-parseable-output -save-temps -no-color-diagnostics -explicit-module-build -module-cache-path /tmp/slumber-repair-derived/Build/Intermediates.noindex/SwiftExplicitPrecompiledModules -clang-scanner-module-cache-path /tmp/slumber-repair-derived/ModuleCache.noindex -sdk-module-cache-path /tmp/slumber-repair-derived/ModuleCache.noindex -serialize-diagnostics -emit-dependencies -emit-module -emit-module-path /tmp/slumber-repair-derived/Build/Intermediates.noindex/swift-http-types.build/Debug-iphonesimulator/HTTPTypes.build/Objects-normal/arm64/HTTPTypes.swiftmodule -user-module-version 1.6.0 -validate-clang-modules-once -clang-build-session-file /tmp/slumber-repair-derived/ModuleCache.noindex/Session.modulevalidation -package-name swift_http_types -Xcc -I/tmp/slumber-repair-derived/Build/Intermediates.noindex/swift-http-types.build/Debug-iphonesimulator/HTTPTypes.build/swift-overrides.hmap -emit-const-values -Xfrontend -const-gather-protocols-file -Xfrontend /tmp/slumber-repair-derived/Build/Intermediates.noindex/swift-http-types.build/Debug-iphonesimulator/HTTPTypes.build/Objects-normal/arm64/HTTPTypes_const_extract_protocols.json -Xcc -I/tmp/slumber-repair-derived/Build/Products/Debug-iphonesimulator/include -Xcc -I/tmp/slumber-repair-derived/Build/Intermediates.noindex/swift-http-types.build/Debug-iphonesimulator/HTTPTypes.build/DerivedSources-normal/arm64 -Xcc -I/tmp/slumber-repair-derived/Build/Intermediates.noindex/swift-http-types.build/Debug-iphonesimulator/HTTPTypes.build/DerivedSources/arm64 -Xcc -I/tmp/slumber-repair-derived/Build/Intermediates.noindex/swift-http-types.build/Debug-iphonesimulator/HTTPTypes.build/DerivedSources -Xcc -DSWIFT_PACKAGE -Xcc -DDEBUG\=1 -emit-objc-header -emit-objc-header-path /tmp/slumber-repair-derived/Build/Intermediates.noindex/swift-http-types.build/Debug-iphonesimulator/HTTPTypes.build/Objects-normal/arm64/HTTPTypes-Swift.h -working-directory /Users/ngawangchime/Desktop/Developer\ Projects/Phone\ in\ the\ Other\ Room/PhoneInTheOtherRoom.xcodeproj -experimental-emit-module-separately -disable-cmo

SwiftDriver ConcurrencyExtras normal arm64 com.apple.xcode.tools.swift.compiler (in target 'ConcurrencyExtras' from project 'swift-concurrency-extras')
    cd /Users/ngawangchime/Desktop/Developer\ Projects/Phone\ in\ the\ Other\ Room/PhoneInTheOtherRoom.xcodeproj
    builtin-SwiftDriver -- /Applications/Xcode.app/Contents/Developer/Toolchains/XcodeDefault.xctoolchain/usr/bin/swiftc -module-name ConcurrencyExtras -Onone @/tmp/slumber-repair-derived/Build/Intermediates.noindex/swift-concurrency-extras.build/Debug-iphonesimulator/ConcurrencyExtras.build/Objects-normal/arm64/ConcurrencyExtras.SwiftFileList -DSWIFT_PACKAGE -DDEBUG -DSWIFT_MODULE_RESOURCE_BUNDLE_UNAVAILABLE -DXcode -enable-upcoming-feature NonisolatedNonsendingByDefault -plugin-path /Applications/Xcode.app/Contents/Developer/Toolchains/XcodeDefault.xctoolchain/usr/lib/swift/host/plugins/testing -enable-experimental-feature DebugDescriptionMacro -sdk /Applications/Xcode.app/Contents/Developer/Platforms/iPhoneSimulator.platform/Developer/SDKs/iPhoneSimulator26.5.sdk -target arm64-apple-ios13.0-simulator -g -module-cache-path /tmp/slumber-repair-derived/ModuleCache.noindex -Xfrontend -serialize-debugging-options -enable-testing -suppress-warnings -index-store-path /tmp/slumber-repair-derived/Index.noindex/DataStore -Xcc -D_LIBCPP_HARDENING_MODE\=_LIBCPP_HARDENING_MODE_DEBUG -swift-version 6 -I /tmp/slumber-repair-derived/Build/Products/Debug-iphonesimulator -Isystem /Applications/Xcode.app/Contents/Developer/Platforms/iPhoneSimulator.platform/Developer/usr/lib -F /tmp/slumber-repair-derived/Build/Products/Debug-iphonesimulator -F /Applications/Xcode.app/Contents/Developer/Platforms/iPhoneSimulator.platform/Developer/Library/Frameworks -F /Applications/Xcode.app/Contents/Developer/Platforms/iPhoneSimulator.platform/Developer/SDKs/iPhoneSimulator26.5.sdk/Developer/Library/Frameworks -c -j8 -enable-batch-mode -incremental -Xcc -ivfsstatcache -Xcc /tmp/slumber-repair-derived/SDKStatCaches.noindex/iphonesimulator26.5-23F81a-6cfe768891a92b912361537c460fe42b.sdkstatcache -output-file-map /tmp/slumber-repair-derived/Build/Intermediates.noindex/swift-concurrency-extras.build/Debug-iphonesimulator/ConcurrencyExtras.build/Objects-normal/arm64/ConcurrencyExtras-OutputFileMap.json -use-frontend-parseable-output -save-temps -no-color-diagnostics -explicit-module-build -module-cache-path /tmp/slumber-repair-derived/Build/Intermediates.noindex/SwiftExplicitPrecompiledModules -clang-scanner-module-cache-path /tmp/slumber-repair-derived/ModuleCache.noindex -sdk-module-cache-path /tmp/slumber-repair-derived/ModuleCache.noindex -serialize-diagnostics -emit-dependencies -emit-module -emit-module-path /tmp/slumber-repair-derived/Build/Intermediates.noindex/swift-concurrency-extras.build/Debug-iphonesimulator/ConcurrencyExtras.build/Objects-normal/arm64/ConcurrencyExtras.swiftmodule -user-module-version 1.4.0 -validate-clang-modules-once -clang-build-session-file /tmp/slumber-repair-derived/ModuleCache.noindex/Session.modulevalidation -package-name swift_concurrency_extras -Xcc -I/tmp/slumber-repair-derived/Build/Intermediates.noindex/swift-concurrency-extras.build/Debug-iphonesimulator/ConcurrencyExtras.build/swift-overrides.hmap -emit-const-values -Xfrontend -const-gather-protocols-file -Xfrontend /tmp/slumber-repair-derived/Build/Intermediates.noindex/swift-concurrency-extras.build/Debug-iphonesimulator/ConcurrencyExtras.build/Objects-normal/arm64/ConcurrencyExtras_const_extract_protocols.json -Xcc -I/tmp/slumber-repair-derived/Build/Products/Debug-iphonesimulator/include -Xcc -I/tmp/slumber-repair-derived/Build/Intermediates.noindex/swift-concurrency-extras.build/Debug-iphonesimulator/ConcurrencyExtras.build/DerivedSources-normal/arm64 -Xcc -I/tmp/slumber-repair-derived/Build/Intermediates.noindex/swift-concurrency-extras.build/Debug-iphonesimulator/ConcurrencyExtras.build/DerivedSources/arm64 -Xcc -I/tmp/slumber-repair-derived/Build/Intermediates.noindex/swift-concurrency-extras.build/Debug-iphonesimulator/ConcurrencyExtras.build/DerivedSources -Xcc -DSWIFT_PACKAGE -Xcc -DDEBUG\=1 -emit-objc-header -emit-objc-header-path /tmp/slumber-repair-derived/Build/Intermediates.noindex/swift-concurrency-extras.build/Debug-iphonesimulator/ConcurrencyExtras.build/Objects-normal/arm64/ConcurrencyExtras-Swift.h -working-directory /Users/ngawangchime/Desktop/Developer\ Projects/Phone\ in\ the\ Other\ Room/PhoneInTheOtherRoom.xcodeproj -experimental-emit-module-separately -disable-cmo

SwiftMergeGeneratedHeaders /tmp/slumber-repair-derived/Build/Intermediates.noindex/GeneratedModuleMaps-iphonesimulator/HTTPTypes-Swift.h /tmp/slumber-repair-derived/Build/Intermediates.noindex/swift-http-types.build/Debug-iphonesimulator/HTTPTypes.build/Objects-normal/arm64/HTTPTypes-Swift.h /tmp/slumber-repair-derived/Build/Intermediates.noindex/swift-http-types.build/Debug-iphonesimulator/HTTPTypes.build/Objects-normal/x86_64/HTTPTypes-Swift.h (in target 'HTTPTypes' from project 'swift-http-types')
    cd /tmp/slumber-repair-derived/SourcePackages/checkouts/swift-http-types
    builtin-swiftHeaderTool -arch arm64 /tmp/slumber-repair-derived/Build/Intermediates.noindex/swift-http-types.build/Debug-iphonesimulator/HTTPTypes.build/Objects-normal/arm64/HTTPTypes-Swift.h -arch x86_64 /tmp/slumber-repair-derived/Build/Intermediates.noindex/swift-http-types.build/Debug-iphonesimulator/HTTPTypes.build/Objects-normal/x86_64/HTTPTypes-Swift.h -o /tmp/slumber-repair-derived/Build/Intermediates.noindex/GeneratedModuleMaps-iphonesimulator/HTTPTypes-Swift.h

SwiftDriver\ Compilation\ Requirements IssueReporting normal arm64 com.apple.xcode.tools.swift.compiler (in target 'IssueReporting' from project 'xctest-dynamic-overlay')
    cd /Users/ngawangchime/Desktop/Developer\ Projects/Phone\ in\ the\ Other\ Room/PhoneInTheOtherRoom.xcodeproj
    builtin-Swift-Compilation-Requirements -- /Applications/Xcode.app/Contents/Developer/Toolchains/XcodeDefault.xctoolchain/usr/bin/swiftc -module-name IssueReporting -Onone @/tmp/slumber-repair-derived/Build/Intermediates.noindex/xctest-dynamic-overlay.build/Debug-iphonesimulator/IssueReporting.build/Objects-normal/arm64/IssueReporting.SwiftFileList -DSWIFT_PACKAGE -DDEBUG -DSWIFT_MODULE_RESOURCE_BUNDLE_UNAVAILABLE -DXcode -enable-upcoming-feature ExistentialAny -enable-upcoming-feature ImmutableWeakCaptures -enable-upcoming-feature InferIsolatedConformances -enable-upcoming-feature InternalImportsByDefault -enable-upcoming-feature MemberImportVisibility -enable-upcoming-feature NonisolatedNonsendingByDefault -plugin-path /Applications/Xcode.app/Contents/Developer/Toolchains/XcodeDefault.xctoolchain/usr/lib/swift/host/plugins/testing -enable-experimental-feature DebugDescriptionMacro -sdk /Applications/Xcode.app/Contents/Developer/Platforms/iPhoneSimulator.platform/Developer/SDKs/iPhoneSimulator26.5.sdk -target arm64-apple-ios13.0-simulator -g -module-cache-path /tmp/slumber-repair-derived/ModuleCache.noindex -Xfrontend -serialize-debugging-options -enable-testing -suppress-warnings -index-store-path /tmp/slumber-repair-derived/Index.noindex/DataStore -Xcc -D_LIBCPP_HARDENING_MODE\=_LIBCPP_HARDENING_MODE_DEBUG -swift-version 6 -I /tmp/slumber-repair-derived/Build/Products/Debug-iphonesimulator -Isystem /Applications/Xcode.app/Contents/Developer/Platforms/iPhoneSimulator.platform/Developer/usr/lib -F /tmp/slumber-repair-derived/Build/Products/Debug-iphonesimulator -F /Applications/Xcode.app/Contents/Developer/Platforms/iPhoneSimulator.platform/Developer/Library/Frameworks -F /Applications/Xcode.app/Contents/Developer/Platforms/iPhoneSimulator.platform/Developer/SDKs/iPhoneSimulator26.5.sdk/Developer/Library/Frameworks -c -j8 -enable-batch-mode -incremental -Xcc -ivfsstatcache -Xcc /tmp/slumber-repair-derived/SDKStatCaches.noindex/iphonesimulator26.5-23F81a-6cfe768891a92b912361537c460fe42b.sdkstatcache -output-file-map /tmp/slumber-repair-derived/Build/Intermediates.noindex/xctest-dynamic-overlay.build/Debug-iphonesimulator/IssueReporting.build/Objects-normal/arm64/IssueReporting-OutputFileMap.json -use-frontend-parseable-output -save-temps -no-color-diagnostics -explicit-module-build -module-cache-path /tmp/slumber-repair-derived/Build/Intermediates.noindex/SwiftExplicitPrecompiledModules -clang-scanner-module-cache-path /tmp/slumber-repair-derived/ModuleCache.noindex -sdk-module-cache-path /tmp/slumber-repair-derived/ModuleCache.noindex -serialize-diagnostics -emit-dependencies -emit-module -emit-module-path /tmp/slumber-repair-derived/Build/Intermediates.noindex/xctest-dynamic-overlay.build/Debug-iphonesimulator/IssueReporting.build/Objects-normal/arm64/IssueReporting.swiftmodule -user-module-version 1.11.0 -validate-clang-modules-once -clang-build-session-file /tmp/slumber-repair-derived/ModuleCache.noindex/Session.modulevalidation -package-name xctest_dynamic_overlay -Xcc -I/tmp/slumber-repair-derived/Build/Intermediates.noindex/xctest-dynamic-overlay.build/Debug-iphonesimulator/IssueReporting.build/swift-overrides.hmap -emit-const-values -Xfrontend -const-gather-protocols-file -Xfrontend /tmp/slumber-repair-derived/Build/Intermediates.noindex/xctest-dynamic-overlay.build/Debug-iphonesimulator/IssueReporting.build/Objects-normal/arm64/IssueReporting_const_extract_protocols.json -Xcc -I/tmp/slumber-repair-derived/Build/Products/Debug-iphonesimulator/include -Xcc -I/tmp/slumber-repair-derived/Build/Intermediates.noindex/xctest-dynamic-overlay.build/Debug-iphonesimulator/IssueReporting.build/DerivedSources-normal/arm64 -Xcc -I/tmp/slumber-repair-derived/Build/Intermediates.noindex/xctest-dynamic-overlay.build/Debug-iphonesimulator/IssueReporting.build/DerivedSources/arm64 -Xcc -I/tmp/slumber-repair-derived/Build/Intermediates.noindex/xctest-dynamic-overlay.build/Debug-iphonesimulator/IssueReporting.build/DerivedSources -Xcc -DSWIFT_PACKAGE -Xcc -DDEBUG\=1 -emit-objc-header -emit-objc-header-path /tmp/slumber-repair-derived/Build/Intermediates.noindex/xctest-dynamic-overlay.build/Debug-iphonesimulator/IssueReporting.build/Objects-normal/arm64/IssueReporting-Swift.h -working-directory /Users/ngawangchime/Desktop/Developer\ Projects/Phone\ in\ the\ Other\ Room/PhoneInTheOtherRoom.xcodeproj -experimental-emit-module-separately -disable-cmo

Copy /tmp/slumber-repair-derived/Build/Products/Debug-iphonesimulator/HTTPTypes.swiftmodule/arm64-apple-ios-simulator.swiftmodule /tmp/slumber-repair-derived/Build/Intermediates.noindex/swift-http-types.build/Debug-iphonesimulator/HTTPTypes.build/Objects-normal/arm64/HTTPTypes.swiftmodule (in target 'HTTPTypes' from project 'swift-http-types')
    cd /tmp/slumber-repair-derived/SourcePackages/checkouts/swift-http-types
    builtin-copy -exclude .DS_Store -exclude CVS -exclude .svn -exclude .git -exclude .hg -resolve-src-symlinks -rename /tmp/slumber-repair-derived/Build/Intermediates.noindex/swift-http-types.build/Debug-iphonesimulator/HTTPTypes.build/Objects-normal/arm64/HTTPTypes.swiftmodule /tmp/slumber-repair-derived/Build/Products/Debug-iphonesimulator/HTTPTypes.swiftmodule/arm64-apple-ios-simulator.swiftmodule

Copy /tmp/slumber-repair-derived/Build/Products/Debug-iphonesimulator/IssueReporting.swiftmodule/arm64-apple-ios-simulator.swiftmodule /tmp/slumber-repair-derived/Build/Intermediates.noindex/xctest-dynamic-overlay.build/Debug-iphonesimulator/IssueReporting.build/Objects-normal/arm64/IssueReporting.swiftmodule (in target 'IssueReporting' from project 'xctest-dynamic-overlay')
    cd /tmp/slumber-repair-derived/SourcePackages/checkouts/xctest-dynamic-overlay
    builtin-copy -exclude .DS_Store -exclude CVS -exclude .svn -exclude .git -exclude .hg -resolve-src-symlinks -rename /tmp/slumber-repair-derived/Build/Intermediates.noindex/xctest-dynamic-overlay.build/Debug-iphonesimulator/IssueReporting.build/Objects-normal/arm64/IssueReporting.swiftmodule /tmp/slumber-repair-derived/Build/Products/Debug-iphonesimulator/IssueReporting.swiftmodule/arm64-apple-ios-simulator.swiftmodule

SwiftDriver\ Compilation\ Requirements IssueReporting normal x86_64 com.apple.xcode.tools.swift.compiler (in target 'IssueReporting' from project 'xctest-dynamic-overlay')
    cd /Users/ngawangchime/Desktop/Developer\ Projects/Phone\ in\ the\ Other\ Room/PhoneInTheOtherRoom.xcodeproj
    builtin-Swift-Compilation-Requirements -- /Applications/Xcode.app/Contents/Developer/Toolchains/XcodeDefault.xctoolchain/usr/bin/swiftc -module-name IssueReporting -Onone @/tmp/slumber-repair-derived/Build/Intermediates.noindex/xctest-dynamic-overlay.build/Debug-iphonesimulator/IssueReporting.build/Objects-normal/x86_64/IssueReporting.SwiftFileList -DSWIFT_PACKAGE -DDEBUG -DSWIFT_MODULE_RESOURCE_BUNDLE_UNAVAILABLE -DXcode -enable-upcoming-feature ExistentialAny -enable-upcoming-feature ImmutableWeakCaptures -enable-upcoming-feature InferIsolatedConformances -enable-upcoming-feature InternalImportsByDefault -enable-upcoming-feature MemberImportVisibility -enable-upcoming-feature NonisolatedNonsendingByDefault -plugin-path /Applications/Xcode.app/Contents/Developer/Toolchains/XcodeDefault.xctoolchain/usr/lib/swift/host/plugins/testing -enable-experimental-feature DebugDescriptionMacro -sdk /Applications/Xcode.app/Contents/Developer/Platforms/iPhoneSimulator.platform/Developer/SDKs/iPhoneSimulator26.5.sdk -target x86_64-apple-ios13.0-simulator -g -module-cache-path /tmp/slumber-repair-derived/ModuleCache.noindex -Xfrontend -serialize-debugging-options -enable-testing -suppress-warnings -index-store-path /tmp/slumber-repair-derived/Index.noindex/DataStore -Xcc -D_LIBCPP_HARDENING_MODE\=_LIBCPP_HARDENING_MODE_DEBUG -swift-version 6 -I /tmp/slumber-repair-derived/Build/Products/Debug-iphonesimulator -Isystem /Applications/Xcode.app/Contents/Developer/Platforms/iPhoneSimulator.platform/Developer/usr/lib -F /tmp/slumber-repair-derived/Build/Products/Debug-iphonesimulator -F /Applications/Xcode.app/Contents/Developer/Platforms/iPhoneSimulator.platform/Developer/Library/Frameworks -F /Applications/Xcode.app/Contents/Developer/Platforms/iPhoneSimulator.platform/Developer/SDKs/iPhoneSimulator26.5.sdk/Developer/Library/Frameworks -c -j8 -enable-batch-mode -incremental -Xcc -ivfsstatcache -Xcc /tmp/slumber-repair-derived/SDKStatCaches.noindex/iphonesimulator26.5-23F81a-6cfe768891a92b912361537c460fe42b.sdkstatcache -output-file-map /tmp/slumber-repair-derived/Build/Intermediates.noindex/xctest-dynamic-overlay.build/Debug-iphonesimulator/IssueReporting.build/Objects-normal/x86_64/IssueReporting-OutputFileMap.json -use-frontend-parseable-output -save-temps -no-color-diagnostics -explicit-module-build -module-cache-path /tmp/slumber-repair-derived/Build/Intermediates.noindex/SwiftExplicitPrecompiledModules -clang-scanner-module-cache-path /tmp/slumber-repair-derived/ModuleCache.noindex -sdk-module-cache-path /tmp/slumber-repair-derived/ModuleCache.noindex -serialize-diagnostics -emit-dependencies -emit-module -emit-module-path /tmp/slumber-repair-derived/Build/Intermediates.noindex/xctest-dynamic-overlay.build/Debug-iphonesimulator/IssueReporting.build/Objects-normal/x86_64/IssueReporting.swiftmodule -user-module-version 1.11.0 -validate-clang-modules-once -clang-build-session-file /tmp/slumber-repair-derived/ModuleCache.noindex/Session.modulevalidation -package-name xctest_dynamic_overlay -Xcc -I/tmp/slumber-repair-derived/Build/Intermediates.noindex/xctest-dynamic-overlay.build/Debug-iphonesimulator/IssueReporting.build/swift-overrides.hmap -emit-const-values -Xfrontend -const-gather-protocols-file -Xfrontend /tmp/slumber-repair-derived/Build/Intermediates.noindex/xctest-dynamic-overlay.build/Debug-iphonesimulator/IssueReporting.build/Objects-normal/x86_64/IssueReporting_const_extract_protocols.json -Xcc -I/tmp/slumber-repair-derived/Build/Products/Debug-iphonesimulator/include -Xcc -I/tmp/slumber-repair-derived/Build/Intermediates.noindex/xctest-dynamic-overlay.build/Debug-iphonesimulator/IssueReporting.build/DerivedSources-normal/x86_64 -Xcc -I/tmp/slumber-repair-derived/Build/Intermediates.noindex/xctest-dynamic-overlay.build/Debug-iphonesimulator/IssueReporting.build/DerivedSources/x86_64 -Xcc -I/tmp/slumber-repair-derived/Build/Intermediates.noindex/xctest-dynamic-overlay.build/Debug-iphonesimulator/IssueReporting.build/DerivedSources -Xcc -DSWIFT_PACKAGE -Xcc -DDEBUG\=1 -emit-objc-header -emit-objc-header-path /tmp/slumber-repair-derived/Build/Intermediates.noindex/xctest-dynamic-overlay.build/Debug-iphonesimulator/IssueReporting.build/Objects-normal/x86_64/IssueReporting-Swift.h -working-directory /Users/ngawangchime/Desktop/Developer\ Projects/Phone\ in\ the\ Other\ Room/PhoneInTheOtherRoom.xcodeproj -experimental-emit-module-separately -disable-cmo

Copy /tmp/slumber-repair-derived/Build/Products/Debug-iphonesimulator/IssueReporting.swiftmodule/arm64-apple-ios-simulator.swiftdoc /tmp/slumber-repair-derived/Build/Intermediates.noindex/xctest-dynamic-overlay.build/Debug-iphonesimulator/IssueReporting.build/Objects-normal/arm64/IssueReporting.swiftdoc (in target 'IssueReporting' from project 'xctest-dynamic-overlay')
    cd /tmp/slumber-repair-derived/SourcePackages/checkouts/xctest-dynamic-overlay
    builtin-copy -exclude .DS_Store -exclude CVS -exclude .svn -exclude .git -exclude .hg -resolve-src-symlinks -rename /tmp/slumber-repair-derived/Build/Intermediates.noindex/xctest-dynamic-overlay.build/Debug-iphonesimulator/IssueReporting.build/Objects-normal/arm64/IssueReporting.swiftdoc /tmp/slumber-repair-derived/Build/Products/Debug-iphonesimulator/IssueReporting.swiftmodule/arm64-apple-ios-simulator.swiftdoc

Copy /tmp/slumber-repair-derived/Build/Products/Debug-iphonesimulator/IssueReporting.swiftmodule/arm64-apple-ios-simulator.abi.json /tmp/slumber-repair-derived/Build/Intermediates.noindex/xctest-dynamic-overlay.build/Debug-iphonesimulator/IssueReporting.build/Objects-normal/arm64/IssueReporting.abi.json (in target 'IssueReporting' from project 'xctest-dynamic-overlay')
    cd /tmp/slumber-repair-derived/SourcePackages/checkouts/xctest-dynamic-overlay
    builtin-copy -exclude .DS_Store -exclude CVS -exclude .svn -exclude .git -exclude .hg -resolve-src-symlinks -rename /tmp/slumber-repair-derived/Build/Intermediates.noindex/xctest-dynamic-overlay.build/Debug-iphonesimulator/IssueReporting.build/Objects-normal/arm64/IssueReporting.abi.json /tmp/slumber-repair-derived/Build/Products/Debug-iphonesimulator/IssueReporting.swiftmodule/arm64-apple-ios-simulator.abi.json

SwiftMergeGeneratedHeaders /tmp/slumber-repair-derived/Build/Intermediates.noindex/GeneratedModuleMaps-iphonesimulator/IssueReporting-Swift.h /tmp/slumber-repair-derived/Build/Intermediates.noindex/xctest-dynamic-overlay.build/Debug-iphonesimulator/IssueReporting.build/Objects-normal/arm64/IssueReporting-Swift.h /tmp/slumber-repair-derived/Build/Intermediates.noindex/xctest-dynamic-overlay.build/Debug-iphonesimulator/IssueReporting.build/Objects-normal/x86_64/IssueReporting-Swift.h (in target 'IssueReporting' from project 'xctest-dynamic-overlay')
    cd /tmp/slumber-repair-derived/SourcePackages/checkouts/xctest-dynamic-overlay
    builtin-swiftHeaderTool -arch arm64 /tmp/slumber-repair-derived/Build/Intermediates.noindex/xctest-dynamic-overlay.build/Debug-iphonesimulator/IssueReporting.build/Objects-normal/arm64/IssueReporting-Swift.h -arch x86_64 /tmp/slumber-repair-derived/Build/Intermediates.noindex/xctest-dynamic-overlay.build/Debug-iphonesimulator/IssueReporting.build/Objects-normal/x86_64/IssueReporting-Swift.h -o /tmp/slumber-repair-derived/Build/Intermediates.noindex/GeneratedModuleMaps-iphonesimulator/IssueReporting-Swift.h

Copy /tmp/slumber-repair-derived/Build/Products/Debug-iphonesimulator/IssueReporting.swiftmodule/Project/arm64-apple-ios-simulator.swiftsourceinfo /tmp/slumber-repair-derived/Build/Intermediates.noindex/xctest-dynamic-overlay.build/Debug-iphonesimulator/IssueReporting.build/Objects-normal/arm64/IssueReporting.swiftsourceinfo (in target 'IssueReporting' from project 'xctest-dynamic-overlay')
    cd /tmp/slumber-repair-derived/SourcePackages/checkouts/xctest-dynamic-overlay
    builtin-copy -exclude .DS_Store -exclude CVS -exclude .svn -exclude .git -exclude .hg -resolve-src-symlinks -rename /tmp/slumber-repair-derived/Build/Intermediates.noindex/xctest-dynamic-overlay.build/Debug-iphonesimulator/IssueReporting.build/Objects-normal/arm64/IssueReporting.swiftsourceinfo /tmp/slumber-repair-derived/Build/Products/Debug-iphonesimulator/IssueReporting.swiftmodule/Project/arm64-apple-ios-simulator.swiftsourceinfo

Copy /tmp/slumber-repair-derived/Build/Products/Debug-iphonesimulator/HTTPTypes.swiftmodule/arm64-apple-ios-simulator.swiftdoc /tmp/slumber-repair-derived/Build/Intermediates.noindex/swift-http-types.build/Debug-iphonesimulator/HTTPTypes.build/Objects-normal/arm64/HTTPTypes.swiftdoc (in target 'HTTPTypes' from project 'swift-http-types')
    cd /tmp/slumber-repair-derived/SourcePackages/checkouts/swift-http-types
    builtin-copy -exclude .DS_Store -exclude CVS -exclude .svn -exclude .git -exclude .hg -resolve-src-symlinks -rename /tmp/slumber-repair-derived/Build/Intermediates.noindex/swift-http-types.build/Debug-iphonesimulator/HTTPTypes.build/Objects-normal/arm64/HTTPTypes.swiftdoc /tmp/slumber-repair-derived/Build/Products/Debug-iphonesimulator/HTTPTypes.swiftmodule/arm64-apple-ios-simulator.swiftdoc

Copy /tmp/slumber-repair-derived/Build/Products/Debug-iphonesimulator/HTTPTypes.swiftmodule/arm64-apple-ios-simulator.abi.json /tmp/slumber-repair-derived/Build/Intermediates.noindex/swift-http-types.build/Debug-iphonesimulator/HTTPTypes.build/Objects-normal/arm64/HTTPTypes.abi.json (in target 'HTTPTypes' from project 'swift-http-types')
    cd /tmp/slumber-repair-derived/SourcePackages/checkouts/swift-http-types
    builtin-copy -exclude .DS_Store -exclude CVS -exclude .svn -exclude .git -exclude .hg -resolve-src-symlinks -rename /tmp/slumber-repair-derived/Build/Intermediates.noindex/swift-http-types.build/Debug-iphonesimulator/HTTPTypes.build/Objects-normal/arm64/HTTPTypes.abi.json /tmp/slumber-repair-derived/Build/Products/Debug-iphonesimulator/HTTPTypes.swiftmodule/arm64-apple-ios-simulator.abi.json

Copy /tmp/slumber-repair-derived/Build/Products/Debug-iphonesimulator/HTTPTypes.swiftmodule/Project/arm64-apple-ios-simulator.swiftsourceinfo /tmp/slumber-repair-derived/Build/Intermediates.noindex/swift-http-types.build/Debug-iphonesimulator/HTTPTypes.build/Objects-normal/arm64/HTTPTypes.swiftsourceinfo (in target 'HTTPTypes' from project 'swift-http-types')
    cd /tmp/slumber-repair-derived/SourcePackages/checkouts/swift-http-types
    builtin-copy -exclude .DS_Store -exclude CVS -exclude .svn -exclude .git -exclude .hg -resolve-src-symlinks -rename /tmp/slumber-repair-derived/Build/Intermediates.noindex/swift-http-types.build/Debug-iphonesimulator/HTTPTypes.build/Objects-normal/arm64/HTTPTypes.swiftsourceinfo /tmp/slumber-repair-derived/Build/Products/Debug-iphonesimulator/HTTPTypes.swiftmodule/Project/arm64-apple-ios-simulator.swiftsourceinfo

CompileAssetCatalogVariant thinned /tmp/slumber-repair-derived/Build/Products/Debug-iphonesimulator/Counting\ Sheep\ Wind\ Down\ Shield.appex /Users/ngawangchime/Desktop/Developer\ Projects/Phone\ in\ the\ Other\ Room/PhoneInTheOtherRoomShieldConfiguration/Assets.xcassets (in target 'PhoneInTheOtherRoomShieldConfiguration' from project 'PhoneInTheOtherRoom')
    cd /Users/ngawangchime/Desktop/Developer\ Projects/Phone\ in\ the\ Other\ Room
    /Applications/Xcode.app/Contents/Developer/usr/bin/actool /Users/ngawangchime/Desktop/Developer\ Projects/Phone\ in\ the\ Other\ Room/PhoneInTheOtherRoomShieldConfiguration/Assets.xcassets --compile /tmp/slumber-repair-derived/Build/Intermediates.noindex/PhoneInTheOtherRoom.build/Debug-iphonesimulator/PhoneInTheOtherRoomShieldConfiguration.build/assetcatalog_output/thinned --output-format human-readable-text --notices --warnings --export-dependency-info /tmp/slumber-repair-derived/Build/Intermediates.noindex/PhoneInTheOtherRoom.build/Debug-iphonesimulator/PhoneInTheOtherRoomShieldConfiguration.build/assetcatalog_dependencies_thinned --output-partial-info-plist /tmp/slumber-repair-derived/Build/Intermediates.noindex/PhoneInTheOtherRoom.build/Debug-iphonesimulator/PhoneInTheOtherRoomShieldConfiguration.build/assetcatalog_generated_info.plist_thinned --compress-pngs --enable-on-demand-resources NO --standalone-icon-behavior all --development-region en --target-device iphone --target-device ipad --minimum-deployment-target 17.0 --platform iphonesimulator
/* com.apple.actool.compilation-results */
/tmp/slumber-repair-derived/Build/Intermediates.noindex/PhoneInTheOtherRoom.build/Debug-iphonesimulator/PhoneInTheOtherRoomShieldConfiguration.build/assetcatalog_generated_info.plist_thinned
/tmp/slumber-repair-derived/Build/Intermediates.noindex/PhoneInTheOtherRoom.build/Debug-iphonesimulator/PhoneInTheOtherRoomShieldConfiguration.build/assetcatalog_output/thinned/Assets.car


ProcessInfoPlistFile /tmp/slumber-repair-derived/Build/Products/Debug-iphonesimulator/Counting\ Sheep\ Wind\ Down\ Action.appex/Info.plist /Users/ngawangchime/Desktop/Developer\ Projects/Phone\ in\ the\ Other\ Room/PhoneInTheOtherRoomShieldAction/Info.plist (in target 'PhoneInTheOtherRoomShieldAction' from project 'PhoneInTheOtherRoom')
    cd /Users/ngawangchime/Desktop/Developer\ Projects/Phone\ in\ the\ Other\ Room
    builtin-infoPlistUtility /Users/ngawangchime/Desktop/Developer\ Projects/Phone\ in\ the\ Other\ Room/PhoneInTheOtherRoomShieldAction/Info.plist -producttype com.apple.product-type.app-extension -expandbuildsettings -format binary -platform iphonesimulator -o /tmp/slumber-repair-derived/Build/Products/Debug-iphonesimulator/Counting\ Sheep\ Wind\ Down\ Action.appex/Info.plist

CreateUniversalBinary /tmp/slumber-repair-derived/Build/Products/Debug-watchsimulator/Counting\ Sheep\ Watch.app/Counting\ Sheep\ Watch normal arm64\ x86_64 (in target 'PhoneInTheOtherRoomWatchApp' from project 'PhoneInTheOtherRoom')
    cd /Users/ngawangchime/Desktop/Developer\ Projects/Phone\ in\ the\ Other\ Room
    /Applications/Xcode.app/Contents/Developer/Toolchains/XcodeDefault.xctoolchain/usr/bin/lipo -create /tmp/slumber-repair-derived/Build/Intermediates.noindex/PhoneInTheOtherRoom.build/Debug-watchsimulator/PhoneInTheOtherRoomWatchApp.build/Objects-normal/arm64/Binary/Counting\ Sheep\ Watch /tmp/slumber-repair-derived/Build/Intermediates.noindex/PhoneInTheOtherRoom.build/Debug-watchsimulator/PhoneInTheOtherRoomWatchApp.build/Objects-normal/x86_64/Binary/Counting\ Sheep\ Watch -output /tmp/slumber-repair-derived/Build/Products/Debug-watchsimulator/Counting\ Sheep\ Watch.app/Counting\ Sheep\ Watch

ProcessInfoPlistFile /tmp/slumber-repair-derived/Build/Products/Debug-iphonesimulator/Counting\ Sheep\ Screen\ Time\ Report.appex/Info.plist /Users/ngawangchime/Desktop/Developer\ Projects/Phone\ in\ the\ Other\ Room/PhoneInTheOtherRoomScreenTimeReport/Info.plist (in target 'PhoneInTheOtherRoomScreenTimeReport' from project 'PhoneInTheOtherRoom')
    cd /Users/ngawangchime/Desktop/Developer\ Projects/Phone\ in\ the\ Other\ Room
    builtin-infoPlistUtility /Users/ngawangchime/Desktop/Developer\ Projects/Phone\ in\ the\ Other\ Room/PhoneInTheOtherRoomScreenTimeReport/Info.plist -producttype com.apple.product-type.extensionkit-extension -expandbuildsettings -format binary -platform iphonesimulator -additionalcontentfile /tmp/slumber-repair-derived/Build/Intermediates.noindex/PhoneInTheOtherRoom.build/Debug-iphonesimulator/PhoneInTheOtherRoomScreenTimeReport.build/PhoneInTheOtherRoomScreenTimeReport-appextension-generated-info.plist -o /tmp/slumber-repair-derived/Build/Products/Debug-iphonesimulator/Counting\ Sheep\ Screen\ Time\ Report.appex/Info.plist

SwiftDriver\ Compilation IssueReporting normal x86_64 com.apple.xcode.tools.swift.compiler (in target 'IssueReporting' from project 'xctest-dynamic-overlay')
    cd /Users/ngawangchime/Desktop/Developer\ Projects/Phone\ in\ the\ Other\ Room/PhoneInTheOtherRoom.xcodeproj
    builtin-Swift-Compilation -- /Applications/Xcode.app/Contents/Developer/Toolchains/XcodeDefault.xctoolchain/usr/bin/swiftc -module-name IssueReporting -Onone @/tmp/slumber-repair-derived/Build/Intermediates.noindex/xctest-dynamic-overlay.build/Debug-iphonesimulator/IssueReporting.build/Objects-normal/x86_64/IssueReporting.SwiftFileList -DSWIFT_PACKAGE -DDEBUG -DSWIFT_MODULE_RESOURCE_BUNDLE_UNAVAILABLE -DXcode -enable-upcoming-feature ExistentialAny -enable-upcoming-feature ImmutableWeakCaptures -enable-upcoming-feature InferIsolatedConformances -enable-upcoming-feature InternalImportsByDefault -enable-upcoming-feature MemberImportVisibility -enable-upcoming-feature NonisolatedNonsendingByDefault -plugin-path /Applications/Xcode.app/Contents/Developer/Toolchains/XcodeDefault.xctoolchain/usr/lib/swift/host/plugins/testing -enable-experimental-feature DebugDescriptionMacro -sdk /Applications/Xcode.app/Contents/Developer/Platforms/iPhoneSimulator.platform/Developer/SDKs/iPhoneSimulator26.5.sdk -target x86_64-apple-ios13.0-simulator -g -module-cache-path /tmp/slumber-repair-derived/ModuleCache.noindex -Xfrontend -serialize-debugging-options -enable-testing -suppress-warnings -index-store-path /tmp/slumber-repair-derived/Index.noindex/DataStore -Xcc -D_LIBCPP_HARDENING_MODE\=_LIBCPP_HARDENING_MODE_DEBUG -swift-version 6 -I /tmp/slumber-repair-derived/Build/Products/Debug-iphonesimulator -Isystem /Applications/Xcode.app/Contents/Developer/Platforms/iPhoneSimulator.platform/Developer/usr/lib -F /tmp/slumber-repair-derived/Build/Products/Debug-iphonesimulator -F /Applications/Xcode.app/Contents/Developer/Platforms/iPhoneSimulator.platform/Developer/Library/Frameworks -F /Applications/Xcode.app/Contents/Developer/Platforms/iPhoneSimulator.platform/Developer/SDKs/iPhoneSimulator26.5.sdk/Developer/Library/Frameworks -c -j8 -enable-batch-mode -incremental -Xcc -ivfsstatcache -Xcc /tmp/slumber-repair-derived/SDKStatCaches.noindex/iphonesimulator26.5-23F81a-6cfe768891a92b912361537c460fe42b.sdkstatcache -output-file-map /tmp/slumber-repair-derived/Build/Intermediates.noindex/xctest-dynamic-overlay.build/Debug-iphonesimulator/IssueReporting.build/Objects-normal/x86_64/IssueReporting-OutputFileMap.json -use-frontend-parseable-output -save-temps -no-color-diagnostics -explicit-module-build -module-cache-path /tmp/slumber-repair-derived/Build/Intermediates.noindex/SwiftExplicitPrecompiledModules -clang-scanner-module-cache-path /tmp/slumber-repair-derived/ModuleCache.noindex -sdk-module-cache-path /tmp/slumber-repair-derived/ModuleCache.noindex -serialize-diagnostics -emit-dependencies -emit-module -emit-module-path /tmp/slumber-repair-derived/Build/Intermediates.noindex/xctest-dynamic-overlay.build/Debug-iphonesimulator/IssueReporting.build/Objects-normal/x86_64/IssueReporting.swiftmodule -user-module-version 1.11.0 -validate-clang-modules-once -clang-build-session-file /tmp/slumber-repair-derived/ModuleCache.noindex/Session.modulevalidation -package-name xctest_dynamic_overlay -Xcc -I/tmp/slumber-repair-derived/Build/Intermediates.noindex/xctest-dynamic-overlay.build/Debug-iphonesimulator/IssueReporting.build/swift-overrides.hmap -emit-const-values -Xfrontend -const-gather-protocols-file -Xfrontend /tmp/slumber-repair-derived/Build/Intermediates.noindex/xctest-dynamic-overlay.build/Debug-iphonesimulator/IssueReporting.build/Objects-normal/x86_64/IssueReporting_const_extract_protocols.json -Xcc -I/tmp/slumber-repair-derived/Build/Products/Debug-iphonesimulator/include -Xcc -I/tmp/slumber-repair-derived/Build/Intermediates.noindex/xctest-dynamic-overlay.build/Debug-iphonesimulator/IssueReporting.build/DerivedSources-normal/x86_64 -Xcc -I/tmp/slumber-repair-derived/Build/Intermediates.noindex/xctest-dynamic-overlay.build/Debug-iphonesimulator/IssueReporting.build/DerivedSources/x86_64 -Xcc -I/tmp/slumber-repair-derived/Build/Intermediates.noindex/xctest-dynamic-overlay.build/Debug-iphonesimulator/IssueReporting.build/DerivedSources -Xcc -DSWIFT_PACKAGE -Xcc -DDEBUG\=1 -emit-objc-header -emit-objc-header-path /tmp/slumber-repair-derived/Build/Intermediates.noindex/xctest-dynamic-overlay.build/Debug-iphonesimulator/IssueReporting.build/Objects-normal/x86_64/IssueReporting-Swift.h -working-directory /Users/ngawangchime/Desktop/Developer\ Projects/Phone\ in\ the\ Other\ Room/PhoneInTheOtherRoom.xcodeproj -experimental-emit-module-separately -disable-cmo

SwiftDriver\ Compilation IssueReporting normal arm64 com.apple.xcode.tools.swift.compiler (in target 'IssueReporting' from project 'xctest-dynamic-overlay')
    cd /Users/ngawangchime/Desktop/Developer\ Projects/Phone\ in\ the\ Other\ Room/PhoneInTheOtherRoom.xcodeproj
    builtin-Swift-Compilation -- /Applications/Xcode.app/Contents/Developer/Toolchains/XcodeDefault.xctoolchain/usr/bin/swiftc -module-name IssueReporting -Onone @/tmp/slumber-repair-derived/Build/Intermediates.noindex/xctest-dynamic-overlay.build/Debug-iphonesimulator/IssueReporting.build/Objects-normal/arm64/IssueReporting.SwiftFileList -DSWIFT_PACKAGE -DDEBUG -DSWIFT_MODULE_RESOURCE_BUNDLE_UNAVAILABLE -DXcode -enable-upcoming-feature ExistentialAny -enable-upcoming-feature ImmutableWeakCaptures -enable-upcoming-feature InferIsolatedConformances -enable-upcoming-feature InternalImportsByDefault -enable-upcoming-feature MemberImportVisibility -enable-upcoming-feature NonisolatedNonsendingByDefault -plugin-path /Applications/Xcode.app/Contents/Developer/Toolchains/XcodeDefault.xctoolchain/usr/lib/swift/host/plugins/testing -enable-experimental-feature DebugDescriptionMacro -sdk /Applications/Xcode.app/Contents/Developer/Platforms/iPhoneSimulator.platform/Developer/SDKs/iPhoneSimulator26.5.sdk -target arm64-apple-ios13.0-simulator -g -module-cache-path /tmp/slumber-repair-derived/ModuleCache.noindex -Xfrontend -serialize-debugging-options -enable-testing -suppress-warnings -index-store-path /tmp/slumber-repair-derived/Index.noindex/DataStore -Xcc -D_LIBCPP_HARDENING_MODE\=_LIBCPP_HARDENING_MODE_DEBUG -swift-version 6 -I /tmp/slumber-repair-derived/Build/Products/Debug-iphonesimulator -Isystem /Applications/Xcode.app/Contents/Developer/Platforms/iPhoneSimulator.platform/Developer/usr/lib -F /tmp/slumber-repair-derived/Build/Products/Debug-iphonesimulator -F /Applications/Xcode.app/Contents/Developer/Platforms/iPhoneSimulator.platform/Developer/Library/Frameworks -F /Applications/Xcode.app/Contents/Developer/Platforms/iPhoneSimulator.platform/Developer/SDKs/iPhoneSimulator26.5.sdk/Developer/Library/Frameworks -c -j8 -enable-batch-mode -incremental -Xcc -ivfsstatcache -Xcc /tmp/slumber-repair-derived/SDKStatCaches.noindex/iphonesimulator26.5-23F81a-6cfe768891a92b912361537c460fe42b.sdkstatcache -output-file-map /tmp/slumber-repair-derived/Build/Intermediates.noindex/xctest-dynamic-overlay.build/Debug-iphonesimulator/IssueReporting.build/Objects-normal/arm64/IssueReporting-OutputFileMap.json -use-frontend-parseable-output -save-temps -no-color-diagnostics -explicit-module-build -module-cache-path /tmp/slumber-repair-derived/Build/Intermediates.noindex/SwiftExplicitPrecompiledModules -clang-scanner-module-cache-path /tmp/slumber-repair-derived/ModuleCache.noindex -sdk-module-cache-path /tmp/slumber-repair-derived/ModuleCache.noindex -serialize-diagnostics -emit-dependencies -emit-module -emit-module-path /tmp/slumber-repair-derived/Build/Intermediates.noindex/xctest-dynamic-overlay.build/Debug-iphonesimulator/IssueReporting.build/Objects-normal/arm64/IssueReporting.swiftmodule -user-module-version 1.11.0 -validate-clang-modules-once -clang-build-session-file /tmp/slumber-repair-derived/ModuleCache.noindex/Session.modulevalidation -package-name xctest_dynamic_overlay -Xcc -I/tmp/slumber-repair-derived/Build/Intermediates.noindex/xctest-dynamic-overlay.build/Debug-iphonesimulator/IssueReporting.build/swift-overrides.hmap -emit-const-values -Xfrontend -const-gather-protocols-file -Xfrontend /tmp/slumber-repair-derived/Build/Intermediates.noindex/xctest-dynamic-overlay.build/Debug-iphonesimulator/IssueReporting.build/Objects-normal/arm64/IssueReporting_const_extract_protocols.json -Xcc -I/tmp/slumber-repair-derived/Build/Products/Debug-iphonesimulator/include -Xcc -I/tmp/slumber-repair-derived/Build/Intermediates.noindex/xctest-dynamic-overlay.build/Debug-iphonesimulator/IssueReporting.build/DerivedSources-normal/arm64 -Xcc -I/tmp/slumber-repair-derived/Build/Intermediates.noindex/xctest-dynamic-overlay.build/Debug-iphonesimulator/IssueReporting.build/DerivedSources/arm64 -Xcc -I/tmp/slumber-repair-derived/Build/Intermediates.noindex/xctest-dynamic-overlay.build/Debug-iphonesimulator/IssueReporting.build/DerivedSources -Xcc -DSWIFT_PACKAGE -Xcc -DDEBUG\=1 -emit-objc-header -emit-objc-header-path /tmp/slumber-repair-derived/Build/Intermediates.noindex/xctest-dynamic-overlay.build/Debug-iphonesimulator/IssueReporting.build/Objects-normal/arm64/IssueReporting-Swift.h -working-directory /Users/ngawangchime/Desktop/Developer\ Projects/Phone\ in\ the\ Other\ Room/PhoneInTheOtherRoom.xcodeproj -experimental-emit-module-separately -disable-cmo

SwiftDriver\ Compilation HTTPTypes normal x86_64 com.apple.xcode.tools.swift.compiler (in target 'HTTPTypes' from project 'swift-http-types')
    cd /Users/ngawangchime/Desktop/Developer\ Projects/Phone\ in\ the\ Other\ Room/PhoneInTheOtherRoom.xcodeproj
    builtin-Swift-Compilation -- /Applications/Xcode.app/Contents/Developer/Toolchains/XcodeDefault.xctoolchain/usr/bin/swiftc -module-name HTTPTypes -Onone @/tmp/slumber-repair-derived/Build/Intermediates.noindex/swift-http-types.build/Debug-iphonesimulator/HTTPTypes.build/Objects-normal/x86_64/HTTPTypes.SwiftFileList -DSWIFT_PACKAGE -DDEBUG -DSWIFT_MODULE_RESOURCE_BUNDLE_UNAVAILABLE -DFoundationURL -DXcode -enable-upcoming-feature InternalImportsByDefault -enable-upcoming-feature MemberImportVisibility -plugin-path /Applications/Xcode.app/Contents/Developer/Toolchains/XcodeDefault.xctoolchain/usr/lib/swift/host/plugins/testing -enable-experimental-feature DebugDescriptionMacro -sdk /Applications/Xcode.app/Contents/Developer/Platforms/iPhoneSimulator.platform/Developer/SDKs/iPhoneSimulator26.5.sdk -target x86_64-apple-ios12.0-simulator -g -module-cache-path /tmp/slumber-repair-derived/ModuleCache.noindex -Xfrontend -serialize-debugging-options -enable-testing -suppress-warnings -index-store-path /tmp/slumber-repair-derived/Index.noindex/DataStore -Xcc -D_LIBCPP_HARDENING_MODE\=_LIBCPP_HARDENING_MODE_DEBUG -swift-version 6 -I /tmp/slumber-repair-derived/Build/Products/Debug-iphonesimulator -Isystem /Applications/Xcode.app/Contents/Developer/Platforms/iPhoneSimulator.platform/Developer/usr/lib -F /tmp/slumber-repair-derived/Build/Products/Debug-iphonesimulator -F /Applications/Xcode.app/Contents/Developer/Platforms/iPhoneSimulator.platform/Developer/Library/Frameworks -F /Applications/Xcode.app/Contents/Developer/Platforms/iPhoneSimulator.platform/Developer/SDKs/iPhoneSimulator26.5.sdk/Developer/Library/Frameworks -c -j8 -enable-batch-mode -incremental -Xcc -ivfsstatcache -Xcc /tmp/slumber-repair-derived/SDKStatCaches.noindex/iphonesimulator26.5-23F81a-6cfe768891a92b912361537c460fe42b.sdkstatcache -output-file-map /tmp/slumber-repair-derived/Build/Intermediates.noindex/swift-http-types.build/Debug-iphonesimulator/HTTPTypes.build/Objects-normal/x86_64/HTTPTypes-OutputFileMap.json -use-frontend-parseable-output -save-temps -no-color-diagnostics -explicit-module-build -module-cache-path /tmp/slumber-repair-derived/Build/Intermediates.noindex/SwiftExplicitPrecompiledModules -clang-scanner-module-cache-path /tmp/slumber-repair-derived/ModuleCache.noindex -sdk-module-cache-path /tmp/slumber-repair-derived/ModuleCache.noindex -serialize-diagnostics -emit-dependencies -emit-module -emit-module-path /tmp/slumber-repair-derived/Build/Intermediates.noindex/swift-http-types.build/Debug-iphonesimulator/HTTPTypes.build/Objects-normal/x86_64/HTTPTypes.swiftmodule -user-module-version 1.6.0 -validate-clang-modules-once -clang-build-session-file /tmp/slumber-repair-derived/ModuleCache.noindex/Session.modulevalidation -package-name swift_http_types -Xcc -I/tmp/slumber-repair-derived/Build/Intermediates.noindex/swift-http-types.build/Debug-iphonesimulator/HTTPTypes.build/swift-overrides.hmap -emit-const-values -Xfrontend -const-gather-protocols-file -Xfrontend /tmp/slumber-repair-derived/Build/Intermediates.noindex/swift-http-types.build/Debug-iphonesimulator/HTTPTypes.build/Objects-normal/x86_64/HTTPTypes_const_extract_protocols.json -Xcc -I/tmp/slumber-repair-derived/Build/Products/Debug-iphonesimulator/include -Xcc -I/tmp/slumber-repair-derived/Build/Intermediates.noindex/swift-http-types.build/Debug-iphonesimulator/HTTPTypes.build/DerivedSources-normal/x86_64 -Xcc -I/tmp/slumber-repair-derived/Build/Intermediates.noindex/swift-http-types.build/Debug-iphonesimulator/HTTPTypes.build/DerivedSources/x86_64 -Xcc -I/tmp/slumber-repair-derived/Build/Intermediates.noindex/swift-http-types.build/Debug-iphonesimulator/HTTPTypes.build/DerivedSources -Xcc -DSWIFT_PACKAGE -Xcc -DDEBUG\=1 -emit-objc-header -emit-objc-header-path /tmp/slumber-repair-derived/Build/Intermediates.noindex/swift-http-types.build/Debug-iphonesimulator/HTTPTypes.build/Objects-normal/x86_64/HTTPTypes-Swift.h -working-directory /Users/ngawangchime/Desktop/Developer\ Projects/Phone\ in\ the\ Other\ Room/PhoneInTheOtherRoom.xcodeproj -experimental-emit-module-separately -disable-cmo

SwiftDriver\ Compilation HTTPTypes normal arm64 com.apple.xcode.tools.swift.compiler (in target 'HTTPTypes' from project 'swift-http-types')
    cd /Users/ngawangchime/Desktop/Developer\ Projects/Phone\ in\ the\ Other\ Room/PhoneInTheOtherRoom.xcodeproj
    builtin-Swift-Compilation -- /Applications/Xcode.app/Contents/Developer/Toolchains/XcodeDefault.xctoolchain/usr/bin/swiftc -module-name HTTPTypes -Onone @/tmp/slumber-repair-derived/Build/Intermediates.noindex/swift-http-types.build/Debug-iphonesimulator/HTTPTypes.build/Objects-normal/arm64/HTTPTypes.SwiftFileList -DSWIFT_PACKAGE -DDEBUG -DSWIFT_MODULE_RESOURCE_BUNDLE_UNAVAILABLE -DFoundationURL -DXcode -enable-upcoming-feature InternalImportsByDefault -enable-upcoming-feature MemberImportVisibility -plugin-path /Applications/Xcode.app/Contents/Developer/Toolchains/XcodeDefault.xctoolchain/usr/lib/swift/host/plugins/testing -enable-experimental-feature DebugDescriptionMacro -sdk /Applications/Xcode.app/Contents/Developer/Platforms/iPhoneSimulator.platform/Developer/SDKs/iPhoneSimulator26.5.sdk -target arm64-apple-ios12.0-simulator -g -module-cache-path /tmp/slumber-repair-derived/ModuleCache.noindex -Xfrontend -serialize-debugging-options -enable-testing -suppress-warnings -index-store-path /tmp/slumber-repair-derived/Index.noindex/DataStore -Xcc -D_LIBCPP_HARDENING_MODE\=_LIBCPP_HARDENING_MODE_DEBUG -swift-version 6 -I /tmp/slumber-repair-derived/Build/Products/Debug-iphonesimulator -Isystem /Applications/Xcode.app/Contents/Developer/Platforms/iPhoneSimulator.platform/Developer/usr/lib -F /tmp/slumber-repair-derived/Build/Products/Debug-iphonesimulator -F /Applications/Xcode.app/Contents/Developer/Platforms/iPhoneSimulator.platform/Developer/Library/Frameworks -F /Applications/Xcode.app/Contents/Developer/Platforms/iPhoneSimulator.platform/Developer/SDKs/iPhoneSimulator26.5.sdk/Developer/Library/Frameworks -c -j8 -enable-batch-mode -incremental -Xcc -ivfsstatcache -Xcc /tmp/slumber-repair-derived/SDKStatCaches.noindex/iphonesimulator26.5-23F81a-6cfe768891a92b912361537c460fe42b.sdkstatcache -output-file-map /tmp/slumber-repair-derived/Build/Intermediates.noindex/swift-http-types.build/Debug-iphonesimulator/HTTPTypes.build/Objects-normal/arm64/HTTPTypes-OutputFileMap.json -use-frontend-parseable-output -save-temps -no-color-diagnostics -explicit-module-build -module-cache-path /tmp/slumber-repair-derived/Build/Intermediates.noindex/SwiftExplicitPrecompiledModules -clang-scanner-module-cache-path /tmp/slumber-repair-derived/ModuleCache.noindex -sdk-module-cache-path /tmp/slumber-repair-derived/ModuleCache.noindex -serialize-diagnostics -emit-dependencies -emit-module -emit-module-path /tmp/slumber-repair-derived/Build/Intermediates.noindex/swift-http-types.build/Debug-iphonesimulator/HTTPTypes.build/Objects-normal/arm64/HTTPTypes.swiftmodule -user-module-version 1.6.0 -validate-clang-modules-once -clang-build-session-file /tmp/slumber-repair-derived/ModuleCache.noindex/Session.modulevalidation -package-name swift_http_types -Xcc -I/tmp/slumber-repair-derived/Build/Intermediates.noindex/swift-http-types.build/Debug-iphonesimulator/HTTPTypes.build/swift-overrides.hmap -emit-const-values -Xfrontend -const-gather-protocols-file -Xfrontend /tmp/slumber-repair-derived/Build/Intermediates.noindex/swift-http-types.build/Debug-iphonesimulator/HTTPTypes.build/Objects-normal/arm64/HTTPTypes_const_extract_protocols.json -Xcc -I/tmp/slumber-repair-derived/Build/Products/Debug-iphonesimulator/include -Xcc -I/tmp/slumber-repair-derived/Build/Intermediates.noindex/swift-http-types.build/Debug-iphonesimulator/HTTPTypes.build/DerivedSources-normal/arm64 -Xcc -I/tmp/slumber-repair-derived/Build/Intermediates.noindex/swift-http-types.build/Debug-iphonesimulator/HTTPTypes.build/DerivedSources/arm64 -Xcc -I/tmp/slumber-repair-derived/Build/Intermediates.noindex/swift-http-types.build/Debug-iphonesimulator/HTTPTypes.build/DerivedSources -Xcc -DSWIFT_PACKAGE -Xcc -DDEBUG\=1 -emit-objc-header -emit-objc-header-path /tmp/slumber-repair-derived/Build/Intermediates.noindex/swift-http-types.build/Debug-iphonesimulator/HTTPTypes.build/Objects-normal/arm64/HTTPTypes-Swift.h -working-directory /Users/ngawangchime/Desktop/Developer\ Projects/Phone\ in\ the\ Other\ Room/PhoneInTheOtherRoom.xcodeproj -experimental-emit-module-separately -disable-cmo

SwiftDriver XCTestDynamicOverlay normal arm64 com.apple.xcode.tools.swift.compiler (in target 'XCTestDynamicOverlay' from project 'xctest-dynamic-overlay')
    cd /Users/ngawangchime/Desktop/Developer\ Projects/Phone\ in\ the\ Other\ Room/PhoneInTheOtherRoom.xcodeproj
    builtin-SwiftDriver -- /Applications/Xcode.app/Contents/Developer/Toolchains/XcodeDefault.xctoolchain/usr/bin/swiftc -module-name XCTestDynamicOverlay -Onone @/tmp/slumber-repair-derived/Build/Intermediates.noindex/xctest-dynamic-overlay.build/Debug-iphonesimulator/XCTestDynamicOverlay.build/Objects-normal/arm64/XCTestDynamicOverlay.SwiftFileList -DSWIFT_PACKAGE -DDEBUG -DSWIFT_MODULE_RESOURCE_BUNDLE_UNAVAILABLE -DXcode -enable-upcoming-feature ExistentialAny -enable-upcoming-feature ImmutableWeakCaptures -enable-upcoming-feature InferIsolatedConformances -enable-upcoming-feature InternalImportsByDefault -enable-upcoming-feature MemberImportVisibility -enable-upcoming-feature NonisolatedNonsendingByDefault -plugin-path /Applications/Xcode.app/Contents/Developer/Toolchains/XcodeDefault.xctoolchain/usr/lib/swift/host/plugins/testing -enable-experimental-feature DebugDescriptionMacro -sdk /Applications/Xcode.app/Contents/Developer/Platforms/iPhoneSimulator.platform/Developer/SDKs/iPhoneSimulator26.5.sdk -target arm64-apple-ios13.0-simulator -g -module-cache-path /tmp/slumber-repair-derived/ModuleCache.noindex -Xfrontend -serialize-debugging-options -enable-testing -suppress-warnings -index-store-path /tmp/slumber-repair-derived/Index.noindex/DataStore -Xcc -D_LIBCPP_HARDENING_MODE\=_LIBCPP_HARDENING_MODE_DEBUG -swift-version 6 -I /tmp/slumber-repair-derived/Build/Products/Debug-iphonesimulator -Isystem /Applications/Xcode.app/Contents/Developer/Platforms/iPhoneSimulator.platform/Developer/usr/lib -F /tmp/slumber-repair-derived/Build/Products/Debug-iphonesimulator/PackageFrameworks -F /tmp/slumber-repair-derived/Build/Products/Debug-iphonesimulator -F /Applications/Xcode.app/Contents/Developer/Platforms/iPhoneSimulator.platform/Developer/Library/Frameworks -F /Applications/Xcode.app/Contents/Developer/Platforms/iPhoneSimulator.platform/Developer/SDKs/iPhoneSimulator26.5.sdk/Developer/Library/Frameworks -c -j8 -enable-batch-mode -incremental -Xcc -ivfsstatcache -Xcc /tmp/slumber-repair-derived/SDKStatCaches.noindex/iphonesimulator26.5-23F81a-6cfe768891a92b912361537c460fe42b.sdkstatcache -output-file-map /tmp/slumber-repair-derived/Build/Intermediates.noindex/xctest-dynamic-overlay.build/Debug-iphonesimulator/XCTestDynamicOverlay.build/Objects-normal/arm64/XCTestDynamicOverlay-OutputFileMap.json -use-frontend-parseable-output -save-temps -no-color-diagnostics -explicit-module-build -module-cache-path /tmp/slumber-repair-derived/Build/Intermediates.noindex/SwiftExplicitPrecompiledModules -clang-scanner-module-cache-path /tmp/slumber-repair-derived/ModuleCache.noindex -sdk-module-cache-path /tmp/slumber-repair-derived/ModuleCache.noindex -serialize-diagnostics -emit-dependencies -emit-module -emit-module-path /tmp/slumber-repair-derived/Build/Intermediates.noindex/xctest-dynamic-overlay.build/Debug-iphonesimulator/XCTestDynamicOverlay.build/Objects-normal/arm64/XCTestDynamicOverlay.swiftmodule -user-module-version 1.11.0 -validate-clang-modules-once -clang-build-session-file /tmp/slumber-repair-derived/ModuleCache.noindex/Session.modulevalidation -package-name xctest_dynamic_overlay -Xcc -I/tmp/slumber-repair-derived/Build/Intermediates.noindex/xctest-dynamic-overlay.build/Debug-iphonesimulator/XCTestDynamicOverlay.build/swift-overrides.hmap -emit-const-values -Xfrontend -const-gather-protocols-file -Xfrontend /tmp/slumber-repair-derived/Build/Intermediates.noindex/xctest-dynamic-overlay.build/Debug-iphonesimulator/XCTestDynamicOverlay.build/Objects-normal/arm64/XCTestDynamicOverlay_const_extract_protocols.json -Xcc -I/tmp/slumber-repair-derived/Build/Products/Debug-iphonesimulator/include -Xcc -I/tmp/slumber-repair-derived/Build/Intermediates.noindex/xctest-dynamic-overlay.build/Debug-iphonesimulator/XCTestDynamicOverlay.build/DerivedSources-normal/arm64 -Xcc -I/tmp/slumber-repair-derived/Build/Intermediates.noindex/xctest-dynamic-overlay.build/Debug-iphonesimulator/XCTestDynamicOverlay.build/DerivedSources/arm64 -Xcc -I/tmp/slumber-repair-derived/Build/Intermediates.noindex/xctest-dynamic-overlay.build/Debug-iphonesimulator/XCTestDynamicOverlay.build/DerivedSources -Xcc -DSWIFT_PACKAGE -Xcc -DDEBUG\=1 -emit-objc-header -emit-objc-header-path /tmp/slumber-repair-derived/Build/Intermediates.noindex/xctest-dynamic-overlay.build/Debug-iphonesimulator/XCTestDynamicOverlay.build/Objects-normal/arm64/XCTestDynamicOverlay-Swift.h -working-directory /Users/ngawangchime/Desktop/Developer\ Projects/Phone\ in\ the\ Other\ Room/PhoneInTheOtherRoom.xcodeproj -experimental-emit-module-separately -disable-cmo

SwiftDriver XCTestDynamicOverlay normal x86_64 com.apple.xcode.tools.swift.compiler (in target 'XCTestDynamicOverlay' from project 'xctest-dynamic-overlay')
    cd /Users/ngawangchime/Desktop/Developer\ Projects/Phone\ in\ the\ Other\ Room/PhoneInTheOtherRoom.xcodeproj
    builtin-SwiftDriver -- /Applications/Xcode.app/Contents/Developer/Toolchains/XcodeDefault.xctoolchain/usr/bin/swiftc -module-name XCTestDynamicOverlay -Onone @/tmp/slumber-repair-derived/Build/Intermediates.noindex/xctest-dynamic-overlay.build/Debug-iphonesimulator/XCTestDynamicOverlay.build/Objects-normal/x86_64/XCTestDynamicOverlay.SwiftFileList -DSWIFT_PACKAGE -DDEBUG -DSWIFT_MODULE_RESOURCE_BUNDLE_UNAVAILABLE -DXcode -enable-upcoming-feature ExistentialAny -enable-upcoming-feature ImmutableWeakCaptures -enable-upcoming-feature InferIsolatedConformances -enable-upcoming-feature InternalImportsByDefault -enable-upcoming-feature MemberImportVisibility -enable-upcoming-feature NonisolatedNonsendingByDefault -plugin-path /Applications/Xcode.app/Contents/Developer/Toolchains/XcodeDefault.xctoolchain/usr/lib/swift/host/plugins/testing -enable-experimental-feature DebugDescriptionMacro -sdk /Applications/Xcode.app/Contents/Developer/Platforms/iPhoneSimulator.platform/Developer/SDKs/iPhoneSimulator26.5.sdk -target x86_64-apple-ios13.0-simulator -g -module-cache-path /tmp/slumber-repair-derived/ModuleCache.noindex -Xfrontend -serialize-debugging-options -enable-testing -suppress-warnings -index-store-path /tmp/slumber-repair-derived/Index.noindex/DataStore -Xcc -D_LIBCPP_HARDENING_MODE\=_LIBCPP_HARDENING_MODE_DEBUG -swift-version 6 -I /tmp/slumber-repair-derived/Build/Products/Debug-iphonesimulator -Isystem /Applications/Xcode.app/Contents/Developer/Platforms/iPhoneSimulator.platform/Developer/usr/lib -F /tmp/slumber-repair-derived/Build/Products/Debug-iphonesimulator/PackageFrameworks -F /tmp/slumber-repair-derived/Build/Products/Debug-iphonesimulator -F /Applications/Xcode.app/Contents/Developer/Platforms/iPhoneSimulator.platform/Developer/Library/Frameworks -F /Applications/Xcode.app/Contents/Developer/Platforms/iPhoneSimulator.platform/Developer/SDKs/iPhoneSimulator26.5.sdk/Developer/Library/Frameworks -c -j8 -enable-batch-mode -incremental -Xcc -ivfsstatcache -Xcc /tmp/slumber-repair-derived/SDKStatCaches.noindex/iphonesimulator26.5-23F81a-6cfe768891a92b912361537c460fe42b.sdkstatcache -output-file-map /tmp/slumber-repair-derived/Build/Intermediates.noindex/xctest-dynamic-overlay.build/Debug-iphonesimulator/XCTestDynamicOverlay.build/Objects-normal/x86_64/XCTestDynamicOverlay-OutputFileMap.json -use-frontend-parseable-output -save-temps -no-color-diagnostics -explicit-module-build -module-cache-path /tmp/slumber-repair-derived/Build/Intermediates.noindex/SwiftExplicitPrecompiledModules -clang-scanner-module-cache-path /tmp/slumber-repair-derived/ModuleCache.noindex -sdk-module-cache-path /tmp/slumber-repair-derived/ModuleCache.noindex -serialize-diagnostics -emit-dependencies -emit-module -emit-module-path /tmp/slumber-repair-derived/Build/Intermediates.noindex/xctest-dynamic-overlay.build/Debug-iphonesimulator/XCTestDynamicOverlay.build/Objects-normal/x86_64/XCTestDynamicOverlay.swiftmodule -user-module-version 1.11.0 -validate-clang-modules-once -clang-build-session-file /tmp/slumber-repair-derived/ModuleCache.noindex/Session.modulevalidation -package-name xctest_dynamic_overlay -Xcc -I/tmp/slumber-repair-derived/Build/Intermediates.noindex/xctest-dynamic-overlay.build/Debug-iphonesimulator/XCTestDynamicOverlay.build/swift-overrides.hmap -emit-const-values -Xfrontend -const-gather-protocols-file -Xfrontend /tmp/slumber-repair-derived/Build/Intermediates.noindex/xctest-dynamic-overlay.build/Debug-iphonesimulator/XCTestDynamicOverlay.build/Objects-normal/x86_64/XCTestDynamicOverlay_const_extract_protocols.json -Xcc -I/tmp/slumber-repair-derived/Build/Products/Debug-iphonesimulator/include -Xcc -I/tmp/slumber-repair-derived/Build/Intermediates.noindex/xctest-dynamic-overlay.build/Debug-iphonesimulator/XCTestDynamicOverlay.build/DerivedSources-normal/x86_64 -Xcc -I/tmp/slumber-repair-derived/Build/Intermediates.noindex/xctest-dynamic-overlay.build/Debug-iphonesimulator/XCTestDynamicOverlay.build/DerivedSources/x86_64 -Xcc -I/tmp/slumber-repair-derived/Build/Intermediates.noindex/xctest-dynamic-overlay.build/Debug-iphonesimulator/XCTestDynamicOverlay.build/DerivedSources -Xcc -DSWIFT_PACKAGE -Xcc -DDEBUG\=1 -emit-objc-header -emit-objc-header-path /tmp/slumber-repair-derived/Build/Intermediates.noindex/xctest-dynamic-overlay.build/Debug-iphonesimulator/XCTestDynamicOverlay.build/Objects-normal/x86_64/XCTestDynamicOverlay-Swift.h -working-directory /Users/ngawangchime/Desktop/Developer\ Projects/Phone\ in\ the\ Other\ Room/PhoneInTheOtherRoom.xcodeproj -experimental-emit-module-separately -disable-cmo

Ld /tmp/slumber-repair-derived/Build/Intermediates.noindex/PhoneInTheOtherRoom.build/Debug-iphonesimulator/PhoneInTheOtherRoomShieldConfiguration.build/Objects-normal/x86_64/Binary/Counting\ Sheep\ Wind\ Down\ Shield.debug.dylib normal x86_64 (in target 'PhoneInTheOtherRoomShieldConfiguration' from project 'PhoneInTheOtherRoom')
    cd /Users/ngawangchime/Desktop/Developer\ Projects/Phone\ in\ the\ Other\ Room
    /Applications/Xcode.app/Contents/Developer/Toolchains/XcodeDefault.xctoolchain/usr/bin/clang -Xlinker -reproducible -target x86_64-apple-ios17.0-simulator -dynamiclib -isysroot /Applications/Xcode.app/Contents/Developer/Platforms/iPhoneSimulator.platform/Developer/SDKs/iPhoneSimulator26.5.sdk -O0 -L/tmp/slumber-repair-derived/Build/Intermediates.noindex/EagerLinkingTBDs/Debug-iphonesimulator -L/tmp/slumber-repair-derived/Build/Products/Debug-iphonesimulator -F/tmp/slumber-repair-derived/Build/Intermediates.noindex/EagerLinkingTBDs/Debug-iphonesimulator -F/tmp/slumber-repair-derived/Build/Products/Debug-iphonesimulator -filelist /tmp/slumber-repair-derived/Build/Intermediates.noindex/PhoneInTheOtherRoom.build/Debug-iphonesimulator/PhoneInTheOtherRoomShieldConfiguration.build/Objects-normal/x86_64/Counting\ Sheep\ Wind\ Down\ Shield.LinkFileList -install_name @rpath/Counting\ Sheep\ Wind\ Down\ Shield.debug.dylib -Xlinker -rpath -Xlinker /usr/lib/swift -Xlinker -rpath -Xlinker @executable_path/Frameworks -Xlinker -rpath -Xlinker @executable_path/../../Frameworks -Xlinker -dead_strip -Xlinker -object_path_lto -Xlinker /tmp/slumber-repair-derived/Build/Intermediates.noindex/PhoneInTheOtherRoom.build/Debug-iphonesimulator/PhoneInTheOtherRoomShieldConfiguration.build/Objects-normal/x86_64/Counting\ Sheep\ Wind\ Down\ Shield_lto.o -rdynamic -Xlinker -no_deduplicate -Xlinker -objc_abi_version -Xlinker 2 -Xlinker -dependency_info -Xlinker /tmp/slumber-repair-derived/Build/Intermediates.noindex/PhoneInTheOtherRoom.build/Debug-iphonesimulator/PhoneInTheOtherRoomShieldConfiguration.build/Objects-normal/x86_64/Counting\ Sheep\ Wind\ Down\ Shield_dependency_info.dat -fapplication-extension -fobjc-link-runtime -L/Applications/Xcode.app/Contents/Developer/Toolchains/XcodeDefault.xctoolchain/usr/lib/swift/iphonesimulator -L/usr/lib/swift -Xlinker -add_ast_path -Xlinker /tmp/slumber-repair-derived/Build/Intermediates.noindex/PhoneInTheOtherRoom.build/Debug-iphonesimulator/PhoneInTheOtherRoomShieldConfiguration.build/Objects-normal/x86_64/Counting_Sheep_Wind_Down_Shield.swiftmodule @/tmp/slumber-repair-derived/Build/Intermediates.noindex/PhoneInTheOtherRoom.build/Debug-iphonesimulator/PhoneInTheOtherRoomShieldConfiguration.build/Objects-normal/x86_64/Counting_Sheep_Wind_Down_Shield-linker-args.resp -Xlinker -alias -Xlinker _NSExtensionMain -Xlinker ___debug_main_executable_dylib_entry_point -Xlinker -no_adhoc_codesign -o /tmp/slumber-repair-derived/Build/Intermediates.noindex/PhoneInTheOtherRoom.build/Debug-iphonesimulator/PhoneInTheOtherRoomShieldConfiguration.build/Objects-normal/x86_64/Binary/Counting\ Sheep\ Wind\ Down\ Shield.debug.dylib

Ld /tmp/slumber-repair-derived/Build/Intermediates.noindex/PhoneInTheOtherRoom.build/Debug-iphonesimulator/PhoneInTheOtherRoomShieldConfiguration.build/Objects-normal/arm64/Binary/Counting\ Sheep\ Wind\ Down\ Shield.debug.dylib normal arm64 (in target 'PhoneInTheOtherRoomShieldConfiguration' from project 'PhoneInTheOtherRoom')
    cd /Users/ngawangchime/Desktop/Developer\ Projects/Phone\ in\ the\ Other\ Room
    /Applications/Xcode.app/Contents/Developer/Toolchains/XcodeDefault.xctoolchain/usr/bin/clang -Xlinker -reproducible -target arm64-apple-ios17.0-simulator -dynamiclib -isysroot /Applications/Xcode.app/Contents/Developer/Platforms/iPhoneSimulator.platform/Developer/SDKs/iPhoneSimulator26.5.sdk -O0 -L/tmp/slumber-repair-derived/Build/Intermediates.noindex/EagerLinkingTBDs/Debug-iphonesimulator -L/tmp/slumber-repair-derived/Build/Products/Debug-iphonesimulator -F/tmp/slumber-repair-derived/Build/Intermediates.noindex/EagerLinkingTBDs/Debug-iphonesimulator -F/tmp/slumber-repair-derived/Build/Products/Debug-iphonesimulator -filelist /tmp/slumber-repair-derived/Build/Intermediates.noindex/PhoneInTheOtherRoom.build/Debug-iphonesimulator/PhoneInTheOtherRoomShieldConfiguration.build/Objects-normal/arm64/Counting\ Sheep\ Wind\ Down\ Shield.LinkFileList -install_name @rpath/Counting\ Sheep\ Wind\ Down\ Shield.debug.dylib -Xlinker -rpath -Xlinker /usr/lib/swift -Xlinker -rpath -Xlinker @executable_path/Frameworks -Xlinker -rpath -Xlinker @executable_path/../../Frameworks -Xlinker -dead_strip -Xlinker -object_path_lto -Xlinker /tmp/slumber-repair-derived/Build/Intermediates.noindex/PhoneInTheOtherRoom.build/Debug-iphonesimulator/PhoneInTheOtherRoomShieldConfiguration.build/Objects-normal/arm64/Counting\ Sheep\ Wind\ Down\ Shield_lto.o -rdynamic -Xlinker -no_deduplicate -Xlinker -objc_abi_version -Xlinker 2 -Xlinker -dependency_info -Xlinker /tmp/slumber-repair-derived/Build/Intermediates.noindex/PhoneInTheOtherRoom.build/Debug-iphonesimulator/PhoneInTheOtherRoomShieldConfiguration.build/Objects-normal/arm64/Counting\ Sheep\ Wind\ Down\ Shield_dependency_info.dat -fapplication-extension -fobjc-link-runtime -L/Applications/Xcode.app/Contents/Developer/Toolchains/XcodeDefault.xctoolchain/usr/lib/swift/iphonesimulator -L/usr/lib/swift -Xlinker -add_ast_path -Xlinker /tmp/slumber-repair-derived/Build/Intermediates.noindex/PhoneInTheOtherRoom.build/Debug-iphonesimulator/PhoneInTheOtherRoomShieldConfiguration.build/Objects-normal/arm64/Counting_Sheep_Wind_Down_Shield.swiftmodule @/tmp/slumber-repair-derived/Build/Intermediates.noindex/PhoneInTheOtherRoom.build/Debug-iphonesimulator/PhoneInTheOtherRoomShieldConfiguration.build/Objects-normal/arm64/Counting_Sheep_Wind_Down_Shield-linker-args.resp -Xlinker -alias -Xlinker _NSExtensionMain -Xlinker ___debug_main_executable_dylib_entry_point -Xlinker -no_adhoc_codesign -o /tmp/slumber-repair-derived/Build/Intermediates.noindex/PhoneInTheOtherRoom.build/Debug-iphonesimulator/PhoneInTheOtherRoomShieldConfiguration.build/Objects-normal/arm64/Binary/Counting\ Sheep\ Wind\ Down\ Shield.debug.dylib

Ld /tmp/slumber-repair-derived/Build/Intermediates.noindex/PhoneInTheOtherRoom.build/Debug-iphonesimulator/PhoneInTheOtherRoomShieldAction.build/Objects-normal/x86_64/Binary/Counting\ Sheep\ Wind\ Down\ Action.debug.dylib normal x86_64 (in target 'PhoneInTheOtherRoomShieldAction' from project 'PhoneInTheOtherRoom')
    cd /Users/ngawangchime/Desktop/Developer\ Projects/Phone\ in\ the\ Other\ Room
    /Applications/Xcode.app/Contents/Developer/Toolchains/XcodeDefault.xctoolchain/usr/bin/clang -Xlinker -reproducible -target x86_64-apple-ios17.0-simulator -dynamiclib -isysroot /Applications/Xcode.app/Contents/Developer/Platforms/iPhoneSimulator.platform/Developer/SDKs/iPhoneSimulator26.5.sdk -O0 -L/tmp/slumber-repair-derived/Build/Intermediates.noindex/EagerLinkingTBDs/Debug-iphonesimulator -L/tmp/slumber-repair-derived/Build/Products/Debug-iphonesimulator -F/tmp/slumber-repair-derived/Build/Intermediates.noindex/EagerLinkingTBDs/Debug-iphonesimulator -F/tmp/slumber-repair-derived/Build/Products/Debug-iphonesimulator -filelist /tmp/slumber-repair-derived/Build/Intermediates.noindex/PhoneInTheOtherRoom.build/Debug-iphonesimulator/PhoneInTheOtherRoomShieldAction.build/Objects-normal/x86_64/Counting\ Sheep\ Wind\ Down\ Action.LinkFileList -install_name @rpath/Counting\ Sheep\ Wind\ Down\ Action.debug.dylib -Xlinker -rpath -Xlinker /usr/lib/swift -Xlinker -rpath -Xlinker @executable_path/Frameworks -Xlinker -rpath -Xlinker @executable_path/../../Frameworks -Xlinker -dead_strip -Xlinker -object_path_lto -Xlinker /tmp/slumber-repair-derived/Build/Intermediates.noindex/PhoneInTheOtherRoom.build/Debug-iphonesimulator/PhoneInTheOtherRoomShieldAction.build/Objects-normal/x86_64/Counting\ Sheep\ Wind\ Down\ Action_lto.o -rdynamic -Xlinker -no_deduplicate -Xlinker -objc_abi_version -Xlinker 2 -Xlinker -dependency_info -Xlinker /tmp/slumber-repair-derived/Build/Intermediates.noindex/PhoneInTheOtherRoom.build/Debug-iphonesimulator/PhoneInTheOtherRoomShieldAction.build/Objects-normal/x86_64/Counting\ Sheep\ Wind\ Down\ Action_dependency_info.dat -fapplication-extension -fobjc-link-runtime -L/Applications/Xcode.app/Contents/Developer/Toolchains/XcodeDefault.xctoolchain/usr/lib/swift/iphonesimulator -L/usr/lib/swift -Xlinker -add_ast_path -Xlinker /tmp/slumber-repair-derived/Build/Intermediates.noindex/PhoneInTheOtherRoom.build/Debug-iphonesimulator/PhoneInTheOtherRoomShieldAction.build/Objects-normal/x86_64/Counting_Sheep_Wind_Down_Action.swiftmodule @/tmp/slumber-repair-derived/Build/Intermediates.noindex/PhoneInTheOtherRoom.build/Debug-iphonesimulator/PhoneInTheOtherRoomShieldAction.build/Objects-normal/x86_64/Counting_Sheep_Wind_Down_Action-linker-args.resp -Xlinker -alias -Xlinker _NSExtensionMain -Xlinker ___debug_main_executable_dylib_entry_point -Xlinker -no_adhoc_codesign -o /tmp/slumber-repair-derived/Build/Intermediates.noindex/PhoneInTheOtherRoom.build/Debug-iphonesimulator/PhoneInTheOtherRoomShieldAction.build/Objects-normal/x86_64/Binary/Counting\ Sheep\ Wind\ Down\ Action.debug.dylib

Ld /tmp/slumber-repair-derived/Build/Intermediates.noindex/PhoneInTheOtherRoom.build/Debug-iphonesimulator/PhoneInTheOtherRoomShieldAction.build/Objects-normal/arm64/Binary/Counting\ Sheep\ Wind\ Down\ Action.debug.dylib normal arm64 (in target 'PhoneInTheOtherRoomShieldAction' from project 'PhoneInTheOtherRoom')
    cd /Users/ngawangchime/Desktop/Developer\ Projects/Phone\ in\ the\ Other\ Room
    /Applications/Xcode.app/Contents/Developer/Toolchains/XcodeDefault.xctoolchain/usr/bin/clang -Xlinker -reproducible -target arm64-apple-ios17.0-simulator -dynamiclib -isysroot /Applications/Xcode.app/Contents/Developer/Platforms/iPhoneSimulator.platform/Developer/SDKs/iPhoneSimulator26.5.sdk -O0 -L/tmp/slumber-repair-derived/Build/Intermediates.noindex/EagerLinkingTBDs/Debug-iphonesimulator -L/tmp/slumber-repair-derived/Build/Products/Debug-iphonesimulator -F/tmp/slumber-repair-derived/Build/Intermediates.noindex/EagerLinkingTBDs/Debug-iphonesimulator -F/tmp/slumber-repair-derived/Build/Products/Debug-iphonesimulator -filelist /tmp/slumber-repair-derived/Build/Intermediates.noindex/PhoneInTheOtherRoom.build/Debug-iphonesimulator/PhoneInTheOtherRoomShieldAction.build/Objects-normal/arm64/Counting\ Sheep\ Wind\ Down\ Action.LinkFileList -install_name @rpath/Counting\ Sheep\ Wind\ Down\ Action.debug.dylib -Xlinker -rpath -Xlinker /usr/lib/swift -Xlinker -rpath -Xlinker @executable_path/Frameworks -Xlinker -rpath -Xlinker @executable_path/../../Frameworks -Xlinker -dead_strip -Xlinker -object_path_lto -Xlinker /tmp/slumber-repair-derived/Build/Intermediates.noindex/PhoneInTheOtherRoom.build/Debug-iphonesimulator/PhoneInTheOtherRoomShieldAction.build/Objects-normal/arm64/Counting\ Sheep\ Wind\ Down\ Action_lto.o -rdynamic -Xlinker -no_deduplicate -Xlinker -objc_abi_version -Xlinker 2 -Xlinker -dependency_info -Xlinker /tmp/slumber-repair-derived/Build/Intermediates.noindex/PhoneInTheOtherRoom.build/Debug-iphonesimulator/PhoneInTheOtherRoomShieldAction.build/Objects-normal/arm64/Counting\ Sheep\ Wind\ Down\ Action_dependency_info.dat -fapplication-extension -fobjc-link-runtime -L/Applications/Xcode.app/Contents/Developer/Toolchains/XcodeDefault.xctoolchain/usr/lib/swift/iphonesimulator -L/usr/lib/swift -Xlinker -add_ast_path -Xlinker /tmp/slumber-repair-derived/Build/Intermediates.noindex/PhoneInTheOtherRoom.build/Debug-iphonesimulator/PhoneInTheOtherRoomShieldAction.build/Objects-normal/arm64/Counting_Sheep_Wind_Down_Action.swiftmodule @/tmp/slumber-repair-derived/Build/Intermediates.noindex/PhoneInTheOtherRoom.build/Debug-iphonesimulator/PhoneInTheOtherRoomShieldAction.build/Objects-normal/arm64/Counting_Sheep_Wind_Down_Action-linker-args.resp -Xlinker -alias -Xlinker _NSExtensionMain -Xlinker ___debug_main_executable_dylib_entry_point -Xlinker -no_adhoc_codesign -o /tmp/slumber-repair-derived/Build/Intermediates.noindex/PhoneInTheOtherRoom.build/Debug-iphonesimulator/PhoneInTheOtherRoomShieldAction.build/Objects-normal/arm64/Binary/Counting\ Sheep\ Wind\ Down\ Action.debug.dylib

Ld /tmp/slumber-repair-derived/Build/Intermediates.noindex/PhoneInTheOtherRoom.build/Debug-iphonesimulator/PhoneInTheOtherRoomScreenTimeReport.build/Objects-normal/x86_64/Binary/Counting\ Sheep\ Screen\ Time\ Report.debug.dylib normal x86_64 (in target 'PhoneInTheOtherRoomScreenTimeReport' from project 'PhoneInTheOtherRoom')
    cd /Users/ngawangchime/Desktop/Developer\ Projects/Phone\ in\ the\ Other\ Room
    /Applications/Xcode.app/Contents/Developer/Toolchains/XcodeDefault.xctoolchain/usr/bin/clang -Xlinker -reproducible -target x86_64-apple-ios17.0-simulator -dynamiclib -isysroot /Applications/Xcode.app/Contents/Developer/Platforms/iPhoneSimulator.platform/Developer/SDKs/iPhoneSimulator26.5.sdk -O0 -L/tmp/slumber-repair-derived/Build/Intermediates.noindex/EagerLinkingTBDs/Debug-iphonesimulator -L/tmp/slumber-repair-derived/Build/Products/Debug-iphonesimulator -F/tmp/slumber-repair-derived/Build/Intermediates.noindex/EagerLinkingTBDs/Debug-iphonesimulator -F/tmp/slumber-repair-derived/Build/Products/Debug-iphonesimulator -filelist /tmp/slumber-repair-derived/Build/Intermediates.noindex/PhoneInTheOtherRoom.build/Debug-iphonesimulator/PhoneInTheOtherRoomScreenTimeReport.build/Objects-normal/x86_64/Counting\ Sheep\ Screen\ Time\ Report.LinkFileList -install_name @rpath/Counting\ Sheep\ Screen\ Time\ Report.debug.dylib -Xlinker -rpath -Xlinker /usr/lib/swift -Xlinker -rpath -Xlinker @executable_path/Frameworks -Xlinker -dead_strip -Xlinker -object_path_lto -Xlinker /tmp/slumber-repair-derived/Build/Intermediates.noindex/PhoneInTheOtherRoom.build/Debug-iphonesimulator/PhoneInTheOtherRoomScreenTimeReport.build/Objects-normal/x86_64/Counting\ Sheep\ Screen\ Time\ Report_lto.o -rdynamic -Xlinker -no_deduplicate -Xlinker -objc_abi_version -Xlinker 2 -Xlinker -dependency_info -Xlinker /tmp/slumber-repair-derived/Build/Intermediates.noindex/PhoneInTheOtherRoom.build/Debug-iphonesimulator/PhoneInTheOtherRoomScreenTimeReport.build/Objects-normal/x86_64/Counting\ Sheep\ Screen\ Time\ Report_dependency_info.dat -fapplication-extension -fobjc-link-runtime -L/Applications/Xcode.app/Contents/Developer/Toolchains/XcodeDefault.xctoolchain/usr/lib/swift/iphonesimulator -L/usr/lib/swift -Xlinker -add_ast_path -Xlinker /tmp/slumber-repair-derived/Build/Intermediates.noindex/PhoneInTheOtherRoom.build/Debug-iphonesimulator/PhoneInTheOtherRoomScreenTimeReport.build/Objects-normal/x86_64/Counting_Sheep_Screen_Time_Report.swiftmodule @/tmp/slumber-repair-derived/Build/Intermediates.noindex/PhoneInTheOtherRoom.build/Debug-iphonesimulator/PhoneInTheOtherRoomScreenTimeReport.build/Objects-normal/x86_64/Counting_Sheep_Screen_Time_Report-linker-args.resp -Xlinker -alias -Xlinker _NSExtensionMain -Xlinker ___debug_main_executable_dylib_entry_point -Xlinker -no_adhoc_codesign -o /tmp/slumber-repair-derived/Build/Intermediates.noindex/PhoneInTheOtherRoom.build/Debug-iphonesimulator/PhoneInTheOtherRoomScreenTimeReport.build/Objects-normal/x86_64/Binary/Counting\ Sheep\ Screen\ Time\ Report.debug.dylib

SwiftDriver\ Compilation\ Requirements XCTestDynamicOverlay normal x86_64 com.apple.xcode.tools.swift.compiler (in target 'XCTestDynamicOverlay' from project 'xctest-dynamic-overlay')
    cd /Users/ngawangchime/Desktop/Developer\ Projects/Phone\ in\ the\ Other\ Room/PhoneInTheOtherRoom.xcodeproj
    builtin-Swift-Compilation-Requirements -- /Applications/Xcode.app/Contents/Developer/Toolchains/XcodeDefault.xctoolchain/usr/bin/swiftc -module-name XCTestDynamicOverlay -Onone @/tmp/slumber-repair-derived/Build/Intermediates.noindex/xctest-dynamic-overlay.build/Debug-iphonesimulator/XCTestDynamicOverlay.build/Objects-normal/x86_64/XCTestDynamicOverlay.SwiftFileList -DSWIFT_PACKAGE -DDEBUG -DSWIFT_MODULE_RESOURCE_BUNDLE_UNAVAILABLE -DXcode -enable-upcoming-feature ExistentialAny -enable-upcoming-feature ImmutableWeakCaptures -enable-upcoming-feature InferIsolatedConformances -enable-upcoming-feature InternalImportsByDefault -enable-upcoming-feature MemberImportVisibility -enable-upcoming-feature NonisolatedNonsendingByDefault -plugin-path /Applications/Xcode.app/Contents/Developer/Toolchains/XcodeDefault.xctoolchain/usr/lib/swift/host/plugins/testing -enable-experimental-feature DebugDescriptionMacro -sdk /Applications/Xcode.app/Contents/Developer/Platforms/iPhoneSimulator.platform/Developer/SDKs/iPhoneSimulator26.5.sdk -target x86_64-apple-ios13.0-simulator -g -module-cache-path /tmp/slumber-repair-derived/ModuleCache.noindex -Xfrontend -serialize-debugging-options -enable-testing -suppress-warnings -index-store-path /tmp/slumber-repair-derived/Index.noindex/DataStore -Xcc -D_LIBCPP_HARDENING_MODE\=_LIBCPP_HARDENING_MODE_DEBUG -swift-version 6 -I /tmp/slumber-repair-derived/Build/Products/Debug-iphonesimulator -Isystem /Applications/Xcode.app/Contents/Developer/Platforms/iPhoneSimulator.platform/Developer/usr/lib -F /tmp/slumber-repair-derived/Build/Products/Debug-iphonesimulator/PackageFrameworks -F /tmp/slumber-repair-derived/Build/Products/Debug-iphonesimulator -F /Applications/Xcode.app/Contents/Developer/Platforms/iPhoneSimulator.platform/Developer/Library/Frameworks -F /Applications/Xcode.app/Contents/Developer/Platforms/iPhoneSimulator.platform/Developer/SDKs/iPhoneSimulator26.5.sdk/Developer/Library/Frameworks -c -j8 -enable-batch-mode -incremental -Xcc -ivfsstatcache -Xcc /tmp/slumber-repair-derived/SDKStatCaches.noindex/iphonesimulator26.5-23F81a-6cfe768891a92b912361537c460fe42b.sdkstatcache -output-file-map /tmp/slumber-repair-derived/Build/Intermediates.noindex/xctest-dynamic-overlay.build/Debug-iphonesimulator/XCTestDynamicOverlay.build/Objects-normal/x86_64/XCTestDynamicOverlay-OutputFileMap.json -use-frontend-parseable-output -save-temps -no-color-diagnostics -explicit-module-build -module-cache-path /tmp/slumber-repair-derived/Build/Intermediates.noindex/SwiftExplicitPrecompiledModules -clang-scanner-module-cache-path /tmp/slumber-repair-derived/ModuleCache.noindex -sdk-module-cache-path /tmp/slumber-repair-derived/ModuleCache.noindex -serialize-diagnostics -emit-dependencies -emit-module -emit-module-path /tmp/slumber-repair-derived/Build/Intermediates.noindex/xctest-dynamic-overlay.build/Debug-iphonesimulator/XCTestDynamicOverlay.build/Objects-normal/x86_64/XCTestDynamicOverlay.swiftmodule -user-module-version 1.11.0 -validate-clang-modules-once -clang-build-session-file /tmp/slumber-repair-derived/ModuleCache.noindex/Session.modulevalidation -package-name xctest_dynamic_overlay -Xcc -I/tmp/slumber-repair-derived/Build/Intermediates.noindex/xctest-dynamic-overlay.build/Debug-iphonesimulator/XCTestDynamicOverlay.build/swift-overrides.hmap -emit-const-values -Xfrontend -const-gather-protocols-file -Xfrontend /tmp/slumber-repair-derived/Build/Intermediates.noindex/xctest-dynamic-overlay.build/Debug-iphonesimulator/XCTestDynamicOverlay.build/Objects-normal/x86_64/XCTestDynamicOverlay_const_extract_protocols.json -Xcc -I/tmp/slumber-repair-derived/Build/Products/Debug-iphonesimulator/include -Xcc -I/tmp/slumber-repair-derived/Build/Intermediates.noindex/xctest-dynamic-overlay.build/Debug-iphonesimulator/XCTestDynamicOverlay.build/DerivedSources-normal/x86_64 -Xcc -I/tmp/slumber-repair-derived/Build/Intermediates.noindex/xctest-dynamic-overlay.build/Debug-iphonesimulator/XCTestDynamicOverlay.build/DerivedSources/x86_64 -Xcc -I/tmp/slumber-repair-derived/Build/Intermediates.noindex/xctest-dynamic-overlay.build/Debug-iphonesimulator/XCTestDynamicOverlay.build/DerivedSources -Xcc -DSWIFT_PACKAGE -Xcc -DDEBUG\=1 -emit-objc-header -emit-objc-header-path /tmp/slumber-repair-derived/Build/Intermediates.noindex/xctest-dynamic-overlay.build/Debug-iphonesimulator/XCTestDynamicOverlay.build/Objects-normal/x86_64/XCTestDynamicOverlay-Swift.h -working-directory /Users/ngawangchime/Desktop/Developer\ Projects/Phone\ in\ the\ Other\ Room/PhoneInTheOtherRoom.xcodeproj -experimental-emit-module-separately -disable-cmo

SwiftDriver\ Compilation\ Requirements XCTestDynamicOverlay normal arm64 com.apple.xcode.tools.swift.compiler (in target 'XCTestDynamicOverlay' from project 'xctest-dynamic-overlay')
    cd /Users/ngawangchime/Desktop/Developer\ Projects/Phone\ in\ the\ Other\ Room/PhoneInTheOtherRoom.xcodeproj
    builtin-Swift-Compilation-Requirements -- /Applications/Xcode.app/Contents/Developer/Toolchains/XcodeDefault.xctoolchain/usr/bin/swiftc -module-name XCTestDynamicOverlay -Onone @/tmp/slumber-repair-derived/Build/Intermediates.noindex/xctest-dynamic-overlay.build/Debug-iphonesimulator/XCTestDynamicOverlay.build/Objects-normal/arm64/XCTestDynamicOverlay.SwiftFileList -DSWIFT_PACKAGE -DDEBUG -DSWIFT_MODULE_RESOURCE_BUNDLE_UNAVAILABLE -DXcode -enable-upcoming-feature ExistentialAny -enable-upcoming-feature ImmutableWeakCaptures -enable-upcoming-feature InferIsolatedConformances -enable-upcoming-feature InternalImportsByDefault -enable-upcoming-feature MemberImportVisibility -enable-upcoming-feature NonisolatedNonsendingByDefault -plugin-path /Applications/Xcode.app/Contents/Developer/Toolchains/XcodeDefault.xctoolchain/usr/lib/swift/host/plugins/testing -enable-experimental-feature DebugDescriptionMacro -sdk /Applications/Xcode.app/Contents/Developer/Platforms/iPhoneSimulator.platform/Developer/SDKs/iPhoneSimulator26.5.sdk -target arm64-apple-ios13.0-simulator -g -module-cache-path /tmp/slumber-repair-derived/ModuleCache.noindex -Xfrontend -serialize-debugging-options -enable-testing -suppress-warnings -index-store-path /tmp/slumber-repair-derived/Index.noindex/DataStore -Xcc -D_LIBCPP_HARDENING_MODE\=_LIBCPP_HARDENING_MODE_DEBUG -swift-version 6 -I /tmp/slumber-repair-derived/Build/Products/Debug-iphonesimulator -Isystem /Applications/Xcode.app/Contents/Developer/Platforms/iPhoneSimulator.platform/Developer/usr/lib -F /tmp/slumber-repair-derived/Build/Products/Debug-iphonesimulator/PackageFrameworks -F /tmp/slumber-repair-derived/Build/Products/Debug-iphonesimulator -F /Applications/Xcode.app/Contents/Developer/Platforms/iPhoneSimulator.platform/Developer/Library/Frameworks -F /Applications/Xcode.app/Contents/Developer/Platforms/iPhoneSimulator.platform/Developer/SDKs/iPhoneSimulator26.5.sdk/Developer/Library/Frameworks -c -j8 -enable-batch-mode -incremental -Xcc -ivfsstatcache -Xcc /tmp/slumber-repair-derived/SDKStatCaches.noindex/iphonesimulator26.5-23F81a-6cfe768891a92b912361537c460fe42b.sdkstatcache -output-file-map /tmp/slumber-repair-derived/Build/Intermediates.noindex/xctest-dynamic-overlay.build/Debug-iphonesimulator/XCTestDynamicOverlay.build/Objects-normal/arm64/XCTestDynamicOverlay-OutputFileMap.json -use-frontend-parseable-output -save-temps -no-color-diagnostics -explicit-module-build -module-cache-path /tmp/slumber-repair-derived/Build/Intermediates.noindex/SwiftExplicitPrecompiledModules -clang-scanner-module-cache-path /tmp/slumber-repair-derived/ModuleCache.noindex -sdk-module-cache-path /tmp/slumber-repair-derived/ModuleCache.noindex -serialize-diagnostics -emit-dependencies -emit-module -emit-module-path /tmp/slumber-repair-derived/Build/Intermediates.noindex/xctest-dynamic-overlay.build/Debug-iphonesimulator/XCTestDynamicOverlay.build/Objects-normal/arm64/XCTestDynamicOverlay.swiftmodule -user-module-version 1.11.0 -validate-clang-modules-once -clang-build-session-file /tmp/slumber-repair-derived/ModuleCache.noindex/Session.modulevalidation -package-name xctest_dynamic_overlay -Xcc -I/tmp/slumber-repair-derived/Build/Intermediates.noindex/xctest-dynamic-overlay.build/Debug-iphonesimulator/XCTestDynamicOverlay.build/swift-overrides.hmap -emit-const-values -Xfrontend -const-gather-protocols-file -Xfrontend /tmp/slumber-repair-derived/Build/Intermediates.noindex/xctest-dynamic-overlay.build/Debug-iphonesimulator/XCTestDynamicOverlay.build/Objects-normal/arm64/XCTestDynamicOverlay_const_extract_protocols.json -Xcc -I/tmp/slumber-repair-derived/Build/Products/Debug-iphonesimulator/include -Xcc -I/tmp/slumber-repair-derived/Build/Intermediates.noindex/xctest-dynamic-overlay.build/Debug-iphonesimulator/XCTestDynamicOverlay.build/DerivedSources-normal/arm64 -Xcc -I/tmp/slumber-repair-derived/Build/Intermediates.noindex/xctest-dynamic-overlay.build/Debug-iphonesimulator/XCTestDynamicOverlay.build/DerivedSources/arm64 -Xcc -I/tmp/slumber-repair-derived/Build/Intermediates.noindex/xctest-dynamic-overlay.build/Debug-iphonesimulator/XCTestDynamicOverlay.build/DerivedSources -Xcc -DSWIFT_PACKAGE -Xcc -DDEBUG\=1 -emit-objc-header -emit-objc-header-path /tmp/slumber-repair-derived/Build/Intermediates.noindex/xctest-dynamic-overlay.build/Debug-iphonesimulator/XCTestDynamicOverlay.build/Objects-normal/arm64/XCTestDynamicOverlay-Swift.h -working-directory /Users/ngawangchime/Desktop/Developer\ Projects/Phone\ in\ the\ Other\ Room/PhoneInTheOtherRoom.xcodeproj -experimental-emit-module-separately -disable-cmo

Ld /tmp/slumber-repair-derived/Build/Intermediates.noindex/PhoneInTheOtherRoom.build/Debug-iphonesimulator/PhoneInTheOtherRoomScreenTimeReport.build/Objects-normal/arm64/Binary/Counting\ Sheep\ Screen\ Time\ Report.debug.dylib normal arm64 (in target 'PhoneInTheOtherRoomScreenTimeReport' from project 'PhoneInTheOtherRoom')
    cd /Users/ngawangchime/Desktop/Developer\ Projects/Phone\ in\ the\ Other\ Room
    /Applications/Xcode.app/Contents/Developer/Toolchains/XcodeDefault.xctoolchain/usr/bin/clang -Xlinker -reproducible -target arm64-apple-ios17.0-simulator -dynamiclib -isysroot /Applications/Xcode.app/Contents/Developer/Platforms/iPhoneSimulator.platform/Developer/SDKs/iPhoneSimulator26.5.sdk -O0 -L/tmp/slumber-repair-derived/Build/Intermediates.noindex/EagerLinkingTBDs/Debug-iphonesimulator -L/tmp/slumber-repair-derived/Build/Products/Debug-iphonesimulator -F/tmp/slumber-repair-derived/Build/Intermediates.noindex/EagerLinkingTBDs/Debug-iphonesimulator -F/tmp/slumber-repair-derived/Build/Products/Debug-iphonesimulator -filelist /tmp/slumber-repair-derived/Build/Intermediates.noindex/PhoneInTheOtherRoom.build/Debug-iphonesimulator/PhoneInTheOtherRoomScreenTimeReport.build/Objects-normal/arm64/Counting\ Sheep\ Screen\ Time\ Report.LinkFileList -install_name @rpath/Counting\ Sheep\ Screen\ Time\ Report.debug.dylib -Xlinker -rpath -Xlinker /usr/lib/swift -Xlinker -rpath -Xlinker @executable_path/Frameworks -Xlinker -dead_strip -Xlinker -object_path_lto -Xlinker /tmp/slumber-repair-derived/Build/Intermediates.noindex/PhoneInTheOtherRoom.build/Debug-iphonesimulator/PhoneInTheOtherRoomScreenTimeReport.build/Objects-normal/arm64/Counting\ Sheep\ Screen\ Time\ Report_lto.o -rdynamic -Xlinker -no_deduplicate -Xlinker -objc_abi_version -Xlinker 2 -Xlinker -dependency_info -Xlinker /tmp/slumber-repair-derived/Build/Intermediates.noindex/PhoneInTheOtherRoom.build/Debug-iphonesimulator/PhoneInTheOtherRoomScreenTimeReport.build/Objects-normal/arm64/Counting\ Sheep\ Screen\ Time\ Report_dependency_info.dat -fapplication-extension -fobjc-link-runtime -L/Applications/Xcode.app/Contents/Developer/Toolchains/XcodeDefault.xctoolchain/usr/lib/swift/iphonesimulator -L/usr/lib/swift -Xlinker -add_ast_path -Xlinker /tmp/slumber-repair-derived/Build/Intermediates.noindex/PhoneInTheOtherRoom.build/Debug-iphonesimulator/PhoneInTheOtherRoomScreenTimeReport.build/Objects-normal/arm64/Counting_Sheep_Screen_Time_Report.swiftmodule @/tmp/slumber-repair-derived/Build/Intermediates.noindex/PhoneInTheOtherRoom.build/Debug-iphonesimulator/PhoneInTheOtherRoomScreenTimeReport.build/Objects-normal/arm64/Counting_Sheep_Screen_Time_Report-linker-args.resp -Xlinker -alias -Xlinker _NSExtensionMain -Xlinker ___debug_main_executable_dylib_entry_point -Xlinker -no_adhoc_codesign -o /tmp/slumber-repair-derived/Build/Intermediates.noindex/PhoneInTheOtherRoom.build/Debug-iphonesimulator/PhoneInTheOtherRoomScreenTimeReport.build/Objects-normal/arm64/Binary/Counting\ Sheep\ Screen\ Time\ Report.debug.dylib

SwiftMergeGeneratedHeaders /tmp/slumber-repair-derived/Build/Intermediates.noindex/GeneratedModuleMaps-iphonesimulator/XCTestDynamicOverlay-Swift.h /tmp/slumber-repair-derived/Build/Intermediates.noindex/xctest-dynamic-overlay.build/Debug-iphonesimulator/XCTestDynamicOverlay.build/Objects-normal/arm64/XCTestDynamicOverlay-Swift.h /tmp/slumber-repair-derived/Build/Intermediates.noindex/xctest-dynamic-overlay.build/Debug-iphonesimulator/XCTestDynamicOverlay.build/Objects-normal/x86_64/XCTestDynamicOverlay-Swift.h (in target 'XCTestDynamicOverlay' from project 'xctest-dynamic-overlay')
    cd /tmp/slumber-repair-derived/SourcePackages/checkouts/xctest-dynamic-overlay
    builtin-swiftHeaderTool -arch arm64 /tmp/slumber-repair-derived/Build/Intermediates.noindex/xctest-dynamic-overlay.build/Debug-iphonesimulator/XCTestDynamicOverlay.build/Objects-normal/arm64/XCTestDynamicOverlay-Swift.h -arch x86_64 /tmp/slumber-repair-derived/Build/Intermediates.noindex/xctest-dynamic-overlay.build/Debug-iphonesimulator/XCTestDynamicOverlay.build/Objects-normal/x86_64/XCTestDynamicOverlay-Swift.h -o /tmp/slumber-repair-derived/Build/Intermediates.noindex/GeneratedModuleMaps-iphonesimulator/XCTestDynamicOverlay-Swift.h

Copy /tmp/slumber-repair-derived/Build/Products/Debug-iphonesimulator/XCTestDynamicOverlay.swiftmodule/arm64-apple-ios-simulator.swiftmodule /tmp/slumber-repair-derived/Build/Intermediates.noindex/xctest-dynamic-overlay.build/Debug-iphonesimulator/XCTestDynamicOverlay.build/Objects-normal/arm64/XCTestDynamicOverlay.swiftmodule (in target 'XCTestDynamicOverlay' from project 'xctest-dynamic-overlay')
    cd /tmp/slumber-repair-derived/SourcePackages/checkouts/xctest-dynamic-overlay
    builtin-copy -exclude .DS_Store -exclude CVS -exclude .svn -exclude .git -exclude .hg -resolve-src-symlinks -rename /tmp/slumber-repair-derived/Build/Intermediates.noindex/xctest-dynamic-overlay.build/Debug-iphonesimulator/XCTestDynamicOverlay.build/Objects-normal/arm64/XCTestDynamicOverlay.swiftmodule /tmp/slumber-repair-derived/Build/Products/Debug-iphonesimulator/XCTestDynamicOverlay.swiftmodule/arm64-apple-ios-simulator.swiftmodule

Copy /tmp/slumber-repair-derived/Build/Products/Debug-iphonesimulator/XCTestDynamicOverlay.swiftmodule/arm64-apple-ios-simulator.swiftdoc /tmp/slumber-repair-derived/Build/Intermediates.noindex/xctest-dynamic-overlay.build/Debug-iphonesimulator/XCTestDynamicOverlay.build/Objects-normal/arm64/XCTestDynamicOverlay.swiftdoc (in target 'XCTestDynamicOverlay' from project 'xctest-dynamic-overlay')
    cd /tmp/slumber-repair-derived/SourcePackages/checkouts/xctest-dynamic-overlay
    builtin-copy -exclude .DS_Store -exclude CVS -exclude .svn -exclude .git -exclude .hg -resolve-src-symlinks -rename /tmp/slumber-repair-derived/Build/Intermediates.noindex/xctest-dynamic-overlay.build/Debug-iphonesimulator/XCTestDynamicOverlay.build/Objects-normal/arm64/XCTestDynamicOverlay.swiftdoc /tmp/slumber-repair-derived/Build/Products/Debug-iphonesimulator/XCTestDynamicOverlay.swiftmodule/arm64-apple-ios-simulator.swiftdoc

Copy /tmp/slumber-repair-derived/Build/Products/Debug-iphonesimulator/XCTestDynamicOverlay.swiftmodule/Project/arm64-apple-ios-simulator.swiftsourceinfo /tmp/slumber-repair-derived/Build/Intermediates.noindex/xctest-dynamic-overlay.build/Debug-iphonesimulator/XCTestDynamicOverlay.build/Objects-normal/arm64/XCTestDynamicOverlay.swiftsourceinfo (in target 'XCTestDynamicOverlay' from project 'xctest-dynamic-overlay')
    cd /tmp/slumber-repair-derived/SourcePackages/checkouts/xctest-dynamic-overlay
    builtin-copy -exclude .DS_Store -exclude CVS -exclude .svn -exclude .git -exclude .hg -resolve-src-symlinks -rename /tmp/slumber-repair-derived/Build/Intermediates.noindex/xctest-dynamic-overlay.build/Debug-iphonesimulator/XCTestDynamicOverlay.build/Objects-normal/arm64/XCTestDynamicOverlay.swiftsourceinfo /tmp/slumber-repair-derived/Build/Products/Debug-iphonesimulator/XCTestDynamicOverlay.swiftmodule/Project/arm64-apple-ios-simulator.swiftsourceinfo

Copy /tmp/slumber-repair-derived/Build/Products/Debug-iphonesimulator/XCTestDynamicOverlay.swiftmodule/arm64-apple-ios-simulator.abi.json /tmp/slumber-repair-derived/Build/Intermediates.noindex/xctest-dynamic-overlay.build/Debug-iphonesimulator/XCTestDynamicOverlay.build/Objects-normal/arm64/XCTestDynamicOverlay.abi.json (in target 'XCTestDynamicOverlay' from project 'xctest-dynamic-overlay')
    cd /tmp/slumber-repair-derived/SourcePackages/checkouts/xctest-dynamic-overlay
    builtin-copy -exclude .DS_Store -exclude CVS -exclude .svn -exclude .git -exclude .hg -resolve-src-symlinks -rename /tmp/slumber-repair-derived/Build/Intermediates.noindex/xctest-dynamic-overlay.build/Debug-iphonesimulator/XCTestDynamicOverlay.build/Objects-normal/arm64/XCTestDynamicOverlay.abi.json /tmp/slumber-repair-derived/Build/Products/Debug-iphonesimulator/XCTestDynamicOverlay.swiftmodule/arm64-apple-ios-simulator.abi.json

ConstructStubExecutorLinkFileList /tmp/slumber-repair-derived/Build/Intermediates.noindex/PhoneInTheOtherRoom.build/Debug-iphonesimulator/PhoneInTheOtherRoomShieldConfiguration.build/Counting\ Sheep\ Wind\ Down\ Shield-ExecutorLinkFileList-normal-x86_64.txt (in target 'PhoneInTheOtherRoomShieldConfiguration' from project 'PhoneInTheOtherRoom')
    cd /Users/ngawangchime/Desktop/Developer\ Projects/Phone\ in\ the\ Other\ Room
    construct-stub-executor-link-file-list /tmp/slumber-repair-derived/Build/Intermediates.noindex/PhoneInTheOtherRoom.build/Debug-iphonesimulator/PhoneInTheOtherRoomShieldConfiguration.build/Objects-normal/x86_64/Binary/Counting\ Sheep\ Wind\ Down\ Shield.debug.dylib /Applications/Xcode.app/Contents/Developer/Platforms/iPhoneSimulator.platform/Developer/usr/lib/libPreviewsJITStubExecutor_no_swift_entry_point.a /Applications/Xcode.app/Contents/Developer/Platforms/iPhoneSimulator.platform/Developer/usr/lib/libPreviewsJITStubExecutor.a --output /tmp/slumber-repair-derived/Build/Intermediates.noindex/PhoneInTheOtherRoom.build/Debug-iphonesimulator/PhoneInTheOtherRoomShieldConfiguration.build/Counting\ Sheep\ Wind\ Down\ Shield-ExecutorLinkFileList-normal-x86_64.txt
note: Using stub executor library without Swift entry point. (in target 'PhoneInTheOtherRoomShieldConfiguration' from project 'PhoneInTheOtherRoom')

CreateUniversalBinary /tmp/slumber-repair-derived/Build/Products/Debug-iphonesimulator/Counting\ Sheep\ Wind\ Down\ Action.appex/Counting\ Sheep\ Wind\ Down\ Action.debug.dylib normal arm64\ x86_64 (in target 'PhoneInTheOtherRoomShieldAction' from project 'PhoneInTheOtherRoom')
    cd /Users/ngawangchime/Desktop/Developer\ Projects/Phone\ in\ the\ Other\ Room
    /Applications/Xcode.app/Contents/Developer/Toolchains/XcodeDefault.xctoolchain/usr/bin/lipo -create /tmp/slumber-repair-derived/Build/Intermediates.noindex/PhoneInTheOtherRoom.build/Debug-iphonesimulator/PhoneInTheOtherRoomShieldAction.build/Objects-normal/arm64/Binary/Counting\ Sheep\ Wind\ Down\ Action.debug.dylib /tmp/slumber-repair-derived/Build/Intermediates.noindex/PhoneInTheOtherRoom.build/Debug-iphonesimulator/PhoneInTheOtherRoomShieldAction.build/Objects-normal/x86_64/Binary/Counting\ Sheep\ Wind\ Down\ Action.debug.dylib -output /tmp/slumber-repair-derived/Build/Products/Debug-iphonesimulator/Counting\ Sheep\ Wind\ Down\ Action.appex/Counting\ Sheep\ Wind\ Down\ Action.debug.dylib

Ld /tmp/slumber-repair-derived/Build/Intermediates.noindex/PhoneInTheOtherRoom.build/Debug-iphonesimulator/PhoneInTheOtherRoomShieldConfiguration.build/Objects-normal/x86_64/Binary/Counting\ Sheep\ Wind\ Down\ Shield normal x86_64 (in target 'PhoneInTheOtherRoomShieldConfiguration' from project 'PhoneInTheOtherRoom')
    cd /Users/ngawangchime/Desktop/Developer\ Projects/Phone\ in\ the\ Other\ Room
    /Applications/Xcode.app/Contents/Developer/Toolchains/XcodeDefault.xctoolchain/usr/bin/clang -Xlinker -reproducible -target x86_64-apple-ios17.0-simulator -isysroot /Applications/Xcode.app/Contents/Developer/Platforms/iPhoneSimulator.platform/Developer/SDKs/iPhoneSimulator26.5.sdk -O0 -L/tmp/slumber-repair-derived/Build/Products/Debug-iphonesimulator -F/tmp/slumber-repair-derived/Build/Products/Debug-iphonesimulator -Xlinker -rpath -Xlinker @executable_path -Xlinker -rpath -Xlinker @executable_path/Frameworks -Xlinker -rpath -Xlinker @executable_path/../../Frameworks -rdynamic -Xlinker -no_deduplicate -Xlinker -objc_abi_version -Xlinker 2 -e ___debug_blank_executor_main -Xlinker -sectcreate -Xlinker __TEXT -Xlinker __debug_dylib -Xlinker /tmp/slumber-repair-derived/Build/Intermediates.noindex/PhoneInTheOtherRoom.build/Debug-iphonesimulator/PhoneInTheOtherRoomShieldConfiguration.build/Counting\ Sheep\ Wind\ Down\ Shield-DebugDylibPath-normal-x86_64.txt -Xlinker -sectcreate -Xlinker __TEXT -Xlinker __debug_entry -Xlinker /tmp/slumber-repair-derived/Build/Intermediates.noindex/PhoneInTheOtherRoom.build/Debug-iphonesimulator/PhoneInTheOtherRoomShieldConfiguration.build/Counting\ Sheep\ Wind\ Down\ Shield-DebugEntryPoint-normal-x86_64.txt -Xlinker -sectcreate -Xlinker __TEXT -Xlinker __debug_instlnm -Xlinker /tmp/slumber-repair-derived/Build/Intermediates.noindex/PhoneInTheOtherRoom.build/Debug-iphonesimulator/PhoneInTheOtherRoomShieldConfiguration.build/Counting\ Sheep\ Wind\ Down\ Shield-DebugDylibInstallName-normal-x86_64.txt -Xlinker -filelist -Xlinker /tmp/slumber-repair-derived/Build/Intermediates.noindex/PhoneInTheOtherRoom.build/Debug-iphonesimulator/PhoneInTheOtherRoomShieldConfiguration.build/Counting\ Sheep\ Wind\ Down\ Shield-ExecutorLinkFileList-normal-x86_64.txt -Xlinker -sectcreate -Xlinker __TEXT -Xlinker __entitlements -Xlinker /tmp/slumber-repair-derived/Build/Intermediates.noindex/PhoneInTheOtherRoom.build/Debug-iphonesimulator/PhoneInTheOtherRoomShieldConfiguration.build/Counting\ Sheep\ Wind\ Down\ Shield.appex-Simulated.xcent -Xlinker -sectcreate -Xlinker __TEXT -Xlinker __ents_der -Xlinker /tmp/slumber-repair-derived/Build/Intermediates.noindex/PhoneInTheOtherRoom.build/Debug-iphonesimulator/PhoneInTheOtherRoomShieldConfiguration.build/Counting\ Sheep\ Wind\ Down\ Shield.appex-Simulated.xcent.der /tmp/slumber-repair-derived/Build/Intermediates.noindex/PhoneInTheOtherRoom.build/Debug-iphonesimulator/PhoneInTheOtherRoomShieldConfiguration.build/Objects-normal/x86_64/Binary/Counting\ Sheep\ Wind\ Down\ Shield.debug.dylib -Xlinker -no_adhoc_codesign -o /tmp/slumber-repair-derived/Build/Intermediates.noindex/PhoneInTheOtherRoom.build/Debug-iphonesimulator/PhoneInTheOtherRoomShieldConfiguration.build/Objects-normal/x86_64/Binary/Counting\ Sheep\ Wind\ Down\ Shield

ConstructStubExecutorLinkFileList /tmp/slumber-repair-derived/Build/Intermediates.noindex/PhoneInTheOtherRoom.build/Debug-iphonesimulator/PhoneInTheOtherRoomShieldAction.build/Counting\ Sheep\ Wind\ Down\ Action-ExecutorLinkFileList-normal-x86_64.txt (in target 'PhoneInTheOtherRoomShieldAction' from project 'PhoneInTheOtherRoom')
    cd /Users/ngawangchime/Desktop/Developer\ Projects/Phone\ in\ the\ Other\ Room
    construct-stub-executor-link-file-list /tmp/slumber-repair-derived/Build/Intermediates.noindex/PhoneInTheOtherRoom.build/Debug-iphonesimulator/PhoneInTheOtherRoomShieldAction.build/Objects-normal/x86_64/Binary/Counting\ Sheep\ Wind\ Down\ Action.debug.dylib /Applications/Xcode.app/Contents/Developer/Platforms/iPhoneSimulator.platform/Developer/usr/lib/libPreviewsJITStubExecutor_no_swift_entry_point.a /Applications/Xcode.app/Contents/Developer/Platforms/iPhoneSimulator.platform/Developer/usr/lib/libPreviewsJITStubExecutor.a --output /tmp/slumber-repair-derived/Build/Intermediates.noindex/PhoneInTheOtherRoom.build/Debug-iphonesimulator/PhoneInTheOtherRoomShieldAction.build/Counting\ Sheep\ Wind\ Down\ Action-ExecutorLinkFileList-normal-x86_64.txt
note: Using stub executor library without Swift entry point. (in target 'PhoneInTheOtherRoomShieldAction' from project 'PhoneInTheOtherRoom')

ConstructStubExecutorLinkFileList /tmp/slumber-repair-derived/Build/Intermediates.noindex/PhoneInTheOtherRoom.build/Debug-iphonesimulator/PhoneInTheOtherRoomShieldAction.build/Counting\ Sheep\ Wind\ Down\ Action-ExecutorLinkFileList-normal-arm64.txt (in target 'PhoneInTheOtherRoomShieldAction' from project 'PhoneInTheOtherRoom')
    cd /Users/ngawangchime/Desktop/Developer\ Projects/Phone\ in\ the\ Other\ Room
    construct-stub-executor-link-file-list /tmp/slumber-repair-derived/Build/Intermediates.noindex/PhoneInTheOtherRoom.build/Debug-iphonesimulator/PhoneInTheOtherRoomShieldAction.build/Objects-normal/arm64/Binary/Counting\ Sheep\ Wind\ Down\ Action.debug.dylib /Applications/Xcode.app/Contents/Developer/Platforms/iPhoneSimulator.platform/Developer/usr/lib/libPreviewsJITStubExecutor_no_swift_entry_point.a /Applications/Xcode.app/Contents/Developer/Platforms/iPhoneSimulator.platform/Developer/usr/lib/libPreviewsJITStubExecutor.a --output /tmp/slumber-repair-derived/Build/Intermediates.noindex/PhoneInTheOtherRoom.build/Debug-iphonesimulator/PhoneInTheOtherRoomShieldAction.build/Counting\ Sheep\ Wind\ Down\ Action-ExecutorLinkFileList-normal-arm64.txt
note: Using stub executor library without Swift entry point. (in target 'PhoneInTheOtherRoomShieldAction' from project 'PhoneInTheOtherRoom')

Ld /tmp/slumber-repair-derived/Build/Intermediates.noindex/PhoneInTheOtherRoom.build/Debug-iphonesimulator/PhoneInTheOtherRoomShieldAction.build/Objects-normal/x86_64/Binary/Counting\ Sheep\ Wind\ Down\ Action normal x86_64 (in target 'PhoneInTheOtherRoomShieldAction' from project 'PhoneInTheOtherRoom')
    cd /Users/ngawangchime/Desktop/Developer\ Projects/Phone\ in\ the\ Other\ Room
    /Applications/Xcode.app/Contents/Developer/Toolchains/XcodeDefault.xctoolchain/usr/bin/clang -Xlinker -reproducible -target x86_64-apple-ios17.0-simulator -isysroot /Applications/Xcode.app/Contents/Developer/Platforms/iPhoneSimulator.platform/Developer/SDKs/iPhoneSimulator26.5.sdk -O0 -L/tmp/slumber-repair-derived/Build/Products/Debug-iphonesimulator -F/tmp/slumber-repair-derived/Build/Products/Debug-iphonesimulator -Xlinker -rpath -Xlinker @executable_path -Xlinker -rpath -Xlinker @executable_path/Frameworks -Xlinker -rpath -Xlinker @executable_path/../../Frameworks -rdynamic -Xlinker -no_deduplicate -Xlinker -objc_abi_version -Xlinker 2 -e ___debug_blank_executor_main -Xlinker -sectcreate -Xlinker __TEXT -Xlinker __debug_dylib -Xlinker /tmp/slumber-repair-derived/Build/Intermediates.noindex/PhoneInTheOtherRoom.build/Debug-iphonesimulator/PhoneInTheOtherRoomShieldAction.build/Counting\ Sheep\ Wind\ Down\ Action-DebugDylibPath-normal-x86_64.txt -Xlinker -sectcreate -Xlinker __TEXT -Xlinker __debug_entry -Xlinker /tmp/slumber-repair-derived/Build/Intermediates.noindex/PhoneInTheOtherRoom.build/Debug-iphonesimulator/PhoneInTheOtherRoomShieldAction.build/Counting\ Sheep\ Wind\ Down\ Action-DebugEntryPoint-normal-x86_64.txt -Xlinker -sectcreate -Xlinker __TEXT -Xlinker __debug_instlnm -Xlinker /tmp/slumber-repair-derived/Build/Intermediates.noindex/PhoneInTheOtherRoom.build/Debug-iphonesimulator/PhoneInTheOtherRoomShieldAction.build/Counting\ Sheep\ Wind\ Down\ Action-DebugDylibInstallName-normal-x86_64.txt -Xlinker -filelist -Xlinker /tmp/slumber-repair-derived/Build/Intermediates.noindex/PhoneInTheOtherRoom.build/Debug-iphonesimulator/PhoneInTheOtherRoomShieldAction.build/Counting\ Sheep\ Wind\ Down\ Action-ExecutorLinkFileList-normal-x86_64.txt -Xlinker -sectcreate -Xlinker __TEXT -Xlinker __entitlements -Xlinker /tmp/slumber-repair-derived/Build/Intermediates.noindex/PhoneInTheOtherRoom.build/Debug-iphonesimulator/PhoneInTheOtherRoomShieldAction.build/Counting\ Sheep\ Wind\ Down\ Action.appex-Simulated.xcent -Xlinker -sectcreate -Xlinker __TEXT -Xlinker __ents_der -Xlinker /tmp/slumber-repair-derived/Build/Intermediates.noindex/PhoneInTheOtherRoom.build/Debug-iphonesimulator/PhoneInTheOtherRoomShieldAction.build/Counting\ Sheep\ Wind\ Down\ Action.appex-Simulated.xcent.der /tmp/slumber-repair-derived/Build/Intermediates.noindex/PhoneInTheOtherRoom.build/Debug-iphonesimulator/PhoneInTheOtherRoomShieldAction.build/Objects-normal/x86_64/Binary/Counting\ Sheep\ Wind\ Down\ Action.debug.dylib -Xlinker -no_adhoc_codesign -o /tmp/slumber-repair-derived/Build/Intermediates.noindex/PhoneInTheOtherRoom.build/Debug-iphonesimulator/PhoneInTheOtherRoomShieldAction.build/Objects-normal/x86_64/Binary/Counting\ Sheep\ Wind\ Down\ Action

SwiftMergeGeneratedHeaders /tmp/slumber-repair-derived/Build/Intermediates.noindex/PhoneInTheOtherRoom.build/Debug-iphonesimulator/PhoneInTheOtherRoomLiveActivity.build/DerivedSources/Counting_Sheep_Live_Activity-Swift.h /tmp/slumber-repair-derived/Build/Intermediates.noindex/PhoneInTheOtherRoom.build/Debug-iphonesimulator/PhoneInTheOtherRoomLiveActivity.build/Objects-normal/arm64/Counting_Sheep_Live_Activity-Swift.h /tmp/slumber-repair-derived/Build/Intermediates.noindex/PhoneInTheOtherRoom.build/Debug-iphonesimulator/PhoneInTheOtherRoomLiveActivity.build/Objects-normal/x86_64/Counting_Sheep_Live_Activity-Swift.h (in target 'PhoneInTheOtherRoomLiveActivity' from project 'PhoneInTheOtherRoom')
    cd /Users/ngawangchime/Desktop/Developer\ Projects/Phone\ in\ the\ Other\ Room
    builtin-swiftHeaderTool -arch arm64 /tmp/slumber-repair-derived/Build/Intermediates.noindex/PhoneInTheOtherRoom.build/Debug-iphonesimulator/PhoneInTheOtherRoomLiveActivity.build/Objects-normal/arm64/Counting_Sheep_Live_Activity-Swift.h -arch x86_64 /tmp/slumber-repair-derived/Build/Intermediates.noindex/PhoneInTheOtherRoom.build/Debug-iphonesimulator/PhoneInTheOtherRoomLiveActivity.build/Objects-normal/x86_64/Counting_Sheep_Live_Activity-Swift.h -o /tmp/slumber-repair-derived/Build/Intermediates.noindex/PhoneInTheOtherRoom.build/Debug-iphonesimulator/PhoneInTheOtherRoomLiveActivity.build/DerivedSources/Counting_Sheep_Live_Activity-Swift.h

Ld /tmp/slumber-repair-derived/Build/Intermediates.noindex/PhoneInTheOtherRoom.build/Debug-iphonesimulator/PhoneInTheOtherRoomShieldAction.build/Objects-normal/arm64/Binary/Counting\ Sheep\ Wind\ Down\ Action normal arm64 (in target 'PhoneInTheOtherRoomShieldAction' from project 'PhoneInTheOtherRoom')
    cd /Users/ngawangchime/Desktop/Developer\ Projects/Phone\ in\ the\ Other\ Room
    /Applications/Xcode.app/Contents/Developer/Toolchains/XcodeDefault.xctoolchain/usr/bin/clang -Xlinker -reproducible -target arm64-apple-ios17.0-simulator -isysroot /Applications/Xcode.app/Contents/Developer/Platforms/iPhoneSimulator.platform/Developer/SDKs/iPhoneSimulator26.5.sdk -O0 -L/tmp/slumber-repair-derived/Build/Products/Debug-iphonesimulator -F/tmp/slumber-repair-derived/Build/Products/Debug-iphonesimulator -Xlinker -rpath -Xlinker @executable_path -Xlinker -rpath -Xlinker @executable_path/Frameworks -Xlinker -rpath -Xlinker @executable_path/../../Frameworks -rdynamic -Xlinker -no_deduplicate -Xlinker -objc_abi_version -Xlinker 2 -e ___debug_blank_executor_main -Xlinker -sectcreate -Xlinker __TEXT -Xlinker __debug_dylib -Xlinker /tmp/slumber-repair-derived/Build/Intermediates.noindex/PhoneInTheOtherRoom.build/Debug-iphonesimulator/PhoneInTheOtherRoomShieldAction.build/Counting\ Sheep\ Wind\ Down\ Action-DebugDylibPath-normal-arm64.txt -Xlinker -sectcreate -Xlinker __TEXT -Xlinker __debug_entry -Xlinker /tmp/slumber-repair-derived/Build/Intermediates.noindex/PhoneInTheOtherRoom.build/Debug-iphonesimulator/PhoneInTheOtherRoomShieldAction.build/Counting\ Sheep\ Wind\ Down\ Action-DebugEntryPoint-normal-arm64.txt -Xlinker -sectcreate -Xlinker __TEXT -Xlinker __debug_instlnm -Xlinker /tmp/slumber-repair-derived/Build/Intermediates.noindex/PhoneInTheOtherRoom.build/Debug-iphonesimulator/PhoneInTheOtherRoomShieldAction.build/Counting\ Sheep\ Wind\ Down\ Action-DebugDylibInstallName-normal-arm64.txt -Xlinker -filelist -Xlinker /tmp/slumber-repair-derived/Build/Intermediates.noindex/PhoneInTheOtherRoom.build/Debug-iphonesimulator/PhoneInTheOtherRoomShieldAction.build/Counting\ Sheep\ Wind\ Down\ Action-ExecutorLinkFileList-normal-arm64.txt -Xlinker -sectcreate -Xlinker __TEXT -Xlinker __entitlements -Xlinker /tmp/slumber-repair-derived/Build/Intermediates.noindex/PhoneInTheOtherRoom.build/Debug-iphonesimulator/PhoneInTheOtherRoomShieldAction.build/Counting\ Sheep\ Wind\ Down\ Action.appex-Simulated.xcent -Xlinker -sectcreate -Xlinker __TEXT -Xlinker __ents_der -Xlinker /tmp/slumber-repair-derived/Build/Intermediates.noindex/PhoneInTheOtherRoom.build/Debug-iphonesimulator/PhoneInTheOtherRoomShieldAction.build/Counting\ Sheep\ Wind\ Down\ Action.appex-Simulated.xcent.der /tmp/slumber-repair-derived/Build/Intermediates.noindex/PhoneInTheOtherRoom.build/Debug-iphonesimulator/PhoneInTheOtherRoomShieldAction.build/Objects-normal/arm64/Binary/Counting\ Sheep\ Wind\ Down\ Action.debug.dylib -Xlinker -no_adhoc_codesign -o /tmp/slumber-repair-derived/Build/Intermediates.noindex/PhoneInTheOtherRoom.build/Debug-iphonesimulator/PhoneInTheOtherRoomShieldAction.build/Objects-normal/arm64/Binary/Counting\ Sheep\ Wind\ Down\ Action

Copy /tmp/slumber-repair-derived/Build/Products/Debug-iphonesimulator/Counting_Sheep_Live_Activity.swiftmodule/arm64-apple-ios-simulator.swiftmodule /tmp/slumber-repair-derived/Build/Intermediates.noindex/PhoneInTheOtherRoom.build/Debug-iphonesimulator/PhoneInTheOtherRoomLiveActivity.build/Objects-normal/arm64/Counting_Sheep_Live_Activity.swiftmodule (in target 'PhoneInTheOtherRoomLiveActivity' from project 'PhoneInTheOtherRoom')
    cd /Users/ngawangchime/Desktop/Developer\ Projects/Phone\ in\ the\ Other\ Room
    builtin-copy -exclude .DS_Store -exclude CVS -exclude .svn -exclude .git -exclude .hg -resolve-src-symlinks -rename /tmp/slumber-repair-derived/Build/Intermediates.noindex/PhoneInTheOtherRoom.build/Debug-iphonesimulator/PhoneInTheOtherRoomLiveActivity.build/Objects-normal/arm64/Counting_Sheep_Live_Activity.swiftmodule /tmp/slumber-repair-derived/Build/Products/Debug-iphonesimulator/Counting_Sheep_Live_Activity.swiftmodule/arm64-apple-ios-simulator.swiftmodule

Copy /tmp/slumber-repair-derived/Build/Products/Debug-iphonesimulator/Counting_Sheep_Live_Activity.swiftmodule/arm64-apple-ios-simulator.swiftdoc /tmp/slumber-repair-derived/Build/Intermediates.noindex/PhoneInTheOtherRoom.build/Debug-iphonesimulator/PhoneInTheOtherRoomLiveActivity.build/Objects-normal/arm64/Counting_Sheep_Live_Activity.swiftdoc (in target 'PhoneInTheOtherRoomLiveActivity' from project 'PhoneInTheOtherRoom')
    cd /Users/ngawangchime/Desktop/Developer\ Projects/Phone\ in\ the\ Other\ Room
    builtin-copy -exclude .DS_Store -exclude CVS -exclude .svn -exclude .git -exclude .hg -resolve-src-symlinks -rename /tmp/slumber-repair-derived/Build/Intermediates.noindex/PhoneInTheOtherRoom.build/Debug-iphonesimulator/PhoneInTheOtherRoomLiveActivity.build/Objects-normal/arm64/Counting_Sheep_Live_Activity.swiftdoc /tmp/slumber-repair-derived/Build/Products/Debug-iphonesimulator/Counting_Sheep_Live_Activity.swiftmodule/arm64-apple-ios-simulator.swiftdoc

CreateUniversalBinary /tmp/slumber-repair-derived/Build/Products/Debug-iphonesimulator/Counting\ Sheep\ Wind\ Down\ Action.appex/Counting\ Sheep\ Wind\ Down\ Action normal arm64\ x86_64 (in target 'PhoneInTheOtherRoomShieldAction' from project 'PhoneInTheOtherRoom')
    cd /Users/ngawangchime/Desktop/Developer\ Projects/Phone\ in\ the\ Other\ Room
    /Applications/Xcode.app/Contents/Developer/Toolchains/XcodeDefault.xctoolchain/usr/bin/lipo -create /tmp/slumber-repair-derived/Build/Intermediates.noindex/PhoneInTheOtherRoom.build/Debug-iphonesimulator/PhoneInTheOtherRoomShieldAction.build/Objects-normal/arm64/Binary/Counting\ Sheep\ Wind\ Down\ Action /tmp/slumber-repair-derived/Build/Intermediates.noindex/PhoneInTheOtherRoom.build/Debug-iphonesimulator/PhoneInTheOtherRoomShieldAction.build/Objects-normal/x86_64/Binary/Counting\ Sheep\ Wind\ Down\ Action -output /tmp/slumber-repair-derived/Build/Products/Debug-iphonesimulator/Counting\ Sheep\ Wind\ Down\ Action.appex/Counting\ Sheep\ Wind\ Down\ Action

Copy /tmp/slumber-repair-derived/Build/Products/Debug-iphonesimulator/Counting_Sheep_Live_Activity.swiftmodule/arm64-apple-ios-simulator.abi.json /tmp/slumber-repair-derived/Build/Intermediates.noindex/PhoneInTheOtherRoom.build/Debug-iphonesimulator/PhoneInTheOtherRoomLiveActivity.build/Objects-normal/arm64/Counting_Sheep_Live_Activity.abi.json (in target 'PhoneInTheOtherRoomLiveActivity' from project 'PhoneInTheOtherRoom')
    cd /Users/ngawangchime/Desktop/Developer\ Projects/Phone\ in\ the\ Other\ Room
    builtin-copy -exclude .DS_Store -exclude CVS -exclude .svn -exclude .git -exclude .hg -resolve-src-symlinks -rename /tmp/slumber-repair-derived/Build/Intermediates.noindex/PhoneInTheOtherRoom.build/Debug-iphonesimulator/PhoneInTheOtherRoomLiveActivity.build/Objects-normal/arm64/Counting_Sheep_Live_Activity.abi.json /tmp/slumber-repair-derived/Build/Products/Debug-iphonesimulator/Counting_Sheep_Live_Activity.swiftmodule/arm64-apple-ios-simulator.abi.json

Copy /tmp/slumber-repair-derived/Build/Products/Debug-iphonesimulator/Counting_Sheep_Live_Activity.swiftmodule/Project/arm64-apple-ios-simulator.swiftsourceinfo /tmp/slumber-repair-derived/Build/Intermediates.noindex/PhoneInTheOtherRoom.build/Debug-iphonesimulator/PhoneInTheOtherRoomLiveActivity.build/Objects-normal/arm64/Counting_Sheep_Live_Activity.swiftsourceinfo (in target 'PhoneInTheOtherRoomLiveActivity' from project 'PhoneInTheOtherRoom')
    cd /Users/ngawangchime/Desktop/Developer\ Projects/Phone\ in\ the\ Other\ Room
    builtin-copy -exclude .DS_Store -exclude CVS -exclude .svn -exclude .git -exclude .hg -resolve-src-symlinks -rename /tmp/slumber-repair-derived/Build/Intermediates.noindex/PhoneInTheOtherRoom.build/Debug-iphonesimulator/PhoneInTheOtherRoomLiveActivity.build/Objects-normal/arm64/Counting_Sheep_Live_Activity.swiftsourceinfo /tmp/slumber-repair-derived/Build/Products/Debug-iphonesimulator/Counting_Sheep_Live_Activity.swiftmodule/Project/arm64-apple-ios-simulator.swiftsourceinfo

SwiftMergeGeneratedHeaders /tmp/slumber-repair-derived/Build/Intermediates.noindex/PhoneInTheOtherRoom.build/Debug-iphonesimulator/PhoneInTheOtherRoomDeviceActivityMonitor.build/DerivedSources/Counting_Sheep_Wind_Down_Monitor-Swift.h /tmp/slumber-repair-derived/Build/Intermediates.noindex/PhoneInTheOtherRoom.build/Debug-iphonesimulator/PhoneInTheOtherRoomDeviceActivityMonitor.build/Objects-normal/arm64/Counting_Sheep_Wind_Down_Monitor-Swift.h /tmp/slumber-repair-derived/Build/Intermediates.noindex/PhoneInTheOtherRoom.build/Debug-iphonesimulator/PhoneInTheOtherRoomDeviceActivityMonitor.build/Objects-normal/x86_64/Counting_Sheep_Wind_Down_Monitor-Swift.h (in target 'PhoneInTheOtherRoomDeviceActivityMonitor' from project 'PhoneInTheOtherRoom')
    cd /Users/ngawangchime/Desktop/Developer\ Projects/Phone\ in\ the\ Other\ Room
    builtin-swiftHeaderTool -arch arm64 /tmp/slumber-repair-derived/Build/Intermediates.noindex/PhoneInTheOtherRoom.build/Debug-iphonesimulator/PhoneInTheOtherRoomDeviceActivityMonitor.build/Objects-normal/arm64/Counting_Sheep_Wind_Down_Monitor-Swift.h -arch x86_64 /tmp/slumber-repair-derived/Build/Intermediates.noindex/PhoneInTheOtherRoom.build/Debug-iphonesimulator/PhoneInTheOtherRoomDeviceActivityMonitor.build/Objects-normal/x86_64/Counting_Sheep_Wind_Down_Monitor-Swift.h -o /tmp/slumber-repair-derived/Build/Intermediates.noindex/PhoneInTheOtherRoom.build/Debug-iphonesimulator/PhoneInTheOtherRoomDeviceActivityMonitor.build/DerivedSources/Counting_Sheep_Wind_Down_Monitor-Swift.h

Copy /tmp/slumber-repair-derived/Build/Products/Debug-iphonesimulator/Counting_Sheep_Wind_Down_Monitor.swiftmodule/arm64-apple-ios-simulator.swiftmodule /tmp/slumber-repair-derived/Build/Intermediates.noindex/PhoneInTheOtherRoom.build/Debug-iphonesimulator/PhoneInTheOtherRoomDeviceActivityMonitor.build/Objects-normal/arm64/Counting_Sheep_Wind_Down_Monitor.swiftmodule (in target 'PhoneInTheOtherRoomDeviceActivityMonitor' from project 'PhoneInTheOtherRoom')
    cd /Users/ngawangchime/Desktop/Developer\ Projects/Phone\ in\ the\ Other\ Room
    builtin-copy -exclude .DS_Store -exclude CVS -exclude .svn -exclude .git -exclude .hg -resolve-src-symlinks -rename /tmp/slumber-repair-derived/Build/Intermediates.noindex/PhoneInTheOtherRoom.build/Debug-iphonesimulator/PhoneInTheOtherRoomDeviceActivityMonitor.build/Objects-normal/arm64/Counting_Sheep_Wind_Down_Monitor.swiftmodule /tmp/slumber-repair-derived/Build/Products/Debug-iphonesimulator/Counting_Sheep_Wind_Down_Monitor.swiftmodule/arm64-apple-ios-simulator.swiftmodule

Copy /tmp/slumber-repair-derived/Build/Products/Debug-iphonesimulator/Counting_Sheep_Wind_Down_Monitor.swiftmodule/arm64-apple-ios-simulator.swiftdoc /tmp/slumber-repair-derived/Build/Intermediates.noindex/PhoneInTheOtherRoom.build/Debug-iphonesimulator/PhoneInTheOtherRoomDeviceActivityMonitor.build/Objects-normal/arm64/Counting_Sheep_Wind_Down_Monitor.swiftdoc (in target 'PhoneInTheOtherRoomDeviceActivityMonitor' from project 'PhoneInTheOtherRoom')
    cd /Users/ngawangchime/Desktop/Developer\ Projects/Phone\ in\ the\ Other\ Room
    builtin-copy -exclude .DS_Store -exclude CVS -exclude .svn -exclude .git -exclude .hg -resolve-src-symlinks -rename /tmp/slumber-repair-derived/Build/Intermediates.noindex/PhoneInTheOtherRoom.build/Debug-iphonesimulator/PhoneInTheOtherRoomDeviceActivityMonitor.build/Objects-normal/arm64/Counting_Sheep_Wind_Down_Monitor.swiftdoc /tmp/slumber-repair-derived/Build/Products/Debug-iphonesimulator/Counting_Sheep_Wind_Down_Monitor.swiftmodule/arm64-apple-ios-simulator.swiftdoc

Copy /tmp/slumber-repair-derived/Build/Products/Debug-iphonesimulator/Counting_Sheep_Wind_Down_Monitor.swiftmodule/arm64-apple-ios-simulator.abi.json /tmp/slumber-repair-derived/Build/Intermediates.noindex/PhoneInTheOtherRoom.build/Debug-iphonesimulator/PhoneInTheOtherRoomDeviceActivityMonitor.build/Objects-normal/arm64/Counting_Sheep_Wind_Down_Monitor.abi.json (in target 'PhoneInTheOtherRoomDeviceActivityMonitor' from project 'PhoneInTheOtherRoom')
    cd /Users/ngawangchime/Desktop/Developer\ Projects/Phone\ in\ the\ Other\ Room
    builtin-copy -exclude .DS_Store -exclude CVS -exclude .svn -exclude .git -exclude .hg -resolve-src-symlinks -rename /tmp/slumber-repair-derived/Build/Intermediates.noindex/PhoneInTheOtherRoom.build/Debug-iphonesimulator/PhoneInTheOtherRoomDeviceActivityMonitor.build/Objects-normal/arm64/Counting_Sheep_Wind_Down_Monitor.abi.json /tmp/slumber-repair-derived/Build/Products/Debug-iphonesimulator/Counting_Sheep_Wind_Down_Monitor.swiftmodule/arm64-apple-ios-simulator.abi.json

Copy /tmp/slumber-repair-derived/Build/Products/Debug-iphonesimulator/Counting_Sheep_Wind_Down_Monitor.swiftmodule/Project/arm64-apple-ios-simulator.swiftsourceinfo /tmp/slumber-repair-derived/Build/Intermediates.noindex/PhoneInTheOtherRoom.build/Debug-iphonesimulator/PhoneInTheOtherRoomDeviceActivityMonitor.build/Objects-normal/arm64/Counting_Sheep_Wind_Down_Monitor.swiftsourceinfo (in target 'PhoneInTheOtherRoomDeviceActivityMonitor' from project 'PhoneInTheOtherRoom')
    cd /Users/ngawangchime/Desktop/Developer\ Projects/Phone\ in\ the\ Other\ Room
    builtin-copy -exclude .DS_Store -exclude CVS -exclude .svn -exclude .git -exclude .hg -resolve-src-symlinks -rename /tmp/slumber-repair-derived/Build/Intermediates.noindex/PhoneInTheOtherRoom.build/Debug-iphonesimulator/PhoneInTheOtherRoomDeviceActivityMonitor.build/Objects-normal/arm64/Counting_Sheep_Wind_Down_Monitor.swiftsourceinfo /tmp/slumber-repair-derived/Build/Products/Debug-iphonesimulator/Counting_Sheep_Wind_Down_Monitor.swiftmodule/Project/arm64-apple-ios-simulator.swiftsourceinfo

Ld /tmp/slumber-repair-derived/Build/Intermediates.noindex/xctest-dynamic-overlay.build/Debug-iphonesimulator/IssueReporting.build/Objects-normal/arm64/Binary/IssueReporting.o normal arm64 (in target 'IssueReporting' from project 'xctest-dynamic-overlay')
    cd /tmp/slumber-repair-derived/SourcePackages/checkouts/xctest-dynamic-overlay
    /Applications/Xcode.app/Contents/Developer/Toolchains/XcodeDefault.xctoolchain/usr/bin/clang -Xlinker -reproducible -target arm64-apple-ios13.0-simulator -r -isysroot /Applications/Xcode.app/Contents/Developer/Platforms/iPhoneSimulator.platform/Developer/SDKs/iPhoneSimulator26.5.sdk -O0 -w -F/tmp/slumber-repair-derived/Build/Intermediates.noindex/EagerLinkingTBDs/Debug-iphonesimulator -F/tmp/slumber-repair-derived/Build/Products/Debug-iphonesimulator -iframework /Applications/Xcode.app/Contents/Developer/Platforms/iPhoneSimulator.platform/Developer/Library/Frameworks -iframework /Applications/Xcode.app/Contents/Developer/Platforms/iPhoneSimulator.platform/Developer/SDKs/iPhoneSimulator26.5.sdk/Developer/Library/Frameworks -filelist /tmp/slumber-repair-derived/Build/Intermediates.noindex/xctest-dynamic-overlay.build/Debug-iphonesimulator/IssueReporting.build/Objects-normal/arm64/IssueReporting.LinkFileList -nostdlib -Xlinker -object_path_lto -Xlinker /tmp/slumber-repair-derived/Build/Intermediates.noindex/xctest-dynamic-overlay.build/Debug-iphonesimulator/IssueReporting.build/Objects-normal/arm64/IssueReporting_lto.o -Xlinker -no_deduplicate -Xlinker -objc_abi_version -Xlinker 2 -Xlinker -dependency_info -Xlinker /tmp/slumber-repair-derived/Build/Intermediates.noindex/xctest-dynamic-overlay.build/Debug-iphonesimulator/IssueReporting.build/Objects-normal/arm64/IssueReporting_dependency_info.dat -fobjc-link-runtime -L/Applications/Xcode.app/Contents/Developer/Toolchains/XcodeDefault.xctoolchain/usr/lib/swift/iphonesimulator -L/usr/lib/swift -Xlinker -add_ast_path -Xlinker /tmp/slumber-repair-derived/Build/Intermediates.noindex/xctest-dynamic-overlay.build/Debug-iphonesimulator/IssueReporting.build/Objects-normal/arm64/IssueReporting.swiftmodule @/tmp/slumber-repair-derived/Build/Intermediates.noindex/xctest-dynamic-overlay.build/Debug-iphonesimulator/IssueReporting.build/Objects-normal/arm64/IssueReporting-linker-args.resp -o /tmp/slumber-repair-derived/Build/Intermediates.noindex/xctest-dynamic-overlay.build/Debug-iphonesimulator/IssueReporting.build/Objects-normal/arm64/Binary/IssueReporting.o

Ld /tmp/slumber-repair-derived/Build/Intermediates.noindex/swift-http-types.build/Debug-iphonesimulator/HTTPTypes.build/Objects-normal/arm64/Binary/HTTPTypes.o normal arm64 (in target 'HTTPTypes' from project 'swift-http-types')
    cd /tmp/slumber-repair-derived/SourcePackages/checkouts/swift-http-types
    /Applications/Xcode.app/Contents/Developer/Toolchains/XcodeDefault.xctoolchain/usr/bin/clang -Xlinker -reproducible -target arm64-apple-ios12.0-simulator -r -isysroot /Applications/Xcode.app/Contents/Developer/Platforms/iPhoneSimulator.platform/Developer/SDKs/iPhoneSimulator26.5.sdk -O0 -w -F/tmp/slumber-repair-derived/Build/Intermediates.noindex/EagerLinkingTBDs/Debug-iphonesimulator -F/tmp/slumber-repair-derived/Build/Products/Debug-iphonesimulator -iframework /Applications/Xcode.app/Contents/Developer/Platforms/iPhoneSimulator.platform/Developer/Library/Frameworks -iframework /Applications/Xcode.app/Contents/Developer/Platforms/iPhoneSimulator.platform/Developer/SDKs/iPhoneSimulator26.5.sdk/Developer/Library/Frameworks -filelist /tmp/slumber-repair-derived/Build/Intermediates.noindex/swift-http-types.build/Debug-iphonesimulator/HTTPTypes.build/Objects-normal/arm64/HTTPTypes.LinkFileList -nostdlib -Xlinker -object_path_lto -Xlinker /tmp/slumber-repair-derived/Build/Intermediates.noindex/swift-http-types.build/Debug-iphonesimulator/HTTPTypes.build/Objects-normal/arm64/HTTPTypes_lto.o -Xlinker -no_deduplicate -Xlinker -objc_abi_version -Xlinker 2 -Xlinker -dependency_info -Xlinker /tmp/slumber-repair-derived/Build/Intermediates.noindex/swift-http-types.build/Debug-iphonesimulator/HTTPTypes.build/Objects-normal/arm64/HTTPTypes_dependency_info.dat -fobjc-link-runtime -L/Applications/Xcode.app/Contents/Developer/Toolchains/XcodeDefault.xctoolchain/usr/lib/swift/iphonesimulator -L/usr/lib/swift -Xlinker -add_ast_path -Xlinker /tmp/slumber-repair-derived/Build/Intermediates.noindex/swift-http-types.build/Debug-iphonesimulator/HTTPTypes.build/Objects-normal/arm64/HTTPTypes.swiftmodule @/tmp/slumber-repair-derived/Build/Intermediates.noindex/swift-http-types.build/Debug-iphonesimulator/HTTPTypes.build/Objects-normal/arm64/HTTPTypes-linker-args.resp -o /tmp/slumber-repair-derived/Build/Intermediates.noindex/swift-http-types.build/Debug-iphonesimulator/HTTPTypes.build/Objects-normal/arm64/Binary/HTTPTypes.o

SwiftDriver\ Compilation\ Requirements Crypto normal x86_64 com.apple.xcode.tools.swift.compiler (in target 'Crypto' from project 'swift-crypto')
    cd /Users/ngawangchime/Desktop/Developer\ Projects/Phone\ in\ the\ Other\ Room/PhoneInTheOtherRoom.xcodeproj
    builtin-Swift-Compilation-Requirements -- /Applications/Xcode.app/Contents/Developer/Toolchains/XcodeDefault.xctoolchain/usr/bin/swiftc -module-name Crypto -Onone @/tmp/slumber-repair-derived/Build/Intermediates.noindex/swift-crypto.build/Debug-iphonesimulator/Crypto.build/Objects-normal/x86_64/Crypto.SwiftFileList -DSWIFT_PACKAGE -DDEBUG -DSWIFT_MODULE_RESOURCE_BUNDLE_AVAILABLE -DCRYPTO_IN_SWIFTPM -DXcode -enable-upcoming-feature MemberImportVisibility -plugin-path /Applications/Xcode.app/Contents/Developer/Toolchains/XcodeDefault.xctoolchain/usr/lib/swift/host/plugins/testing -enable-experimental-feature DebugDescriptionMacro -sdk /Applications/Xcode.app/Contents/Developer/Platforms/iPhoneSimulator.platform/Developer/SDKs/iPhoneSimulator26.5.sdk -target x86_64-apple-ios12.0-simulator -g -module-cache-path /tmp/slumber-repair-derived/ModuleCache.noindex -Xfrontend -serialize-debugging-options -enable-testing -suppress-warnings -index-store-path /tmp/slumber-repair-derived/Index.noindex/DataStore -Xcc -D_LIBCPP_HARDENING_MODE\=_LIBCPP_HARDENING_MODE_DEBUG -swift-version 6 -I /tmp/slumber-repair-derived/Build/Products/Debug-iphonesimulator -Isystem /Applications/Xcode.app/Contents/Developer/Platforms/iPhoneSimulator.platform/Developer/usr/lib -F /tmp/slumber-repair-derived/Build/Products/Debug-iphonesimulator -F /Applications/Xcode.app/Contents/Developer/Platforms/iPhoneSimulator.platform/Developer/Library/Frameworks -F /Applications/Xcode.app/Contents/Developer/Platforms/iPhoneSimulator.platform/Developer/SDKs/iPhoneSimulator26.5.sdk/Developer/Library/Frameworks -c -j8 -enable-batch-mode -incremental -Xcc -ivfsstatcache -Xcc /tmp/slumber-repair-derived/SDKStatCaches.noindex/iphonesimulator26.5-23F81a-6cfe768891a92b912361537c460fe42b.sdkstatcache -output-file-map /tmp/slumber-repair-derived/Build/Intermediates.noindex/swift-crypto.build/Debug-iphonesimulator/Crypto.build/Objects-normal/x86_64/Crypto-OutputFileMap.json -use-frontend-parseable-output -save-temps -no-color-diagnostics -explicit-module-build -module-cache-path /tmp/slumber-repair-derived/Build/Intermediates.noindex/SwiftExplicitPrecompiledModules -clang-scanner-module-cache-path /tmp/slumber-repair-derived/ModuleCache.noindex -sdk-module-cache-path /tmp/slumber-repair-derived/ModuleCache.noindex -serialize-diagnostics -emit-dependencies -emit-module -emit-module-path /tmp/slumber-repair-derived/Build/Intermediates.noindex/swift-crypto.build/Debug-iphonesimulator/Crypto.build/Objects-normal/x86_64/Crypto.swiftmodule -user-module-version 4.5.0 -validate-clang-modules-once -clang-build-session-file /tmp/slumber-repair-derived/ModuleCache.noindex/Session.modulevalidation -package-name swift_crypto -Xcc -I/tmp/slumber-repair-derived/Build/Intermediates.noindex/swift-crypto.build/Debug-iphonesimulator/Crypto.build/swift-overrides.hmap -emit-const-values -Xfrontend -const-gather-protocols-file -Xfrontend /tmp/slumber-repair-derived/Build/Intermediates.noindex/swift-crypto.build/Debug-iphonesimulator/Crypto.build/Objects-normal/x86_64/Crypto_const_extract_protocols.json -Xcc -I/tmp/slumber-repair-derived/Build/Products/Debug-iphonesimulator/include -Xcc -I/tmp/slumber-repair-derived/Build/Intermediates.noindex/swift-crypto.build/Debug-iphonesimulator/Crypto.build/DerivedSources-normal/x86_64 -Xcc -I/tmp/slumber-repair-derived/Build/Intermediates.noindex/swift-crypto.build/Debug-iphonesimulator/Crypto.build/DerivedSources/x86_64 -Xcc -I/tmp/slumber-repair-derived/Build/Intermediates.noindex/swift-crypto.build/Debug-iphonesimulator/Crypto.build/DerivedSources -Xcc -DSWIFT_PACKAGE -Xcc -DDEBUG\=1 -emit-objc-header -emit-objc-header-path /tmp/slumber-repair-derived/Build/Intermediates.noindex/swift-crypto.build/Debug-iphonesimulator/Crypto.build/Objects-normal/x86_64/Crypto-Swift.h -working-directory /Users/ngawangchime/Desktop/Developer\ Projects/Phone\ in\ the\ Other\ Room/PhoneInTheOtherRoom.xcodeproj -experimental-emit-module-separately -disable-cmo

SwiftDriver\ Compilation\ Requirements Crypto normal arm64 com.apple.xcode.tools.swift.compiler (in target 'Crypto' from project 'swift-crypto')
    cd /Users/ngawangchime/Desktop/Developer\ Projects/Phone\ in\ the\ Other\ Room/PhoneInTheOtherRoom.xcodeproj
    builtin-Swift-Compilation-Requirements -- /Applications/Xcode.app/Contents/Developer/Toolchains/XcodeDefault.xctoolchain/usr/bin/swiftc -module-name Crypto -Onone @/tmp/slumber-repair-derived/Build/Intermediates.noindex/swift-crypto.build/Debug-iphonesimulator/Crypto.build/Objects-normal/arm64/Crypto.SwiftFileList -DSWIFT_PACKAGE -DDEBUG -DSWIFT_MODULE_RESOURCE_BUNDLE_AVAILABLE -DCRYPTO_IN_SWIFTPM -DXcode -enable-upcoming-feature MemberImportVisibility -plugin-path /Applications/Xcode.app/Contents/Developer/Toolchains/XcodeDefault.xctoolchain/usr/lib/swift/host/plugins/testing -enable-experimental-feature DebugDescriptionMacro -sdk /Applications/Xcode.app/Contents/Developer/Platforms/iPhoneSimulator.platform/Developer/SDKs/iPhoneSimulator26.5.sdk -target arm64-apple-ios12.0-simulator -g -module-cache-path /tmp/slumber-repair-derived/ModuleCache.noindex -Xfrontend -serialize-debugging-options -enable-testing -suppress-warnings -index-store-path /tmp/slumber-repair-derived/Index.noindex/DataStore -Xcc -D_LIBCPP_HARDENING_MODE\=_LIBCPP_HARDENING_MODE_DEBUG -swift-version 6 -I /tmp/slumber-repair-derived/Build/Products/Debug-iphonesimulator -Isystem /Applications/Xcode.app/Contents/Developer/Platforms/iPhoneSimulator.platform/Developer/usr/lib -F /tmp/slumber-repair-derived/Build/Products/Debug-iphonesimulator -F /Applications/Xcode.app/Contents/Developer/Platforms/iPhoneSimulator.platform/Developer/Library/Frameworks -F /Applications/Xcode.app/Contents/Developer/Platforms/iPhoneSimulator.platform/Developer/SDKs/iPhoneSimulator26.5.sdk/Developer/Library/Frameworks -c -j8 -enable-batch-mode -incremental -Xcc -ivfsstatcache -Xcc /tmp/slumber-repair-derived/SDKStatCaches.noindex/iphonesimulator26.5-23F81a-6cfe768891a92b912361537c460fe42b.sdkstatcache -output-file-map /tmp/slumber-repair-derived/Build/Intermediates.noindex/swift-crypto.build/Debug-iphonesimulator/Crypto.build/Objects-normal/arm64/Crypto-OutputFileMap.json -use-frontend-parseable-output -save-temps -no-color-diagnostics -explicit-module-build -module-cache-path /tmp/slumber-repair-derived/Build/Intermediates.noindex/SwiftExplicitPrecompiledModules -clang-scanner-module-cache-path /tmp/slumber-repair-derived/ModuleCache.noindex -sdk-module-cache-path /tmp/slumber-repair-derived/ModuleCache.noindex -serialize-diagnostics -emit-dependencies -emit-module -emit-module-path /tmp/slumber-repair-derived/Build/Intermediates.noindex/swift-crypto.build/Debug-iphonesimulator/Crypto.build/Objects-normal/arm64/Crypto.swiftmodule -user-module-version 4.5.0 -validate-clang-modules-once -clang-build-session-file /tmp/slumber-repair-derived/ModuleCache.noindex/Session.modulevalidation -package-name swift_crypto -Xcc -I/tmp/slumber-repair-derived/Build/Intermediates.noindex/swift-crypto.build/Debug-iphonesimulator/Crypto.build/swift-overrides.hmap -emit-const-values -Xfrontend -const-gather-protocols-file -Xfrontend /tmp/slumber-repair-derived/Build/Intermediates.noindex/swift-crypto.build/Debug-iphonesimulator/Crypto.build/Objects-normal/arm64/Crypto_const_extract_protocols.json -Xcc -I/tmp/slumber-repair-derived/Build/Products/Debug-iphonesimulator/include -Xcc -I/tmp/slumber-repair-derived/Build/Intermediates.noindex/swift-crypto.build/Debug-iphonesimulator/Crypto.build/DerivedSources-normal/arm64 -Xcc -I/tmp/slumber-repair-derived/Build/Intermediates.noindex/swift-crypto.build/Debug-iphonesimulator/Crypto.build/DerivedSources/arm64 -Xcc -I/tmp/slumber-repair-derived/Build/Intermediates.noindex/swift-crypto.build/Debug-iphonesimulator/Crypto.build/DerivedSources -Xcc -DSWIFT_PACKAGE -Xcc -DDEBUG\=1 -emit-objc-header -emit-objc-header-path /tmp/slumber-repair-derived/Build/Intermediates.noindex/swift-crypto.build/Debug-iphonesimulator/Crypto.build/Objects-normal/arm64/Crypto-Swift.h -working-directory /Users/ngawangchime/Desktop/Developer\ Projects/Phone\ in\ the\ Other\ Room/PhoneInTheOtherRoom.xcodeproj -experimental-emit-module-separately -disable-cmo

SwiftDriver\ Compilation\ Requirements ConcurrencyExtras normal x86_64 com.apple.xcode.tools.swift.compiler (in target 'ConcurrencyExtras' from project 'swift-concurrency-extras')
    cd /Users/ngawangchime/Desktop/Developer\ Projects/Phone\ in\ the\ Other\ Room/PhoneInTheOtherRoom.xcodeproj
    builtin-Swift-Compilation-Requirements -- /Applications/Xcode.app/Contents/Developer/Toolchains/XcodeDefault.xctoolchain/usr/bin/swiftc -module-name ConcurrencyExtras -Onone @/tmp/slumber-repair-derived/Build/Intermediates.noindex/swift-concurrency-extras.build/Debug-iphonesimulator/ConcurrencyExtras.build/Objects-normal/x86_64/ConcurrencyExtras.SwiftFileList -DSWIFT_PACKAGE -DDEBUG -DSWIFT_MODULE_RESOURCE_BUNDLE_UNAVAILABLE -DXcode -enable-upcoming-feature NonisolatedNonsendingByDefault -plugin-path /Applications/Xcode.app/Contents/Developer/Toolchains/XcodeDefault.xctoolchain/usr/lib/swift/host/plugins/testing -enable-experimental-feature DebugDescriptionMacro -sdk /Applications/Xcode.app/Contents/Developer/Platforms/iPhoneSimulator.platform/Developer/SDKs/iPhoneSimulator26.5.sdk -target x86_64-apple-ios13.0-simulator -g -module-cache-path /tmp/slumber-repair-derived/ModuleCache.noindex -Xfrontend -serialize-debugging-options -enable-testing -suppress-warnings -index-store-path /tmp/slumber-repair-derived/Index.noindex/DataStore -Xcc -D_LIBCPP_HARDENING_MODE\=_LIBCPP_HARDENING_MODE_DEBUG -swift-version 6 -I /tmp/slumber-repair-derived/Build/Products/Debug-iphonesimulator -Isystem /Applications/Xcode.app/Contents/Developer/Platforms/iPhoneSimulator.platform/Developer/usr/lib -F /tmp/slumber-repair-derived/Build/Products/Debug-iphonesimulator -F /Applications/Xcode.app/Contents/Developer/Platforms/iPhoneSimulator.platform/Developer/Library/Frameworks -F /Applications/Xcode.app/Contents/Developer/Platforms/iPhoneSimulator.platform/Developer/SDKs/iPhoneSimulator26.5.sdk/Developer/Library/Frameworks -c -j8 -enable-batch-mode -incremental -Xcc -ivfsstatcache -Xcc /tmp/slumber-repair-derived/SDKStatCaches.noindex/iphonesimulator26.5-23F81a-6cfe768891a92b912361537c460fe42b.sdkstatcache -output-file-map /tmp/slumber-repair-derived/Build/Intermediates.noindex/swift-concurrency-extras.build/Debug-iphonesimulator/ConcurrencyExtras.build/Objects-normal/x86_64/ConcurrencyExtras-OutputFileMap.json -use-frontend-parseable-output -save-temps -no-color-diagnostics -explicit-module-build -module-cache-path /tmp/slumber-repair-derived/Build/Intermediates.noindex/SwiftExplicitPrecompiledModules -clang-scanner-module-cache-path /tmp/slumber-repair-derived/ModuleCache.noindex -sdk-module-cache-path /tmp/slumber-repair-derived/ModuleCache.noindex -serialize-diagnostics -emit-dependencies -emit-module -emit-module-path /tmp/slumber-repair-derived/Build/Intermediates.noindex/swift-concurrency-extras.build/Debug-iphonesimulator/ConcurrencyExtras.build/Objects-normal/x86_64/ConcurrencyExtras.swiftmodule -user-module-version 1.4.0 -validate-clang-modules-once -clang-build-session-file /tmp/slumber-repair-derived/ModuleCache.noindex/Session.modulevalidation -package-name swift_concurrency_extras -Xcc -I/tmp/slumber-repair-derived/Build/Intermediates.noindex/swift-concurrency-extras.build/Debug-iphonesimulator/ConcurrencyExtras.build/swift-overrides.hmap -emit-const-values -Xfrontend -const-gather-protocols-file -Xfrontend /tmp/slumber-repair-derived/Build/Intermediates.noindex/swift-concurrency-extras.build/Debug-iphonesimulator/ConcurrencyExtras.build/Objects-normal/x86_64/ConcurrencyExtras_const_extract_protocols.json -Xcc -I/tmp/slumber-repair-derived/Build/Products/Debug-iphonesimulator/include -Xcc -I/tmp/slumber-repair-derived/Build/Intermediates.noindex/swift-concurrency-extras.build/Debug-iphonesimulator/ConcurrencyExtras.build/DerivedSources-normal/x86_64 -Xcc -I/tmp/slumber-repair-derived/Build/Intermediates.noindex/swift-concurrency-extras.build/Debug-iphonesimulator/ConcurrencyExtras.build/DerivedSources/x86_64 -Xcc -I/tmp/slumber-repair-derived/Build/Intermediates.noindex/swift-concurrency-extras.build/Debug-iphonesimulator/ConcurrencyExtras.build/DerivedSources -Xcc -DSWIFT_PACKAGE -Xcc -DDEBUG\=1 -emit-objc-header -emit-objc-header-path /tmp/slumber-repair-derived/Build/Intermediates.noindex/swift-concurrency-extras.build/Debug-iphonesimulator/ConcurrencyExtras.build/Objects-normal/x86_64/ConcurrencyExtras-Swift.h -working-directory /Users/ngawangchime/Desktop/Developer\ Projects/Phone\ in\ the\ Other\ Room/PhoneInTheOtherRoom.xcodeproj -experimental-emit-module-separately -disable-cmo

SwiftMergeGeneratedHeaders /tmp/slumber-repair-derived/Build/Intermediates.noindex/GeneratedModuleMaps-iphonesimulator/Crypto-Swift.h /tmp/slumber-repair-derived/Build/Intermediates.noindex/swift-crypto.build/Debug-iphonesimulator/Crypto.build/Objects-normal/arm64/Crypto-Swift.h /tmp/slumber-repair-derived/Build/Intermediates.noindex/swift-crypto.build/Debug-iphonesimulator/Crypto.build/Objects-normal/x86_64/Crypto-Swift.h (in target 'Crypto' from project 'swift-crypto')
    cd /tmp/slumber-repair-derived/SourcePackages/checkouts/swift-crypto
    builtin-swiftHeaderTool -arch arm64 /tmp/slumber-repair-derived/Build/Intermediates.noindex/swift-crypto.build/Debug-iphonesimulator/Crypto.build/Objects-normal/arm64/Crypto-Swift.h -arch x86_64 /tmp/slumber-repair-derived/Build/Intermediates.noindex/swift-crypto.build/Debug-iphonesimulator/Crypto.build/Objects-normal/x86_64/Crypto-Swift.h -o /tmp/slumber-repair-derived/Build/Intermediates.noindex/GeneratedModuleMaps-iphonesimulator/Crypto-Swift.h

Copy /tmp/slumber-repair-derived/Build/Products/Debug-iphonesimulator/Crypto.swiftmodule/arm64-apple-ios-simulator.swiftmodule /tmp/slumber-repair-derived/Build/Intermediates.noindex/swift-crypto.build/Debug-iphonesimulator/Crypto.build/Objects-normal/arm64/Crypto.swiftmodule (in target 'Crypto' from project 'swift-crypto')
    cd /tmp/slumber-repair-derived/SourcePackages/checkouts/swift-crypto
    builtin-copy -exclude .DS_Store -exclude CVS -exclude .svn -exclude .git -exclude .hg -resolve-src-symlinks -rename /tmp/slumber-repair-derived/Build/Intermediates.noindex/swift-crypto.build/Debug-iphonesimulator/Crypto.build/Objects-normal/arm64/Crypto.swiftmodule /tmp/slumber-repair-derived/Build/Products/Debug-iphonesimulator/Crypto.swiftmodule/arm64-apple-ios-simulator.swiftmodule

Copy /tmp/slumber-repair-derived/Build/Products/Debug-iphonesimulator/Crypto.swiftmodule/arm64-apple-ios-simulator.swiftdoc /tmp/slumber-repair-derived/Build/Intermediates.noindex/swift-crypto.build/Debug-iphonesimulator/Crypto.build/Objects-normal/arm64/Crypto.swiftdoc (in target 'Crypto' from project 'swift-crypto')
    cd /tmp/slumber-repair-derived/SourcePackages/checkouts/swift-crypto
    builtin-copy -exclude .DS_Store -exclude CVS -exclude .svn -exclude .git -exclude .hg -resolve-src-symlinks -rename /tmp/slumber-repair-derived/Build/Intermediates.noindex/swift-crypto.build/Debug-iphonesimulator/Crypto.build/Objects-normal/arm64/Crypto.swiftdoc /tmp/slumber-repair-derived/Build/Products/Debug-iphonesimulator/Crypto.swiftmodule/arm64-apple-ios-simulator.swiftdoc

Copy /tmp/slumber-repair-derived/Build/Products/Debug-iphonesimulator/Crypto.swiftmodule/arm64-apple-ios-simulator.abi.json /tmp/slumber-repair-derived/Build/Intermediates.noindex/swift-crypto.build/Debug-iphonesimulator/Crypto.build/Objects-normal/arm64/Crypto.abi.json (in target 'Crypto' from project 'swift-crypto')
    cd /tmp/slumber-repair-derived/SourcePackages/checkouts/swift-crypto
    builtin-copy -exclude .DS_Store -exclude CVS -exclude .svn -exclude .git -exclude .hg -resolve-src-symlinks -rename /tmp/slumber-repair-derived/Build/Intermediates.noindex/swift-crypto.build/Debug-iphonesimulator/Crypto.build/Objects-normal/arm64/Crypto.abi.json /tmp/slumber-repair-derived/Build/Products/Debug-iphonesimulator/Crypto.swiftmodule/arm64-apple-ios-simulator.abi.json

Copy /tmp/slumber-repair-derived/Build/Products/Debug-iphonesimulator/Crypto.swiftmodule/Project/arm64-apple-ios-simulator.swiftsourceinfo /tmp/slumber-repair-derived/Build/Intermediates.noindex/swift-crypto.build/Debug-iphonesimulator/Crypto.build/Objects-normal/arm64/Crypto.swiftsourceinfo (in target 'Crypto' from project 'swift-crypto')
    cd /tmp/slumber-repair-derived/SourcePackages/checkouts/swift-crypto
    builtin-copy -exclude .DS_Store -exclude CVS -exclude .svn -exclude .git -exclude .hg -resolve-src-symlinks -rename /tmp/slumber-repair-derived/Build/Intermediates.noindex/swift-crypto.build/Debug-iphonesimulator/Crypto.build/Objects-normal/arm64/Crypto.swiftsourceinfo /tmp/slumber-repair-derived/Build/Products/Debug-iphonesimulator/Crypto.swiftmodule/Project/arm64-apple-ios-simulator.swiftsourceinfo

CreateUniversalBinary /tmp/slumber-repair-derived/Build/Products/Debug-iphonesimulator/Counting\ Sheep\ Wind\ Down\ Shield.appex/Counting\ Sheep\ Wind\ Down\ Shield.debug.dylib normal arm64\ x86_64 (in target 'PhoneInTheOtherRoomShieldConfiguration' from project 'PhoneInTheOtherRoom')
    cd /Users/ngawangchime/Desktop/Developer\ Projects/Phone\ in\ the\ Other\ Room
    /Applications/Xcode.app/Contents/Developer/Toolchains/XcodeDefault.xctoolchain/usr/bin/lipo -create /tmp/slumber-repair-derived/Build/Intermediates.noindex/PhoneInTheOtherRoom.build/Debug-iphonesimulator/PhoneInTheOtherRoomShieldConfiguration.build/Objects-normal/arm64/Binary/Counting\ Sheep\ Wind\ Down\ Shield.debug.dylib /tmp/slumber-repair-derived/Build/Intermediates.noindex/PhoneInTheOtherRoom.build/Debug-iphonesimulator/PhoneInTheOtherRoomShieldConfiguration.build/Objects-normal/x86_64/Binary/Counting\ Sheep\ Wind\ Down\ Shield.debug.dylib -output /tmp/slumber-repair-derived/Build/Products/Debug-iphonesimulator/Counting\ Sheep\ Wind\ Down\ Shield.appex/Counting\ Sheep\ Wind\ Down\ Shield.debug.dylib

ConstructStubExecutorLinkFileList /tmp/slumber-repair-derived/Build/Intermediates.noindex/PhoneInTheOtherRoom.build/Debug-iphonesimulator/PhoneInTheOtherRoomShieldConfiguration.build/Counting\ Sheep\ Wind\ Down\ Shield-ExecutorLinkFileList-normal-arm64.txt (in target 'PhoneInTheOtherRoomShieldConfiguration' from project 'PhoneInTheOtherRoom')
    cd /Users/ngawangchime/Desktop/Developer\ Projects/Phone\ in\ the\ Other\ Room
    construct-stub-executor-link-file-list /tmp/slumber-repair-derived/Build/Intermediates.noindex/PhoneInTheOtherRoom.build/Debug-iphonesimulator/PhoneInTheOtherRoomShieldConfiguration.build/Objects-normal/arm64/Binary/Counting\ Sheep\ Wind\ Down\ Shield.debug.dylib /Applications/Xcode.app/Contents/Developer/Platforms/iPhoneSimulator.platform/Developer/usr/lib/libPreviewsJITStubExecutor_no_swift_entry_point.a /Applications/Xcode.app/Contents/Developer/Platforms/iPhoneSimulator.platform/Developer/usr/lib/libPreviewsJITStubExecutor.a --output /tmp/slumber-repair-derived/Build/Intermediates.noindex/PhoneInTheOtherRoom.build/Debug-iphonesimulator/PhoneInTheOtherRoomShieldConfiguration.build/Counting\ Sheep\ Wind\ Down\ Shield-ExecutorLinkFileList-normal-arm64.txt
note: Using stub executor library without Swift entry point. (in target 'PhoneInTheOtherRoomShieldConfiguration' from project 'PhoneInTheOtherRoom')

SwiftDriver\ Compilation\ Requirements ConcurrencyExtras normal arm64 com.apple.xcode.tools.swift.compiler (in target 'ConcurrencyExtras' from project 'swift-concurrency-extras')
    cd /Users/ngawangchime/Desktop/Developer\ Projects/Phone\ in\ the\ Other\ Room/PhoneInTheOtherRoom.xcodeproj
    builtin-Swift-Compilation-Requirements -- /Applications/Xcode.app/Contents/Developer/Toolchains/XcodeDefault.xctoolchain/usr/bin/swiftc -module-name ConcurrencyExtras -Onone @/tmp/slumber-repair-derived/Build/Intermediates.noindex/swift-concurrency-extras.build/Debug-iphonesimulator/ConcurrencyExtras.build/Objects-normal/arm64/ConcurrencyExtras.SwiftFileList -DSWIFT_PACKAGE -DDEBUG -DSWIFT_MODULE_RESOURCE_BUNDLE_UNAVAILABLE -DXcode -enable-upcoming-feature NonisolatedNonsendingByDefault -plugin-path /Applications/Xcode.app/Contents/Developer/Toolchains/XcodeDefault.xctoolchain/usr/lib/swift/host/plugins/testing -enable-experimental-feature DebugDescriptionMacro -sdk /Applications/Xcode.app/Contents/Developer/Platforms/iPhoneSimulator.platform/Developer/SDKs/iPhoneSimulator26.5.sdk -target arm64-apple-ios13.0-simulator -g -module-cache-path /tmp/slumber-repair-derived/ModuleCache.noindex -Xfrontend -serialize-debugging-options -enable-testing -suppress-warnings -index-store-path /tmp/slumber-repair-derived/Index.noindex/DataStore -Xcc -D_LIBCPP_HARDENING_MODE\=_LIBCPP_HARDENING_MODE_DEBUG -swift-version 6 -I /tmp/slumber-repair-derived/Build/Products/Debug-iphonesimulator -Isystem /Applications/Xcode.app/Contents/Developer/Platforms/iPhoneSimulator.platform/Developer/usr/lib -F /tmp/slumber-repair-derived/Build/Products/Debug-iphonesimulator -F /Applications/Xcode.app/Contents/Developer/Platforms/iPhoneSimulator.platform/Developer/Library/Frameworks -F /Applications/Xcode.app/Contents/Developer/Platforms/iPhoneSimulator.platform/Developer/SDKs/iPhoneSimulator26.5.sdk/Developer/Library/Frameworks -c -j8 -enable-batch-mode -incremental -Xcc -ivfsstatcache -Xcc /tmp/slumber-repair-derived/SDKStatCaches.noindex/iphonesimulator26.5-23F81a-6cfe768891a92b912361537c460fe42b.sdkstatcache -output-file-map /tmp/slumber-repair-derived/Build/Intermediates.noindex/swift-concurrency-extras.build/Debug-iphonesimulator/ConcurrencyExtras.build/Objects-normal/arm64/ConcurrencyExtras-OutputFileMap.json -use-frontend-parseable-output -save-temps -no-color-diagnostics -explicit-module-build -module-cache-path /tmp/slumber-repair-derived/Build/Intermediates.noindex/SwiftExplicitPrecompiledModules -clang-scanner-module-cache-path /tmp/slumber-repair-derived/ModuleCache.noindex -sdk-module-cache-path /tmp/slumber-repair-derived/ModuleCache.noindex -serialize-diagnostics -emit-dependencies -emit-module -emit-module-path /tmp/slumber-repair-derived/Build/Intermediates.noindex/swift-concurrency-extras.build/Debug-iphonesimulator/ConcurrencyExtras.build/Objects-normal/arm64/ConcurrencyExtras.swiftmodule -user-module-version 1.4.0 -validate-clang-modules-once -clang-build-session-file /tmp/slumber-repair-derived/ModuleCache.noindex/Session.modulevalidation -package-name swift_concurrency_extras -Xcc -I/tmp/slumber-repair-derived/Build/Intermediates.noindex/swift-concurrency-extras.build/Debug-iphonesimulator/ConcurrencyExtras.build/swift-overrides.hmap -emit-const-values -Xfrontend -const-gather-protocols-file -Xfrontend /tmp/slumber-repair-derived/Build/Intermediates.noindex/swift-concurrency-extras.build/Debug-iphonesimulator/ConcurrencyExtras.build/Objects-normal/arm64/ConcurrencyExtras_const_extract_protocols.json -Xcc -I/tmp/slumber-repair-derived/Build/Products/Debug-iphonesimulator/include -Xcc -I/tmp/slumber-repair-derived/Build/Intermediates.noindex/swift-concurrency-extras.build/Debug-iphonesimulator/ConcurrencyExtras.build/DerivedSources-normal/arm64 -Xcc -I/tmp/slumber-repair-derived/Build/Intermediates.noindex/swift-concurrency-extras.build/Debug-iphonesimulator/ConcurrencyExtras.build/DerivedSources/arm64 -Xcc -I/tmp/slumber-repair-derived/Build/Intermediates.noindex/swift-concurrency-extras.build/Debug-iphonesimulator/ConcurrencyExtras.build/DerivedSources -Xcc -DSWIFT_PACKAGE -Xcc -DDEBUG\=1 -emit-objc-header -emit-objc-header-path /tmp/slumber-repair-derived/Build/Intermediates.noindex/swift-concurrency-extras.build/Debug-iphonesimulator/ConcurrencyExtras.build/Objects-normal/arm64/ConcurrencyExtras-Swift.h -working-directory /Users/ngawangchime/Desktop/Developer\ Projects/Phone\ in\ the\ Other\ Room/PhoneInTheOtherRoom.xcodeproj -experimental-emit-module-separately -disable-cmo

SwiftDriver\ Compilation XCTestDynamicOverlay normal x86_64 com.apple.xcode.tools.swift.compiler (in target 'XCTestDynamicOverlay' from project 'xctest-dynamic-overlay')
    cd /Users/ngawangchime/Desktop/Developer\ Projects/Phone\ in\ the\ Other\ Room/PhoneInTheOtherRoom.xcodeproj
    builtin-Swift-Compilation -- /Applications/Xcode.app/Contents/Developer/Toolchains/XcodeDefault.xctoolchain/usr/bin/swiftc -module-name XCTestDynamicOverlay -Onone @/tmp/slumber-repair-derived/Build/Intermediates.noindex/xctest-dynamic-overlay.build/Debug-iphonesimulator/XCTestDynamicOverlay.build/Objects-normal/x86_64/XCTestDynamicOverlay.SwiftFileList -DSWIFT_PACKAGE -DDEBUG -DSWIFT_MODULE_RESOURCE_BUNDLE_UNAVAILABLE -DXcode -enable-upcoming-feature ExistentialAny -enable-upcoming-feature ImmutableWeakCaptures -enable-upcoming-feature InferIsolatedConformances -enable-upcoming-feature InternalImportsByDefault -enable-upcoming-feature MemberImportVisibility -enable-upcoming-feature NonisolatedNonsendingByDefault -plugin-path /Applications/Xcode.app/Contents/Developer/Toolchains/XcodeDefault.xctoolchain/usr/lib/swift/host/plugins/testing -enable-experimental-feature DebugDescriptionMacro -sdk /Applications/Xcode.app/Contents/Developer/Platforms/iPhoneSimulator.platform/Developer/SDKs/iPhoneSimulator26.5.sdk -target x86_64-apple-ios13.0-simulator -g -module-cache-path /tmp/slumber-repair-derived/ModuleCache.noindex -Xfrontend -serialize-debugging-options -enable-testing -suppress-warnings -index-store-path /tmp/slumber-repair-derived/Index.noindex/DataStore -Xcc -D_LIBCPP_HARDENING_MODE\=_LIBCPP_HARDENING_MODE_DEBUG -swift-version 6 -I /tmp/slumber-repair-derived/Build/Products/Debug-iphonesimulator -Isystem /Applications/Xcode.app/Contents/Developer/Platforms/iPhoneSimulator.platform/Developer/usr/lib -F /tmp/slumber-repair-derived/Build/Products/Debug-iphonesimulator/PackageFrameworks -F /tmp/slumber-repair-derived/Build/Products/Debug-iphonesimulator -F /Applications/Xcode.app/Contents/Developer/Platforms/iPhoneSimulator.platform/Developer/Library/Frameworks -F /Applications/Xcode.app/Contents/Developer/Platforms/iPhoneSimulator.platform/Developer/SDKs/iPhoneSimulator26.5.sdk/Developer/Library/Frameworks -c -j8 -enable-batch-mode -incremental -Xcc -ivfsstatcache -Xcc /tmp/slumber-repair-derived/SDKStatCaches.noindex/iphonesimulator26.5-23F81a-6cfe768891a92b912361537c460fe42b.sdkstatcache -output-file-map /tmp/slumber-repair-derived/Build/Intermediates.noindex/xctest-dynamic-overlay.build/Debug-iphonesimulator/XCTestDynamicOverlay.build/Objects-normal/x86_64/XCTestDynamicOverlay-OutputFileMap.json -use-frontend-parseable-output -save-temps -no-color-diagnostics -explicit-module-build -module-cache-path /tmp/slumber-repair-derived/Build/Intermediates.noindex/SwiftExplicitPrecompiledModules -clang-scanner-module-cache-path /tmp/slumber-repair-derived/ModuleCache.noindex -sdk-module-cache-path /tmp/slumber-repair-derived/ModuleCache.noindex -serialize-diagnostics -emit-dependencies -emit-module -emit-module-path /tmp/slumber-repair-derived/Build/Intermediates.noindex/xctest-dynamic-overlay.build/Debug-iphonesimulator/XCTestDynamicOverlay.build/Objects-normal/x86_64/XCTestDynamicOverlay.swiftmodule -user-module-version 1.11.0 -validate-clang-modules-once -clang-build-session-file /tmp/slumber-repair-derived/ModuleCache.noindex/Session.modulevalidation -package-name xctest_dynamic_overlay -Xcc -I/tmp/slumber-repair-derived/Build/Intermediates.noindex/xctest-dynamic-overlay.build/Debug-iphonesimulator/XCTestDynamicOverlay.build/swift-overrides.hmap -emit-const-values -Xfrontend -const-gather-protocols-file -Xfrontend /tmp/slumber-repair-derived/Build/Intermediates.noindex/xctest-dynamic-overlay.build/Debug-iphonesimulator/XCTestDynamicOverlay.build/Objects-normal/x86_64/XCTestDynamicOverlay_const_extract_protocols.json -Xcc -I/tmp/slumber-repair-derived/Build/Products/Debug-iphonesimulator/include -Xcc -I/tmp/slumber-repair-derived/Build/Intermediates.noindex/xctest-dynamic-overlay.build/Debug-iphonesimulator/XCTestDynamicOverlay.build/DerivedSources-normal/x86_64 -Xcc -I/tmp/slumber-repair-derived/Build/Intermediates.noindex/xctest-dynamic-overlay.build/Debug-iphonesimulator/XCTestDynamicOverlay.build/DerivedSources/x86_64 -Xcc -I/tmp/slumber-repair-derived/Build/Intermediates.noindex/xctest-dynamic-overlay.build/Debug-iphonesimulator/XCTestDynamicOverlay.build/DerivedSources -Xcc -DSWIFT_PACKAGE -Xcc -DDEBUG\=1 -emit-objc-header -emit-objc-header-path /tmp/slumber-repair-derived/Build/Intermediates.noindex/xctest-dynamic-overlay.build/Debug-iphonesimulator/XCTestDynamicOverlay.build/Objects-normal/x86_64/XCTestDynamicOverlay-Swift.h -working-directory /Users/ngawangchime/Desktop/Developer\ Projects/Phone\ in\ the\ Other\ Room/PhoneInTheOtherRoom.xcodeproj -experimental-emit-module-separately -disable-cmo

Ld /tmp/slumber-repair-derived/Build/Intermediates.noindex/PhoneInTheOtherRoom.build/Debug-iphonesimulator/PhoneInTheOtherRoomShieldConfiguration.build/Objects-normal/arm64/Binary/Counting\ Sheep\ Wind\ Down\ Shield normal arm64 (in target 'PhoneInTheOtherRoomShieldConfiguration' from project 'PhoneInTheOtherRoom')
    cd /Users/ngawangchime/Desktop/Developer\ Projects/Phone\ in\ the\ Other\ Room
    /Applications/Xcode.app/Contents/Developer/Toolchains/XcodeDefault.xctoolchain/usr/bin/clang -Xlinker -reproducible -target arm64-apple-ios17.0-simulator -isysroot /Applications/Xcode.app/Contents/Developer/Platforms/iPhoneSimulator.platform/Developer/SDKs/iPhoneSimulator26.5.sdk -O0 -L/tmp/slumber-repair-derived/Build/Products/Debug-iphonesimulator -F/tmp/slumber-repair-derived/Build/Products/Debug-iphonesimulator -Xlinker -rpath -Xlinker @executable_path -Xlinker -rpath -Xlinker @executable_path/Frameworks -Xlinker -rpath -Xlinker @executable_path/../../Frameworks -rdynamic -Xlinker -no_deduplicate -Xlinker -objc_abi_version -Xlinker 2 -e ___debug_blank_executor_main -Xlinker -sectcreate -Xlinker __TEXT -Xlinker __debug_dylib -Xlinker /tmp/slumber-repair-derived/Build/Intermediates.noindex/PhoneInTheOtherRoom.build/Debug-iphonesimulator/PhoneInTheOtherRoomShieldConfiguration.build/Counting\ Sheep\ Wind\ Down\ Shield-DebugDylibPath-normal-arm64.txt -Xlinker -sectcreate -Xlinker __TEXT -Xlinker __debug_entry -Xlinker /tmp/slumber-repair-derived/Build/Intermediates.noindex/PhoneInTheOtherRoom.build/Debug-iphonesimulator/PhoneInTheOtherRoomShieldConfiguration.build/Counting\ Sheep\ Wind\ Down\ Shield-DebugEntryPoint-normal-arm64.txt -Xlinker -sectcreate -Xlinker __TEXT -Xlinker __debug_instlnm -Xlinker /tmp/slumber-repair-derived/Build/Intermediates.noindex/PhoneInTheOtherRoom.build/Debug-iphonesimulator/PhoneInTheOtherRoomShieldConfiguration.build/Counting\ Sheep\ Wind\ Down\ Shield-DebugDylibInstallName-normal-arm64.txt -Xlinker -filelist -Xlinker /tmp/slumber-repair-derived/Build/Intermediates.noindex/PhoneInTheOtherRoom.build/Debug-iphonesimulator/PhoneInTheOtherRoomShieldConfiguration.build/Counting\ Sheep\ Wind\ Down\ Shield-ExecutorLinkFileList-normal-arm64.txt -Xlinker -sectcreate -Xlinker __TEXT -Xlinker __entitlements -Xlinker /tmp/slumber-repair-derived/Build/Intermediates.noindex/PhoneInTheOtherRoom.build/Debug-iphonesimulator/PhoneInTheOtherRoomShieldConfiguration.build/Counting\ Sheep\ Wind\ Down\ Shield.appex-Simulated.xcent -Xlinker -sectcreate -Xlinker __TEXT -Xlinker __ents_der -Xlinker /tmp/slumber-repair-derived/Build/Intermediates.noindex/PhoneInTheOtherRoom.build/Debug-iphonesimulator/PhoneInTheOtherRoomShieldConfiguration.build/Counting\ Sheep\ Wind\ Down\ Shield.appex-Simulated.xcent.der /tmp/slumber-repair-derived/Build/Intermediates.noindex/PhoneInTheOtherRoom.build/Debug-iphonesimulator/PhoneInTheOtherRoomShieldConfiguration.build/Objects-normal/arm64/Binary/Counting\ Sheep\ Wind\ Down\ Shield.debug.dylib -Xlinker -no_adhoc_codesign -o /tmp/slumber-repair-derived/Build/Intermediates.noindex/PhoneInTheOtherRoom.build/Debug-iphonesimulator/PhoneInTheOtherRoomShieldConfiguration.build/Objects-normal/arm64/Binary/Counting\ Sheep\ Wind\ Down\ Shield

SwiftMergeGeneratedHeaders /tmp/slumber-repair-derived/Build/Intermediates.noindex/GeneratedModuleMaps-iphonesimulator/ConcurrencyExtras-Swift.h /tmp/slumber-repair-derived/Build/Intermediates.noindex/swift-concurrency-extras.build/Debug-iphonesimulator/ConcurrencyExtras.build/Objects-normal/arm64/ConcurrencyExtras-Swift.h /tmp/slumber-repair-derived/Build/Intermediates.noindex/swift-concurrency-extras.build/Debug-iphonesimulator/ConcurrencyExtras.build/Objects-normal/x86_64/ConcurrencyExtras-Swift.h (in target 'ConcurrencyExtras' from project 'swift-concurrency-extras')
    cd /tmp/slumber-repair-derived/SourcePackages/checkouts/swift-concurrency-extras
    builtin-swiftHeaderTool -arch arm64 /tmp/slumber-repair-derived/Build/Intermediates.noindex/swift-concurrency-extras.build/Debug-iphonesimulator/ConcurrencyExtras.build/Objects-normal/arm64/ConcurrencyExtras-Swift.h -arch x86_64 /tmp/slumber-repair-derived/Build/Intermediates.noindex/swift-concurrency-extras.build/Debug-iphonesimulator/ConcurrencyExtras.build/Objects-normal/x86_64/ConcurrencyExtras-Swift.h -o /tmp/slumber-repair-derived/Build/Intermediates.noindex/GeneratedModuleMaps-iphonesimulator/ConcurrencyExtras-Swift.h

Copy /tmp/slumber-repair-derived/Build/Products/Debug-iphonesimulator/ConcurrencyExtras.swiftmodule/arm64-apple-ios-simulator.swiftmodule /tmp/slumber-repair-derived/Build/Intermediates.noindex/swift-concurrency-extras.build/Debug-iphonesimulator/ConcurrencyExtras.build/Objects-normal/arm64/ConcurrencyExtras.swiftmodule (in target 'ConcurrencyExtras' from project 'swift-concurrency-extras')
    cd /tmp/slumber-repair-derived/SourcePackages/checkouts/swift-concurrency-extras
    builtin-copy -exclude .DS_Store -exclude CVS -exclude .svn -exclude .git -exclude .hg -resolve-src-symlinks -rename /tmp/slumber-repair-derived/Build/Intermediates.noindex/swift-concurrency-extras.build/Debug-iphonesimulator/ConcurrencyExtras.build/Objects-normal/arm64/ConcurrencyExtras.swiftmodule /tmp/slumber-repair-derived/Build/Products/Debug-iphonesimulator/ConcurrencyExtras.swiftmodule/arm64-apple-ios-simulator.swiftmodule

Copy /tmp/slumber-repair-derived/Build/Products/Debug-iphonesimulator/ConcurrencyExtras.swiftmodule/arm64-apple-ios-simulator.swiftdoc /tmp/slumber-repair-derived/Build/Intermediates.noindex/swift-concurrency-extras.build/Debug-iphonesimulator/ConcurrencyExtras.build/Objects-normal/arm64/ConcurrencyExtras.swiftdoc (in target 'ConcurrencyExtras' from project 'swift-concurrency-extras')
    cd /tmp/slumber-repair-derived/SourcePackages/checkouts/swift-concurrency-extras
    builtin-copy -exclude .DS_Store -exclude CVS -exclude .svn -exclude .git -exclude .hg -resolve-src-symlinks -rename /tmp/slumber-repair-derived/Build/Intermediates.noindex/swift-concurrency-extras.build/Debug-iphonesimulator/ConcurrencyExtras.build/Objects-normal/arm64/ConcurrencyExtras.swiftdoc /tmp/slumber-repair-derived/Build/Products/Debug-iphonesimulator/ConcurrencyExtras.swiftmodule/arm64-apple-ios-simulator.swiftdoc

CreateUniversalBinary /tmp/slumber-repair-derived/Build/Products/Debug-iphonesimulator/IssueReporting.o normal arm64\ x86_64 (in target 'IssueReporting' from project 'xctest-dynamic-overlay')
    cd /tmp/slumber-repair-derived/SourcePackages/checkouts/xctest-dynamic-overlay
    /Applications/Xcode.app/Contents/Developer/Toolchains/XcodeDefault.xctoolchain/usr/bin/lipo -create /tmp/slumber-repair-derived/Build/Intermediates.noindex/xctest-dynamic-overlay.build/Debug-iphonesimulator/IssueReporting.build/Objects-normal/arm64/Binary/IssueReporting.o /tmp/slumber-repair-derived/Build/Intermediates.noindex/xctest-dynamic-overlay.build/Debug-iphonesimulator/IssueReporting.build/Objects-normal/x86_64/Binary/IssueReporting.o -output /tmp/slumber-repair-derived/Build/Products/Debug-iphonesimulator/IssueReporting.o

CreateUniversalBinary /tmp/slumber-repair-derived/Build/Products/Debug-iphonesimulator/HTTPTypes.o normal arm64\ x86_64 (in target 'HTTPTypes' from project 'swift-http-types')
    cd /tmp/slumber-repair-derived/SourcePackages/checkouts/swift-http-types
    /Applications/Xcode.app/Contents/Developer/Toolchains/XcodeDefault.xctoolchain/usr/bin/lipo -create /tmp/slumber-repair-derived/Build/Intermediates.noindex/swift-http-types.build/Debug-iphonesimulator/HTTPTypes.build/Objects-normal/arm64/Binary/HTTPTypes.o /tmp/slumber-repair-derived/Build/Intermediates.noindex/swift-http-types.build/Debug-iphonesimulator/HTTPTypes.build/Objects-normal/x86_64/Binary/HTTPTypes.o -output /tmp/slumber-repair-derived/Build/Products/Debug-iphonesimulator/HTTPTypes.o

Copy /tmp/slumber-repair-derived/Build/Products/Debug-iphonesimulator/ConcurrencyExtras.swiftmodule/arm64-apple-ios-simulator.abi.json /tmp/slumber-repair-derived/Build/Intermediates.noindex/swift-concurrency-extras.build/Debug-iphonesimulator/ConcurrencyExtras.build/Objects-normal/arm64/ConcurrencyExtras.abi.json (in target 'ConcurrencyExtras' from project 'swift-concurrency-extras')
    cd /tmp/slumber-repair-derived/SourcePackages/checkouts/swift-concurrency-extras
    builtin-copy -exclude .DS_Store -exclude CVS -exclude .svn -exclude .git -exclude .hg -resolve-src-symlinks -rename /tmp/slumber-repair-derived/Build/Intermediates.noindex/swift-concurrency-extras.build/Debug-iphonesimulator/ConcurrencyExtras.build/Objects-normal/arm64/ConcurrencyExtras.abi.json /tmp/slumber-repair-derived/Build/Products/Debug-iphonesimulator/ConcurrencyExtras.swiftmodule/arm64-apple-ios-simulator.abi.json

Copy /tmp/slumber-repair-derived/Build/Products/Debug-iphonesimulator/ConcurrencyExtras.swiftmodule/Project/arm64-apple-ios-simulator.swiftsourceinfo /tmp/slumber-repair-derived/Build/Intermediates.noindex/swift-concurrency-extras.build/Debug-iphonesimulator/ConcurrencyExtras.build/Objects-normal/arm64/ConcurrencyExtras.swiftsourceinfo (in target 'ConcurrencyExtras' from project 'swift-concurrency-extras')
    cd /tmp/slumber-repair-derived/SourcePackages/checkouts/swift-concurrency-extras
    builtin-copy -exclude .DS_Store -exclude CVS -exclude .svn -exclude .git -exclude .hg -resolve-src-symlinks -rename /tmp/slumber-repair-derived/Build/Intermediates.noindex/swift-concurrency-extras.build/Debug-iphonesimulator/ConcurrencyExtras.build/Objects-normal/arm64/ConcurrencyExtras.swiftsourceinfo /tmp/slumber-repair-derived/Build/Products/Debug-iphonesimulator/ConcurrencyExtras.swiftmodule/Project/arm64-apple-ios-simulator.swiftsourceinfo

SwiftDriver\ Compilation XCTestDynamicOverlay normal arm64 com.apple.xcode.tools.swift.compiler (in target 'XCTestDynamicOverlay' from project 'xctest-dynamic-overlay')
    cd /Users/ngawangchime/Desktop/Developer\ Projects/Phone\ in\ the\ Other\ Room/PhoneInTheOtherRoom.xcodeproj
    builtin-Swift-Compilation -- /Applications/Xcode.app/Contents/Developer/Toolchains/XcodeDefault.xctoolchain/usr/bin/swiftc -module-name XCTestDynamicOverlay -Onone @/tmp/slumber-repair-derived/Build/Intermediates.noindex/xctest-dynamic-overlay.build/Debug-iphonesimulator/XCTestDynamicOverlay.build/Objects-normal/arm64/XCTestDynamicOverlay.SwiftFileList -DSWIFT_PACKAGE -DDEBUG -DSWIFT_MODULE_RESOURCE_BUNDLE_UNAVAILABLE -DXcode -enable-upcoming-feature ExistentialAny -enable-upcoming-feature ImmutableWeakCaptures -enable-upcoming-feature InferIsolatedConformances -enable-upcoming-feature InternalImportsByDefault -enable-upcoming-feature MemberImportVisibility -enable-upcoming-feature NonisolatedNonsendingByDefault -plugin-path /Applications/Xcode.app/Contents/Developer/Toolchains/XcodeDefault.xctoolchain/usr/lib/swift/host/plugins/testing -enable-experimental-feature DebugDescriptionMacro -sdk /Applications/Xcode.app/Contents/Developer/Platforms/iPhoneSimulator.platform/Developer/SDKs/iPhoneSimulator26.5.sdk -target arm64-apple-ios13.0-simulator -g -module-cache-path /tmp/slumber-repair-derived/ModuleCache.noindex -Xfrontend -serialize-debugging-options -enable-testing -suppress-warnings -index-store-path /tmp/slumber-repair-derived/Index.noindex/DataStore -Xcc -D_LIBCPP_HARDENING_MODE\=_LIBCPP_HARDENING_MODE_DEBUG -swift-version 6 -I /tmp/slumber-repair-derived/Build/Products/Debug-iphonesimulator -Isystem /Applications/Xcode.app/Contents/Developer/Platforms/iPhoneSimulator.platform/Developer/usr/lib -F /tmp/slumber-repair-derived/Build/Products/Debug-iphonesimulator/PackageFrameworks -F /tmp/slumber-repair-derived/Build/Products/Debug-iphonesimulator -F /Applications/Xcode.app/Contents/Developer/Platforms/iPhoneSimulator.platform/Developer/Library/Frameworks -F /Applications/Xcode.app/Contents/Developer/Platforms/iPhoneSimulator.platform/Developer/SDKs/iPhoneSimulator26.5.sdk/Developer/Library/Frameworks -c -j8 -enable-batch-mode -incremental -Xcc -ivfsstatcache -Xcc /tmp/slumber-repair-derived/SDKStatCaches.noindex/iphonesimulator26.5-23F81a-6cfe768891a92b912361537c460fe42b.sdkstatcache -output-file-map /tmp/slumber-repair-derived/Build/Intermediates.noindex/xctest-dynamic-overlay.build/Debug-iphonesimulator/XCTestDynamicOverlay.build/Objects-normal/arm64/XCTestDynamicOverlay-OutputFileMap.json -use-frontend-parseable-output -save-temps -no-color-diagnostics -explicit-module-build -module-cache-path /tmp/slumber-repair-derived/Build/Intermediates.noindex/SwiftExplicitPrecompiledModules -clang-scanner-module-cache-path /tmp/slumber-repair-derived/ModuleCache.noindex -sdk-module-cache-path /tmp/slumber-repair-derived/ModuleCache.noindex -serialize-diagnostics -emit-dependencies -emit-module -emit-module-path /tmp/slumber-repair-derived/Build/Intermediates.noindex/xctest-dynamic-overlay.build/Debug-iphonesimulator/XCTestDynamicOverlay.build/Objects-normal/arm64/XCTestDynamicOverlay.swiftmodule -user-module-version 1.11.0 -validate-clang-modules-once -clang-build-session-file /tmp/slumber-repair-derived/ModuleCache.noindex/Session.modulevalidation -package-name xctest_dynamic_overlay -Xcc -I/tmp/slumber-repair-derived/Build/Intermediates.noindex/xctest-dynamic-overlay.build/Debug-iphonesimulator/XCTestDynamicOverlay.build/swift-overrides.hmap -emit-const-values -Xfrontend -const-gather-protocols-file -Xfrontend /tmp/slumber-repair-derived/Build/Intermediates.noindex/xctest-dynamic-overlay.build/Debug-iphonesimulator/XCTestDynamicOverlay.build/Objects-normal/arm64/XCTestDynamicOverlay_const_extract_protocols.json -Xcc -I/tmp/slumber-repair-derived/Build/Products/Debug-iphonesimulator/include -Xcc -I/tmp/slumber-repair-derived/Build/Intermediates.noindex/xctest-dynamic-overlay.build/Debug-iphonesimulator/XCTestDynamicOverlay.build/DerivedSources-normal/arm64 -Xcc -I/tmp/slumber-repair-derived/Build/Intermediates.noindex/xctest-dynamic-overlay.build/Debug-iphonesimulator/XCTestDynamicOverlay.build/DerivedSources/arm64 -Xcc -I/tmp/slumber-repair-derived/Build/Intermediates.noindex/xctest-dynamic-overlay.build/Debug-iphonesimulator/XCTestDynamicOverlay.build/DerivedSources -Xcc -DSWIFT_PACKAGE -Xcc -DDEBUG\=1 -emit-objc-header -emit-objc-header-path /tmp/slumber-repair-derived/Build/Intermediates.noindex/xctest-dynamic-overlay.build/Debug-iphonesimulator/XCTestDynamicOverlay.build/Objects-normal/arm64/XCTestDynamicOverlay-Swift.h -working-directory /Users/ngawangchime/Desktop/Developer\ Projects/Phone\ in\ the\ Other\ Room/PhoneInTheOtherRoom.xcodeproj -experimental-emit-module-separately -disable-cmo

CompileAssetCatalogVariant thinned /tmp/slumber-repair-derived/Build/Products/Debug-iphonesimulator/Counting\ Sheep\ Live\ Activity.appex /Users/ngawangchime/Desktop/Developer\ Projects/Phone\ in\ the\ Other\ Room/Assets.xcassets (in target 'PhoneInTheOtherRoomLiveActivity' from project 'PhoneInTheOtherRoom')
    cd /Users/ngawangchime/Desktop/Developer\ Projects/Phone\ in\ the\ Other\ Room
    /Applications/Xcode.app/Contents/Developer/usr/bin/actool /Users/ngawangchime/Desktop/Developer\ Projects/Phone\ in\ the\ Other\ Room/Assets.xcassets --compile /tmp/slumber-repair-derived/Build/Intermediates.noindex/PhoneInTheOtherRoom.build/Debug-iphonesimulator/PhoneInTheOtherRoomLiveActivity.build/assetcatalog_output/thinned --output-format human-readable-text --notices --warnings --export-dependency-info /tmp/slumber-repair-derived/Build/Intermediates.noindex/PhoneInTheOtherRoom.build/Debug-iphonesimulator/PhoneInTheOtherRoomLiveActivity.build/assetcatalog_dependencies_thinned --output-partial-info-plist /tmp/slumber-repair-derived/Build/Intermediates.noindex/PhoneInTheOtherRoom.build/Debug-iphonesimulator/PhoneInTheOtherRoomLiveActivity.build/assetcatalog_generated_info.plist_thinned --compress-pngs --enable-on-demand-resources NO --standalone-icon-behavior all --development-region en --target-device iphone --target-device ipad --minimum-deployment-target 17.0 --platform iphonesimulator
/* com.apple.actool.compilation-results */
/tmp/slumber-repair-derived/Build/Intermediates.noindex/PhoneInTheOtherRoom.build/Debug-iphonesimulator/PhoneInTheOtherRoomLiveActivity.build/assetcatalog_generated_info.plist_thinned
/tmp/slumber-repair-derived/Build/Intermediates.noindex/PhoneInTheOtherRoom.build/Debug-iphonesimulator/PhoneInTheOtherRoomLiveActivity.build/assetcatalog_output/thinned/Assets.car


ProcessInfoPlistFile /tmp/slumber-repair-derived/Build/Products/Debug-iphonesimulator/Counting\ Sheep\ Wind\ Down\ Monitor.appex/Info.plist /Users/ngawangchime/Desktop/Developer\ Projects/Phone\ in\ the\ Other\ Room/PhoneInTheOtherRoomDeviceActivityMonitor/Info.plist (in target 'PhoneInTheOtherRoomDeviceActivityMonitor' from project 'PhoneInTheOtherRoom')
    cd /Users/ngawangchime/Desktop/Developer\ Projects/Phone\ in\ the\ Other\ Room
    builtin-infoPlistUtility /Users/ngawangchime/Desktop/Developer\ Projects/Phone\ in\ the\ Other\ Room/PhoneInTheOtherRoomDeviceActivityMonitor/Info.plist -producttype com.apple.product-type.app-extension -expandbuildsettings -format binary -platform iphonesimulator -o /tmp/slumber-repair-derived/Build/Products/Debug-iphonesimulator/Counting\ Sheep\ Wind\ Down\ Monitor.appex/Info.plist

CpResource /tmp/slumber-repair-derived/Build/Products/Debug-iphonesimulator/Counting\ Sheep\ Wind\ Down\ Monitor.appex/PrivacyInfo.xcprivacy /Users/ngawangchime/Desktop/Developer\ Projects/Phone\ in\ the\ Other\ Room/PhoneInTheOtherRoomDeviceActivityMonitor/PrivacyInfo.xcprivacy (in target 'PhoneInTheOtherRoomDeviceActivityMonitor' from project 'PhoneInTheOtherRoom')
    cd /Users/ngawangchime/Desktop/Developer\ Projects/Phone\ in\ the\ Other\ Room
    builtin-copy -exclude .DS_Store -exclude CVS -exclude .svn -exclude .git -exclude .hg -resolve-src-symlinks /Users/ngawangchime/Desktop/Developer\ Projects/Phone\ in\ the\ Other\ Room/PhoneInTheOtherRoomDeviceActivityMonitor/PrivacyInfo.xcprivacy /tmp/slumber-repair-derived/Build/Products/Debug-iphonesimulator/Counting\ Sheep\ Wind\ Down\ Monitor.appex

CreateUniversalBinary /tmp/slumber-repair-derived/Build/Products/Debug-iphonesimulator/Counting\ Sheep\ Wind\ Down\ Shield.appex/Counting\ Sheep\ Wind\ Down\ Shield normal arm64\ x86_64 (in target 'PhoneInTheOtherRoomShieldConfiguration' from project 'PhoneInTheOtherRoom')
    cd /Users/ngawangchime/Desktop/Developer\ Projects/Phone\ in\ the\ Other\ Room
    /Applications/Xcode.app/Contents/Developer/Toolchains/XcodeDefault.xctoolchain/usr/bin/lipo -create /tmp/slumber-repair-derived/Build/Intermediates.noindex/PhoneInTheOtherRoom.build/Debug-iphonesimulator/PhoneInTheOtherRoomShieldConfiguration.build/Objects-normal/arm64/Binary/Counting\ Sheep\ Wind\ Down\ Shield /tmp/slumber-repair-derived/Build/Intermediates.noindex/PhoneInTheOtherRoom.build/Debug-iphonesimulator/PhoneInTheOtherRoomShieldConfiguration.build/Objects-normal/x86_64/Binary/Counting\ Sheep\ Wind\ Down\ Shield -output /tmp/slumber-repair-derived/Build/Products/Debug-iphonesimulator/Counting\ Sheep\ Wind\ Down\ Shield.appex/Counting\ Sheep\ Wind\ Down\ Shield

SwiftDriver\ Compilation Crypto normal x86_64 com.apple.xcode.tools.swift.compiler (in target 'Crypto' from project 'swift-crypto')
    cd /Users/ngawangchime/Desktop/Developer\ Projects/Phone\ in\ the\ Other\ Room/PhoneInTheOtherRoom.xcodeproj
    builtin-Swift-Compilation -- /Applications/Xcode.app/Contents/Developer/Toolchains/XcodeDefault.xctoolchain/usr/bin/swiftc -module-name Crypto -Onone @/tmp/slumber-repair-derived/Build/Intermediates.noindex/swift-crypto.build/Debug-iphonesimulator/Crypto.build/Objects-normal/x86_64/Crypto.SwiftFileList -DSWIFT_PACKAGE -DDEBUG -DSWIFT_MODULE_RESOURCE_BUNDLE_AVAILABLE -DCRYPTO_IN_SWIFTPM -DXcode -enable-upcoming-feature MemberImportVisibility -plugin-path /Applications/Xcode.app/Contents/Developer/Toolchains/XcodeDefault.xctoolchain/usr/lib/swift/host/plugins/testing -enable-experimental-feature DebugDescriptionMacro -sdk /Applications/Xcode.app/Contents/Developer/Platforms/iPhoneSimulator.platform/Developer/SDKs/iPhoneSimulator26.5.sdk -target x86_64-apple-ios12.0-simulator -g -module-cache-path /tmp/slumber-repair-derived/ModuleCache.noindex -Xfrontend -serialize-debugging-options -enable-testing -suppress-warnings -index-store-path /tmp/slumber-repair-derived/Index.noindex/DataStore -Xcc -D_LIBCPP_HARDENING_MODE\=_LIBCPP_HARDENING_MODE_DEBUG -swift-version 6 -I /tmp/slumber-repair-derived/Build/Products/Debug-iphonesimulator -Isystem /Applications/Xcode.app/Contents/Developer/Platforms/iPhoneSimulator.platform/Developer/usr/lib -F /tmp/slumber-repair-derived/Build/Products/Debug-iphonesimulator -F /Applications/Xcode.app/Contents/Developer/Platforms/iPhoneSimulator.platform/Developer/Library/Frameworks -F /Applications/Xcode.app/Contents/Developer/Platforms/iPhoneSimulator.platform/Developer/SDKs/iPhoneSimulator26.5.sdk/Developer/Library/Frameworks -c -j8 -enable-batch-mode -incremental -Xcc -ivfsstatcache -Xcc /tmp/slumber-repair-derived/SDKStatCaches.noindex/iphonesimulator26.5-23F81a-6cfe768891a92b912361537c460fe42b.sdkstatcache -output-file-map /tmp/slumber-repair-derived/Build/Intermediates.noindex/swift-crypto.build/Debug-iphonesimulator/Crypto.build/Objects-normal/x86_64/Crypto-OutputFileMap.json -use-frontend-parseable-output -save-temps -no-color-diagnostics -explicit-module-build -module-cache-path /tmp/slumber-repair-derived/Build/Intermediates.noindex/SwiftExplicitPrecompiledModules -clang-scanner-module-cache-path /tmp/slumber-repair-derived/ModuleCache.noindex -sdk-module-cache-path /tmp/slumber-repair-derived/ModuleCache.noindex -serialize-diagnostics -emit-dependencies -emit-module -emit-module-path /tmp/slumber-repair-derived/Build/Intermediates.noindex/swift-crypto.build/Debug-iphonesimulator/Crypto.build/Objects-normal/x86_64/Crypto.swiftmodule -user-module-version 4.5.0 -validate-clang-modules-once -clang-build-session-file /tmp/slumber-repair-derived/ModuleCache.noindex/Session.modulevalidation -package-name swift_crypto -Xcc -I/tmp/slumber-repair-derived/Build/Intermediates.noindex/swift-crypto.build/Debug-iphonesimulator/Crypto.build/swift-overrides.hmap -emit-const-values -Xfrontend -const-gather-protocols-file -Xfrontend /tmp/slumber-repair-derived/Build/Intermediates.noindex/swift-crypto.build/Debug-iphonesimulator/Crypto.build/Objects-normal/x86_64/Crypto_const_extract_protocols.json -Xcc -I/tmp/slumber-repair-derived/Build/Products/Debug-iphonesimulator/include -Xcc -I/tmp/slumber-repair-derived/Build/Intermediates.noindex/swift-crypto.build/Debug-iphonesimulator/Crypto.build/DerivedSources-normal/x86_64 -Xcc -I/tmp/slumber-repair-derived/Build/Intermediates.noindex/swift-crypto.build/Debug-iphonesimulator/Crypto.build/DerivedSources/x86_64 -Xcc -I/tmp/slumber-repair-derived/Build/Intermediates.noindex/swift-crypto.build/Debug-iphonesimulator/Crypto.build/DerivedSources -Xcc -DSWIFT_PACKAGE -Xcc -DDEBUG\=1 -emit-objc-header -emit-objc-header-path /tmp/slumber-repair-derived/Build/Intermediates.noindex/swift-crypto.build/Debug-iphonesimulator/Crypto.build/Objects-normal/x86_64/Crypto-Swift.h -working-directory /Users/ngawangchime/Desktop/Developer\ Projects/Phone\ in\ the\ Other\ Room/PhoneInTheOtherRoom.xcodeproj -experimental-emit-module-separately -disable-cmo

SwiftDriver\ Compilation Crypto normal arm64 com.apple.xcode.tools.swift.compiler (in target 'Crypto' from project 'swift-crypto')
    cd /Users/ngawangchime/Desktop/Developer\ Projects/Phone\ in\ the\ Other\ Room/PhoneInTheOtherRoom.xcodeproj
    builtin-Swift-Compilation -- /Applications/Xcode.app/Contents/Developer/Toolchains/XcodeDefault.xctoolchain/usr/bin/swiftc -module-name Crypto -Onone @/tmp/slumber-repair-derived/Build/Intermediates.noindex/swift-crypto.build/Debug-iphonesimulator/Crypto.build/Objects-normal/arm64/Crypto.SwiftFileList -DSWIFT_PACKAGE -DDEBUG -DSWIFT_MODULE_RESOURCE_BUNDLE_AVAILABLE -DCRYPTO_IN_SWIFTPM -DXcode -enable-upcoming-feature MemberImportVisibility -plugin-path /Applications/Xcode.app/Contents/Developer/Toolchains/XcodeDefault.xctoolchain/usr/lib/swift/host/plugins/testing -enable-experimental-feature DebugDescriptionMacro -sdk /Applications/Xcode.app/Contents/Developer/Platforms/iPhoneSimulator.platform/Developer/SDKs/iPhoneSimulator26.5.sdk -target arm64-apple-ios12.0-simulator -g -module-cache-path /tmp/slumber-repair-derived/ModuleCache.noindex -Xfrontend -serialize-debugging-options -enable-testing -suppress-warnings -index-store-path /tmp/slumber-repair-derived/Index.noindex/DataStore -Xcc -D_LIBCPP_HARDENING_MODE\=_LIBCPP_HARDENING_MODE_DEBUG -swift-version 6 -I /tmp/slumber-repair-derived/Build/Products/Debug-iphonesimulator -Isystem /Applications/Xcode.app/Contents/Developer/Platforms/iPhoneSimulator.platform/Developer/usr/lib -F /tmp/slumber-repair-derived/Build/Products/Debug-iphonesimulator -F /Applications/Xcode.app/Contents/Developer/Platforms/iPhoneSimulator.platform/Developer/Library/Frameworks -F /Applications/Xcode.app/Contents/Developer/Platforms/iPhoneSimulator.platform/Developer/SDKs/iPhoneSimulator26.5.sdk/Developer/Library/Frameworks -c -j8 -enable-batch-mode -incremental -Xcc -ivfsstatcache -Xcc /tmp/slumber-repair-derived/SDKStatCaches.noindex/iphonesimulator26.5-23F81a-6cfe768891a92b912361537c460fe42b.sdkstatcache -output-file-map /tmp/slumber-repair-derived/Build/Intermediates.noindex/swift-crypto.build/Debug-iphonesimulator/Crypto.build/Objects-normal/arm64/Crypto-OutputFileMap.json -use-frontend-parseable-output -save-temps -no-color-diagnostics -explicit-module-build -module-cache-path /tmp/slumber-repair-derived/Build/Intermediates.noindex/SwiftExplicitPrecompiledModules -clang-scanner-module-cache-path /tmp/slumber-repair-derived/ModuleCache.noindex -sdk-module-cache-path /tmp/slumber-repair-derived/ModuleCache.noindex -serialize-diagnostics -emit-dependencies -emit-module -emit-module-path /tmp/slumber-repair-derived/Build/Intermediates.noindex/swift-crypto.build/Debug-iphonesimulator/Crypto.build/Objects-normal/arm64/Crypto.swiftmodule -user-module-version 4.5.0 -validate-clang-modules-once -clang-build-session-file /tmp/slumber-repair-derived/ModuleCache.noindex/Session.modulevalidation -package-name swift_crypto -Xcc -I/tmp/slumber-repair-derived/Build/Intermediates.noindex/swift-crypto.build/Debug-iphonesimulator/Crypto.build/swift-overrides.hmap -emit-const-values -Xfrontend -const-gather-protocols-file -Xfrontend /tmp/slumber-repair-derived/Build/Intermediates.noindex/swift-crypto.build/Debug-iphonesimulator/Crypto.build/Objects-normal/arm64/Crypto_const_extract_protocols.json -Xcc -I/tmp/slumber-repair-derived/Build/Products/Debug-iphonesimulator/include -Xcc -I/tmp/slumber-repair-derived/Build/Intermediates.noindex/swift-crypto.build/Debug-iphonesimulator/Crypto.build/DerivedSources-normal/arm64 -Xcc -I/tmp/slumber-repair-derived/Build/Intermediates.noindex/swift-crypto.build/Debug-iphonesimulator/Crypto.build/DerivedSources/arm64 -Xcc -I/tmp/slumber-repair-derived/Build/Intermediates.noindex/swift-crypto.build/Debug-iphonesimulator/Crypto.build/DerivedSources -Xcc -DSWIFT_PACKAGE -Xcc -DDEBUG\=1 -emit-objc-header -emit-objc-header-path /tmp/slumber-repair-derived/Build/Intermediates.noindex/swift-crypto.build/Debug-iphonesimulator/Crypto.build/Objects-normal/arm64/Crypto-Swift.h -working-directory /Users/ngawangchime/Desktop/Developer\ Projects/Phone\ in\ the\ Other\ Room/PhoneInTheOtherRoom.xcodeproj -experimental-emit-module-separately -disable-cmo

SwiftDriver\ Compilation ConcurrencyExtras normal x86_64 com.apple.xcode.tools.swift.compiler (in target 'ConcurrencyExtras' from project 'swift-concurrency-extras')
    cd /Users/ngawangchime/Desktop/Developer\ Projects/Phone\ in\ the\ Other\ Room/PhoneInTheOtherRoom.xcodeproj
    builtin-Swift-Compilation -- /Applications/Xcode.app/Contents/Developer/Toolchains/XcodeDefault.xctoolchain/usr/bin/swiftc -module-name ConcurrencyExtras -Onone @/tmp/slumber-repair-derived/Build/Intermediates.noindex/swift-concurrency-extras.build/Debug-iphonesimulator/ConcurrencyExtras.build/Objects-normal/x86_64/ConcurrencyExtras.SwiftFileList -DSWIFT_PACKAGE -DDEBUG -DSWIFT_MODULE_RESOURCE_BUNDLE_UNAVAILABLE -DXcode -enable-upcoming-feature NonisolatedNonsendingByDefault -plugin-path /Applications/Xcode.app/Contents/Developer/Toolchains/XcodeDefault.xctoolchain/usr/lib/swift/host/plugins/testing -enable-experimental-feature DebugDescriptionMacro -sdk /Applications/Xcode.app/Contents/Developer/Platforms/iPhoneSimulator.platform/Developer/SDKs/iPhoneSimulator26.5.sdk -target x86_64-apple-ios13.0-simulator -g -module-cache-path /tmp/slumber-repair-derived/ModuleCache.noindex -Xfrontend -serialize-debugging-options -enable-testing -suppress-warnings -index-store-path /tmp/slumber-repair-derived/Index.noindex/DataStore -Xcc -D_LIBCPP_HARDENING_MODE\=_LIBCPP_HARDENING_MODE_DEBUG -swift-version 6 -I /tmp/slumber-repair-derived/Build/Products/Debug-iphonesimulator -Isystem /Applications/Xcode.app/Contents/Developer/Platforms/iPhoneSimulator.platform/Developer/usr/lib -F /tmp/slumber-repair-derived/Build/Products/Debug-iphonesimulator -F /Applications/Xcode.app/Contents/Developer/Platforms/iPhoneSimulator.platform/Developer/Library/Frameworks -F /Applications/Xcode.app/Contents/Developer/Platforms/iPhoneSimulator.platform/Developer/SDKs/iPhoneSimulator26.5.sdk/Developer/Library/Frameworks -c -j8 -enable-batch-mode -incremental -Xcc -ivfsstatcache -Xcc /tmp/slumber-repair-derived/SDKStatCaches.noindex/iphonesimulator26.5-23F81a-6cfe768891a92b912361537c460fe42b.sdkstatcache -output-file-map /tmp/slumber-repair-derived/Build/Intermediates.noindex/swift-concurrency-extras.build/Debug-iphonesimulator/ConcurrencyExtras.build/Objects-normal/x86_64/ConcurrencyExtras-OutputFileMap.json -use-frontend-parseable-output -save-temps -no-color-diagnostics -explicit-module-build -module-cache-path /tmp/slumber-repair-derived/Build/Intermediates.noindex/SwiftExplicitPrecompiledModules -clang-scanner-module-cache-path /tmp/slumber-repair-derived/ModuleCache.noindex -sdk-module-cache-path /tmp/slumber-repair-derived/ModuleCache.noindex -serialize-diagnostics -emit-dependencies -emit-module -emit-module-path /tmp/slumber-repair-derived/Build/Intermediates.noindex/swift-concurrency-extras.build/Debug-iphonesimulator/ConcurrencyExtras.build/Objects-normal/x86_64/ConcurrencyExtras.swiftmodule -user-module-version 1.4.0 -validate-clang-modules-once -clang-build-session-file /tmp/slumber-repair-derived/ModuleCache.noindex/Session.modulevalidation -package-name swift_concurrency_extras -Xcc -I/tmp/slumber-repair-derived/Build/Intermediates.noindex/swift-concurrency-extras.build/Debug-iphonesimulator/ConcurrencyExtras.build/swift-overrides.hmap -emit-const-values -Xfrontend -const-gather-protocols-file -Xfrontend /tmp/slumber-repair-derived/Build/Intermediates.noindex/swift-concurrency-extras.build/Debug-iphonesimulator/ConcurrencyExtras.build/Objects-normal/x86_64/ConcurrencyExtras_const_extract_protocols.json -Xcc -I/tmp/slumber-repair-derived/Build/Products/Debug-iphonesimulator/include -Xcc -I/tmp/slumber-repair-derived/Build/Intermediates.noindex/swift-concurrency-extras.build/Debug-iphonesimulator/ConcurrencyExtras.build/DerivedSources-normal/x86_64 -Xcc -I/tmp/slumber-repair-derived/Build/Intermediates.noindex/swift-concurrency-extras.build/Debug-iphonesimulator/ConcurrencyExtras.build/DerivedSources/x86_64 -Xcc -I/tmp/slumber-repair-derived/Build/Intermediates.noindex/swift-concurrency-extras.build/Debug-iphonesimulator/ConcurrencyExtras.build/DerivedSources -Xcc -DSWIFT_PACKAGE -Xcc -DDEBUG\=1 -emit-objc-header -emit-objc-header-path /tmp/slumber-repair-derived/Build/Intermediates.noindex/swift-concurrency-extras.build/Debug-iphonesimulator/ConcurrencyExtras.build/Objects-normal/x86_64/ConcurrencyExtras-Swift.h -working-directory /Users/ngawangchime/Desktop/Developer\ Projects/Phone\ in\ the\ Other\ Room/PhoneInTheOtherRoom.xcodeproj -experimental-emit-module-separately -disable-cmo

SwiftDriver\ Compilation ConcurrencyExtras normal arm64 com.apple.xcode.tools.swift.compiler (in target 'ConcurrencyExtras' from project 'swift-concurrency-extras')
    cd /Users/ngawangchime/Desktop/Developer\ Projects/Phone\ in\ the\ Other\ Room/PhoneInTheOtherRoom.xcodeproj
    builtin-Swift-Compilation -- /Applications/Xcode.app/Contents/Developer/Toolchains/XcodeDefault.xctoolchain/usr/bin/swiftc -module-name ConcurrencyExtras -Onone @/tmp/slumber-repair-derived/Build/Intermediates.noindex/swift-concurrency-extras.build/Debug-iphonesimulator/ConcurrencyExtras.build/Objects-normal/arm64/ConcurrencyExtras.SwiftFileList -DSWIFT_PACKAGE -DDEBUG -DSWIFT_MODULE_RESOURCE_BUNDLE_UNAVAILABLE -DXcode -enable-upcoming-feature NonisolatedNonsendingByDefault -plugin-path /Applications/Xcode.app/Contents/Developer/Toolchains/XcodeDefault.xctoolchain/usr/lib/swift/host/plugins/testing -enable-experimental-feature DebugDescriptionMacro -sdk /Applications/Xcode.app/Contents/Developer/Platforms/iPhoneSimulator.platform/Developer/SDKs/iPhoneSimulator26.5.sdk -target arm64-apple-ios13.0-simulator -g -module-cache-path /tmp/slumber-repair-derived/ModuleCache.noindex -Xfrontend -serialize-debugging-options -enable-testing -suppress-warnings -index-store-path /tmp/slumber-repair-derived/Index.noindex/DataStore -Xcc -D_LIBCPP_HARDENING_MODE\=_LIBCPP_HARDENING_MODE_DEBUG -swift-version 6 -I /tmp/slumber-repair-derived/Build/Products/Debug-iphonesimulator -Isystem /Applications/Xcode.app/Contents/Developer/Platforms/iPhoneSimulator.platform/Developer/usr/lib -F /tmp/slumber-repair-derived/Build/Products/Debug-iphonesimulator -F /Applications/Xcode.app/Contents/Developer/Platforms/iPhoneSimulator.platform/Developer/Library/Frameworks -F /Applications/Xcode.app/Contents/Developer/Platforms/iPhoneSimulator.platform/Developer/SDKs/iPhoneSimulator26.5.sdk/Developer/Library/Frameworks -c -j8 -enable-batch-mode -incremental -Xcc -ivfsstatcache -Xcc /tmp/slumber-repair-derived/SDKStatCaches.noindex/iphonesimulator26.5-23F81a-6cfe768891a92b912361537c460fe42b.sdkstatcache -output-file-map /tmp/slumber-repair-derived/Build/Intermediates.noindex/swift-concurrency-extras.build/Debug-iphonesimulator/ConcurrencyExtras.build/Objects-normal/arm64/ConcurrencyExtras-OutputFileMap.json -use-frontend-parseable-output -save-temps -no-color-diagnostics -explicit-module-build -module-cache-path /tmp/slumber-repair-derived/Build/Intermediates.noindex/SwiftExplicitPrecompiledModules -clang-scanner-module-cache-path /tmp/slumber-repair-derived/ModuleCache.noindex -sdk-module-cache-path /tmp/slumber-repair-derived/ModuleCache.noindex -serialize-diagnostics -emit-dependencies -emit-module -emit-module-path /tmp/slumber-repair-derived/Build/Intermediates.noindex/swift-concurrency-extras.build/Debug-iphonesimulator/ConcurrencyExtras.build/Objects-normal/arm64/ConcurrencyExtras.swiftmodule -user-module-version 1.4.0 -validate-clang-modules-once -clang-build-session-file /tmp/slumber-repair-derived/ModuleCache.noindex/Session.modulevalidation -package-name swift_concurrency_extras -Xcc -I/tmp/slumber-repair-derived/Build/Intermediates.noindex/swift-concurrency-extras.build/Debug-iphonesimulator/ConcurrencyExtras.build/swift-overrides.hmap -emit-const-values -Xfrontend -const-gather-protocols-file -Xfrontend /tmp/slumber-repair-derived/Build/Intermediates.noindex/swift-concurrency-extras.build/Debug-iphonesimulator/ConcurrencyExtras.build/Objects-normal/arm64/ConcurrencyExtras_const_extract_protocols.json -Xcc -I/tmp/slumber-repair-derived/Build/Products/Debug-iphonesimulator/include -Xcc -I/tmp/slumber-repair-derived/Build/Intermediates.noindex/swift-concurrency-extras.build/Debug-iphonesimulator/ConcurrencyExtras.build/DerivedSources-normal/arm64 -Xcc -I/tmp/slumber-repair-derived/Build/Intermediates.noindex/swift-concurrency-extras.build/Debug-iphonesimulator/ConcurrencyExtras.build/DerivedSources/arm64 -Xcc -I/tmp/slumber-repair-derived/Build/Intermediates.noindex/swift-concurrency-extras.build/Debug-iphonesimulator/ConcurrencyExtras.build/DerivedSources -Xcc -DSWIFT_PACKAGE -Xcc -DDEBUG\=1 -emit-objc-header -emit-objc-header-path /tmp/slumber-repair-derived/Build/Intermediates.noindex/swift-concurrency-extras.build/Debug-iphonesimulator/ConcurrencyExtras.build/Objects-normal/arm64/ConcurrencyExtras-Swift.h -working-directory /Users/ngawangchime/Desktop/Developer\ Projects/Phone\ in\ the\ Other\ Room/PhoneInTheOtherRoom.xcodeproj -experimental-emit-module-separately -disable-cmo

ExtractAppIntentsMetadata (in target 'PhoneInTheOtherRoomShieldAction' from project 'PhoneInTheOtherRoom')
    cd /Users/ngawangchime/Desktop/Developer\ Projects/Phone\ in\ the\ Other\ Room
    /Applications/Xcode.app/Contents/Developer/Toolchains/XcodeDefault.xctoolchain/usr/bin/appintentsmetadataprocessor --toolchain-dir /Applications/Xcode.app/Contents/Developer/Toolchains/XcodeDefault.xctoolchain --module-name Counting_Sheep_Wind_Down_Action --sdk-root /Applications/Xcode.app/Contents/Developer/Platforms/iPhoneSimulator.platform/Developer/SDKs/iPhoneSimulator26.5.sdk --xcode-version 17F113 --platform-family iOS --deployment-target 17.0 --bundle-identifier com.ngawangchime.countingsheep.ShieldAction --output /tmp/slumber-repair-derived/Build/Products/Debug-iphonesimulator/Counting\ Sheep\ Wind\ Down\ Action.appex --target-triple arm64-apple-ios17.0-simulator --target-triple x86_64-apple-ios17.0-simulator --binary-file /tmp/slumber-repair-derived/Build/Products/Debug-iphonesimulator/Counting\ Sheep\ Wind\ Down\ Action.appex/Counting\ Sheep\ Wind\ Down\ Action --dependency-file /tmp/slumber-repair-derived/Build/Intermediates.noindex/PhoneInTheOtherRoom.build/Debug-iphonesimulator/PhoneInTheOtherRoomShieldAction.build/Objects-normal/arm64/Counting\ Sheep\ Wind\ Down\ Action_dependency_info.dat --dependency-file /tmp/slumber-repair-derived/Build/Intermediates.noindex/PhoneInTheOtherRoom.build/Debug-iphonesimulator/PhoneInTheOtherRoomShieldAction.build/Objects-normal/x86_64/Counting\ Sheep\ Wind\ Down\ Action_dependency_info.dat --stringsdata-file /tmp/slumber-repair-derived/Build/Intermediates.noindex/PhoneInTheOtherRoom.build/Debug-iphonesimulator/PhoneInTheOtherRoomShieldAction.build/Objects-normal/arm64/ExtractedAppShortcutsMetadata.stringsdata --stringsdata-file /tmp/slumber-repair-derived/Build/Intermediates.noindex/PhoneInTheOtherRoom.build/Debug-iphonesimulator/PhoneInTheOtherRoomShieldAction.build/Objects-normal/x86_64/ExtractedAppShortcutsMetadata.stringsdata --source-file-list /tmp/slumber-repair-derived/Build/Intermediates.noindex/PhoneInTheOtherRoom.build/Debug-iphonesimulator/PhoneInTheOtherRoomShieldAction.build/Objects-normal/arm64/Counting\ Sheep\ Wind\ Down\ Action.SwiftFileList --source-file-list /tmp/slumber-repair-derived/Build/Intermediates.noindex/PhoneInTheOtherRoom.build/Debug-iphonesimulator/PhoneInTheOtherRoomShieldAction.build/Objects-normal/x86_64/Counting\ Sheep\ Wind\ Down\ Action.SwiftFileList --metadata-file-list /tmp/slumber-repair-derived/Build/Intermediates.noindex/PhoneInTheOtherRoom.build/Debug-iphonesimulator/PhoneInTheOtherRoomShieldAction.build/Counting\ Sheep\ Wind\ Down\ Action.DependencyMetadataFileList --static-metadata-file-list /tmp/slumber-repair-derived/Build/Intermediates.noindex/PhoneInTheOtherRoom.build/Debug-iphonesimulator/PhoneInTheOtherRoomShieldAction.build/Counting\ Sheep\ Wind\ Down\ Action.DependencyStaticMetadataFileList --swift-const-vals-list /tmp/slumber-repair-derived/Build/Intermediates.noindex/PhoneInTheOtherRoom.build/Debug-iphonesimulator/PhoneInTheOtherRoomShieldAction.build/Objects-normal/arm64/Counting\ Sheep\ Wind\ Down\ Action.SwiftConstValuesFileList --swift-const-vals-list /tmp/slumber-repair-derived/Build/Intermediates.noindex/PhoneInTheOtherRoom.build/Debug-iphonesimulator/PhoneInTheOtherRoomShieldAction.build/Objects-normal/x86_64/Counting\ Sheep\ Wind\ Down\ Action.SwiftConstValuesFileList --compile-time-extraction --deployment-aware-processing --validate-assistant-intents --no-app-shortcuts-localization
2026-09-21 22:33:14.417 appintentsmetadataprocessor[83031:8802872] Starting appintentsmetadataprocessor export
2026-09-21 22:33:14.438 appintentsmetadataprocessor[83031:8802872] warning: Metadata extraction skipped. No AppIntents.framework dependency found.

Ld /tmp/slumber-repair-derived/Build/Intermediates.noindex/PhoneInTheOtherRoom.build/Debug-iphonesimulator/PhoneInTheOtherRoomLiveActivity.build/Objects-normal/x86_64/Binary/Counting\ Sheep\ Live\ Activity.debug.dylib normal x86_64 (in target 'PhoneInTheOtherRoomLiveActivity' from project 'PhoneInTheOtherRoom')
    cd /Users/ngawangchime/Desktop/Developer\ Projects/Phone\ in\ the\ Other\ Room
    /Applications/Xcode.app/Contents/Developer/Toolchains/XcodeDefault.xctoolchain/usr/bin/clang -Xlinker -reproducible -target x86_64-apple-ios17.0-simulator -dynamiclib -isysroot /Applications/Xcode.app/Contents/Developer/Platforms/iPhoneSimulator.platform/Developer/SDKs/iPhoneSimulator26.5.sdk -O0 -L/tmp/slumber-repair-derived/Build/Intermediates.noindex/EagerLinkingTBDs/Debug-iphonesimulator -L/tmp/slumber-repair-derived/Build/Products/Debug-iphonesimulator -F/tmp/slumber-repair-derived/Build/Intermediates.noindex/EagerLinkingTBDs/Debug-iphonesimulator -F/tmp/slumber-repair-derived/Build/Products/Debug-iphonesimulator -filelist /tmp/slumber-repair-derived/Build/Intermediates.noindex/PhoneInTheOtherRoom.build/Debug-iphonesimulator/PhoneInTheOtherRoomLiveActivity.build/Objects-normal/x86_64/Counting\ Sheep\ Live\ Activity.LinkFileList -install_name @rpath/Counting\ Sheep\ Live\ Activity.debug.dylib -Xlinker -rpath -Xlinker /usr/lib/swift -Xlinker -rpath -Xlinker @executable_path/Frameworks -Xlinker -rpath -Xlinker @executable_path/../../Frameworks -Xlinker -dead_strip -Xlinker -object_path_lto -Xlinker /tmp/slumber-repair-derived/Build/Intermediates.noindex/PhoneInTheOtherRoom.build/Debug-iphonesimulator/PhoneInTheOtherRoomLiveActivity.build/Objects-normal/x86_64/Counting\ Sheep\ Live\ Activity_lto.o -rdynamic -Xlinker -no_deduplicate -Xlinker -objc_abi_version -Xlinker 2 -Xlinker -dependency_info -Xlinker /tmp/slumber-repair-derived/Build/Intermediates.noindex/PhoneInTheOtherRoom.build/Debug-iphonesimulator/PhoneInTheOtherRoomLiveActivity.build/Objects-normal/x86_64/Counting\ Sheep\ Live\ Activity_dependency_info.dat -fapplication-extension -fobjc-link-runtime -L/Applications/Xcode.app/Contents/Developer/Toolchains/XcodeDefault.xctoolchain/usr/lib/swift/iphonesimulator -L/usr/lib/swift -Xlinker -add_ast_path -Xlinker /tmp/slumber-repair-derived/Build/Intermediates.noindex/PhoneInTheOtherRoom.build/Debug-iphonesimulator/PhoneInTheOtherRoomLiveActivity.build/Objects-normal/x86_64/Counting_Sheep_Live_Activity.swiftmodule @/tmp/slumber-repair-derived/Build/Intermediates.noindex/PhoneInTheOtherRoom.build/Debug-iphonesimulator/PhoneInTheOtherRoomLiveActivity.build/Objects-normal/x86_64/Counting_Sheep_Live_Activity-linker-args.resp -Xlinker -alias -Xlinker _NSExtensionMain -Xlinker ___debug_main_executable_dylib_entry_point -Xlinker -no_adhoc_codesign -o /tmp/slumber-repair-derived/Build/Intermediates.noindex/PhoneInTheOtherRoom.build/Debug-iphonesimulator/PhoneInTheOtherRoomLiveActivity.build/Objects-normal/x86_64/Binary/Counting\ Sheep\ Live\ Activity.debug.dylib

Ld /tmp/slumber-repair-derived/Build/Intermediates.noindex/PhoneInTheOtherRoom.build/Debug-iphonesimulator/PhoneInTheOtherRoomLiveActivity.build/Objects-normal/arm64/Binary/Counting\ Sheep\ Live\ Activity.debug.dylib normal arm64 (in target 'PhoneInTheOtherRoomLiveActivity' from project 'PhoneInTheOtherRoom')
    cd /Users/ngawangchime/Desktop/Developer\ Projects/Phone\ in\ the\ Other\ Room
    /Applications/Xcode.app/Contents/Developer/Toolchains/XcodeDefault.xctoolchain/usr/bin/clang -Xlinker -reproducible -target arm64-apple-ios17.0-simulator -dynamiclib -isysroot /Applications/Xcode.app/Contents/Developer/Platforms/iPhoneSimulator.platform/Developer/SDKs/iPhoneSimulator26.5.sdk -O0 -L/tmp/slumber-repair-derived/Build/Intermediates.noindex/EagerLinkingTBDs/Debug-iphonesimulator -L/tmp/slumber-repair-derived/Build/Products/Debug-iphonesimulator -F/tmp/slumber-repair-derived/Build/Intermediates.noindex/EagerLinkingTBDs/Debug-iphonesimulator -F/tmp/slumber-repair-derived/Build/Products/Debug-iphonesimulator -filelist /tmp/slumber-repair-derived/Build/Intermediates.noindex/PhoneInTheOtherRoom.build/Debug-iphonesimulator/PhoneInTheOtherRoomLiveActivity.build/Objects-normal/arm64/Counting\ Sheep\ Live\ Activity.LinkFileList -install_name @rpath/Counting\ Sheep\ Live\ Activity.debug.dylib -Xlinker -rpath -Xlinker /usr/lib/swift -Xlinker -rpath -Xlinker @executable_path/Frameworks -Xlinker -rpath -Xlinker @executable_path/../../Frameworks -Xlinker -dead_strip -Xlinker -object_path_lto -Xlinker /tmp/slumber-repair-derived/Build/Intermediates.noindex/PhoneInTheOtherRoom.build/Debug-iphonesimulator/PhoneInTheOtherRoomLiveActivity.build/Objects-normal/arm64/Counting\ Sheep\ Live\ Activity_lto.o -rdynamic -Xlinker -no_deduplicate -Xlinker -objc_abi_version -Xlinker 2 -Xlinker -dependency_info -Xlinker /tmp/slumber-repair-derived/Build/Intermediates.noindex/PhoneInTheOtherRoom.build/Debug-iphonesimulator/PhoneInTheOtherRoomLiveActivity.build/Objects-normal/arm64/Counting\ Sheep\ Live\ Activity_dependency_info.dat -fapplication-extension -fobjc-link-runtime -L/Applications/Xcode.app/Contents/Developer/Toolchains/XcodeDefault.xctoolchain/usr/lib/swift/iphonesimulator -L/usr/lib/swift -Xlinker -add_ast_path -Xlinker /tmp/slumber-repair-derived/Build/Intermediates.noindex/PhoneInTheOtherRoom.build/Debug-iphonesimulator/PhoneInTheOtherRoomLiveActivity.build/Objects-normal/arm64/Counting_Sheep_Live_Activity.swiftmodule @/tmp/slumber-repair-derived/Build/Intermediates.noindex/PhoneInTheOtherRoom.build/Debug-iphonesimulator/PhoneInTheOtherRoomLiveActivity.build/Objects-normal/arm64/Counting_Sheep_Live_Activity-linker-args.resp -Xlinker -alias -Xlinker _NSExtensionMain -Xlinker ___debug_main_executable_dylib_entry_point -Xlinker -no_adhoc_codesign -o /tmp/slumber-repair-derived/Build/Intermediates.noindex/PhoneInTheOtherRoom.build/Debug-iphonesimulator/PhoneInTheOtherRoomLiveActivity.build/Objects-normal/arm64/Binary/Counting\ Sheep\ Live\ Activity.debug.dylib

Ld /tmp/slumber-repair-derived/Build/Intermediates.noindex/PhoneInTheOtherRoom.build/Debug-iphonesimulator/PhoneInTheOtherRoomDeviceActivityMonitor.build/Objects-normal/x86_64/Binary/Counting\ Sheep\ Wind\ Down\ Monitor.debug.dylib normal x86_64 (in target 'PhoneInTheOtherRoomDeviceActivityMonitor' from project 'PhoneInTheOtherRoom')
    cd /Users/ngawangchime/Desktop/Developer\ Projects/Phone\ in\ the\ Other\ Room
    /Applications/Xcode.app/Contents/Developer/Toolchains/XcodeDefault.xctoolchain/usr/bin/clang -Xlinker -reproducible -target x86_64-apple-ios17.0-simulator -dynamiclib -isysroot /Applications/Xcode.app/Contents/Developer/Platforms/iPhoneSimulator.platform/Developer/SDKs/iPhoneSimulator26.5.sdk -O0 -L/tmp/slumber-repair-derived/Build/Intermediates.noindex/EagerLinkingTBDs/Debug-iphonesimulator -L/tmp/slumber-repair-derived/Build/Products/Debug-iphonesimulator -F/tmp/slumber-repair-derived/Build/Intermediates.noindex/EagerLinkingTBDs/Debug-iphonesimulator -F/tmp/slumber-repair-derived/Build/Products/Debug-iphonesimulator -filelist /tmp/slumber-repair-derived/Build/Intermediates.noindex/PhoneInTheOtherRoom.build/Debug-iphonesimulator/PhoneInTheOtherRoomDeviceActivityMonitor.build/Objects-normal/x86_64/Counting\ Sheep\ Wind\ Down\ Monitor.LinkFileList -install_name @rpath/Counting\ Sheep\ Wind\ Down\ Monitor.debug.dylib -Xlinker -rpath -Xlinker /usr/lib/swift -Xlinker -rpath -Xlinker @executable_path/Frameworks -Xlinker -rpath -Xlinker @executable_path/../../Frameworks -Xlinker -dead_strip -Xlinker -object_path_lto -Xlinker /tmp/slumber-repair-derived/Build/Intermediates.noindex/PhoneInTheOtherRoom.build/Debug-iphonesimulator/PhoneInTheOtherRoomDeviceActivityMonitor.build/Objects-normal/x86_64/Counting\ Sheep\ Wind\ Down\ Monitor_lto.o -rdynamic -Xlinker -no_deduplicate -Xlinker -objc_abi_version -Xlinker 2 -Xlinker -dependency_info -Xlinker /tmp/slumber-repair-derived/Build/Intermediates.noindex/PhoneInTheOtherRoom.build/Debug-iphonesimulator/PhoneInTheOtherRoomDeviceActivityMonitor.build/Objects-normal/x86_64/Counting\ Sheep\ Wind\ Down\ Monitor_dependency_info.dat -fapplication-extension -fobjc-link-runtime -L/Applications/Xcode.app/Contents/Developer/Toolchains/XcodeDefault.xctoolchain/usr/lib/swift/iphonesimulator -L/usr/lib/swift -Xlinker -add_ast_path -Xlinker /tmp/slumber-repair-derived/Build/Intermediates.noindex/PhoneInTheOtherRoom.build/Debug-iphonesimulator/PhoneInTheOtherRoomDeviceActivityMonitor.build/Objects-normal/x86_64/Counting_Sheep_Wind_Down_Monitor.swiftmodule @/tmp/slumber-repair-derived/Build/Intermediates.noindex/PhoneInTheOtherRoom.build/Debug-iphonesimulator/PhoneInTheOtherRoomDeviceActivityMonitor.build/Objects-normal/x86_64/Counting_Sheep_Wind_Down_Monitor-linker-args.resp -Xlinker -alias -Xlinker _NSExtensionMain -Xlinker ___debug_main_executable_dylib_entry_point -Xlinker -no_adhoc_codesign -o /tmp/slumber-repair-derived/Build/Intermediates.noindex/PhoneInTheOtherRoom.build/Debug-iphonesimulator/PhoneInTheOtherRoomDeviceActivityMonitor.build/Objects-normal/x86_64/Binary/Counting\ Sheep\ Wind\ Down\ Monitor.debug.dylib

Ld /tmp/slumber-repair-derived/Build/Intermediates.noindex/PhoneInTheOtherRoom.build/Debug-iphonesimulator/PhoneInTheOtherRoomDeviceActivityMonitor.build/Objects-normal/arm64/Binary/Counting\ Sheep\ Wind\ Down\ Monitor.debug.dylib normal arm64 (in target 'PhoneInTheOtherRoomDeviceActivityMonitor' from project 'PhoneInTheOtherRoom')
    cd /Users/ngawangchime/Desktop/Developer\ Projects/Phone\ in\ the\ Other\ Room
    /Applications/Xcode.app/Contents/Developer/Toolchains/XcodeDefault.xctoolchain/usr/bin/clang -Xlinker -reproducible -target arm64-apple-ios17.0-simulator -dynamiclib -isysroot /Applications/Xcode.app/Contents/Developer/Platforms/iPhoneSimulator.platform/Developer/SDKs/iPhoneSimulator26.5.sdk -O0 -L/tmp/slumber-repair-derived/Build/Intermediates.noindex/EagerLinkingTBDs/Debug-iphonesimulator -L/tmp/slumber-repair-derived/Build/Products/Debug-iphonesimulator -F/tmp/slumber-repair-derived/Build/Intermediates.noindex/EagerLinkingTBDs/Debug-iphonesimulator -F/tmp/slumber-repair-derived/Build/Products/Debug-iphonesimulator -filelist /tmp/slumber-repair-derived/Build/Intermediates.noindex/PhoneInTheOtherRoom.build/Debug-iphonesimulator/PhoneInTheOtherRoomDeviceActivityMonitor.build/Objects-normal/arm64/Counting\ Sheep\ Wind\ Down\ Monitor.LinkFileList -install_name @rpath/Counting\ Sheep\ Wind\ Down\ Monitor.debug.dylib -Xlinker -rpath -Xlinker /usr/lib/swift -Xlinker -rpath -Xlinker @executable_path/Frameworks -Xlinker -rpath -Xlinker @executable_path/../../Frameworks -Xlinker -dead_strip -Xlinker -object_path_lto -Xlinker /tmp/slumber-repair-derived/Build/Intermediates.noindex/PhoneInTheOtherRoom.build/Debug-iphonesimulator/PhoneInTheOtherRoomDeviceActivityMonitor.build/Objects-normal/arm64/Counting\ Sheep\ Wind\ Down\ Monitor_lto.o -rdynamic -Xlinker -no_deduplicate -Xlinker -objc_abi_version -Xlinker 2 -Xlinker -dependency_info -Xlinker /tmp/slumber-repair-derived/Build/Intermediates.noindex/PhoneInTheOtherRoom.build/Debug-iphonesimulator/PhoneInTheOtherRoomDeviceActivityMonitor.build/Objects-normal/arm64/Counting\ Sheep\ Wind\ Down\ Monitor_dependency_info.dat -fapplication-extension -fobjc-link-runtime -L/Applications/Xcode.app/Contents/Developer/Toolchains/XcodeDefault.xctoolchain/usr/lib/swift/iphonesimulator -L/usr/lib/swift -Xlinker -add_ast_path -Xlinker /tmp/slumber-repair-derived/Build/Intermediates.noindex/PhoneInTheOtherRoom.build/Debug-iphonesimulator/PhoneInTheOtherRoomDeviceActivityMonitor.build/Objects-normal/arm64/Counting_Sheep_Wind_Down_Monitor.swiftmodule @/tmp/slumber-repair-derived/Build/Intermediates.noindex/PhoneInTheOtherRoom.build/Debug-iphonesimulator/PhoneInTheOtherRoomDeviceActivityMonitor.build/Objects-normal/arm64/Counting_Sheep_Wind_Down_Monitor-linker-args.resp -Xlinker -alias -Xlinker _NSExtensionMain -Xlinker ___debug_main_executable_dylib_entry_point -Xlinker -no_adhoc_codesign -o /tmp/slumber-repair-derived/Build/Intermediates.noindex/PhoneInTheOtherRoom.build/Debug-iphonesimulator/PhoneInTheOtherRoomDeviceActivityMonitor.build/Objects-normal/arm64/Binary/Counting\ Sheep\ Wind\ Down\ Monitor.debug.dylib

ConstructStubExecutorLinkFileList /tmp/slumber-repair-derived/Build/Intermediates.noindex/PhoneInTheOtherRoom.build/Debug-iphonesimulator/PhoneInTheOtherRoomScreenTimeReport.build/Counting\ Sheep\ Screen\ Time\ Report-ExecutorLinkFileList-normal-arm64.txt (in target 'PhoneInTheOtherRoomScreenTimeReport' from project 'PhoneInTheOtherRoom')
    cd /Users/ngawangchime/Desktop/Developer\ Projects/Phone\ in\ the\ Other\ Room
    construct-stub-executor-link-file-list /tmp/slumber-repair-derived/Build/Intermediates.noindex/PhoneInTheOtherRoom.build/Debug-iphonesimulator/PhoneInTheOtherRoomScreenTimeReport.build/Objects-normal/arm64/Binary/Counting\ Sheep\ Screen\ Time\ Report.debug.dylib /Applications/Xcode.app/Contents/Developer/Platforms/iPhoneSimulator.platform/Developer/usr/lib/libPreviewsJITStubExecutor_no_swift_entry_point.a /Applications/Xcode.app/Contents/Developer/Platforms/iPhoneSimulator.platform/Developer/usr/lib/libPreviewsJITStubExecutor.a --output /tmp/slumber-repair-derived/Build/Intermediates.noindex/PhoneInTheOtherRoom.build/Debug-iphonesimulator/PhoneInTheOtherRoomScreenTimeReport.build/Counting\ Sheep\ Screen\ Time\ Report-ExecutorLinkFileList-normal-arm64.txt
note: Using stub executor library with Swift entry point. (in target 'PhoneInTheOtherRoomScreenTimeReport' from project 'PhoneInTheOtherRoom')

CreateUniversalBinary /tmp/slumber-repair-derived/Build/Products/Debug-iphonesimulator/Counting\ Sheep\ Screen\ Time\ Report.appex/Counting\ Sheep\ Screen\ Time\ Report.debug.dylib normal arm64\ x86_64 (in target 'PhoneInTheOtherRoomScreenTimeReport' from project 'PhoneInTheOtherRoom')
    cd /Users/ngawangchime/Desktop/Developer\ Projects/Phone\ in\ the\ Other\ Room
    /Applications/Xcode.app/Contents/Developer/Toolchains/XcodeDefault.xctoolchain/usr/bin/lipo -create /tmp/slumber-repair-derived/Build/Intermediates.noindex/PhoneInTheOtherRoom.build/Debug-iphonesimulator/PhoneInTheOtherRoomScreenTimeReport.build/Objects-normal/arm64/Binary/Counting\ Sheep\ Screen\ Time\ Report.debug.dylib /tmp/slumber-repair-derived/Build/Intermediates.noindex/PhoneInTheOtherRoom.build/Debug-iphonesimulator/PhoneInTheOtherRoomScreenTimeReport.build/Objects-normal/x86_64/Binary/Counting\ Sheep\ Screen\ Time\ Report.debug.dylib -output /tmp/slumber-repair-derived/Build/Products/Debug-iphonesimulator/Counting\ Sheep\ Screen\ Time\ Report.appex/Counting\ Sheep\ Screen\ Time\ Report.debug.dylib

Ld /tmp/slumber-repair-derived/Build/Intermediates.noindex/PhoneInTheOtherRoom.build/Debug-iphonesimulator/PhoneInTheOtherRoomScreenTimeReport.build/Objects-normal/arm64/Binary/Counting\ Sheep\ Screen\ Time\ Report normal arm64 (in target 'PhoneInTheOtherRoomScreenTimeReport' from project 'PhoneInTheOtherRoom')
    cd /Users/ngawangchime/Desktop/Developer\ Projects/Phone\ in\ the\ Other\ Room
    /Applications/Xcode.app/Contents/Developer/Toolchains/XcodeDefault.xctoolchain/usr/bin/clang -Xlinker -reproducible -target arm64-apple-ios17.0-simulator -isysroot /Applications/Xcode.app/Contents/Developer/Platforms/iPhoneSimulator.platform/Developer/SDKs/iPhoneSimulator26.5.sdk -O0 -L/tmp/slumber-repair-derived/Build/Products/Debug-iphonesimulator -F/tmp/slumber-repair-derived/Build/Products/Debug-iphonesimulator -Xlinker -rpath -Xlinker @executable_path -Xlinker -rpath -Xlinker @executable_path/Frameworks -rdynamic -Xlinker -no_deduplicate -Xlinker -objc_abi_version -Xlinker 2 -e ___debug_blank_executor_main -Xlinker -sectcreate -Xlinker __TEXT -Xlinker __debug_dylib -Xlinker /tmp/slumber-repair-derived/Build/Intermediates.noindex/PhoneInTheOtherRoom.build/Debug-iphonesimulator/PhoneInTheOtherRoomScreenTimeReport.build/Counting\ Sheep\ Screen\ Time\ Report-DebugDylibPath-normal-arm64.txt -Xlinker -sectcreate -Xlinker __TEXT -Xlinker __debug_entry -Xlinker /tmp/slumber-repair-derived/Build/Intermediates.noindex/PhoneInTheOtherRoom.build/Debug-iphonesimulator/PhoneInTheOtherRoomScreenTimeReport.build/Counting\ Sheep\ Screen\ Time\ Report-DebugEntryPoint-normal-arm64.txt -Xlinker -sectcreate -Xlinker __TEXT -Xlinker __debug_instlnm -Xlinker /tmp/slumber-repair-derived/Build/Intermediates.noindex/PhoneInTheOtherRoom.build/Debug-iphonesimulator/PhoneInTheOtherRoomScreenTimeReport.build/Counting\ Sheep\ Screen\ Time\ Report-DebugDylibInstallName-normal-arm64.txt -Xlinker -filelist -Xlinker /tmp/slumber-repair-derived/Build/Intermediates.noindex/PhoneInTheOtherRoom.build/Debug-iphonesimulator/PhoneInTheOtherRoomScreenTimeReport.build/Counting\ Sheep\ Screen\ Time\ Report-ExecutorLinkFileList-normal-arm64.txt -Xlinker -sectcreate -Xlinker __TEXT -Xlinker __entitlements -Xlinker /tmp/slumber-repair-derived/Build/Intermediates.noindex/PhoneInTheOtherRoom.build/Debug-iphonesimulator/PhoneInTheOtherRoomScreenTimeReport.build/Counting\ Sheep\ Screen\ Time\ Report.appex-Simulated.xcent -Xlinker -sectcreate -Xlinker __TEXT -Xlinker __ents_der -Xlinker /tmp/slumber-repair-derived/Build/Intermediates.noindex/PhoneInTheOtherRoom.build/Debug-iphonesimulator/PhoneInTheOtherRoomScreenTimeReport.build/Counting\ Sheep\ Screen\ Time\ Report.appex-Simulated.xcent.der /tmp/slumber-repair-derived/Build/Intermediates.noindex/PhoneInTheOtherRoom.build/Debug-iphonesimulator/PhoneInTheOtherRoomScreenTimeReport.build/Objects-normal/arm64/Binary/Counting\ Sheep\ Screen\ Time\ Report.debug.dylib -Xlinker -no_adhoc_codesign -o /tmp/slumber-repair-derived/Build/Intermediates.noindex/PhoneInTheOtherRoom.build/Debug-iphonesimulator/PhoneInTheOtherRoomScreenTimeReport.build/Objects-normal/arm64/Binary/Counting\ Sheep\ Screen\ Time\ Report

ConstructStubExecutorLinkFileList /tmp/slumber-repair-derived/Build/Intermediates.noindex/PhoneInTheOtherRoom.build/Debug-iphonesimulator/PhoneInTheOtherRoomScreenTimeReport.build/Counting\ Sheep\ Screen\ Time\ Report-ExecutorLinkFileList-normal-x86_64.txt (in target 'PhoneInTheOtherRoomScreenTimeReport' from project 'PhoneInTheOtherRoom')
    cd /Users/ngawangchime/Desktop/Developer\ Projects/Phone\ in\ the\ Other\ Room
    construct-stub-executor-link-file-list /tmp/slumber-repair-derived/Build/Intermediates.noindex/PhoneInTheOtherRoom.build/Debug-iphonesimulator/PhoneInTheOtherRoomScreenTimeReport.build/Objects-normal/x86_64/Binary/Counting\ Sheep\ Screen\ Time\ Report.debug.dylib /Applications/Xcode.app/Contents/Developer/Platforms/iPhoneSimulator.platform/Developer/usr/lib/libPreviewsJITStubExecutor_no_swift_entry_point.a /Applications/Xcode.app/Contents/Developer/Platforms/iPhoneSimulator.platform/Developer/usr/lib/libPreviewsJITStubExecutor.a --output /tmp/slumber-repair-derived/Build/Intermediates.noindex/PhoneInTheOtherRoom.build/Debug-iphonesimulator/PhoneInTheOtherRoomScreenTimeReport.build/Counting\ Sheep\ Screen\ Time\ Report-ExecutorLinkFileList-normal-x86_64.txt
note: Using stub executor library with Swift entry point. (in target 'PhoneInTheOtherRoomScreenTimeReport' from project 'PhoneInTheOtherRoom')

Ld /tmp/slumber-repair-derived/Build/Intermediates.noindex/swift-crypto.build/Debug-iphonesimulator/Crypto.build/Objects-normal/arm64/Binary/Crypto.o normal arm64 (in target 'Crypto' from project 'swift-crypto')
    cd /tmp/slumber-repair-derived/SourcePackages/checkouts/swift-crypto
    /Applications/Xcode.app/Contents/Developer/Toolchains/XcodeDefault.xctoolchain/usr/bin/clang -Xlinker -reproducible -target arm64-apple-ios12.0-simulator -r -isysroot /Applications/Xcode.app/Contents/Developer/Platforms/iPhoneSimulator.platform/Developer/SDKs/iPhoneSimulator26.5.sdk -O0 -w -F/tmp/slumber-repair-derived/Build/Intermediates.noindex/EagerLinkingTBDs/Debug-iphonesimulator -F/tmp/slumber-repair-derived/Build/Products/Debug-iphonesimulator -iframework /Applications/Xcode.app/Contents/Developer/Platforms/iPhoneSimulator.platform/Developer/Library/Frameworks -iframework /Applications/Xcode.app/Contents/Developer/Platforms/iPhoneSimulator.platform/Developer/SDKs/iPhoneSimulator26.5.sdk/Developer/Library/Frameworks -filelist /tmp/slumber-repair-derived/Build/Intermediates.noindex/swift-crypto.build/Debug-iphonesimulator/Crypto.build/Objects-normal/arm64/Crypto.LinkFileList -nostdlib -Xlinker -object_path_lto -Xlinker /tmp/slumber-repair-derived/Build/Intermediates.noindex/swift-crypto.build/Debug-iphonesimulator/Crypto.build/Objects-normal/arm64/Crypto_lto.o -Xlinker -no_deduplicate -Xlinker -objc_abi_version -Xlinker 2 -Xlinker -dependency_info -Xlinker /tmp/slumber-repair-derived/Build/Intermediates.noindex/swift-crypto.build/Debug-iphonesimulator/Crypto.build/Objects-normal/arm64/Crypto_dependency_info.dat -fobjc-link-runtime -L/Applications/Xcode.app/Contents/Developer/Toolchains/XcodeDefault.xctoolchain/usr/lib/swift/iphonesimulator -L/usr/lib/swift -Xlinker -add_ast_path -Xlinker /tmp/slumber-repair-derived/Build/Intermediates.noindex/swift-crypto.build/Debug-iphonesimulator/Crypto.build/Objects-normal/arm64/Crypto.swiftmodule @/tmp/slumber-repair-derived/Build/Intermediates.noindex/swift-crypto.build/Debug-iphonesimulator/Crypto.build/Objects-normal/arm64/Crypto-linker-args.resp -o /tmp/slumber-repair-derived/Build/Intermediates.noindex/swift-crypto.build/Debug-iphonesimulator/Crypto.build/Objects-normal/arm64/Binary/Crypto.o

Ld /tmp/slumber-repair-derived/Build/Intermediates.noindex/PhoneInTheOtherRoom.build/Debug-iphonesimulator/PhoneInTheOtherRoomScreenTimeReport.build/Objects-normal/x86_64/Binary/Counting\ Sheep\ Screen\ Time\ Report normal x86_64 (in target 'PhoneInTheOtherRoomScreenTimeReport' from project 'PhoneInTheOtherRoom')
    cd /Users/ngawangchime/Desktop/Developer\ Projects/Phone\ in\ the\ Other\ Room
    /Applications/Xcode.app/Contents/Developer/Toolchains/XcodeDefault.xctoolchain/usr/bin/clang -Xlinker -reproducible -target x86_64-apple-ios17.0-simulator -isysroot /Applications/Xcode.app/Contents/Developer/Platforms/iPhoneSimulator.platform/Developer/SDKs/iPhoneSimulator26.5.sdk -O0 -L/tmp/slumber-repair-derived/Build/Products/Debug-iphonesimulator -F/tmp/slumber-repair-derived/Build/Products/Debug-iphonesimulator -Xlinker -rpath -Xlinker @executable_path -Xlinker -rpath -Xlinker @executable_path/Frameworks -rdynamic -Xlinker -no_deduplicate -Xlinker -objc_abi_version -Xlinker 2 -e ___debug_blank_executor_main -Xlinker -sectcreate -Xlinker __TEXT -Xlinker __debug_dylib -Xlinker /tmp/slumber-repair-derived/Build/Intermediates.noindex/PhoneInTheOtherRoom.build/Debug-iphonesimulator/PhoneInTheOtherRoomScreenTimeReport.build/Counting\ Sheep\ Screen\ Time\ Report-DebugDylibPath-normal-x86_64.txt -Xlinker -sectcreate -Xlinker __TEXT -Xlinker __debug_entry -Xlinker /tmp/slumber-repair-derived/Build/Intermediates.noindex/PhoneInTheOtherRoom.build/Debug-iphonesimulator/PhoneInTheOtherRoomScreenTimeReport.build/Counting\ Sheep\ Screen\ Time\ Report-DebugEntryPoint-normal-x86_64.txt -Xlinker -sectcreate -Xlinker __TEXT -Xlinker __debug_instlnm -Xlinker /tmp/slumber-repair-derived/Build/Intermediates.noindex/PhoneInTheOtherRoom.build/Debug-iphonesimulator/PhoneInTheOtherRoomScreenTimeReport.build/Counting\ Sheep\ Screen\ Time\ Report-DebugDylibInstallName-normal-x86_64.txt -Xlinker -filelist -Xlinker /tmp/slumber-repair-derived/Build/Intermediates.noindex/PhoneInTheOtherRoom.build/Debug-iphonesimulator/PhoneInTheOtherRoomScreenTimeReport.build/Counting\ Sheep\ Screen\ Time\ Report-ExecutorLinkFileList-normal-x86_64.txt -Xlinker -sectcreate -Xlinker __TEXT -Xlinker __entitlements -Xlinker /tmp/slumber-repair-derived/Build/Intermediates.noindex/PhoneInTheOtherRoom.build/Debug-iphonesimulator/PhoneInTheOtherRoomScreenTimeReport.build/Counting\ Sheep\ Screen\ Time\ Report.appex-Simulated.xcent -Xlinker -sectcreate -Xlinker __TEXT -Xlinker __ents_der -Xlinker /tmp/slumber-repair-derived/Build/Intermediates.noindex/PhoneInTheOtherRoom.build/Debug-iphonesimulator/PhoneInTheOtherRoomScreenTimeReport.build/Counting\ Sheep\ Screen\ Time\ Report.appex-Simulated.xcent.der /tmp/slumber-repair-derived/Build/Intermediates.noindex/PhoneInTheOtherRoom.build/Debug-iphonesimulator/PhoneInTheOtherRoomScreenTimeReport.build/Objects-normal/x86_64/Binary/Counting\ Sheep\ Screen\ Time\ Report.debug.dylib -Xlinker -no_adhoc_codesign -o /tmp/slumber-repair-derived/Build/Intermediates.noindex/PhoneInTheOtherRoom.build/Debug-iphonesimulator/PhoneInTheOtherRoomScreenTimeReport.build/Objects-normal/x86_64/Binary/Counting\ Sheep\ Screen\ Time\ Report

CreateUniversalBinary /tmp/slumber-repair-derived/Build/Products/Debug-iphonesimulator/Crypto.o normal arm64\ x86_64 (in target 'Crypto' from project 'swift-crypto')
    cd /tmp/slumber-repair-derived/SourcePackages/checkouts/swift-crypto
    /Applications/Xcode.app/Contents/Developer/Toolchains/XcodeDefault.xctoolchain/usr/bin/lipo -create /tmp/slumber-repair-derived/Build/Intermediates.noindex/swift-crypto.build/Debug-iphonesimulator/Crypto.build/Objects-normal/arm64/Binary/Crypto.o /tmp/slumber-repair-derived/Build/Intermediates.noindex/swift-crypto.build/Debug-iphonesimulator/Crypto.build/Objects-normal/x86_64/Binary/Crypto.o -output /tmp/slumber-repair-derived/Build/Products/Debug-iphonesimulator/Crypto.o

CreateUniversalBinary /tmp/slumber-repair-derived/Build/Products/Debug-iphonesimulator/Counting\ Sheep\ Screen\ Time\ Report.appex/Counting\ Sheep\ Screen\ Time\ Report normal arm64\ x86_64 (in target 'PhoneInTheOtherRoomScreenTimeReport' from project 'PhoneInTheOtherRoom')
    cd /Users/ngawangchime/Desktop/Developer\ Projects/Phone\ in\ the\ Other\ Room
    /Applications/Xcode.app/Contents/Developer/Toolchains/XcodeDefault.xctoolchain/usr/bin/lipo -create /tmp/slumber-repair-derived/Build/Intermediates.noindex/PhoneInTheOtherRoom.build/Debug-iphonesimulator/PhoneInTheOtherRoomScreenTimeReport.build/Objects-normal/arm64/Binary/Counting\ Sheep\ Screen\ Time\ Report /tmp/slumber-repair-derived/Build/Intermediates.noindex/PhoneInTheOtherRoom.build/Debug-iphonesimulator/PhoneInTheOtherRoomScreenTimeReport.build/Objects-normal/x86_64/Binary/Counting\ Sheep\ Screen\ Time\ Report -output /tmp/slumber-repair-derived/Build/Products/Debug-iphonesimulator/Counting\ Sheep\ Screen\ Time\ Report.appex/Counting\ Sheep\ Screen\ Time\ Report

Ld /tmp/slumber-repair-derived/Build/Intermediates.noindex/swift-concurrency-extras.build/Debug-iphonesimulator/ConcurrencyExtras.build/Objects-normal/arm64/Binary/ConcurrencyExtras.o normal arm64 (in target 'ConcurrencyExtras' from project 'swift-concurrency-extras')
    cd /tmp/slumber-repair-derived/SourcePackages/checkouts/swift-concurrency-extras
    /Applications/Xcode.app/Contents/Developer/Toolchains/XcodeDefault.xctoolchain/usr/bin/clang -Xlinker -reproducible -target arm64-apple-ios13.0-simulator -r -isysroot /Applications/Xcode.app/Contents/Developer/Platforms/iPhoneSimulator.platform/Developer/SDKs/iPhoneSimulator26.5.sdk -O0 -w -F/tmp/slumber-repair-derived/Build/Intermediates.noindex/EagerLinkingTBDs/Debug-iphonesimulator -F/tmp/slumber-repair-derived/Build/Products/Debug-iphonesimulator -iframework /Applications/Xcode.app/Contents/Developer/Platforms/iPhoneSimulator.platform/Developer/Library/Frameworks -iframework /Applications/Xcode.app/Contents/Developer/Platforms/iPhoneSimulator.platform/Developer/SDKs/iPhoneSimulator26.5.sdk/Developer/Library/Frameworks -filelist /tmp/slumber-repair-derived/Build/Intermediates.noindex/swift-concurrency-extras.build/Debug-iphonesimulator/ConcurrencyExtras.build/Objects-normal/arm64/ConcurrencyExtras.LinkFileList -nostdlib -Xlinker -object_path_lto -Xlinker /tmp/slumber-repair-derived/Build/Intermediates.noindex/swift-concurrency-extras.build/Debug-iphonesimulator/ConcurrencyExtras.build/Objects-normal/arm64/ConcurrencyExtras_lto.o -Xlinker -no_deduplicate -Xlinker -objc_abi_version -Xlinker 2 -Xlinker -dependency_info -Xlinker /tmp/slumber-repair-derived/Build/Intermediates.noindex/swift-concurrency-extras.build/Debug-iphonesimulator/ConcurrencyExtras.build/Objects-normal/arm64/ConcurrencyExtras_dependency_info.dat -fobjc-link-runtime -L/Applications/Xcode.app/Contents/Developer/Toolchains/XcodeDefault.xctoolchain/usr/lib/swift/iphonesimulator -L/usr/lib/swift -Xlinker -add_ast_path -Xlinker /tmp/slumber-repair-derived/Build/Intermediates.noindex/swift-concurrency-extras.build/Debug-iphonesimulator/ConcurrencyExtras.build/Objects-normal/arm64/ConcurrencyExtras.swiftmodule @/tmp/slumber-repair-derived/Build/Intermediates.noindex/swift-concurrency-extras.build/Debug-iphonesimulator/ConcurrencyExtras.build/Objects-normal/arm64/ConcurrencyExtras-linker-args.resp -o /tmp/slumber-repair-derived/Build/Intermediates.noindex/swift-concurrency-extras.build/Debug-iphonesimulator/ConcurrencyExtras.build/Objects-normal/arm64/Binary/ConcurrencyExtras.o

ExtractAppIntentsMetadata (in target 'IssueReporting' from project 'xctest-dynamic-overlay')
    cd /tmp/slumber-repair-derived/SourcePackages/checkouts/xctest-dynamic-overlay
    /Applications/Xcode.app/Contents/Developer/Toolchains/XcodeDefault.xctoolchain/usr/bin/appintentsmetadataprocessor --toolchain-dir /Applications/Xcode.app/Contents/Developer/Toolchains/XcodeDefault.xctoolchain --module-name IssueReporting --sdk-root /Applications/Xcode.app/Contents/Developer/Platforms/iPhoneSimulator.platform/Developer/SDKs/iPhoneSimulator26.5.sdk --xcode-version 17F113 --platform-family iOS --deployment-target 13.0 --bundle-identifier xctest-dynamic-overlay.IssueReporting --output /tmp/slumber-repair-derived/Build/Products/Debug-iphonesimulator/IssueReporting.appintents --target-triple arm64-apple-ios13.0-simulator --target-triple x86_64-apple-ios13.0-simulator --binary-file /tmp/slumber-repair-derived/Build/Products/Debug-iphonesimulator/IssueReporting.o --dependency-file /tmp/slumber-repair-derived/Build/Intermediates.noindex/xctest-dynamic-overlay.build/Debug-iphonesimulator/IssueReporting.build/Objects-normal/arm64/IssueReporting_dependency_info.dat --dependency-file /tmp/slumber-repair-derived/Build/Intermediates.noindex/xctest-dynamic-overlay.build/Debug-iphonesimulator/IssueReporting.build/Objects-normal/x86_64/IssueReporting_dependency_info.dat --stringsdata-file /tmp/slumber-repair-derived/Build/Intermediates.noindex/xctest-dynamic-overlay.build/Debug-iphonesimulator/IssueReporting.build/Objects-normal/arm64/ExtractedAppShortcutsMetadata.stringsdata --stringsdata-file /tmp/slumber-repair-derived/Build/Intermediates.noindex/xctest-dynamic-overlay.build/Debug-iphonesimulator/IssueReporting.build/Objects-normal/x86_64/ExtractedAppShortcutsMetadata.stringsdata --source-file-list /tmp/slumber-repair-derived/Build/Intermediates.noindex/xctest-dynamic-overlay.build/Debug-iphonesimulator/IssueReporting.build/Objects-normal/arm64/IssueReporting.SwiftFileList --source-file-list /tmp/slumber-repair-derived/Build/Intermediates.noindex/xctest-dynamic-overlay.build/Debug-iphonesimulator/IssueReporting.build/Objects-normal/x86_64/IssueReporting.SwiftFileList --metadata-file-list /tmp/slumber-repair-derived/Build/Intermediates.noindex/xctest-dynamic-overlay.build/Debug-iphonesimulator/IssueReporting.build/IssueReporting.DependencyMetadataFileList --static-metadata-file-list /tmp/slumber-repair-derived/Build/Intermediates.noindex/xctest-dynamic-overlay.build/Debug-iphonesimulator/IssueReporting.build/IssueReporting.DependencyStaticMetadataFileList --swift-const-vals-list /tmp/slumber-repair-derived/Build/Intermediates.noindex/xctest-dynamic-overlay.build/Debug-iphonesimulator/IssueReporting.build/Objects-normal/arm64/IssueReporting.SwiftConstValuesFileList --swift-const-vals-list /tmp/slumber-repair-derived/Build/Intermediates.noindex/xctest-dynamic-overlay.build/Debug-iphonesimulator/IssueReporting.build/Objects-normal/x86_64/IssueReporting.SwiftConstValuesFileList --force --compile-time-extraction --deployment-aware-processing --validate-assistant-intents --no-app-shortcuts-localization
2026-09-21 22:33:16.211 appintentsmetadataprocessor[83053:8803023] Starting appintentsmetadataprocessor export
2026-09-21 22:33:16.287 appintentsmetadataprocessor[83053:8803023] Extracted no relevant App Intents symbols, skipping writing output

ConstructStubExecutorLinkFileList /tmp/slumber-repair-derived/Build/Intermediates.noindex/PhoneInTheOtherRoom.build/Debug-iphonesimulator/PhoneInTheOtherRoomLiveActivity.build/Counting\ Sheep\ Live\ Activity-ExecutorLinkFileList-normal-x86_64.txt (in target 'PhoneInTheOtherRoomLiveActivity' from project 'PhoneInTheOtherRoom')
    cd /Users/ngawangchime/Desktop/Developer\ Projects/Phone\ in\ the\ Other\ Room
    construct-stub-executor-link-file-list /tmp/slumber-repair-derived/Build/Intermediates.noindex/PhoneInTheOtherRoom.build/Debug-iphonesimulator/PhoneInTheOtherRoomLiveActivity.build/Objects-normal/x86_64/Binary/Counting\ Sheep\ Live\ Activity.debug.dylib /Applications/Xcode.app/Contents/Developer/Platforms/iPhoneSimulator.platform/Developer/usr/lib/libPreviewsJITStubExecutor_no_swift_entry_point.a /Applications/Xcode.app/Contents/Developer/Platforms/iPhoneSimulator.platform/Developer/usr/lib/libPreviewsJITStubExecutor.a --output /tmp/slumber-repair-derived/Build/Intermediates.noindex/PhoneInTheOtherRoom.build/Debug-iphonesimulator/PhoneInTheOtherRoomLiveActivity.build/Counting\ Sheep\ Live\ Activity-ExecutorLinkFileList-normal-x86_64.txt
note: Using stub executor library with Swift entry point. (in target 'PhoneInTheOtherRoomLiveActivity' from project 'PhoneInTheOtherRoom')

CreateUniversalBinary /tmp/slumber-repair-derived/Build/Products/Debug-iphonesimulator/ConcurrencyExtras.o normal arm64\ x86_64 (in target 'ConcurrencyExtras' from project 'swift-concurrency-extras')
    cd /tmp/slumber-repair-derived/SourcePackages/checkouts/swift-concurrency-extras
    /Applications/Xcode.app/Contents/Developer/Toolchains/XcodeDefault.xctoolchain/usr/bin/lipo -create /tmp/slumber-repair-derived/Build/Intermediates.noindex/swift-concurrency-extras.build/Debug-iphonesimulator/ConcurrencyExtras.build/Objects-normal/arm64/Binary/ConcurrencyExtras.o /tmp/slumber-repair-derived/Build/Intermediates.noindex/swift-concurrency-extras.build/Debug-iphonesimulator/ConcurrencyExtras.build/Objects-normal/x86_64/Binary/ConcurrencyExtras.o -output /tmp/slumber-repair-derived/Build/Products/Debug-iphonesimulator/ConcurrencyExtras.o

Ld /tmp/slumber-repair-derived/Build/Intermediates.noindex/PhoneInTheOtherRoom.build/Debug-iphonesimulator/PhoneInTheOtherRoomLiveActivity.build/Objects-normal/x86_64/Binary/Counting\ Sheep\ Live\ Activity normal x86_64 (in target 'PhoneInTheOtherRoomLiveActivity' from project 'PhoneInTheOtherRoom')
    cd /Users/ngawangchime/Desktop/Developer\ Projects/Phone\ in\ the\ Other\ Room
    /Applications/Xcode.app/Contents/Developer/Toolchains/XcodeDefault.xctoolchain/usr/bin/clang -Xlinker -reproducible -target x86_64-apple-ios17.0-simulator -isysroot /Applications/Xcode.app/Contents/Developer/Platforms/iPhoneSimulator.platform/Developer/SDKs/iPhoneSimulator26.5.sdk -O0 -L/tmp/slumber-repair-derived/Build/Products/Debug-iphonesimulator -F/tmp/slumber-repair-derived/Build/Products/Debug-iphonesimulator -Xlinker -rpath -Xlinker @executable_path -Xlinker -rpath -Xlinker @executable_path/Frameworks -Xlinker -rpath -Xlinker @executable_path/../../Frameworks -rdynamic -Xlinker -no_deduplicate -Xlinker -objc_abi_version -Xlinker 2 -e ___debug_blank_executor_main -Xlinker -sectcreate -Xlinker __TEXT -Xlinker __debug_dylib -Xlinker /tmp/slumber-repair-derived/Build/Intermediates.noindex/PhoneInTheOtherRoom.build/Debug-iphonesimulator/PhoneInTheOtherRoomLiveActivity.build/Counting\ Sheep\ Live\ Activity-DebugDylibPath-normal-x86_64.txt -Xlinker -sectcreate -Xlinker __TEXT -Xlinker __debug_entry -Xlinker /tmp/slumber-repair-derived/Build/Intermediates.noindex/PhoneInTheOtherRoom.build/Debug-iphonesimulator/PhoneInTheOtherRoomLiveActivity.build/Counting\ Sheep\ Live\ Activity-DebugEntryPoint-normal-x86_64.txt -Xlinker -sectcreate -Xlinker __TEXT -Xlinker __debug_instlnm -Xlinker /tmp/slumber-repair-derived/Build/Intermediates.noindex/PhoneInTheOtherRoom.build/Debug-iphonesimulator/PhoneInTheOtherRoomLiveActivity.build/Counting\ Sheep\ Live\ Activity-DebugDylibInstallName-normal-x86_64.txt -Xlinker -filelist -Xlinker /tmp/slumber-repair-derived/Build/Intermediates.noindex/PhoneInTheOtherRoom.build/Debug-iphonesimulator/PhoneInTheOtherRoomLiveActivity.build/Counting\ Sheep\ Live\ Activity-ExecutorLinkFileList-normal-x86_64.txt -Xlinker -sectcreate -Xlinker __TEXT -Xlinker __entitlements -Xlinker /tmp/slumber-repair-derived/Build/Intermediates.noindex/PhoneInTheOtherRoom.build/Debug-iphonesimulator/PhoneInTheOtherRoomLiveActivity.build/Counting\ Sheep\ Live\ Activity.appex-Simulated.xcent -Xlinker -sectcreate -Xlinker __TEXT -Xlinker __ents_der -Xlinker /tmp/slumber-repair-derived/Build/Intermediates.noindex/PhoneInTheOtherRoom.build/Debug-iphonesimulator/PhoneInTheOtherRoomLiveActivity.build/Counting\ Sheep\ Live\ Activity.appex-Simulated.xcent.der /tmp/slumber-repair-derived/Build/Intermediates.noindex/PhoneInTheOtherRoom.build/Debug-iphonesimulator/PhoneInTheOtherRoomLiveActivity.build/Objects-normal/x86_64/Binary/Counting\ Sheep\ Live\ Activity.debug.dylib -Xlinker -no_adhoc_codesign -o /tmp/slumber-repair-derived/Build/Intermediates.noindex/PhoneInTheOtherRoom.build/Debug-iphonesimulator/PhoneInTheOtherRoomLiveActivity.build/Objects-normal/x86_64/Binary/Counting\ Sheep\ Live\ Activity

CodeSign /tmp/slumber-repair-derived/Build/Products/Debug-iphonesimulator/Counting\ Sheep\ Wind\ Down\ Action.appex/Counting\ Sheep\ Wind\ Down\ Action.debug.dylib (in target 'PhoneInTheOtherRoomShieldAction' from project 'PhoneInTheOtherRoom')
    cd /Users/ngawangchime/Desktop/Developer\ Projects/Phone\ in\ the\ Other\ Room

    Signing Identity:     "Sign to Run Locally"

    /usr/bin/codesign --force --sign - --timestamp\=none --generate-entitlement-der /tmp/slumber-repair-derived/Build/Products/Debug-iphonesimulator/Counting\ Sheep\ Wind\ Down\ Action.appex/Counting\ Sheep\ Wind\ Down\ Action.debug.dylib

CreateUniversalBinary /tmp/slumber-repair-derived/Build/Products/Debug-iphonesimulator/Counting\ Sheep\ Live\ Activity.appex/Counting\ Sheep\ Live\ Activity.debug.dylib normal arm64\ x86_64 (in target 'PhoneInTheOtherRoomLiveActivity' from project 'PhoneInTheOtherRoom')
    cd /Users/ngawangchime/Desktop/Developer\ Projects/Phone\ in\ the\ Other\ Room
    /Applications/Xcode.app/Contents/Developer/Toolchains/XcodeDefault.xctoolchain/usr/bin/lipo -create /tmp/slumber-repair-derived/Build/Intermediates.noindex/PhoneInTheOtherRoom.build/Debug-iphonesimulator/PhoneInTheOtherRoomLiveActivity.build/Objects-normal/arm64/Binary/Counting\ Sheep\ Live\ Activity.debug.dylib /tmp/slumber-repair-derived/Build/Intermediates.noindex/PhoneInTheOtherRoom.build/Debug-iphonesimulator/PhoneInTheOtherRoomLiveActivity.build/Objects-normal/x86_64/Binary/Counting\ Sheep\ Live\ Activity.debug.dylib -output /tmp/slumber-repair-derived/Build/Products/Debug-iphonesimulator/Counting\ Sheep\ Live\ Activity.appex/Counting\ Sheep\ Live\ Activity.debug.dylib

ConstructStubExecutorLinkFileList /tmp/slumber-repair-derived/Build/Intermediates.noindex/PhoneInTheOtherRoom.build/Debug-iphonesimulator/PhoneInTheOtherRoomLiveActivity.build/Counting\ Sheep\ Live\ Activity-ExecutorLinkFileList-normal-arm64.txt (in target 'PhoneInTheOtherRoomLiveActivity' from project 'PhoneInTheOtherRoom')
    cd /Users/ngawangchime/Desktop/Developer\ Projects/Phone\ in\ the\ Other\ Room
    construct-stub-executor-link-file-list /tmp/slumber-repair-derived/Build/Intermediates.noindex/PhoneInTheOtherRoom.build/Debug-iphonesimulator/PhoneInTheOtherRoomLiveActivity.build/Objects-normal/arm64/Binary/Counting\ Sheep\ Live\ Activity.debug.dylib /Applications/Xcode.app/Contents/Developer/Platforms/iPhoneSimulator.platform/Developer/usr/lib/libPreviewsJITStubExecutor_no_swift_entry_point.a /Applications/Xcode.app/Contents/Developer/Platforms/iPhoneSimulator.platform/Developer/usr/lib/libPreviewsJITStubExecutor.a --output /tmp/slumber-repair-derived/Build/Intermediates.noindex/PhoneInTheOtherRoom.build/Debug-iphonesimulator/PhoneInTheOtherRoomLiveActivity.build/Counting\ Sheep\ Live\ Activity-ExecutorLinkFileList-normal-arm64.txt
note: Using stub executor library with Swift entry point. (in target 'PhoneInTheOtherRoomLiveActivity' from project 'PhoneInTheOtherRoom')

ConstructStubExecutorLinkFileList /tmp/slumber-repair-derived/Build/Intermediates.noindex/PhoneInTheOtherRoom.build/Debug-iphonesimulator/PhoneInTheOtherRoomDeviceActivityMonitor.build/Counting\ Sheep\ Wind\ Down\ Monitor-ExecutorLinkFileList-normal-x86_64.txt (in target 'PhoneInTheOtherRoomDeviceActivityMonitor' from project 'PhoneInTheOtherRoom')
    cd /Users/ngawangchime/Desktop/Developer\ Projects/Phone\ in\ the\ Other\ Room
    construct-stub-executor-link-file-list /tmp/slumber-repair-derived/Build/Intermediates.noindex/PhoneInTheOtherRoom.build/Debug-iphonesimulator/PhoneInTheOtherRoomDeviceActivityMonitor.build/Objects-normal/x86_64/Binary/Counting\ Sheep\ Wind\ Down\ Monitor.debug.dylib /Applications/Xcode.app/Contents/Developer/Platforms/iPhoneSimulator.platform/Developer/usr/lib/libPreviewsJITStubExecutor_no_swift_entry_point.a /Applications/Xcode.app/Contents/Developer/Platforms/iPhoneSimulator.platform/Developer/usr/lib/libPreviewsJITStubExecutor.a --output /tmp/slumber-repair-derived/Build/Intermediates.noindex/PhoneInTheOtherRoom.build/Debug-iphonesimulator/PhoneInTheOtherRoomDeviceActivityMonitor.build/Counting\ Sheep\ Wind\ Down\ Monitor-ExecutorLinkFileList-normal-x86_64.txt
note: Using stub executor library without Swift entry point. (in target 'PhoneInTheOtherRoomDeviceActivityMonitor' from project 'PhoneInTheOtherRoom')

ExtractAppIntentsMetadata (in target 'HTTPTypes' from project 'swift-http-types')
    cd /tmp/slumber-repair-derived/SourcePackages/checkouts/swift-http-types
    /Applications/Xcode.app/Contents/Developer/Toolchains/XcodeDefault.xctoolchain/usr/bin/appintentsmetadataprocessor --toolchain-dir /Applications/Xcode.app/Contents/Developer/Toolchains/XcodeDefault.xctoolchain --module-name HTTPTypes --sdk-root /Applications/Xcode.app/Contents/Developer/Platforms/iPhoneSimulator.platform/Developer/SDKs/iPhoneSimulator26.5.sdk --xcode-version 17F113 --platform-family iOS --deployment-target 12.0 --bundle-identifier swift-http-types.HTTPTypes --output /tmp/slumber-repair-derived/Build/Products/Debug-iphonesimulator/HTTPTypes.appintents --target-triple arm64-apple-ios12.0-simulator --target-triple x86_64-apple-ios12.0-simulator --binary-file /tmp/slumber-repair-derived/Build/Products/Debug-iphonesimulator/HTTPTypes.o --dependency-file /tmp/slumber-repair-derived/Build/Intermediates.noindex/swift-http-types.build/Debug-iphonesimulator/HTTPTypes.build/Objects-normal/arm64/HTTPTypes_dependency_info.dat --dependency-file /tmp/slumber-repair-derived/Build/Intermediates.noindex/swift-http-types.build/Debug-iphonesimulator/HTTPTypes.build/Objects-normal/x86_64/HTTPTypes_dependency_info.dat --stringsdata-file /tmp/slumber-repair-derived/Build/Intermediates.noindex/swift-http-types.build/Debug-iphonesimulator/HTTPTypes.build/Objects-normal/arm64/ExtractedAppShortcutsMetadata.stringsdata --stringsdata-file /tmp/slumber-repair-derived/Build/Intermediates.noindex/swift-http-types.build/Debug-iphonesimulator/HTTPTypes.build/Objects-normal/x86_64/ExtractedAppShortcutsMetadata.stringsdata --source-file-list /tmp/slumber-repair-derived/Build/Intermediates.noindex/swift-http-types.build/Debug-iphonesimulator/HTTPTypes.build/Objects-normal/arm64/HTTPTypes.SwiftFileList --source-file-list /tmp/slumber-repair-derived/Build/Intermediates.noindex/swift-http-types.build/Debug-iphonesimulator/HTTPTypes.build/Objects-normal/x86_64/HTTPTypes.SwiftFileList --metadata-file-list /tmp/slumber-repair-derived/Build/Intermediates.noindex/swift-http-types.build/Debug-iphonesimulator/HTTPTypes.build/HTTPTypes.DependencyMetadataFileList --static-metadata-file-list /tmp/slumber-repair-derived/Build/Intermediates.noindex/swift-http-types.build/Debug-iphonesimulator/HTTPTypes.build/HTTPTypes.DependencyStaticMetadataFileList --swift-const-vals-list /tmp/slumber-repair-derived/Build/Intermediates.noindex/swift-http-types.build/Debug-iphonesimulator/HTTPTypes.build/Objects-normal/arm64/HTTPTypes.SwiftConstValuesFileList --swift-const-vals-list /tmp/slumber-repair-derived/Build/Intermediates.noindex/swift-http-types.build/Debug-iphonesimulator/HTTPTypes.build/Objects-normal/x86_64/HTTPTypes.SwiftConstValuesFileList --force --compile-time-extraction --deployment-aware-processing --validate-assistant-intents --no-app-shortcuts-localization
2026-09-21 22:33:16.345 appintentsmetadataprocessor[83059:8803050] Starting appintentsmetadataprocessor export
2026-09-21 22:33:16.385 appintentsmetadataprocessor[83059:8803050] Extracted no relevant App Intents symbols, skipping writing output

Ld /tmp/slumber-repair-derived/Build/Intermediates.noindex/PhoneInTheOtherRoom.build/Debug-iphonesimulator/PhoneInTheOtherRoomLiveActivity.build/Objects-normal/arm64/Binary/Counting\ Sheep\ Live\ Activity normal arm64 (in target 'PhoneInTheOtherRoomLiveActivity' from project 'PhoneInTheOtherRoom')
    cd /Users/ngawangchime/Desktop/Developer\ Projects/Phone\ in\ the\ Other\ Room
    /Applications/Xcode.app/Contents/Developer/Toolchains/XcodeDefault.xctoolchain/usr/bin/clang -Xlinker -reproducible -target arm64-apple-ios17.0-simulator -isysroot /Applications/Xcode.app/Contents/Developer/Platforms/iPhoneSimulator.platform/Developer/SDKs/iPhoneSimulator26.5.sdk -O0 -L/tmp/slumber-repair-derived/Build/Products/Debug-iphonesimulator -F/tmp/slumber-repair-derived/Build/Products/Debug-iphonesimulator -Xlinker -rpath -Xlinker @executable_path -Xlinker -rpath -Xlinker @executable_path/Frameworks -Xlinker -rpath -Xlinker @executable_path/../../Frameworks -rdynamic -Xlinker -no_deduplicate -Xlinker -objc_abi_version -Xlinker 2 -e ___debug_blank_executor_main -Xlinker -sectcreate -Xlinker __TEXT -Xlinker __debug_dylib -Xlinker /tmp/slumber-repair-derived/Build/Intermediates.noindex/PhoneInTheOtherRoom.build/Debug-iphonesimulator/PhoneInTheOtherRoomLiveActivity.build/Counting\ Sheep\ Live\ Activity-DebugDylibPath-normal-arm64.txt -Xlinker -sectcreate -Xlinker __TEXT -Xlinker __debug_entry -Xlinker /tmp/slumber-repair-derived/Build/Intermediates.noindex/PhoneInTheOtherRoom.build/Debug-iphonesimulator/PhoneInTheOtherRoomLiveActivity.build/Counting\ Sheep\ Live\ Activity-DebugEntryPoint-normal-arm64.txt -Xlinker -sectcreate -Xlinker __TEXT -Xlinker __debug_instlnm -Xlinker /tmp/slumber-repair-derived/Build/Intermediates.noindex/PhoneInTheOtherRoom.build/Debug-iphonesimulator/PhoneInTheOtherRoomLiveActivity.build/Counting\ Sheep\ Live\ Activity-DebugDylibInstallName-normal-arm64.txt -Xlinker -filelist -Xlinker /tmp/slumber-repair-derived/Build/Intermediates.noindex/PhoneInTheOtherRoom.build/Debug-iphonesimulator/PhoneInTheOtherRoomLiveActivity.build/Counting\ Sheep\ Live\ Activity-ExecutorLinkFileList-normal-arm64.txt -Xlinker -sectcreate -Xlinker __TEXT -Xlinker __entitlements -Xlinker /tmp/slumber-repair-derived/Build/Intermediates.noindex/PhoneInTheOtherRoom.build/Debug-iphonesimulator/PhoneInTheOtherRoomLiveActivity.build/Counting\ Sheep\ Live\ Activity.appex-Simulated.xcent -Xlinker -sectcreate -Xlinker __TEXT -Xlinker __ents_der -Xlinker /tmp/slumber-repair-derived/Build/Intermediates.noindex/PhoneInTheOtherRoom.build/Debug-iphonesimulator/PhoneInTheOtherRoomLiveActivity.build/Counting\ Sheep\ Live\ Activity.appex-Simulated.xcent.der /tmp/slumber-repair-derived/Build/Intermediates.noindex/PhoneInTheOtherRoom.build/Debug-iphonesimulator/PhoneInTheOtherRoomLiveActivity.build/Objects-normal/arm64/Binary/Counting\ Sheep\ Live\ Activity.debug.dylib -Xlinker -no_adhoc_codesign -o /tmp/slumber-repair-derived/Build/Intermediates.noindex/PhoneInTheOtherRoom.build/Debug-iphonesimulator/PhoneInTheOtherRoomLiveActivity.build/Objects-normal/arm64/Binary/Counting\ Sheep\ Live\ Activity

Ld /tmp/slumber-repair-derived/Build/Intermediates.noindex/PhoneInTheOtherRoom.build/Debug-iphonesimulator/PhoneInTheOtherRoomDeviceActivityMonitor.build/Objects-normal/x86_64/Binary/Counting\ Sheep\ Wind\ Down\ Monitor normal x86_64 (in target 'PhoneInTheOtherRoomDeviceActivityMonitor' from project 'PhoneInTheOtherRoom')
    cd /Users/ngawangchime/Desktop/Developer\ Projects/Phone\ in\ the\ Other\ Room
    /Applications/Xcode.app/Contents/Developer/Toolchains/XcodeDefault.xctoolchain/usr/bin/clang -Xlinker -reproducible -target x86_64-apple-ios17.0-simulator -isysroot /Applications/Xcode.app/Contents/Developer/Platforms/iPhoneSimulator.platform/Developer/SDKs/iPhoneSimulator26.5.sdk -O0 -L/tmp/slumber-repair-derived/Build/Products/Debug-iphonesimulator -F/tmp/slumber-repair-derived/Build/Products/Debug-iphonesimulator -Xlinker -rpath -Xlinker @executable_path -Xlinker -rpath -Xlinker @executable_path/Frameworks -Xlinker -rpath -Xlinker @executable_path/../../Frameworks -rdynamic -Xlinker -no_deduplicate -Xlinker -objc_abi_version -Xlinker 2 -e ___debug_blank_executor_main -Xlinker -sectcreate -Xlinker __TEXT -Xlinker __debug_dylib -Xlinker /tmp/slumber-repair-derived/Build/Intermediates.noindex/PhoneInTheOtherRoom.build/Debug-iphonesimulator/PhoneInTheOtherRoomDeviceActivityMonitor.build/Counting\ Sheep\ Wind\ Down\ Monitor-DebugDylibPath-normal-x86_64.txt -Xlinker -sectcreate -Xlinker __TEXT -Xlinker __debug_entry -Xlinker /tmp/slumber-repair-derived/Build/Intermediates.noindex/PhoneInTheOtherRoom.build/Debug-iphonesimulator/PhoneInTheOtherRoomDeviceActivityMonitor.build/Counting\ Sheep\ Wind\ Down\ Monitor-DebugEntryPoint-normal-x86_64.txt -Xlinker -sectcreate -Xlinker __TEXT -Xlinker __debug_instlnm -Xlinker /tmp/slumber-repair-derived/Build/Intermediates.noindex/PhoneInTheOtherRoom.build/Debug-iphonesimulator/PhoneInTheOtherRoomDeviceActivityMonitor.build/Counting\ Sheep\ Wind\ Down\ Monitor-DebugDylibInstallName-normal-x86_64.txt -Xlinker -filelist -Xlinker /tmp/slumber-repair-derived/Build/Intermediates.noindex/PhoneInTheOtherRoom.build/Debug-iphonesimulator/PhoneInTheOtherRoomDeviceActivityMonitor.build/Counting\ Sheep\ Wind\ Down\ Monitor-ExecutorLinkFileList-normal-x86_64.txt -Xlinker -sectcreate -Xlinker __TEXT -Xlinker __entitlements -Xlinker /tmp/slumber-repair-derived/Build/Intermediates.noindex/PhoneInTheOtherRoom.build/Debug-iphonesimulator/PhoneInTheOtherRoomDeviceActivityMonitor.build/Counting\ Sheep\ Wind\ Down\ Monitor.appex-Simulated.xcent -Xlinker -sectcreate -Xlinker __TEXT -Xlinker __ents_der -Xlinker /tmp/slumber-repair-derived/Build/Intermediates.noindex/PhoneInTheOtherRoom.build/Debug-iphonesimulator/PhoneInTheOtherRoomDeviceActivityMonitor.build/Counting\ Sheep\ Wind\ Down\ Monitor.appex-Simulated.xcent.der /tmp/slumber-repair-derived/Build/Intermediates.noindex/PhoneInTheOtherRoom.build/Debug-iphonesimulator/PhoneInTheOtherRoomDeviceActivityMonitor.build/Objects-normal/x86_64/Binary/Counting\ Sheep\ Wind\ Down\ Monitor.debug.dylib -Xlinker -no_adhoc_codesign -o /tmp/slumber-repair-derived/Build/Intermediates.noindex/PhoneInTheOtherRoom.build/Debug-iphonesimulator/PhoneInTheOtherRoomDeviceActivityMonitor.build/Objects-normal/x86_64/Binary/Counting\ Sheep\ Wind\ Down\ Monitor

CodeSign /tmp/slumber-repair-derived/Build/Products/Debug-iphonesimulator/Counting\ Sheep\ Wind\ Down\ Action.appex/__preview.dylib (in target 'PhoneInTheOtherRoomShieldAction' from project 'PhoneInTheOtherRoom')
    cd /Users/ngawangchime/Desktop/Developer\ Projects/Phone\ in\ the\ Other\ Room

    Signing Identity:     "Sign to Run Locally"

    /usr/bin/codesign --force --sign - --timestamp\=none --generate-entitlement-der /tmp/slumber-repair-derived/Build/Products/Debug-iphonesimulator/Counting\ Sheep\ Wind\ Down\ Action.appex/__preview.dylib
/tmp/slumber-repair-derived/Build/Products/Debug-iphonesimulator/Counting Sheep Wind Down Action.appex/__preview.dylib: replacing existing signature

ExtractAppIntentsMetadata (in target 'PhoneInTheOtherRoomScreenTimeReport' from project 'PhoneInTheOtherRoom')
    cd /Users/ngawangchime/Desktop/Developer\ Projects/Phone\ in\ the\ Other\ Room
    /Applications/Xcode.app/Contents/Developer/Toolchains/XcodeDefault.xctoolchain/usr/bin/appintentsmetadataprocessor --toolchain-dir /Applications/Xcode.app/Contents/Developer/Toolchains/XcodeDefault.xctoolchain --module-name Counting_Sheep_Screen_Time_Report --sdk-root /Applications/Xcode.app/Contents/Developer/Platforms/iPhoneSimulator.platform/Developer/SDKs/iPhoneSimulator26.5.sdk --xcode-version 17F113 --platform-family iOS --deployment-target 17.0 --bundle-identifier com.ngawangchime.countingsheep.ScreenTimeReport --output /tmp/slumber-repair-derived/Build/Products/Debug-iphonesimulator/Counting\ Sheep\ Screen\ Time\ Report.appex --target-triple arm64-apple-ios17.0-simulator --target-triple x86_64-apple-ios17.0-simulator --binary-file /tmp/slumber-repair-derived/Build/Products/Debug-iphonesimulator/Counting\ Sheep\ Screen\ Time\ Report.appex/Counting\ Sheep\ Screen\ Time\ Report --dependency-file /tmp/slumber-repair-derived/Build/Intermediates.noindex/PhoneInTheOtherRoom.build/Debug-iphonesimulator/PhoneInTheOtherRoomScreenTimeReport.build/Objects-normal/arm64/Counting\ Sheep\ Screen\ Time\ Report_dependency_info.dat --dependency-file /tmp/slumber-repair-derived/Build/Intermediates.noindex/PhoneInTheOtherRoom.build/Debug-iphonesimulator/PhoneInTheOtherRoomScreenTimeReport.build/Objects-normal/x86_64/Counting\ Sheep\ Screen\ Time\ Report_dependency_info.dat --stringsdata-file /tmp/slumber-repair-derived/Build/Intermediates.noindex/PhoneInTheOtherRoom.build/Debug-iphonesimulator/PhoneInTheOtherRoomScreenTimeReport.build/Objects-normal/arm64/ExtractedAppShortcutsMetadata.stringsdata --stringsdata-file /tmp/slumber-repair-derived/Build/Intermediates.noindex/PhoneInTheOtherRoom.build/Debug-iphonesimulator/PhoneInTheOtherRoomScreenTimeReport.build/Objects-normal/x86_64/ExtractedAppShortcutsMetadata.stringsdata --source-file-list /tmp/slumber-repair-derived/Build/Intermediates.noindex/PhoneInTheOtherRoom.build/Debug-iphonesimulator/PhoneInTheOtherRoomScreenTimeReport.build/Objects-normal/arm64/Counting\ Sheep\ Screen\ Time\ Report.SwiftFileList --source-file-list /tmp/slumber-repair-derived/Build/Intermediates.noindex/PhoneInTheOtherRoom.build/Debug-iphonesimulator/PhoneInTheOtherRoomScreenTimeReport.build/Objects-normal/x86_64/Counting\ Sheep\ Screen\ Time\ Report.SwiftFileList --metadata-file-list /tmp/slumber-repair-derived/Build/Intermediates.noindex/PhoneInTheOtherRoom.build/Debug-iphonesimulator/PhoneInTheOtherRoomScreenTimeReport.build/Counting\ Sheep\ Screen\ Time\ Report.DependencyMetadataFileList --static-metadata-file-list /tmp/slumber-repair-derived/Build/Intermediates.noindex/PhoneInTheOtherRoom.build/Debug-iphonesimulator/PhoneInTheOtherRoomScreenTimeReport.build/Counting\ Sheep\ Screen\ Time\ Report.DependencyStaticMetadataFileList --swift-const-vals-list /tmp/slumber-repair-derived/Build/Intermediates.noindex/PhoneInTheOtherRoom.build/Debug-iphonesimulator/PhoneInTheOtherRoomScreenTimeReport.build/Objects-normal/arm64/Counting\ Sheep\ Screen\ Time\ Report.SwiftConstValuesFileList --swift-const-vals-list /tmp/slumber-repair-derived/Build/Intermediates.noindex/PhoneInTheOtherRoom.build/Debug-iphonesimulator/PhoneInTheOtherRoomScreenTimeReport.build/Objects-normal/x86_64/Counting\ Sheep\ Screen\ Time\ Report.SwiftConstValuesFileList --compile-time-extraction --deployment-aware-processing --validate-assistant-intents --no-app-shortcuts-localization
2026-09-21 22:33:16.423 appintentsmetadataprocessor[83065:8803077] Starting appintentsmetadataprocessor export
2026-09-21 22:33:16.426 appintentsmetadataprocessor[83065:8803077] warning: Metadata extraction skipped. No AppIntents.framework dependency found.

CodeSign /tmp/slumber-repair-derived/Build/Products/Debug-iphonesimulator/Counting\ Sheep\ Wind\ Down\ Action.appex (in target 'PhoneInTheOtherRoomShieldAction' from project 'PhoneInTheOtherRoom')
    cd /Users/ngawangchime/Desktop/Developer\ Projects/Phone\ in\ the\ Other\ Room

    Signing Identity:     "Sign to Run Locally"

    /usr/bin/codesign --force --sign - --entitlements /tmp/slumber-repair-derived/Build/Intermediates.noindex/PhoneInTheOtherRoom.build/Debug-iphonesimulator/PhoneInTheOtherRoomShieldAction.build/Counting\ Sheep\ Wind\ Down\ Action.appex.xcent --timestamp\=none --generate-entitlement-der /tmp/slumber-repair-derived/Build/Products/Debug-iphonesimulator/Counting\ Sheep\ Wind\ Down\ Action.appex

RegisterExecutionPolicyException /tmp/slumber-repair-derived/Build/Products/Debug-iphonesimulator/IssueReporting.o (in target 'IssueReporting' from project 'xctest-dynamic-overlay')
    cd /tmp/slumber-repair-derived/SourcePackages/checkouts/xctest-dynamic-overlay
    builtin-RegisterExecutionPolicyException /tmp/slumber-repair-derived/Build/Products/Debug-iphonesimulator/IssueReporting.o

CreateUniversalBinary /tmp/slumber-repair-derived/Build/Products/Debug-iphonesimulator/Counting\ Sheep\ Live\ Activity.appex/Counting\ Sheep\ Live\ Activity normal arm64\ x86_64 (in target 'PhoneInTheOtherRoomLiveActivity' from project 'PhoneInTheOtherRoom')
    cd /Users/ngawangchime/Desktop/Developer\ Projects/Phone\ in\ the\ Other\ Room
    /Applications/Xcode.app/Contents/Developer/Toolchains/XcodeDefault.xctoolchain/usr/bin/lipo -create /tmp/slumber-repair-derived/Build/Intermediates.noindex/PhoneInTheOtherRoom.build/Debug-iphonesimulator/PhoneInTheOtherRoomLiveActivity.build/Objects-normal/arm64/Binary/Counting\ Sheep\ Live\ Activity /tmp/slumber-repair-derived/Build/Intermediates.noindex/PhoneInTheOtherRoom.build/Debug-iphonesimulator/PhoneInTheOtherRoomLiveActivity.build/Objects-normal/x86_64/Binary/Counting\ Sheep\ Live\ Activity -output /tmp/slumber-repair-derived/Build/Products/Debug-iphonesimulator/Counting\ Sheep\ Live\ Activity.appex/Counting\ Sheep\ Live\ Activity

ExtractAppIntentsMetadata (in target 'Crypto' from project 'swift-crypto')
    cd /tmp/slumber-repair-derived/SourcePackages/checkouts/swift-crypto
    /Applications/Xcode.app/Contents/Developer/Toolchains/XcodeDefault.xctoolchain/usr/bin/appintentsmetadataprocessor --toolchain-dir /Applications/Xcode.app/Contents/Developer/Toolchains/XcodeDefault.xctoolchain --module-name Crypto --sdk-root /Applications/Xcode.app/Contents/Developer/Platforms/iPhoneSimulator.platform/Developer/SDKs/iPhoneSimulator26.5.sdk --xcode-version 17F113 --platform-family iOS --deployment-target 12.0 --bundle-identifier swift-crypto.Crypto --output /tmp/slumber-repair-derived/Build/Products/Debug-iphonesimulator/Crypto.appintents --target-triple arm64-apple-ios12.0-simulator --target-triple x86_64-apple-ios12.0-simulator --binary-file /tmp/slumber-repair-derived/Build/Products/Debug-iphonesimulator/Crypto.o --dependency-file /tmp/slumber-repair-derived/Build/Intermediates.noindex/swift-crypto.build/Debug-iphonesimulator/Crypto.build/Objects-normal/arm64/Crypto_dependency_info.dat --dependency-file /tmp/slumber-repair-derived/Build/Intermediates.noindex/swift-crypto.build/Debug-iphonesimulator/Crypto.build/Objects-normal/x86_64/Crypto_dependency_info.dat --stringsdata-file /tmp/slumber-repair-derived/Build/Intermediates.noindex/swift-crypto.build/Debug-iphonesimulator/Crypto.build/Objects-normal/arm64/ExtractedAppShortcutsMetadata.stringsdata --stringsdata-file /tmp/slumber-repair-derived/Build/Intermediates.noindex/swift-crypto.build/Debug-iphonesimulator/Crypto.build/Objects-normal/x86_64/ExtractedAppShortcutsMetadata.stringsdata --source-file-list /tmp/slumber-repair-derived/Build/Intermediates.noindex/swift-crypto.build/Debug-iphonesimulator/Crypto.build/Objects-normal/arm64/Crypto.SwiftFileList --source-file-list /tmp/slumber-repair-derived/Build/Intermediates.noindex/swift-crypto.build/Debug-iphonesimulator/Crypto.build/Objects-normal/x86_64/Crypto.SwiftFileList --metadata-file-list /tmp/slumber-repair-derived/Build/Intermediates.noindex/swift-crypto.build/Debug-iphonesimulator/Crypto.build/Crypto.DependencyMetadataFileList --static-metadata-file-list /tmp/slumber-repair-derived/Build/Intermediates.noindex/swift-crypto.build/Debug-iphonesimulator/Crypto.build/Crypto.DependencyStaticMetadataFileList --swift-const-vals-list /tmp/slumber-repair-derived/Build/Intermediates.noindex/swift-crypto.build/Debug-iphonesimulator/Crypto.build/Objects-normal/arm64/Crypto.SwiftConstValuesFileList --swift-const-vals-list /tmp/slumber-repair-derived/Build/Intermediates.noindex/swift-crypto.build/Debug-iphonesimulator/Crypto.build/Objects-normal/x86_64/Crypto.SwiftConstValuesFileList --force --compile-time-extraction --deployment-aware-processing --validate-assistant-intents --no-app-shortcuts-localization
2026-09-21 22:33:16.462 appintentsmetadataprocessor[83068:8803086] Starting appintentsmetadataprocessor export
2026-09-21 22:33:16.532 appintentsmetadataprocessor[83068:8803086] Extracted no relevant App Intents symbols, skipping writing output

CodeSign /tmp/slumber-repair-derived/Build/Products/Debug-iphonesimulator/Counting\ Sheep\ Screen\ Time\ Report.appex/Counting\ Sheep\ Screen\ Time\ Report.debug.dylib (in target 'PhoneInTheOtherRoomScreenTimeReport' from project 'PhoneInTheOtherRoom')
    cd /Users/ngawangchime/Desktop/Developer\ Projects/Phone\ in\ the\ Other\ Room

    Signing Identity:     "Sign to Run Locally"

    /usr/bin/codesign --force --sign - --timestamp\=none --generate-entitlement-der /tmp/slumber-repair-derived/Build/Products/Debug-iphonesimulator/Counting\ Sheep\ Screen\ Time\ Report.appex/Counting\ Sheep\ Screen\ Time\ Report.debug.dylib

RegisterExecutionPolicyException /tmp/slumber-repair-derived/Build/Products/Debug-iphonesimulator/HTTPTypes.o (in target 'HTTPTypes' from project 'swift-http-types')
    cd /tmp/slumber-repair-derived/SourcePackages/checkouts/swift-http-types
    builtin-RegisterExecutionPolicyException /tmp/slumber-repair-derived/Build/Products/Debug-iphonesimulator/HTTPTypes.o

ExtractAppIntentsMetadata (in target 'ConcurrencyExtras' from project 'swift-concurrency-extras')
    cd /tmp/slumber-repair-derived/SourcePackages/checkouts/swift-concurrency-extras
    /Applications/Xcode.app/Contents/Developer/Toolchains/XcodeDefault.xctoolchain/usr/bin/appintentsmetadataprocessor --toolchain-dir /Applications/Xcode.app/Contents/Developer/Toolchains/XcodeDefault.xctoolchain --module-name ConcurrencyExtras --sdk-root /Applications/Xcode.app/Contents/Developer/Platforms/iPhoneSimulator.platform/Developer/SDKs/iPhoneSimulator26.5.sdk --xcode-version 17F113 --platform-family iOS --deployment-target 13.0 --bundle-identifier swift-concurrency-extras.ConcurrencyExtras --output /tmp/slumber-repair-derived/Build/Products/Debug-iphonesimulator/ConcurrencyExtras.appintents --target-triple arm64-apple-ios13.0-simulator --target-triple x86_64-apple-ios13.0-simulator --binary-file /tmp/slumber-repair-derived/Build/Products/Debug-iphonesimulator/ConcurrencyExtras.o --dependency-file /tmp/slumber-repair-derived/Build/Intermediates.noindex/swift-concurrency-extras.build/Debug-iphonesimulator/ConcurrencyExtras.build/Objects-normal/arm64/ConcurrencyExtras_dependency_info.dat --dependency-file /tmp/slumber-repair-derived/Build/Intermediates.noindex/swift-concurrency-extras.build/Debug-iphonesimulator/ConcurrencyExtras.build/Objects-normal/x86_64/ConcurrencyExtras_dependency_info.dat --stringsdata-file /tmp/slumber-repair-derived/Build/Intermediates.noindex/swift-concurrency-extras.build/Debug-iphonesimulator/ConcurrencyExtras.build/Objects-normal/arm64/ExtractedAppShortcutsMetadata.stringsdata --stringsdata-file /tmp/slumber-repair-derived/Build/Intermediates.noindex/swift-concurrency-extras.build/Debug-iphonesimulator/ConcurrencyExtras.build/Objects-normal/x86_64/ExtractedAppShortcutsMetadata.stringsdata --source-file-list /tmp/slumber-repair-derived/Build/Intermediates.noindex/swift-concurrency-extras.build/Debug-iphonesimulator/ConcurrencyExtras.build/Objects-normal/arm64/ConcurrencyExtras.SwiftFileList --source-file-list /tmp/slumber-repair-derived/Build/Intermediates.noindex/swift-concurrency-extras.build/Debug-iphonesimulator/ConcurrencyExtras.build/Objects-normal/x86_64/ConcurrencyExtras.SwiftFileList --metadata-file-list /tmp/slumber-repair-derived/Build/Intermediates.noindex/swift-concurrency-extras.build/Debug-iphonesimulator/ConcurrencyExtras.build/ConcurrencyExtras.DependencyMetadataFileList --static-metadata-file-list /tmp/slumber-repair-derived/Build/Intermediates.noindex/swift-concurrency-extras.build/Debug-iphonesimulator/ConcurrencyExtras.build/ConcurrencyExtras.DependencyStaticMetadataFileList --swift-const-vals-list /tmp/slumber-repair-derived/Build/Intermediates.noindex/swift-concurrency-extras.build/Debug-iphonesimulator/ConcurrencyExtras.build/Objects-normal/arm64/ConcurrencyExtras.SwiftConstValuesFileList --swift-const-vals-list /tmp/slumber-repair-derived/Build/Intermediates.noindex/swift-concurrency-extras.build/Debug-iphonesimulator/ConcurrencyExtras.build/Objects-normal/x86_64/ConcurrencyExtras.SwiftConstValuesFileList --force --compile-time-extraction --deployment-aware-processing --validate-assistant-intents --no-app-shortcuts-localization
2026-09-21 22:33:16.519 appintentsmetadataprocessor[83070:8803097] Starting appintentsmetadataprocessor export
2026-09-21 22:33:16.565 appintentsmetadataprocessor[83070:8803097] Extracted no relevant App Intents symbols, skipping writing output

Ld /tmp/slumber-repair-derived/Build/Intermediates.noindex/xctest-dynamic-overlay.build/Debug-iphonesimulator/XCTestDynamicOverlay.build/Objects-normal/arm64/Binary/XCTestDynamicOverlay.o normal arm64 (in target 'XCTestDynamicOverlay' from project 'xctest-dynamic-overlay')
    cd /tmp/slumber-repair-derived/SourcePackages/checkouts/xctest-dynamic-overlay
    /Applications/Xcode.app/Contents/Developer/Toolchains/XcodeDefault.xctoolchain/usr/bin/clang -Xlinker -reproducible -target arm64-apple-ios13.0-simulator -r -isysroot /Applications/Xcode.app/Contents/Developer/Platforms/iPhoneSimulator.platform/Developer/SDKs/iPhoneSimulator26.5.sdk -O0 -w -F/tmp/slumber-repair-derived/Build/Intermediates.noindex/EagerLinkingTBDs/Debug-iphonesimulator -F/tmp/slumber-repair-derived/Build/Products/Debug-iphonesimulator/PackageFrameworks -F/tmp/slumber-repair-derived/Build/Products/Debug-iphonesimulator -iframework /Applications/Xcode.app/Contents/Developer/Platforms/iPhoneSimulator.platform/Developer/Library/Frameworks -iframework /Applications/Xcode.app/Contents/Developer/Platforms/iPhoneSimulator.platform/Developer/SDKs/iPhoneSimulator26.5.sdk/Developer/Library/Frameworks -filelist /tmp/slumber-repair-derived/Build/Intermediates.noindex/xctest-dynamic-overlay.build/Debug-iphonesimulator/XCTestDynamicOverlay.build/Objects-normal/arm64/XCTestDynamicOverlay.LinkFileList -nostdlib -Xlinker -object_path_lto -Xlinker /tmp/slumber-repair-derived/Build/Intermediates.noindex/xctest-dynamic-overlay.build/Debug-iphonesimulator/XCTestDynamicOverlay.build/Objects-normal/arm64/XCTestDynamicOverlay_lto.o -Xlinker -no_deduplicate -Xlinker -objc_abi_version -Xlinker 2 -Xlinker -dependency_info -Xlinker /tmp/slumber-repair-derived/Build/Intermediates.noindex/xctest-dynamic-overlay.build/Debug-iphonesimulator/XCTestDynamicOverlay.build/Objects-normal/arm64/XCTestDynamicOverlay_dependency_info.dat -fobjc-link-runtime -L/Applications/Xcode.app/Contents/Developer/Toolchains/XcodeDefault.xctoolchain/usr/lib/swift/iphonesimulator -L/usr/lib/swift -Xlinker -add_ast_path -Xlinker /tmp/slumber-repair-derived/Build/Intermediates.noindex/xctest-dynamic-overlay.build/Debug-iphonesimulator/XCTestDynamicOverlay.build/Objects-normal/arm64/XCTestDynamicOverlay.swiftmodule @/tmp/slumber-repair-derived/Build/Intermediates.noindex/xctest-dynamic-overlay.build/Debug-iphonesimulator/XCTestDynamicOverlay.build/Objects-normal/arm64/XCTestDynamicOverlay-linker-args.resp -o /tmp/slumber-repair-derived/Build/Intermediates.noindex/xctest-dynamic-overlay.build/Debug-iphonesimulator/XCTestDynamicOverlay.build/Objects-normal/arm64/Binary/XCTestDynamicOverlay.o

SwiftDriver Clocks normal arm64 com.apple.xcode.tools.swift.compiler (in target 'Clocks' from project 'swift-clocks')
    cd /Users/ngawangchime/Desktop/Developer\ Projects/Phone\ in\ the\ Other\ Room/PhoneInTheOtherRoom.xcodeproj
    builtin-SwiftDriver -- /Applications/Xcode.app/Contents/Developer/Toolchains/XcodeDefault.xctoolchain/usr/bin/swiftc -module-name Clocks -Onone @/tmp/slumber-repair-derived/Build/Intermediates.noindex/swift-clocks.build/Debug-iphonesimulator/Clocks.build/Objects-normal/arm64/Clocks.SwiftFileList -DSWIFT_PACKAGE -DDEBUG -DSWIFT_MODULE_RESOURCE_BUNDLE_UNAVAILABLE -DXcode -enable-upcoming-feature ExistentialAny -enable-upcoming-feature ImmutableWeakCaptures -enable-upcoming-feature InferIsolatedConformances -enable-upcoming-feature InternalImportsByDefault -enable-upcoming-feature MemberImportVisibility -enable-upcoming-feature NonisolatedNonsendingByDefault -plugin-path /Applications/Xcode.app/Contents/Developer/Toolchains/XcodeDefault.xctoolchain/usr/lib/swift/host/plugins/testing -enable-experimental-feature DebugDescriptionMacro -sdk /Applications/Xcode.app/Contents/Developer/Platforms/iPhoneSimulator.platform/Developer/SDKs/iPhoneSimulator26.5.sdk -target arm64-apple-ios13.0-simulator -g -module-cache-path /tmp/slumber-repair-derived/ModuleCache.noindex -Xfrontend -serialize-debugging-options -enable-testing -suppress-warnings -index-store-path /tmp/slumber-repair-derived/Index.noindex/DataStore -Xcc -D_LIBCPP_HARDENING_MODE\=_LIBCPP_HARDENING_MODE_DEBUG -swift-version 6 -I /tmp/slumber-repair-derived/Build/Products/Debug-iphonesimulator -Isystem /Applications/Xcode.app/Contents/Developer/Platforms/iPhoneSimulator.platform/Developer/usr/lib -F /tmp/slumber-repair-derived/Build/Products/Debug-iphonesimulator/PackageFrameworks -F /tmp/slumber-repair-derived/Build/Products/Debug-iphonesimulator/PackageFrameworks -F /tmp/slumber-repair-derived/Build/Products/Debug-iphonesimulator -F /Applications/Xcode.app/Contents/Developer/Platforms/iPhoneSimulator.platform/Developer/Library/Frameworks -F /Applications/Xcode.app/Contents/Developer/Platforms/iPhoneSimulator.platform/Developer/SDKs/iPhoneSimulator26.5.sdk/Developer/Library/Frameworks -c -j8 -enable-batch-mode -incremental -Xcc -ivfsstatcache -Xcc /tmp/slumber-repair-derived/SDKStatCaches.noindex/iphonesimulator26.5-23F81a-6cfe768891a92b912361537c460fe42b.sdkstatcache -output-file-map /tmp/slumber-repair-derived/Build/Intermediates.noindex/swift-clocks.build/Debug-iphonesimulator/Clocks.build/Objects-normal/arm64/Clocks-OutputFileMap.json -use-frontend-parseable-output -save-temps -no-color-diagnostics -explicit-module-build -module-cache-path /tmp/slumber-repair-derived/Build/Intermediates.noindex/SwiftExplicitPrecompiledModules -clang-scanner-module-cache-path /tmp/slumber-repair-derived/ModuleCache.noindex -sdk-module-cache-path /tmp/slumber-repair-derived/ModuleCache.noindex -serialize-diagnostics -emit-dependencies -emit-module -emit-module-path /tmp/slumber-repair-derived/Build/Intermediates.noindex/swift-clocks.build/Debug-iphonesimulator/Clocks.build/Objects-normal/arm64/Clocks.swiftmodule -user-module-version 1.1.0 -validate-clang-modules-once -clang-build-session-file /tmp/slumber-repair-derived/ModuleCache.noindex/Session.modulevalidation -package-name swift_clocks -Xcc -I/tmp/slumber-repair-derived/Build/Intermediates.noindex/swift-clocks.build/Debug-iphonesimulator/Clocks.build/swift-overrides.hmap -emit-const-values -Xfrontend -const-gather-protocols-file -Xfrontend /tmp/slumber-repair-derived/Build/Intermediates.noindex/swift-clocks.build/Debug-iphonesimulator/Clocks.build/Objects-normal/arm64/Clocks_const_extract_protocols.json -Xcc -I/tmp/slumber-repair-derived/Build/Products/Debug-iphonesimulator/include -Xcc -I/tmp/slumber-repair-derived/Build/Intermediates.noindex/swift-clocks.build/Debug-iphonesimulator/Clocks.build/DerivedSources-normal/arm64 -Xcc -I/tmp/slumber-repair-derived/Build/Intermediates.noindex/swift-clocks.build/Debug-iphonesimulator/Clocks.build/DerivedSources/arm64 -Xcc -I/tmp/slumber-repair-derived/Build/Intermediates.noindex/swift-clocks.build/Debug-iphonesimulator/Clocks.build/DerivedSources -Xcc -DSWIFT_PACKAGE -Xcc -DDEBUG\=1 -emit-objc-header -emit-objc-header-path /tmp/slumber-repair-derived/Build/Intermediates.noindex/swift-clocks.build/Debug-iphonesimulator/Clocks.build/Objects-normal/arm64/Clocks-Swift.h -working-directory /Users/ngawangchime/Desktop/Developer\ Projects/Phone\ in\ the\ Other\ Room/PhoneInTheOtherRoom.xcodeproj -experimental-emit-module-separately -disable-cmo

SwiftDriver Clocks normal x86_64 com.apple.xcode.tools.swift.compiler (in target 'Clocks' from project 'swift-clocks')
    cd /Users/ngawangchime/Desktop/Developer\ Projects/Phone\ in\ the\ Other\ Room/PhoneInTheOtherRoom.xcodeproj
    builtin-SwiftDriver -- /Applications/Xcode.app/Contents/Developer/Toolchains/XcodeDefault.xctoolchain/usr/bin/swiftc -module-name Clocks -Onone @/tmp/slumber-repair-derived/Build/Intermediates.noindex/swift-clocks.build/Debug-iphonesimulator/Clocks.build/Objects-normal/x86_64/Clocks.SwiftFileList -DSWIFT_PACKAGE -DDEBUG -DSWIFT_MODULE_RESOURCE_BUNDLE_UNAVAILABLE -DXcode -enable-upcoming-feature ExistentialAny -enable-upcoming-feature ImmutableWeakCaptures -enable-upcoming-feature InferIsolatedConformances -enable-upcoming-feature InternalImportsByDefault -enable-upcoming-feature MemberImportVisibility -enable-upcoming-feature NonisolatedNonsendingByDefault -plugin-path /Applications/Xcode.app/Contents/Developer/Toolchains/XcodeDefault.xctoolchain/usr/lib/swift/host/plugins/testing -enable-experimental-feature DebugDescriptionMacro -sdk /Applications/Xcode.app/Contents/Developer/Platforms/iPhoneSimulator.platform/Developer/SDKs/iPhoneSimulator26.5.sdk -target x86_64-apple-ios13.0-simulator -g -module-cache-path /tmp/slumber-repair-derived/ModuleCache.noindex -Xfrontend -serialize-debugging-options -enable-testing -suppress-warnings -index-store-path /tmp/slumber-repair-derived/Index.noindex/DataStore -Xcc -D_LIBCPP_HARDENING_MODE\=_LIBCPP_HARDENING_MODE_DEBUG -swift-version 6 -I /tmp/slumber-repair-derived/Build/Products/Debug-iphonesimulator -Isystem /Applications/Xcode.app/Contents/Developer/Platforms/iPhoneSimulator.platform/Developer/usr/lib -F /tmp/slumber-repair-derived/Build/Products/Debug-iphonesimulator/PackageFrameworks -F /tmp/slumber-repair-derived/Build/Products/Debug-iphonesimulator/PackageFrameworks -F /tmp/slumber-repair-derived/Build/Products/Debug-iphonesimulator -F /Applications/Xcode.app/Contents/Developer/Platforms/iPhoneSimulator.platform/Developer/Library/Frameworks -F /Applications/Xcode.app/Contents/Developer/Platforms/iPhoneSimulator.platform/Developer/SDKs/iPhoneSimulator26.5.sdk/Developer/Library/Frameworks -c -j8 -enable-batch-mode -incremental -Xcc -ivfsstatcache -Xcc /tmp/slumber-repair-derived/SDKStatCaches.noindex/iphonesimulator26.5-23F81a-6cfe768891a92b912361537c460fe42b.sdkstatcache -output-file-map /tmp/slumber-repair-derived/Build/Intermediates.noindex/swift-clocks.build/Debug-iphonesimulator/Clocks.build/Objects-normal/x86_64/Clocks-OutputFileMap.json -use-frontend-parseable-output -save-temps -no-color-diagnostics -explicit-module-build -module-cache-path /tmp/slumber-repair-derived/Build/Intermediates.noindex/SwiftExplicitPrecompiledModules -clang-scanner-module-cache-path /tmp/slumber-repair-derived/ModuleCache.noindex -sdk-module-cache-path /tmp/slumber-repair-derived/ModuleCache.noindex -serialize-diagnostics -emit-dependencies -emit-module -emit-module-path /tmp/slumber-repair-derived/Build/Intermediates.noindex/swift-clocks.build/Debug-iphonesimulator/Clocks.build/Objects-normal/x86_64/Clocks.swiftmodule -user-module-version 1.1.0 -validate-clang-modules-once -clang-build-session-file /tmp/slumber-repair-derived/ModuleCache.noindex/Session.modulevalidation -package-name swift_clocks -Xcc -I/tmp/slumber-repair-derived/Build/Intermediates.noindex/swift-clocks.build/Debug-iphonesimulator/Clocks.build/swift-overrides.hmap -emit-const-values -Xfrontend -const-gather-protocols-file -Xfrontend /tmp/slumber-repair-derived/Build/Intermediates.noindex/swift-clocks.build/Debug-iphonesimulator/Clocks.build/Objects-normal/x86_64/Clocks_const_extract_protocols.json -Xcc -I/tmp/slumber-repair-derived/Build/Products/Debug-iphonesimulator/include -Xcc -I/tmp/slumber-repair-derived/Build/Intermediates.noindex/swift-clocks.build/Debug-iphonesimulator/Clocks.build/DerivedSources-normal/x86_64 -Xcc -I/tmp/slumber-repair-derived/Build/Intermediates.noindex/swift-clocks.build/Debug-iphonesimulator/Clocks.build/DerivedSources/x86_64 -Xcc -I/tmp/slumber-repair-derived/Build/Intermediates.noindex/swift-clocks.build/Debug-iphonesimulator/Clocks.build/DerivedSources -Xcc -DSWIFT_PACKAGE -Xcc -DDEBUG\=1 -emit-objc-header -emit-objc-header-path /tmp/slumber-repair-derived/Build/Intermediates.noindex/swift-clocks.build/Debug-iphonesimulator/Clocks.build/Objects-normal/x86_64/Clocks-Swift.h -working-directory /Users/ngawangchime/Desktop/Developer\ Projects/Phone\ in\ the\ Other\ Room/PhoneInTheOtherRoom.xcodeproj -experimental-emit-module-separately -disable-cmo

CodeSign /tmp/slumber-repair-derived/Build/Products/Debug-iphonesimulator/Counting\ Sheep\ Screen\ Time\ Report.appex/__preview.dylib (in target 'PhoneInTheOtherRoomScreenTimeReport' from project 'PhoneInTheOtherRoom')
    cd /Users/ngawangchime/Desktop/Developer\ Projects/Phone\ in\ the\ Other\ Room

    Signing Identity:     "Sign to Run Locally"

    /usr/bin/codesign --force --sign - --timestamp\=none --generate-entitlement-der /tmp/slumber-repair-derived/Build/Products/Debug-iphonesimulator/Counting\ Sheep\ Screen\ Time\ Report.appex/__preview.dylib
/tmp/slumber-repair-derived/Build/Products/Debug-iphonesimulator/Counting Sheep Screen Time Report.appex/__preview.dylib: replacing existing signature

CreateUniversalBinary /tmp/slumber-repair-derived/Build/Products/Debug-iphonesimulator/XCTestDynamicOverlay.o normal arm64\ x86_64 (in target 'XCTestDynamicOverlay' from project 'xctest-dynamic-overlay')
    cd /tmp/slumber-repair-derived/SourcePackages/checkouts/xctest-dynamic-overlay
    /Applications/Xcode.app/Contents/Developer/Toolchains/XcodeDefault.xctoolchain/usr/bin/lipo -create /tmp/slumber-repair-derived/Build/Intermediates.noindex/xctest-dynamic-overlay.build/Debug-iphonesimulator/XCTestDynamicOverlay.build/Objects-normal/arm64/Binary/XCTestDynamicOverlay.o /tmp/slumber-repair-derived/Build/Intermediates.noindex/xctest-dynamic-overlay.build/Debug-iphonesimulator/XCTestDynamicOverlay.build/Objects-normal/x86_64/Binary/XCTestDynamicOverlay.o -output /tmp/slumber-repair-derived/Build/Products/Debug-iphonesimulator/XCTestDynamicOverlay.o

RegisterExecutionPolicyException /tmp/slumber-repair-derived/Build/Products/Debug-iphonesimulator/Crypto.o (in target 'Crypto' from project 'swift-crypto')
    cd /tmp/slumber-repair-derived/SourcePackages/checkouts/swift-crypto
    builtin-RegisterExecutionPolicyException /tmp/slumber-repair-derived/Build/Products/Debug-iphonesimulator/Crypto.o

ExtractAppIntentsMetadata (in target 'XCTestDynamicOverlay' from project 'xctest-dynamic-overlay')
    cd /tmp/slumber-repair-derived/SourcePackages/checkouts/xctest-dynamic-overlay
    /Applications/Xcode.app/Contents/Developer/Toolchains/XcodeDefault.xctoolchain/usr/bin/appintentsmetadataprocessor --toolchain-dir /Applications/Xcode.app/Contents/Developer/Toolchains/XcodeDefault.xctoolchain --module-name XCTestDynamicOverlay --sdk-root /Applications/Xcode.app/Contents/Developer/Platforms/iPhoneSimulator.platform/Developer/SDKs/iPhoneSimulator26.5.sdk --xcode-version 17F113 --platform-family iOS --deployment-target 13.0 --bundle-identifier xctest-dynamic-overlay.XCTestDynamicOverlay --output /tmp/slumber-repair-derived/Build/Products/Debug-iphonesimulator/XCTestDynamicOverlay.appintents --target-triple arm64-apple-ios13.0-simulator --target-triple x86_64-apple-ios13.0-simulator --binary-file /tmp/slumber-repair-derived/Build/Products/Debug-iphonesimulator/XCTestDynamicOverlay.o --dependency-file /tmp/slumber-repair-derived/Build/Intermediates.noindex/xctest-dynamic-overlay.build/Debug-iphonesimulator/XCTestDynamicOverlay.build/Objects-normal/arm64/XCTestDynamicOverlay_dependency_info.dat --dependency-file /tmp/slumber-repair-derived/Build/Intermediates.noindex/xctest-dynamic-overlay.build/Debug-iphonesimulator/XCTestDynamicOverlay.build/Objects-normal/x86_64/XCTestDynamicOverlay_dependency_info.dat --stringsdata-file /tmp/slumber-repair-derived/Build/Intermediates.noindex/xctest-dynamic-overlay.build/Debug-iphonesimulator/XCTestDynamicOverlay.build/Objects-normal/arm64/ExtractedAppShortcutsMetadata.stringsdata --stringsdata-file /tmp/slumber-repair-derived/Build/Intermediates.noindex/xctest-dynamic-overlay.build/Debug-iphonesimulator/XCTestDynamicOverlay.build/Objects-normal/x86_64/ExtractedAppShortcutsMetadata.stringsdata --source-file-list /tmp/slumber-repair-derived/Build/Intermediates.noindex/xctest-dynamic-overlay.build/Debug-iphonesimulator/XCTestDynamicOverlay.build/Objects-normal/arm64/XCTestDynamicOverlay.SwiftFileList --source-file-list /tmp/slumber-repair-derived/Build/Intermediates.noindex/xctest-dynamic-overlay.build/Debug-iphonesimulator/XCTestDynamicOverlay.build/Objects-normal/x86_64/XCTestDynamicOverlay.SwiftFileList --metadata-file-list /tmp/slumber-repair-derived/Build/Intermediates.noindex/xctest-dynamic-overlay.build/Debug-iphonesimulator/XCTestDynamicOverlay.build/XCTestDynamicOverlay.DependencyMetadataFileList --static-metadata-file-list /tmp/slumber-repair-derived/Build/Intermediates.noindex/xctest-dynamic-overlay.build/Debug-iphonesimulator/XCTestDynamicOverlay.build/XCTestDynamicOverlay.DependencyStaticMetadataFileList --swift-const-vals-list /tmp/slumber-repair-derived/Build/Intermediates.noindex/xctest-dynamic-overlay.build/Debug-iphonesimulator/XCTestDynamicOverlay.build/Objects-normal/arm64/XCTestDynamicOverlay.SwiftConstValuesFileList --swift-const-vals-list /tmp/slumber-repair-derived/Build/Intermediates.noindex/xctest-dynamic-overlay.build/Debug-iphonesimulator/XCTestDynamicOverlay.build/Objects-normal/x86_64/XCTestDynamicOverlay.SwiftConstValuesFileList --force --compile-time-extraction --deployment-aware-processing --validate-assistant-intents --no-app-shortcuts-localization
2026-09-21 22:33:16.633 appintentsmetadataprocessor[83075:8803120] Starting appintentsmetadataprocessor export
2026-09-21 22:33:16.655 appintentsmetadataprocessor[83075:8803120] Extracted no relevant App Intents symbols, skipping writing output

CreateUniversalBinary /tmp/slumber-repair-derived/Build/Products/Debug-iphonesimulator/Counting\ Sheep\ Wind\ Down\ Monitor.appex/Counting\ Sheep\ Wind\ Down\ Monitor.debug.dylib normal arm64\ x86_64 (in target 'PhoneInTheOtherRoomDeviceActivityMonitor' from project 'PhoneInTheOtherRoom')
    cd /Users/ngawangchime/Desktop/Developer\ Projects/Phone\ in\ the\ Other\ Room
    /Applications/Xcode.app/Contents/Developer/Toolchains/XcodeDefault.xctoolchain/usr/bin/lipo -create /tmp/slumber-repair-derived/Build/Intermediates.noindex/PhoneInTheOtherRoom.build/Debug-iphonesimulator/PhoneInTheOtherRoomDeviceActivityMonitor.build/Objects-normal/arm64/Binary/Counting\ Sheep\ Wind\ Down\ Monitor.debug.dylib /tmp/slumber-repair-derived/Build/Intermediates.noindex/PhoneInTheOtherRoom.build/Debug-iphonesimulator/PhoneInTheOtherRoomDeviceActivityMonitor.build/Objects-normal/x86_64/Binary/Counting\ Sheep\ Wind\ Down\ Monitor.debug.dylib -output /tmp/slumber-repair-derived/Build/Products/Debug-iphonesimulator/Counting\ Sheep\ Wind\ Down\ Monitor.appex/Counting\ Sheep\ Wind\ Down\ Monitor.debug.dylib

ConstructStubExecutorLinkFileList /tmp/slumber-repair-derived/Build/Intermediates.noindex/PhoneInTheOtherRoom.build/Debug-iphonesimulator/PhoneInTheOtherRoomDeviceActivityMonitor.build/Counting\ Sheep\ Wind\ Down\ Monitor-ExecutorLinkFileList-normal-arm64.txt (in target 'PhoneInTheOtherRoomDeviceActivityMonitor' from project 'PhoneInTheOtherRoom')
    cd /Users/ngawangchime/Desktop/Developer\ Projects/Phone\ in\ the\ Other\ Room
    construct-stub-executor-link-file-list /tmp/slumber-repair-derived/Build/Intermediates.noindex/PhoneInTheOtherRoom.build/Debug-iphonesimulator/PhoneInTheOtherRoomDeviceActivityMonitor.build/Objects-normal/arm64/Binary/Counting\ Sheep\ Wind\ Down\ Monitor.debug.dylib /Applications/Xcode.app/Contents/Developer/Platforms/iPhoneSimulator.platform/Developer/usr/lib/libPreviewsJITStubExecutor_no_swift_entry_point.a /Applications/Xcode.app/Contents/Developer/Platforms/iPhoneSimulator.platform/Developer/usr/lib/libPreviewsJITStubExecutor.a --output /tmp/slumber-repair-derived/Build/Intermediates.noindex/PhoneInTheOtherRoom.build/Debug-iphonesimulator/PhoneInTheOtherRoomDeviceActivityMonitor.build/Counting\ Sheep\ Wind\ Down\ Monitor-ExecutorLinkFileList-normal-arm64.txt
note: Using stub executor library without Swift entry point. (in target 'PhoneInTheOtherRoomDeviceActivityMonitor' from project 'PhoneInTheOtherRoom')

CodeSign /tmp/slumber-repair-derived/Build/Products/Debug-iphonesimulator/Counting\ Sheep\ Screen\ Time\ Report.appex (in target 'PhoneInTheOtherRoomScreenTimeReport' from project 'PhoneInTheOtherRoom')
    cd /Users/ngawangchime/Desktop/Developer\ Projects/Phone\ in\ the\ Other\ Room

    Signing Identity:     "Sign to Run Locally"

    /usr/bin/codesign --force --sign - --entitlements /tmp/slumber-repair-derived/Build/Intermediates.noindex/PhoneInTheOtherRoom.build/Debug-iphonesimulator/PhoneInTheOtherRoomScreenTimeReport.build/Counting\ Sheep\ Screen\ Time\ Report.appex.xcent --timestamp\=none --generate-entitlement-der /tmp/slumber-repair-derived/Build/Products/Debug-iphonesimulator/Counting\ Sheep\ Screen\ Time\ Report.appex

Ld /tmp/slumber-repair-derived/Build/Intermediates.noindex/PhoneInTheOtherRoom.build/Debug-iphonesimulator/PhoneInTheOtherRoomDeviceActivityMonitor.build/Objects-normal/arm64/Binary/Counting\ Sheep\ Wind\ Down\ Monitor normal arm64 (in target 'PhoneInTheOtherRoomDeviceActivityMonitor' from project 'PhoneInTheOtherRoom')
    cd /Users/ngawangchime/Desktop/Developer\ Projects/Phone\ in\ the\ Other\ Room
    /Applications/Xcode.app/Contents/Developer/Toolchains/XcodeDefault.xctoolchain/usr/bin/clang -Xlinker -reproducible -target arm64-apple-ios17.0-simulator -isysroot /Applications/Xcode.app/Contents/Developer/Platforms/iPhoneSimulator.platform/Developer/SDKs/iPhoneSimulator26.5.sdk -O0 -L/tmp/slumber-repair-derived/Build/Products/Debug-iphonesimulator -F/tmp/slumber-repair-derived/Build/Products/Debug-iphonesimulator -Xlinker -rpath -Xlinker @executable_path -Xlinker -rpath -Xlinker @executable_path/Frameworks -Xlinker -rpath -Xlinker @executable_path/../../Frameworks -rdynamic -Xlinker -no_deduplicate -Xlinker -objc_abi_version -Xlinker 2 -e ___debug_blank_executor_main -Xlinker -sectcreate -Xlinker __TEXT -Xlinker __debug_dylib -Xlinker /tmp/slumber-repair-derived/Build/Intermediates.noindex/PhoneInTheOtherRoom.build/Debug-iphonesimulator/PhoneInTheOtherRoomDeviceActivityMonitor.build/Counting\ Sheep\ Wind\ Down\ Monitor-DebugDylibPath-normal-arm64.txt -Xlinker -sectcreate -Xlinker __TEXT -Xlinker __debug_entry -Xlinker /tmp/slumber-repair-derived/Build/Intermediates.noindex/PhoneInTheOtherRoom.build/Debug-iphonesimulator/PhoneInTheOtherRoomDeviceActivityMonitor.build/Counting\ Sheep\ Wind\ Down\ Monitor-DebugEntryPoint-normal-arm64.txt -Xlinker -sectcreate -Xlinker __TEXT -Xlinker __debug_instlnm -Xlinker /tmp/slumber-repair-derived/Build/Intermediates.noindex/PhoneInTheOtherRoom.build/Debug-iphonesimulator/PhoneInTheOtherRoomDeviceActivityMonitor.build/Counting\ Sheep\ Wind\ Down\ Monitor-DebugDylibInstallName-normal-arm64.txt -Xlinker -filelist -Xlinker /tmp/slumber-repair-derived/Build/Intermediates.noindex/PhoneInTheOtherRoom.build/Debug-iphonesimulator/PhoneInTheOtherRoomDeviceActivityMonitor.build/Counting\ Sheep\ Wind\ Down\ Monitor-ExecutorLinkFileList-normal-arm64.txt -Xlinker -sectcreate -Xlinker __TEXT -Xlinker __entitlements -Xlinker /tmp/slumber-repair-derived/Build/Intermediates.noindex/PhoneInTheOtherRoom.build/Debug-iphonesimulator/PhoneInTheOtherRoomDeviceActivityMonitor.build/Counting\ Sheep\ Wind\ Down\ Monitor.appex-Simulated.xcent -Xlinker -sectcreate -Xlinker __TEXT -Xlinker __ents_der -Xlinker /tmp/slumber-repair-derived/Build/Intermediates.noindex/PhoneInTheOtherRoom.build/Debug-iphonesimulator/PhoneInTheOtherRoomDeviceActivityMonitor.build/Counting\ Sheep\ Wind\ Down\ Monitor.appex-Simulated.xcent.der /tmp/slumber-repair-derived/Build/Intermediates.noindex/PhoneInTheOtherRoom.build/Debug-iphonesimulator/PhoneInTheOtherRoomDeviceActivityMonitor.build/Objects-normal/arm64/Binary/Counting\ Sheep\ Wind\ Down\ Monitor.debug.dylib -Xlinker -no_adhoc_codesign -o /tmp/slumber-repair-derived/Build/Intermediates.noindex/PhoneInTheOtherRoom.build/Debug-iphonesimulator/PhoneInTheOtherRoomDeviceActivityMonitor.build/Objects-normal/arm64/Binary/Counting\ Sheep\ Wind\ Down\ Monitor

RegisterExecutionPolicyException /tmp/slumber-repair-derived/Build/Products/Debug-iphonesimulator/ConcurrencyExtras.o (in target 'ConcurrencyExtras' from project 'swift-concurrency-extras')
    cd /tmp/slumber-repair-derived/SourcePackages/checkouts/swift-concurrency-extras
    builtin-RegisterExecutionPolicyException /tmp/slumber-repair-derived/Build/Products/Debug-iphonesimulator/ConcurrencyExtras.o

RegisterExecutionPolicyException /tmp/slumber-repair-derived/Build/Products/Debug-iphonesimulator/XCTestDynamicOverlay.o (in target 'XCTestDynamicOverlay' from project 'xctest-dynamic-overlay')
    cd /tmp/slumber-repair-derived/SourcePackages/checkouts/xctest-dynamic-overlay
    builtin-RegisterExecutionPolicyException /tmp/slumber-repair-derived/Build/Products/Debug-iphonesimulator/XCTestDynamicOverlay.o

CreateUniversalBinary /tmp/slumber-repair-derived/Build/Products/Debug-iphonesimulator/Counting\ Sheep\ Wind\ Down\ Monitor.appex/Counting\ Sheep\ Wind\ Down\ Monitor normal arm64\ x86_64 (in target 'PhoneInTheOtherRoomDeviceActivityMonitor' from project 'PhoneInTheOtherRoom')
    cd /Users/ngawangchime/Desktop/Developer\ Projects/Phone\ in\ the\ Other\ Room
    /Applications/Xcode.app/Contents/Developer/Toolchains/XcodeDefault.xctoolchain/usr/bin/lipo -create /tmp/slumber-repair-derived/Build/Intermediates.noindex/PhoneInTheOtherRoom.build/Debug-iphonesimulator/PhoneInTheOtherRoomDeviceActivityMonitor.build/Objects-normal/arm64/Binary/Counting\ Sheep\ Wind\ Down\ Monitor /tmp/slumber-repair-derived/Build/Intermediates.noindex/PhoneInTheOtherRoom.build/Debug-iphonesimulator/PhoneInTheOtherRoomDeviceActivityMonitor.build/Objects-normal/x86_64/Binary/Counting\ Sheep\ Wind\ Down\ Monitor -output /tmp/slumber-repair-derived/Build/Products/Debug-iphonesimulator/Counting\ Sheep\ Wind\ Down\ Monitor.appex/Counting\ Sheep\ Wind\ Down\ Monitor

ExtractAppIntentsMetadata (in target 'PhoneInTheOtherRoomDeviceActivityMonitor' from project 'PhoneInTheOtherRoom')
    cd /Users/ngawangchime/Desktop/Developer\ Projects/Phone\ in\ the\ Other\ Room
    /Applications/Xcode.app/Contents/Developer/Toolchains/XcodeDefault.xctoolchain/usr/bin/appintentsmetadataprocessor --toolchain-dir /Applications/Xcode.app/Contents/Developer/Toolchains/XcodeDefault.xctoolchain --module-name Counting_Sheep_Wind_Down_Monitor --sdk-root /Applications/Xcode.app/Contents/Developer/Platforms/iPhoneSimulator.platform/Developer/SDKs/iPhoneSimulator26.5.sdk --xcode-version 17F113 --platform-family iOS --deployment-target 17.0 --bundle-identifier com.ngawangchime.countingsheep.DeviceActivityMonitor --output /tmp/slumber-repair-derived/Build/Products/Debug-iphonesimulator/Counting\ Sheep\ Wind\ Down\ Monitor.appex --target-triple arm64-apple-ios17.0-simulator --target-triple x86_64-apple-ios17.0-simulator --binary-file /tmp/slumber-repair-derived/Build/Products/Debug-iphonesimulator/Counting\ Sheep\ Wind\ Down\ Monitor.appex/Counting\ Sheep\ Wind\ Down\ Monitor --dependency-file /tmp/slumber-repair-derived/Build/Intermediates.noindex/PhoneInTheOtherRoom.build/Debug-iphonesimulator/PhoneInTheOtherRoomDeviceActivityMonitor.build/Objects-normal/arm64/Counting\ Sheep\ Wind\ Down\ Monitor_dependency_info.dat --dependency-file /tmp/slumber-repair-derived/Build/Intermediates.noindex/PhoneInTheOtherRoom.build/Debug-iphonesimulator/PhoneInTheOtherRoomDeviceActivityMonitor.build/Objects-normal/x86_64/Counting\ Sheep\ Wind\ Down\ Monitor_dependency_info.dat --stringsdata-file /tmp/slumber-repair-derived/Build/Intermediates.noindex/PhoneInTheOtherRoom.build/Debug-iphonesimulator/PhoneInTheOtherRoomDeviceActivityMonitor.build/Objects-normal/arm64/ExtractedAppShortcutsMetadata.stringsdata --stringsdata-file /tmp/slumber-repair-derived/Build/Intermediates.noindex/PhoneInTheOtherRoom.build/Debug-iphonesimulator/PhoneInTheOtherRoomDeviceActivityMonitor.build/Objects-normal/x86_64/ExtractedAppShortcutsMetadata.stringsdata --source-file-list /tmp/slumber-repair-derived/Build/Intermediates.noindex/PhoneInTheOtherRoom.build/Debug-iphonesimulator/PhoneInTheOtherRoomDeviceActivityMonitor.build/Objects-normal/arm64/Counting\ Sheep\ Wind\ Down\ Monitor.SwiftFileList --source-file-list /tmp/slumber-repair-derived/Build/Intermediates.noindex/PhoneInTheOtherRoom.build/Debug-iphonesimulator/PhoneInTheOtherRoomDeviceActivityMonitor.build/Objects-normal/x86_64/Counting\ Sheep\ Wind\ Down\ Monitor.SwiftFileList --metadata-file-list /tmp/slumber-repair-derived/Build/Intermediates.noindex/PhoneInTheOtherRoom.build/Debug-iphonesimulator/PhoneInTheOtherRoomDeviceActivityMonitor.build/Counting\ Sheep\ Wind\ Down\ Monitor.DependencyMetadataFileList --static-metadata-file-list /tmp/slumber-repair-derived/Build/Intermediates.noindex/PhoneInTheOtherRoom.build/Debug-iphonesimulator/PhoneInTheOtherRoomDeviceActivityMonitor.build/Counting\ Sheep\ Wind\ Down\ Monitor.DependencyStaticMetadataFileList --swift-const-vals-list /tmp/slumber-repair-derived/Build/Intermediates.noindex/PhoneInTheOtherRoom.build/Debug-iphonesimulator/PhoneInTheOtherRoomDeviceActivityMonitor.build/Objects-normal/arm64/Counting\ Sheep\ Wind\ Down\ Monitor.SwiftConstValuesFileList --swift-const-vals-list /tmp/slumber-repair-derived/Build/Intermediates.noindex/PhoneInTheOtherRoom.build/Debug-iphonesimulator/PhoneInTheOtherRoomDeviceActivityMonitor.build/Objects-normal/x86_64/Counting\ Sheep\ Wind\ Down\ Monitor.SwiftConstValuesFileList --compile-time-extraction --deployment-aware-processing --validate-assistant-intents --no-app-shortcuts-localization
2026-09-21 22:33:16.818 appintentsmetadataprocessor[83081:8803162] Starting appintentsmetadataprocessor export
2026-09-21 22:33:16.830 appintentsmetadataprocessor[83081:8803162] warning: Metadata extraction skipped. No AppIntents.framework dependency found.

CodeSign /tmp/slumber-repair-derived/Build/Products/Debug-iphonesimulator/Counting\ Sheep\ Wind\ Down\ Monitor.appex/Counting\ Sheep\ Wind\ Down\ Monitor.debug.dylib (in target 'PhoneInTheOtherRoomDeviceActivityMonitor' from project 'PhoneInTheOtherRoom')
    cd /Users/ngawangchime/Desktop/Developer\ Projects/Phone\ in\ the\ Other\ Room

    Signing Identity:     "Sign to Run Locally"

    /usr/bin/codesign --force --sign - --timestamp\=none --generate-entitlement-der /tmp/slumber-repair-derived/Build/Products/Debug-iphonesimulator/Counting\ Sheep\ Wind\ Down\ Monitor.appex/Counting\ Sheep\ Wind\ Down\ Monitor.debug.dylib

CodeSign /tmp/slumber-repair-derived/Build/Products/Debug-iphonesimulator/Counting\ Sheep\ Wind\ Down\ Monitor.appex/__preview.dylib (in target 'PhoneInTheOtherRoomDeviceActivityMonitor' from project 'PhoneInTheOtherRoom')
    cd /Users/ngawangchime/Desktop/Developer\ Projects/Phone\ in\ the\ Other\ Room

    Signing Identity:     "Sign to Run Locally"

    /usr/bin/codesign --force --sign - --timestamp\=none --generate-entitlement-der /tmp/slumber-repair-derived/Build/Products/Debug-iphonesimulator/Counting\ Sheep\ Wind\ Down\ Monitor.appex/__preview.dylib
/tmp/slumber-repair-derived/Build/Products/Debug-iphonesimulator/Counting Sheep Wind Down Monitor.appex/__preview.dylib: replacing existing signature

CodeSign /tmp/slumber-repair-derived/Build/Products/Debug-iphonesimulator/Counting\ Sheep\ Wind\ Down\ Monitor.appex (in target 'PhoneInTheOtherRoomDeviceActivityMonitor' from project 'PhoneInTheOtherRoom')
    cd /Users/ngawangchime/Desktop/Developer\ Projects/Phone\ in\ the\ Other\ Room

    Signing Identity:     "Sign to Run Locally"

    /usr/bin/codesign --force --sign - --entitlements /tmp/slumber-repair-derived/Build/Intermediates.noindex/PhoneInTheOtherRoom.build/Debug-iphonesimulator/PhoneInTheOtherRoomDeviceActivityMonitor.build/Counting\ Sheep\ Wind\ Down\ Monitor.appex.xcent --timestamp\=none --generate-entitlement-der /tmp/slumber-repair-derived/Build/Products/Debug-iphonesimulator/Counting\ Sheep\ Wind\ Down\ Monitor.appex

SwiftDriver\ Compilation Clocks normal arm64 com.apple.xcode.tools.swift.compiler (in target 'Clocks' from project 'swift-clocks')
    cd /Users/ngawangchime/Desktop/Developer\ Projects/Phone\ in\ the\ Other\ Room/PhoneInTheOtherRoom.xcodeproj
    builtin-Swift-Compilation -- /Applications/Xcode.app/Contents/Developer/Toolchains/XcodeDefault.xctoolchain/usr/bin/swiftc -module-name Clocks -Onone @/tmp/slumber-repair-derived/Build/Intermediates.noindex/swift-clocks.build/Debug-iphonesimulator/Clocks.build/Objects-normal/arm64/Clocks.SwiftFileList -DSWIFT_PACKAGE -DDEBUG -DSWIFT_MODULE_RESOURCE_BUNDLE_UNAVAILABLE -DXcode -enable-upcoming-feature ExistentialAny -enable-upcoming-feature ImmutableWeakCaptures -enable-upcoming-feature InferIsolatedConformances -enable-upcoming-feature InternalImportsByDefault -enable-upcoming-feature MemberImportVisibility -enable-upcoming-feature NonisolatedNonsendingByDefault -plugin-path /Applications/Xcode.app/Contents/Developer/Toolchains/XcodeDefault.xctoolchain/usr/lib/swift/host/plugins/testing -enable-experimental-feature DebugDescriptionMacro -sdk /Applications/Xcode.app/Contents/Developer/Platforms/iPhoneSimulator.platform/Developer/SDKs/iPhoneSimulator26.5.sdk -target arm64-apple-ios13.0-simulator -g -module-cache-path /tmp/slumber-repair-derived/ModuleCache.noindex -Xfrontend -serialize-debugging-options -enable-testing -suppress-warnings -index-store-path /tmp/slumber-repair-derived/Index.noindex/DataStore -Xcc -D_LIBCPP_HARDENING_MODE\=_LIBCPP_HARDENING_MODE_DEBUG -swift-version 6 -I /tmp/slumber-repair-derived/Build/Products/Debug-iphonesimulator -Isystem /Applications/Xcode.app/Contents/Developer/Platforms/iPhoneSimulator.platform/Developer/usr/lib -F /tmp/slumber-repair-derived/Build/Products/Debug-iphonesimulator/PackageFrameworks -F /tmp/slumber-repair-derived/Build/Products/Debug-iphonesimulator/PackageFrameworks -F /tmp/slumber-repair-derived/Build/Products/Debug-iphonesimulator -F /Applications/Xcode.app/Contents/Developer/Platforms/iPhoneSimulator.platform/Developer/Library/Frameworks -F /Applications/Xcode.app/Contents/Developer/Platforms/iPhoneSimulator.platform/Developer/SDKs/iPhoneSimulator26.5.sdk/Developer/Library/Frameworks -c -j8 -enable-batch-mode -incremental -Xcc -ivfsstatcache -Xcc /tmp/slumber-repair-derived/SDKStatCaches.noindex/iphonesimulator26.5-23F81a-6cfe768891a92b912361537c460fe42b.sdkstatcache -output-file-map /tmp/slumber-repair-derived/Build/Intermediates.noindex/swift-clocks.build/Debug-iphonesimulator/Clocks.build/Objects-normal/arm64/Clocks-OutputFileMap.json -use-frontend-parseable-output -save-temps -no-color-diagnostics -explicit-module-build -module-cache-path /tmp/slumber-repair-derived/Build/Intermediates.noindex/SwiftExplicitPrecompiledModules -clang-scanner-module-cache-path /tmp/slumber-repair-derived/ModuleCache.noindex -sdk-module-cache-path /tmp/slumber-repair-derived/ModuleCache.noindex -serialize-diagnostics -emit-dependencies -emit-module -emit-module-path /tmp/slumber-repair-derived/Build/Intermediates.noindex/swift-clocks.build/Debug-iphonesimulator/Clocks.build/Objects-normal/arm64/Clocks.swiftmodule -user-module-version 1.1.0 -validate-clang-modules-once -clang-build-session-file /tmp/slumber-repair-derived/ModuleCache.noindex/Session.modulevalidation -package-name swift_clocks -Xcc -I/tmp/slumber-repair-derived/Build/Intermediates.noindex/swift-clocks.build/Debug-iphonesimulator/Clocks.build/swift-overrides.hmap -emit-const-values -Xfrontend -const-gather-protocols-file -Xfrontend /tmp/slumber-repair-derived/Build/Intermediates.noindex/swift-clocks.build/Debug-iphonesimulator/Clocks.build/Objects-normal/arm64/Clocks_const_extract_protocols.json -Xcc -I/tmp/slumber-repair-derived/Build/Products/Debug-iphonesimulator/include -Xcc -I/tmp/slumber-repair-derived/Build/Intermediates.noindex/swift-clocks.build/Debug-iphonesimulator/Clocks.build/DerivedSources-normal/arm64 -Xcc -I/tmp/slumber-repair-derived/Build/Intermediates.noindex/swift-clocks.build/Debug-iphonesimulator/Clocks.build/DerivedSources/arm64 -Xcc -I/tmp/slumber-repair-derived/Build/Intermediates.noindex/swift-clocks.build/Debug-iphonesimulator/Clocks.build/DerivedSources -Xcc -DSWIFT_PACKAGE -Xcc -DDEBUG\=1 -emit-objc-header -emit-objc-header-path /tmp/slumber-repair-derived/Build/Intermediates.noindex/swift-clocks.build/Debug-iphonesimulator/Clocks.build/Objects-normal/arm64/Clocks-Swift.h -working-directory /Users/ngawangchime/Desktop/Developer\ Projects/Phone\ in\ the\ Other\ Room/PhoneInTheOtherRoom.xcodeproj -experimental-emit-module-separately -disable-cmo

SwiftDriver\ Compilation\ Requirements Clocks normal arm64 com.apple.xcode.tools.swift.compiler (in target 'Clocks' from project 'swift-clocks')
    cd /Users/ngawangchime/Desktop/Developer\ Projects/Phone\ in\ the\ Other\ Room/PhoneInTheOtherRoom.xcodeproj
    builtin-Swift-Compilation-Requirements -- /Applications/Xcode.app/Contents/Developer/Toolchains/XcodeDefault.xctoolchain/usr/bin/swiftc -module-name Clocks -Onone @/tmp/slumber-repair-derived/Build/Intermediates.noindex/swift-clocks.build/Debug-iphonesimulator/Clocks.build/Objects-normal/arm64/Clocks.SwiftFileList -DSWIFT_PACKAGE -DDEBUG -DSWIFT_MODULE_RESOURCE_BUNDLE_UNAVAILABLE -DXcode -enable-upcoming-feature ExistentialAny -enable-upcoming-feature ImmutableWeakCaptures -enable-upcoming-feature InferIsolatedConformances -enable-upcoming-feature InternalImportsByDefault -enable-upcoming-feature MemberImportVisibility -enable-upcoming-feature NonisolatedNonsendingByDefault -plugin-path /Applications/Xcode.app/Contents/Developer/Toolchains/XcodeDefault.xctoolchain/usr/lib/swift/host/plugins/testing -enable-experimental-feature DebugDescriptionMacro -sdk /Applications/Xcode.app/Contents/Developer/Platforms/iPhoneSimulator.platform/Developer/SDKs/iPhoneSimulator26.5.sdk -target arm64-apple-ios13.0-simulator -g -module-cache-path /tmp/slumber-repair-derived/ModuleCache.noindex -Xfrontend -serialize-debugging-options -enable-testing -suppress-warnings -index-store-path /tmp/slumber-repair-derived/Index.noindex/DataStore -Xcc -D_LIBCPP_HARDENING_MODE\=_LIBCPP_HARDENING_MODE_DEBUG -swift-version 6 -I /tmp/slumber-repair-derived/Build/Products/Debug-iphonesimulator -Isystem /Applications/Xcode.app/Contents/Developer/Platforms/iPhoneSimulator.platform/Developer/usr/lib -F /tmp/slumber-repair-derived/Build/Products/Debug-iphonesimulator/PackageFrameworks -F /tmp/slumber-repair-derived/Build/Products/Debug-iphonesimulator/PackageFrameworks -F /tmp/slumber-repair-derived/Build/Products/Debug-iphonesimulator -F /Applications/Xcode.app/Contents/Developer/Platforms/iPhoneSimulator.platform/Developer/Library/Frameworks -F /Applications/Xcode.app/Contents/Developer/Platforms/iPhoneSimulator.platform/Developer/SDKs/iPhoneSimulator26.5.sdk/Developer/Library/Frameworks -c -j8 -enable-batch-mode -incremental -Xcc -ivfsstatcache -Xcc /tmp/slumber-repair-derived/SDKStatCaches.noindex/iphonesimulator26.5-23F81a-6cfe768891a92b912361537c460fe42b.sdkstatcache -output-file-map /tmp/slumber-repair-derived/Build/Intermediates.noindex/swift-clocks.build/Debug-iphonesimulator/Clocks.build/Objects-normal/arm64/Clocks-OutputFileMap.json -use-frontend-parseable-output -save-temps -no-color-diagnostics -explicit-module-build -module-cache-path /tmp/slumber-repair-derived/Build/Intermediates.noindex/SwiftExplicitPrecompiledModules -clang-scanner-module-cache-path /tmp/slumber-repair-derived/ModuleCache.noindex -sdk-module-cache-path /tmp/slumber-repair-derived/ModuleCache.noindex -serialize-diagnostics -emit-dependencies -emit-module -emit-module-path /tmp/slumber-repair-derived/Build/Intermediates.noindex/swift-clocks.build/Debug-iphonesimulator/Clocks.build/Objects-normal/arm64/Clocks.swiftmodule -user-module-version 1.1.0 -validate-clang-modules-once -clang-build-session-file /tmp/slumber-repair-derived/ModuleCache.noindex/Session.modulevalidation -package-name swift_clocks -Xcc -I/tmp/slumber-repair-derived/Build/Intermediates.noindex/swift-clocks.build/Debug-iphonesimulator/Clocks.build/swift-overrides.hmap -emit-const-values -Xfrontend -const-gather-protocols-file -Xfrontend /tmp/slumber-repair-derived/Build/Intermediates.noindex/swift-clocks.build/Debug-iphonesimulator/Clocks.build/Objects-normal/arm64/Clocks_const_extract_protocols.json -Xcc -I/tmp/slumber-repair-derived/Build/Products/Debug-iphonesimulator/include -Xcc -I/tmp/slumber-repair-derived/Build/Intermediates.noindex/swift-clocks.build/Debug-iphonesimulator/Clocks.build/DerivedSources-normal/arm64 -Xcc -I/tmp/slumber-repair-derived/Build/Intermediates.noindex/swift-clocks.build/Debug-iphonesimulator/Clocks.build/DerivedSources/arm64 -Xcc -I/tmp/slumber-repair-derived/Build/Intermediates.noindex/swift-clocks.build/Debug-iphonesimulator/Clocks.build/DerivedSources -Xcc -DSWIFT_PACKAGE -Xcc -DDEBUG\=1 -emit-objc-header -emit-objc-header-path /tmp/slumber-repair-derived/Build/Intermediates.noindex/swift-clocks.build/Debug-iphonesimulator/Clocks.build/Objects-normal/arm64/Clocks-Swift.h -working-directory /Users/ngawangchime/Desktop/Developer\ Projects/Phone\ in\ the\ Other\ Room/PhoneInTheOtherRoom.xcodeproj -experimental-emit-module-separately -disable-cmo

SwiftDriver\ Compilation Clocks normal x86_64 com.apple.xcode.tools.swift.compiler (in target 'Clocks' from project 'swift-clocks')
    cd /Users/ngawangchime/Desktop/Developer\ Projects/Phone\ in\ the\ Other\ Room/PhoneInTheOtherRoom.xcodeproj
    builtin-Swift-Compilation -- /Applications/Xcode.app/Contents/Developer/Toolchains/XcodeDefault.xctoolchain/usr/bin/swiftc -module-name Clocks -Onone @/tmp/slumber-repair-derived/Build/Intermediates.noindex/swift-clocks.build/Debug-iphonesimulator/Clocks.build/Objects-normal/x86_64/Clocks.SwiftFileList -DSWIFT_PACKAGE -DDEBUG -DSWIFT_MODULE_RESOURCE_BUNDLE_UNAVAILABLE -DXcode -enable-upcoming-feature ExistentialAny -enable-upcoming-feature ImmutableWeakCaptures -enable-upcoming-feature InferIsolatedConformances -enable-upcoming-feature InternalImportsByDefault -enable-upcoming-feature MemberImportVisibility -enable-upcoming-feature NonisolatedNonsendingByDefault -plugin-path /Applications/Xcode.app/Contents/Developer/Toolchains/XcodeDefault.xctoolchain/usr/lib/swift/host/plugins/testing -enable-experimental-feature DebugDescriptionMacro -sdk /Applications/Xcode.app/Contents/Developer/Platforms/iPhoneSimulator.platform/Developer/SDKs/iPhoneSimulator26.5.sdk -target x86_64-apple-ios13.0-simulator -g -module-cache-path /tmp/slumber-repair-derived/ModuleCache.noindex -Xfrontend -serialize-debugging-options -enable-testing -suppress-warnings -index-store-path /tmp/slumber-repair-derived/Index.noindex/DataStore -Xcc -D_LIBCPP_HARDENING_MODE\=_LIBCPP_HARDENING_MODE_DEBUG -swift-version 6 -I /tmp/slumber-repair-derived/Build/Products/Debug-iphonesimulator -Isystem /Applications/Xcode.app/Contents/Developer/Platforms/iPhoneSimulator.platform/Developer/usr/lib -F /tmp/slumber-repair-derived/Build/Products/Debug-iphonesimulator/PackageFrameworks -F /tmp/slumber-repair-derived/Build/Products/Debug-iphonesimulator/PackageFrameworks -F /tmp/slumber-repair-derived/Build/Products/Debug-iphonesimulator -F /Applications/Xcode.app/Contents/Developer/Platforms/iPhoneSimulator.platform/Developer/Library/Frameworks -F /Applications/Xcode.app/Contents/Developer/Platforms/iPhoneSimulator.platform/Developer/SDKs/iPhoneSimulator26.5.sdk/Developer/Library/Frameworks -c -j8 -enable-batch-mode -incremental -Xcc -ivfsstatcache -Xcc /tmp/slumber-repair-derived/SDKStatCaches.noindex/iphonesimulator26.5-23F81a-6cfe768891a92b912361537c460fe42b.sdkstatcache -output-file-map /tmp/slumber-repair-derived/Build/Intermediates.noindex/swift-clocks.build/Debug-iphonesimulator/Clocks.build/Objects-normal/x86_64/Clocks-OutputFileMap.json -use-frontend-parseable-output -save-temps -no-color-diagnostics -explicit-module-build -module-cache-path /tmp/slumber-repair-derived/Build/Intermediates.noindex/SwiftExplicitPrecompiledModules -clang-scanner-module-cache-path /tmp/slumber-repair-derived/ModuleCache.noindex -sdk-module-cache-path /tmp/slumber-repair-derived/ModuleCache.noindex -serialize-diagnostics -emit-dependencies -emit-module -emit-module-path /tmp/slumber-repair-derived/Build/Intermediates.noindex/swift-clocks.build/Debug-iphonesimulator/Clocks.build/Objects-normal/x86_64/Clocks.swiftmodule -user-module-version 1.1.0 -validate-clang-modules-once -clang-build-session-file /tmp/slumber-repair-derived/ModuleCache.noindex/Session.modulevalidation -package-name swift_clocks -Xcc -I/tmp/slumber-repair-derived/Build/Intermediates.noindex/swift-clocks.build/Debug-iphonesimulator/Clocks.build/swift-overrides.hmap -emit-const-values -Xfrontend -const-gather-protocols-file -Xfrontend /tmp/slumber-repair-derived/Build/Intermediates.noindex/swift-clocks.build/Debug-iphonesimulator/Clocks.build/Objects-normal/x86_64/Clocks_const_extract_protocols.json -Xcc -I/tmp/slumber-repair-derived/Build/Products/Debug-iphonesimulator/include -Xcc -I/tmp/slumber-repair-derived/Build/Intermediates.noindex/swift-clocks.build/Debug-iphonesimulator/Clocks.build/DerivedSources-normal/x86_64 -Xcc -I/tmp/slumber-repair-derived/Build/Intermediates.noindex/swift-clocks.build/Debug-iphonesimulator/Clocks.build/DerivedSources/x86_64 -Xcc -I/tmp/slumber-repair-derived/Build/Intermediates.noindex/swift-clocks.build/Debug-iphonesimulator/Clocks.build/DerivedSources -Xcc -DSWIFT_PACKAGE -Xcc -DDEBUG\=1 -emit-objc-header -emit-objc-header-path /tmp/slumber-repair-derived/Build/Intermediates.noindex/swift-clocks.build/Debug-iphonesimulator/Clocks.build/Objects-normal/x86_64/Clocks-Swift.h -working-directory /Users/ngawangchime/Desktop/Developer\ Projects/Phone\ in\ the\ Other\ Room/PhoneInTheOtherRoom.xcodeproj -experimental-emit-module-separately -disable-cmo

SwiftDriver\ Compilation\ Requirements Clocks normal x86_64 com.apple.xcode.tools.swift.compiler (in target 'Clocks' from project 'swift-clocks')
    cd /Users/ngawangchime/Desktop/Developer\ Projects/Phone\ in\ the\ Other\ Room/PhoneInTheOtherRoom.xcodeproj
    builtin-Swift-Compilation-Requirements -- /Applications/Xcode.app/Contents/Developer/Toolchains/XcodeDefault.xctoolchain/usr/bin/swiftc -module-name Clocks -Onone @/tmp/slumber-repair-derived/Build/Intermediates.noindex/swift-clocks.build/Debug-iphonesimulator/Clocks.build/Objects-normal/x86_64/Clocks.SwiftFileList -DSWIFT_PACKAGE -DDEBUG -DSWIFT_MODULE_RESOURCE_BUNDLE_UNAVAILABLE -DXcode -enable-upcoming-feature ExistentialAny -enable-upcoming-feature ImmutableWeakCaptures -enable-upcoming-feature InferIsolatedConformances -enable-upcoming-feature InternalImportsByDefault -enable-upcoming-feature MemberImportVisibility -enable-upcoming-feature NonisolatedNonsendingByDefault -plugin-path /Applications/Xcode.app/Contents/Developer/Toolchains/XcodeDefault.xctoolchain/usr/lib/swift/host/plugins/testing -enable-experimental-feature DebugDescriptionMacro -sdk /Applications/Xcode.app/Contents/Developer/Platforms/iPhoneSimulator.platform/Developer/SDKs/iPhoneSimulator26.5.sdk -target x86_64-apple-ios13.0-simulator -g -module-cache-path /tmp/slumber-repair-derived/ModuleCache.noindex -Xfrontend -serialize-debugging-options -enable-testing -suppress-warnings -index-store-path /tmp/slumber-repair-derived/Index.noindex/DataStore -Xcc -D_LIBCPP_HARDENING_MODE\=_LIBCPP_HARDENING_MODE_DEBUG -swift-version 6 -I /tmp/slumber-repair-derived/Build/Products/Debug-iphonesimulator -Isystem /Applications/Xcode.app/Contents/Developer/Platforms/iPhoneSimulator.platform/Developer/usr/lib -F /tmp/slumber-repair-derived/Build/Products/Debug-iphonesimulator/PackageFrameworks -F /tmp/slumber-repair-derived/Build/Products/Debug-iphonesimulator/PackageFrameworks -F /tmp/slumber-repair-derived/Build/Products/Debug-iphonesimulator -F /Applications/Xcode.app/Contents/Developer/Platforms/iPhoneSimulator.platform/Developer/Library/Frameworks -F /Applications/Xcode.app/Contents/Developer/Platforms/iPhoneSimulator.platform/Developer/SDKs/iPhoneSimulator26.5.sdk/Developer/Library/Frameworks -c -j8 -enable-batch-mode -incremental -Xcc -ivfsstatcache -Xcc /tmp/slumber-repair-derived/SDKStatCaches.noindex/iphonesimulator26.5-23F81a-6cfe768891a92b912361537c460fe42b.sdkstatcache -output-file-map /tmp/slumber-repair-derived/Build/Intermediates.noindex/swift-clocks.build/Debug-iphonesimulator/Clocks.build/Objects-normal/x86_64/Clocks-OutputFileMap.json -use-frontend-parseable-output -save-temps -no-color-diagnostics -explicit-module-build -module-cache-path /tmp/slumber-repair-derived/Build/Intermediates.noindex/SwiftExplicitPrecompiledModules -clang-scanner-module-cache-path /tmp/slumber-repair-derived/ModuleCache.noindex -sdk-module-cache-path /tmp/slumber-repair-derived/ModuleCache.noindex -serialize-diagnostics -emit-dependencies -emit-module -emit-module-path /tmp/slumber-repair-derived/Build/Intermediates.noindex/swift-clocks.build/Debug-iphonesimulator/Clocks.build/Objects-normal/x86_64/Clocks.swiftmodule -user-module-version 1.1.0 -validate-clang-modules-once -clang-build-session-file /tmp/slumber-repair-derived/ModuleCache.noindex/Session.modulevalidation -package-name swift_clocks -Xcc -I/tmp/slumber-repair-derived/Build/Intermediates.noindex/swift-clocks.build/Debug-iphonesimulator/Clocks.build/swift-overrides.hmap -emit-const-values -Xfrontend -const-gather-protocols-file -Xfrontend /tmp/slumber-repair-derived/Build/Intermediates.noindex/swift-clocks.build/Debug-iphonesimulator/Clocks.build/Objects-normal/x86_64/Clocks_const_extract_protocols.json -Xcc -I/tmp/slumber-repair-derived/Build/Products/Debug-iphonesimulator/include -Xcc -I/tmp/slumber-repair-derived/Build/Intermediates.noindex/swift-clocks.build/Debug-iphonesimulator/Clocks.build/DerivedSources-normal/x86_64 -Xcc -I/tmp/slumber-repair-derived/Build/Intermediates.noindex/swift-clocks.build/Debug-iphonesimulator/Clocks.build/DerivedSources/x86_64 -Xcc -I/tmp/slumber-repair-derived/Build/Intermediates.noindex/swift-clocks.build/Debug-iphonesimulator/Clocks.build/DerivedSources -Xcc -DSWIFT_PACKAGE -Xcc -DDEBUG\=1 -emit-objc-header -emit-objc-header-path /tmp/slumber-repair-derived/Build/Intermediates.noindex/swift-clocks.build/Debug-iphonesimulator/Clocks.build/Objects-normal/x86_64/Clocks-Swift.h -working-directory /Users/ngawangchime/Desktop/Developer\ Projects/Phone\ in\ the\ Other\ Room/PhoneInTheOtherRoom.xcodeproj -experimental-emit-module-separately -disable-cmo

Copy /tmp/slumber-repair-derived/Build/Products/Debug-iphonesimulator/Clocks.swiftmodule/arm64-apple-ios-simulator.swiftmodule /tmp/slumber-repair-derived/Build/Intermediates.noindex/swift-clocks.build/Debug-iphonesimulator/Clocks.build/Objects-normal/arm64/Clocks.swiftmodule (in target 'Clocks' from project 'swift-clocks')
    cd /tmp/slumber-repair-derived/SourcePackages/checkouts/swift-clocks
    builtin-copy -exclude .DS_Store -exclude CVS -exclude .svn -exclude .git -exclude .hg -resolve-src-symlinks -rename /tmp/slumber-repair-derived/Build/Intermediates.noindex/swift-clocks.build/Debug-iphonesimulator/Clocks.build/Objects-normal/arm64/Clocks.swiftmodule /tmp/slumber-repair-derived/Build/Products/Debug-iphonesimulator/Clocks.swiftmodule/arm64-apple-ios-simulator.swiftmodule

Copy /tmp/slumber-repair-derived/Build/Products/Debug-iphonesimulator/Clocks.swiftmodule/arm64-apple-ios-simulator.swiftdoc /tmp/slumber-repair-derived/Build/Intermediates.noindex/swift-clocks.build/Debug-iphonesimulator/Clocks.build/Objects-normal/arm64/Clocks.swiftdoc (in target 'Clocks' from project 'swift-clocks')
    cd /tmp/slumber-repair-derived/SourcePackages/checkouts/swift-clocks
    builtin-copy -exclude .DS_Store -exclude CVS -exclude .svn -exclude .git -exclude .hg -resolve-src-symlinks -rename /tmp/slumber-repair-derived/Build/Intermediates.noindex/swift-clocks.build/Debug-iphonesimulator/Clocks.build/Objects-normal/arm64/Clocks.swiftdoc /tmp/slumber-repair-derived/Build/Products/Debug-iphonesimulator/Clocks.swiftmodule/arm64-apple-ios-simulator.swiftdoc

Copy /tmp/slumber-repair-derived/Build/Products/Debug-iphonesimulator/Clocks.swiftmodule/arm64-apple-ios-simulator.abi.json /tmp/slumber-repair-derived/Build/Intermediates.noindex/swift-clocks.build/Debug-iphonesimulator/Clocks.build/Objects-normal/arm64/Clocks.abi.json (in target 'Clocks' from project 'swift-clocks')
    cd /tmp/slumber-repair-derived/SourcePackages/checkouts/swift-clocks
    builtin-copy -exclude .DS_Store -exclude CVS -exclude .svn -exclude .git -exclude .hg -resolve-src-symlinks -rename /tmp/slumber-repair-derived/Build/Intermediates.noindex/swift-clocks.build/Debug-iphonesimulator/Clocks.build/Objects-normal/arm64/Clocks.abi.json /tmp/slumber-repair-derived/Build/Products/Debug-iphonesimulator/Clocks.swiftmodule/arm64-apple-ios-simulator.abi.json

SwiftMergeGeneratedHeaders /tmp/slumber-repair-derived/Build/Intermediates.noindex/GeneratedModuleMaps-iphonesimulator/Clocks-Swift.h /tmp/slumber-repair-derived/Build/Intermediates.noindex/swift-clocks.build/Debug-iphonesimulator/Clocks.build/Objects-normal/arm64/Clocks-Swift.h /tmp/slumber-repair-derived/Build/Intermediates.noindex/swift-clocks.build/Debug-iphonesimulator/Clocks.build/Objects-normal/x86_64/Clocks-Swift.h (in target 'Clocks' from project 'swift-clocks')
    cd /tmp/slumber-repair-derived/SourcePackages/checkouts/swift-clocks
    builtin-swiftHeaderTool -arch arm64 /tmp/slumber-repair-derived/Build/Intermediates.noindex/swift-clocks.build/Debug-iphonesimulator/Clocks.build/Objects-normal/arm64/Clocks-Swift.h -arch x86_64 /tmp/slumber-repair-derived/Build/Intermediates.noindex/swift-clocks.build/Debug-iphonesimulator/Clocks.build/Objects-normal/x86_64/Clocks-Swift.h -o /tmp/slumber-repair-derived/Build/Intermediates.noindex/GeneratedModuleMaps-iphonesimulator/Clocks-Swift.h

Copy /tmp/slumber-repair-derived/Build/Products/Debug-iphonesimulator/Clocks.swiftmodule/Project/arm64-apple-ios-simulator.swiftsourceinfo /tmp/slumber-repair-derived/Build/Intermediates.noindex/swift-clocks.build/Debug-iphonesimulator/Clocks.build/Objects-normal/arm64/Clocks.swiftsourceinfo (in target 'Clocks' from project 'swift-clocks')
    cd /tmp/slumber-repair-derived/SourcePackages/checkouts/swift-clocks
    builtin-copy -exclude .DS_Store -exclude CVS -exclude .svn -exclude .git -exclude .hg -resolve-src-symlinks -rename /tmp/slumber-repair-derived/Build/Intermediates.noindex/swift-clocks.build/Debug-iphonesimulator/Clocks.build/Objects-normal/arm64/Clocks.swiftsourceinfo /tmp/slumber-repair-derived/Build/Products/Debug-iphonesimulator/Clocks.swiftmodule/Project/arm64-apple-ios-simulator.swiftsourceinfo

Ld /tmp/slumber-repair-derived/Build/Intermediates.noindex/swift-clocks.build/Debug-iphonesimulator/Clocks.build/Objects-normal/arm64/Binary/Clocks.o normal arm64 (in target 'Clocks' from project 'swift-clocks')
    cd /tmp/slumber-repair-derived/SourcePackages/checkouts/swift-clocks
    /Applications/Xcode.app/Contents/Developer/Toolchains/XcodeDefault.xctoolchain/usr/bin/clang -Xlinker -reproducible -target arm64-apple-ios13.0-simulator -r -isysroot /Applications/Xcode.app/Contents/Developer/Platforms/iPhoneSimulator.platform/Developer/SDKs/iPhoneSimulator26.5.sdk -O0 -w -F/tmp/slumber-repair-derived/Build/Intermediates.noindex/EagerLinkingTBDs/Debug-iphonesimulator -F/tmp/slumber-repair-derived/Build/Products/Debug-iphonesimulator/PackageFrameworks -F/tmp/slumber-repair-derived/Build/Products/Debug-iphonesimulator/PackageFrameworks -F/tmp/slumber-repair-derived/Build/Products/Debug-iphonesimulator -iframework /Applications/Xcode.app/Contents/Developer/Platforms/iPhoneSimulator.platform/Developer/Library/Frameworks -iframework /Applications/Xcode.app/Contents/Developer/Platforms/iPhoneSimulator.platform/Developer/SDKs/iPhoneSimulator26.5.sdk/Developer/Library/Frameworks -filelist /tmp/slumber-repair-derived/Build/Intermediates.noindex/swift-clocks.build/Debug-iphonesimulator/Clocks.build/Objects-normal/arm64/Clocks.LinkFileList -nostdlib -Xlinker -object_path_lto -Xlinker /tmp/slumber-repair-derived/Build/Intermediates.noindex/swift-clocks.build/Debug-iphonesimulator/Clocks.build/Objects-normal/arm64/Clocks_lto.o -Xlinker -no_deduplicate -Xlinker -objc_abi_version -Xlinker 2 -Xlinker -dependency_info -Xlinker /tmp/slumber-repair-derived/Build/Intermediates.noindex/swift-clocks.build/Debug-iphonesimulator/Clocks.build/Objects-normal/arm64/Clocks_dependency_info.dat -fobjc-link-runtime -L/Applications/Xcode.app/Contents/Developer/Toolchains/XcodeDefault.xctoolchain/usr/lib/swift/iphonesimulator -L/usr/lib/swift -Xlinker -add_ast_path -Xlinker /tmp/slumber-repair-derived/Build/Intermediates.noindex/swift-clocks.build/Debug-iphonesimulator/Clocks.build/Objects-normal/arm64/Clocks.swiftmodule @/tmp/slumber-repair-derived/Build/Intermediates.noindex/swift-clocks.build/Debug-iphonesimulator/Clocks.build/Objects-normal/arm64/Clocks-linker-args.resp -o /tmp/slumber-repair-derived/Build/Intermediates.noindex/swift-clocks.build/Debug-iphonesimulator/Clocks.build/Objects-normal/arm64/Binary/Clocks.o

SwiftDriver Helpers normal arm64 com.apple.xcode.tools.swift.compiler (in target 'Helpers' from project 'Supabase')
    cd /Users/ngawangchime/Desktop/Developer\ Projects/Phone\ in\ the\ Other\ Room/PhoneInTheOtherRoom.xcodeproj
    builtin-SwiftDriver -- /Applications/Xcode.app/Contents/Developer/Toolchains/XcodeDefault.xctoolchain/usr/bin/swiftc -module-name Helpers -Onone @/tmp/slumber-repair-derived/Build/Intermediates.noindex/Supabase.build/Debug-iphonesimulator/Helpers.build/Objects-normal/arm64/Helpers.SwiftFileList -DSWIFT_PACKAGE -DDEBUG -DSWIFT_MODULE_RESOURCE_BUNDLE_UNAVAILABLE -DXcode -enable-upcoming-feature ExistentialAny -enable-upcoming-feature ImmutableWeakCaptures -enable-upcoming-feature InferIsolatedConformances -enable-upcoming-feature InternalImportsByDefault -enable-upcoming-feature MemberImportVisibility -plugin-path /Applications/Xcode.app/Contents/Developer/Toolchains/XcodeDefault.xctoolchain/usr/lib/swift/host/plugins/testing -enable-experimental-feature DebugDescriptionMacro -sdk /Applications/Xcode.app/Contents/Developer/Platforms/iPhoneSimulator.platform/Developer/SDKs/iPhoneSimulator26.5.sdk -target arm64-apple-ios16.0-simulator -g -module-cache-path /tmp/slumber-repair-derived/ModuleCache.noindex -Xfrontend -serialize-debugging-options -enable-testing -suppress-warnings -index-store-path /tmp/slumber-repair-derived/Index.noindex/DataStore -Xcc -D_LIBCPP_HARDENING_MODE\=_LIBCPP_HARDENING_MODE_DEBUG -swift-version 6 -I /tmp/slumber-repair-derived/Build/Products/Debug-iphonesimulator -Isystem /Applications/Xcode.app/Contents/Developer/Platforms/iPhoneSimulator.platform/Developer/usr/lib -F /tmp/slumber-repair-derived/Build/Products/Debug-iphonesimulator/PackageFrameworks -F /tmp/slumber-repair-derived/Build/Products/Debug-iphonesimulator/PackageFrameworks -F /tmp/slumber-repair-derived/Build/Products/Debug-iphonesimulator/PackageFrameworks -F /tmp/slumber-repair-derived/Build/Products/Debug-iphonesimulator/PackageFrameworks -F /tmp/slumber-repair-derived/Build/Products/Debug-iphonesimulator/PackageFrameworks -F /tmp/slumber-repair-derived/Build/Products/Debug-iphonesimulator -F /Applications/Xcode.app/Contents/Developer/Platforms/iPhoneSimulator.platform/Developer/Library/Frameworks -F /Applications/Xcode.app/Contents/Developer/Platforms/iPhoneSimulator.platform/Developer/SDKs/iPhoneSimulator26.5.sdk/Developer/Library/Frameworks -c -j8 -enable-batch-mode -incremental -Xcc -ivfsstatcache -Xcc /tmp/slumber-repair-derived/SDKStatCaches.noindex/iphonesimulator26.5-23F81a-6cfe768891a92b912361537c460fe42b.sdkstatcache -output-file-map /tmp/slumber-repair-derived/Build/Intermediates.noindex/Supabase.build/Debug-iphonesimulator/Helpers.build/Objects-normal/arm64/Helpers-OutputFileMap.json -use-frontend-parseable-output -save-temps -no-color-diagnostics -explicit-module-build -module-cache-path /tmp/slumber-repair-derived/Build/Intermediates.noindex/SwiftExplicitPrecompiledModules -clang-scanner-module-cache-path /tmp/slumber-repair-derived/ModuleCache.noindex -sdk-module-cache-path /tmp/slumber-repair-derived/ModuleCache.noindex -serialize-diagnostics -emit-dependencies -emit-module -emit-module-path /tmp/slumber-repair-derived/Build/Intermediates.noindex/Supabase.build/Debug-iphonesimulator/Helpers.build/Objects-normal/arm64/Helpers.swiftmodule -user-module-version 2.51.0 -validate-clang-modules-once -clang-build-session-file /tmp/slumber-repair-derived/ModuleCache.noindex/Session.modulevalidation -package-name supabase_swift -Xcc -I/tmp/slumber-repair-derived/Build/Intermediates.noindex/Supabase.build/Debug-iphonesimulator/Helpers.build/swift-overrides.hmap -emit-const-values -Xfrontend -const-gather-protocols-file -Xfrontend /tmp/slumber-repair-derived/Build/Intermediates.noindex/Supabase.build/Debug-iphonesimulator/Helpers.build/Objects-normal/arm64/Helpers_const_extract_protocols.json -Xcc -I/tmp/slumber-repair-derived/Build/Products/Debug-iphonesimulator/include -Xcc -I/tmp/slumber-repair-derived/Build/Intermediates.noindex/Supabase.build/Debug-iphonesimulator/Helpers.build/DerivedSources-normal/arm64 -Xcc -I/tmp/slumber-repair-derived/Build/Intermediates.noindex/Supabase.build/Debug-iphonesimulator/Helpers.build/DerivedSources/arm64 -Xcc -I/tmp/slumber-repair-derived/Build/Intermediates.noindex/Supabase.build/Debug-iphonesimulator/Helpers.build/DerivedSources -Xcc -DSWIFT_PACKAGE -Xcc -DDEBUG\=1 -emit-objc-header -emit-objc-header-path /tmp/slumber-repair-derived/Build/Intermediates.noindex/Supabase.build/Debug-iphonesimulator/Helpers.build/Objects-normal/arm64/Helpers-Swift.h -working-directory /Users/ngawangchime/Desktop/Developer\ Projects/Phone\ in\ the\ Other\ Room/PhoneInTheOtherRoom.xcodeproj -experimental-emit-module-separately -disable-cmo

SwiftDriver Helpers normal x86_64 com.apple.xcode.tools.swift.compiler (in target 'Helpers' from project 'Supabase')
    cd /Users/ngawangchime/Desktop/Developer\ Projects/Phone\ in\ the\ Other\ Room/PhoneInTheOtherRoom.xcodeproj
    builtin-SwiftDriver -- /Applications/Xcode.app/Contents/Developer/Toolchains/XcodeDefault.xctoolchain/usr/bin/swiftc -module-name Helpers -Onone @/tmp/slumber-repair-derived/Build/Intermediates.noindex/Supabase.build/Debug-iphonesimulator/Helpers.build/Objects-normal/x86_64/Helpers.SwiftFileList -DSWIFT_PACKAGE -DDEBUG -DSWIFT_MODULE_RESOURCE_BUNDLE_UNAVAILABLE -DXcode -enable-upcoming-feature ExistentialAny -enable-upcoming-feature ImmutableWeakCaptures -enable-upcoming-feature InferIsolatedConformances -enable-upcoming-feature InternalImportsByDefault -enable-upcoming-feature MemberImportVisibility -plugin-path /Applications/Xcode.app/Contents/Developer/Toolchains/XcodeDefault.xctoolchain/usr/lib/swift/host/plugins/testing -enable-experimental-feature DebugDescriptionMacro -sdk /Applications/Xcode.app/Contents/Developer/Platforms/iPhoneSimulator.platform/Developer/SDKs/iPhoneSimulator26.5.sdk -target x86_64-apple-ios16.0-simulator -g -module-cache-path /tmp/slumber-repair-derived/ModuleCache.noindex -Xfrontend -serialize-debugging-options -enable-testing -suppress-warnings -index-store-path /tmp/slumber-repair-derived/Index.noindex/DataStore -Xcc -D_LIBCPP_HARDENING_MODE\=_LIBCPP_HARDENING_MODE_DEBUG -swift-version 6 -I /tmp/slumber-repair-derived/Build/Products/Debug-iphonesimulator -Isystem /Applications/Xcode.app/Contents/Developer/Platforms/iPhoneSimulator.platform/Developer/usr/lib -F /tmp/slumber-repair-derived/Build/Products/Debug-iphonesimulator/PackageFrameworks -F /tmp/slumber-repair-derived/Build/Products/Debug-iphonesimulator/PackageFrameworks -F /tmp/slumber-repair-derived/Build/Products/Debug-iphonesimulator/PackageFrameworks -F /tmp/slumber-repair-derived/Build/Products/Debug-iphonesimulator/PackageFrameworks -F /tmp/slumber-repair-derived/Build/Products/Debug-iphonesimulator/PackageFrameworks -F /tmp/slumber-repair-derived/Build/Products/Debug-iphonesimulator -F /Applications/Xcode.app/Contents/Developer/Platforms/iPhoneSimulator.platform/Developer/Library/Frameworks -F /Applications/Xcode.app/Contents/Developer/Platforms/iPhoneSimulator.platform/Developer/SDKs/iPhoneSimulator26.5.sdk/Developer/Library/Frameworks -c -j8 -enable-batch-mode -incremental -Xcc -ivfsstatcache -Xcc /tmp/slumber-repair-derived/SDKStatCaches.noindex/iphonesimulator26.5-23F81a-6cfe768891a92b912361537c460fe42b.sdkstatcache -output-file-map /tmp/slumber-repair-derived/Build/Intermediates.noindex/Supabase.build/Debug-iphonesimulator/Helpers.build/Objects-normal/x86_64/Helpers-OutputFileMap.json -use-frontend-parseable-output -save-temps -no-color-diagnostics -explicit-module-build -module-cache-path /tmp/slumber-repair-derived/Build/Intermediates.noindex/SwiftExplicitPrecompiledModules -clang-scanner-module-cache-path /tmp/slumber-repair-derived/ModuleCache.noindex -sdk-module-cache-path /tmp/slumber-repair-derived/ModuleCache.noindex -serialize-diagnostics -emit-dependencies -emit-module -emit-module-path /tmp/slumber-repair-derived/Build/Intermediates.noindex/Supabase.build/Debug-iphonesimulator/Helpers.build/Objects-normal/x86_64/Helpers.swiftmodule -user-module-version 2.51.0 -validate-clang-modules-once -clang-build-session-file /tmp/slumber-repair-derived/ModuleCache.noindex/Session.modulevalidation -package-name supabase_swift -Xcc -I/tmp/slumber-repair-derived/Build/Intermediates.noindex/Supabase.build/Debug-iphonesimulator/Helpers.build/swift-overrides.hmap -emit-const-values -Xfrontend -const-gather-protocols-file -Xfrontend /tmp/slumber-repair-derived/Build/Intermediates.noindex/Supabase.build/Debug-iphonesimulator/Helpers.build/Objects-normal/x86_64/Helpers_const_extract_protocols.json -Xcc -I/tmp/slumber-repair-derived/Build/Products/Debug-iphonesimulator/include -Xcc -I/tmp/slumber-repair-derived/Build/Intermediates.noindex/Supabase.build/Debug-iphonesimulator/Helpers.build/DerivedSources-normal/x86_64 -Xcc -I/tmp/slumber-repair-derived/Build/Intermediates.noindex/Supabase.build/Debug-iphonesimulator/Helpers.build/DerivedSources/x86_64 -Xcc -I/tmp/slumber-repair-derived/Build/Intermediates.noindex/Supabase.build/Debug-iphonesimulator/Helpers.build/DerivedSources -Xcc -DSWIFT_PACKAGE -Xcc -DDEBUG\=1 -emit-objc-header -emit-objc-header-path /tmp/slumber-repair-derived/Build/Intermediates.noindex/Supabase.build/Debug-iphonesimulator/Helpers.build/Objects-normal/x86_64/Helpers-Swift.h -working-directory /Users/ngawangchime/Desktop/Developer\ Projects/Phone\ in\ the\ Other\ Room/PhoneInTheOtherRoom.xcodeproj -experimental-emit-module-separately -disable-cmo

CreateUniversalBinary /tmp/slumber-repair-derived/Build/Products/Debug-iphonesimulator/Clocks.o normal arm64\ x86_64 (in target 'Clocks' from project 'swift-clocks')
    cd /tmp/slumber-repair-derived/SourcePackages/checkouts/swift-clocks
    /Applications/Xcode.app/Contents/Developer/Toolchains/XcodeDefault.xctoolchain/usr/bin/lipo -create /tmp/slumber-repair-derived/Build/Intermediates.noindex/swift-clocks.build/Debug-iphonesimulator/Clocks.build/Objects-normal/arm64/Binary/Clocks.o /tmp/slumber-repair-derived/Build/Intermediates.noindex/swift-clocks.build/Debug-iphonesimulator/Clocks.build/Objects-normal/x86_64/Binary/Clocks.o -output /tmp/slumber-repair-derived/Build/Products/Debug-iphonesimulator/Clocks.o

ExtractAppIntentsMetadata (in target 'Clocks' from project 'swift-clocks')
    cd /tmp/slumber-repair-derived/SourcePackages/checkouts/swift-clocks
    /Applications/Xcode.app/Contents/Developer/Toolchains/XcodeDefault.xctoolchain/usr/bin/appintentsmetadataprocessor --toolchain-dir /Applications/Xcode.app/Contents/Developer/Toolchains/XcodeDefault.xctoolchain --module-name Clocks --sdk-root /Applications/Xcode.app/Contents/Developer/Platforms/iPhoneSimulator.platform/Developer/SDKs/iPhoneSimulator26.5.sdk --xcode-version 17F113 --platform-family iOS --deployment-target 13.0 --bundle-identifier swift-clocks.Clocks --output /tmp/slumber-repair-derived/Build/Products/Debug-iphonesimulator/Clocks.appintents --target-triple arm64-apple-ios13.0-simulator --target-triple x86_64-apple-ios13.0-simulator --binary-file /tmp/slumber-repair-derived/Build/Products/Debug-iphonesimulator/Clocks.o --dependency-file /tmp/slumber-repair-derived/Build/Intermediates.noindex/swift-clocks.build/Debug-iphonesimulator/Clocks.build/Objects-normal/arm64/Clocks_dependency_info.dat --dependency-file /tmp/slumber-repair-derived/Build/Intermediates.noindex/swift-clocks.build/Debug-iphonesimulator/Clocks.build/Objects-normal/x86_64/Clocks_dependency_info.dat --stringsdata-file /tmp/slumber-repair-derived/Build/Intermediates.noindex/swift-clocks.build/Debug-iphonesimulator/Clocks.build/Objects-normal/arm64/ExtractedAppShortcutsMetadata.stringsdata --stringsdata-file /tmp/slumber-repair-derived/Build/Intermediates.noindex/swift-clocks.build/Debug-iphonesimulator/Clocks.build/Objects-normal/x86_64/ExtractedAppShortcutsMetadata.stringsdata --source-file-list /tmp/slumber-repair-derived/Build/Intermediates.noindex/swift-clocks.build/Debug-iphonesimulator/Clocks.build/Objects-normal/arm64/Clocks.SwiftFileList --source-file-list /tmp/slumber-repair-derived/Build/Intermediates.noindex/swift-clocks.build/Debug-iphonesimulator/Clocks.build/Objects-normal/x86_64/Clocks.SwiftFileList --metadata-file-list /tmp/slumber-repair-derived/Build/Intermediates.noindex/swift-clocks.build/Debug-iphonesimulator/Clocks.build/Clocks.DependencyMetadataFileList --static-metadata-file-list /tmp/slumber-repair-derived/Build/Intermediates.noindex/swift-clocks.build/Debug-iphonesimulator/Clocks.build/Clocks.DependencyStaticMetadataFileList --swift-const-vals-list /tmp/slumber-repair-derived/Build/Intermediates.noindex/swift-clocks.build/Debug-iphonesimulator/Clocks.build/Objects-normal/arm64/Clocks.SwiftConstValuesFileList --swift-const-vals-list /tmp/slumber-repair-derived/Build/Intermediates.noindex/swift-clocks.build/Debug-iphonesimulator/Clocks.build/Objects-normal/x86_64/Clocks.SwiftConstValuesFileList --force --compile-time-extraction --deployment-aware-processing --validate-assistant-intents --no-app-shortcuts-localization
2026-09-21 22:33:17.400 appintentsmetadataprocessor[83089:8803212] Starting appintentsmetadataprocessor export
2026-09-21 22:33:17.421 appintentsmetadataprocessor[83089:8803212] Extracted no relevant App Intents symbols, skipping writing output

RegisterExecutionPolicyException /tmp/slumber-repair-derived/Build/Products/Debug-iphonesimulator/Clocks.o (in target 'Clocks' from project 'swift-clocks')
    cd /tmp/slumber-repair-derived/SourcePackages/checkouts/swift-clocks
    builtin-RegisterExecutionPolicyException /tmp/slumber-repair-derived/Build/Products/Debug-iphonesimulator/Clocks.o

SwiftDriver\ Compilation\ Requirements Helpers normal x86_64 com.apple.xcode.tools.swift.compiler (in target 'Helpers' from project 'Supabase')
    cd /Users/ngawangchime/Desktop/Developer\ Projects/Phone\ in\ the\ Other\ Room/PhoneInTheOtherRoom.xcodeproj
    builtin-Swift-Compilation-Requirements -- /Applications/Xcode.app/Contents/Developer/Toolchains/XcodeDefault.xctoolchain/usr/bin/swiftc -module-name Helpers -Onone @/tmp/slumber-repair-derived/Build/Intermediates.noindex/Supabase.build/Debug-iphonesimulator/Helpers.build/Objects-normal/x86_64/Helpers.SwiftFileList -DSWIFT_PACKAGE -DDEBUG -DSWIFT_MODULE_RESOURCE_BUNDLE_UNAVAILABLE -DXcode -enable-upcoming-feature ExistentialAny -enable-upcoming-feature ImmutableWeakCaptures -enable-upcoming-feature InferIsolatedConformances -enable-upcoming-feature InternalImportsByDefault -enable-upcoming-feature MemberImportVisibility -plugin-path /Applications/Xcode.app/Contents/Developer/Toolchains/XcodeDefault.xctoolchain/usr/lib/swift/host/plugins/testing -enable-experimental-feature DebugDescriptionMacro -sdk /Applications/Xcode.app/Contents/Developer/Platforms/iPhoneSimulator.platform/Developer/SDKs/iPhoneSimulator26.5.sdk -target x86_64-apple-ios16.0-simulator -g -module-cache-path /tmp/slumber-repair-derived/ModuleCache.noindex -Xfrontend -serialize-debugging-options -enable-testing -suppress-warnings -index-store-path /tmp/slumber-repair-derived/Index.noindex/DataStore -Xcc -D_LIBCPP_HARDENING_MODE\=_LIBCPP_HARDENING_MODE_DEBUG -swift-version 6 -I /tmp/slumber-repair-derived/Build/Products/Debug-iphonesimulator -Isystem /Applications/Xcode.app/Contents/Developer/Platforms/iPhoneSimulator.platform/Developer/usr/lib -F /tmp/slumber-repair-derived/Build/Products/Debug-iphonesimulator/PackageFrameworks -F /tmp/slumber-repair-derived/Build/Products/Debug-iphonesimulator/PackageFrameworks -F /tmp/slumber-repair-derived/Build/Products/Debug-iphonesimulator/PackageFrameworks -F /tmp/slumber-repair-derived/Build/Products/Debug-iphonesimulator/PackageFrameworks -F /tmp/slumber-repair-derived/Build/Products/Debug-iphonesimulator/PackageFrameworks -F /tmp/slumber-repair-derived/Build/Products/Debug-iphonesimulator -F /Applications/Xcode.app/Contents/Developer/Platforms/iPhoneSimulator.platform/Developer/Library/Frameworks -F /Applications/Xcode.app/Contents/Developer/Platforms/iPhoneSimulator.platform/Developer/SDKs/iPhoneSimulator26.5.sdk/Developer/Library/Frameworks -c -j8 -enable-batch-mode -incremental -Xcc -ivfsstatcache -Xcc /tmp/slumber-repair-derived/SDKStatCaches.noindex/iphonesimulator26.5-23F81a-6cfe768891a92b912361537c460fe42b.sdkstatcache -output-file-map /tmp/slumber-repair-derived/Build/Intermediates.noindex/Supabase.build/Debug-iphonesimulator/Helpers.build/Objects-normal/x86_64/Helpers-OutputFileMap.json -use-frontend-parseable-output -save-temps -no-color-diagnostics -explicit-module-build -module-cache-path /tmp/slumber-repair-derived/Build/Intermediates.noindex/SwiftExplicitPrecompiledModules -clang-scanner-module-cache-path /tmp/slumber-repair-derived/ModuleCache.noindex -sdk-module-cache-path /tmp/slumber-repair-derived/ModuleCache.noindex -serialize-diagnostics -emit-dependencies -emit-module -emit-module-path /tmp/slumber-repair-derived/Build/Intermediates.noindex/Supabase.build/Debug-iphonesimulator/Helpers.build/Objects-normal/x86_64/Helpers.swiftmodule -user-module-version 2.51.0 -validate-clang-modules-once -clang-build-session-file /tmp/slumber-repair-derived/ModuleCache.noindex/Session.modulevalidation -package-name supabase_swift -Xcc -I/tmp/slumber-repair-derived/Build/Intermediates.noindex/Supabase.build/Debug-iphonesimulator/Helpers.build/swift-overrides.hmap -emit-const-values -Xfrontend -const-gather-protocols-file -Xfrontend /tmp/slumber-repair-derived/Build/Intermediates.noindex/Supabase.build/Debug-iphonesimulator/Helpers.build/Objects-normal/x86_64/Helpers_const_extract_protocols.json -Xcc -I/tmp/slumber-repair-derived/Build/Products/Debug-iphonesimulator/include -Xcc -I/tmp/slumber-repair-derived/Build/Intermediates.noindex/Supabase.build/Debug-iphonesimulator/Helpers.build/DerivedSources-normal/x86_64 -Xcc -I/tmp/slumber-repair-derived/Build/Intermediates.noindex/Supabase.build/Debug-iphonesimulator/Helpers.build/DerivedSources/x86_64 -Xcc -I/tmp/slumber-repair-derived/Build/Intermediates.noindex/Supabase.build/Debug-iphonesimulator/Helpers.build/DerivedSources -Xcc -DSWIFT_PACKAGE -Xcc -DDEBUG\=1 -emit-objc-header -emit-objc-header-path /tmp/slumber-repair-derived/Build/Intermediates.noindex/Supabase.build/Debug-iphonesimulator/Helpers.build/Objects-normal/x86_64/Helpers-Swift.h -working-directory /Users/ngawangchime/Desktop/Developer\ Projects/Phone\ in\ the\ Other\ Room/PhoneInTheOtherRoom.xcodeproj -experimental-emit-module-separately -disable-cmo

SwiftDriver\ Compilation\ Requirements Helpers normal arm64 com.apple.xcode.tools.swift.compiler (in target 'Helpers' from project 'Supabase')
    cd /Users/ngawangchime/Desktop/Developer\ Projects/Phone\ in\ the\ Other\ Room/PhoneInTheOtherRoom.xcodeproj
    builtin-Swift-Compilation-Requirements -- /Applications/Xcode.app/Contents/Developer/Toolchains/XcodeDefault.xctoolchain/usr/bin/swiftc -module-name Helpers -Onone @/tmp/slumber-repair-derived/Build/Intermediates.noindex/Supabase.build/Debug-iphonesimulator/Helpers.build/Objects-normal/arm64/Helpers.SwiftFileList -DSWIFT_PACKAGE -DDEBUG -DSWIFT_MODULE_RESOURCE_BUNDLE_UNAVAILABLE -DXcode -enable-upcoming-feature ExistentialAny -enable-upcoming-feature ImmutableWeakCaptures -enable-upcoming-feature InferIsolatedConformances -enable-upcoming-feature InternalImportsByDefault -enable-upcoming-feature MemberImportVisibility -plugin-path /Applications/Xcode.app/Contents/Developer/Toolchains/XcodeDefault.xctoolchain/usr/lib/swift/host/plugins/testing -enable-experimental-feature DebugDescriptionMacro -sdk /Applications/Xcode.app/Contents/Developer/Platforms/iPhoneSimulator.platform/Developer/SDKs/iPhoneSimulator26.5.sdk -target arm64-apple-ios16.0-simulator -g -module-cache-path /tmp/slumber-repair-derived/ModuleCache.noindex -Xfrontend -serialize-debugging-options -enable-testing -suppress-warnings -index-store-path /tmp/slumber-repair-derived/Index.noindex/DataStore -Xcc -D_LIBCPP_HARDENING_MODE\=_LIBCPP_HARDENING_MODE_DEBUG -swift-version 6 -I /tmp/slumber-repair-derived/Build/Products/Debug-iphonesimulator -Isystem /Applications/Xcode.app/Contents/Developer/Platforms/iPhoneSimulator.platform/Developer/usr/lib -F /tmp/slumber-repair-derived/Build/Products/Debug-iphonesimulator/PackageFrameworks -F /tmp/slumber-repair-derived/Build/Products/Debug-iphonesimulator/PackageFrameworks -F /tmp/slumber-repair-derived/Build/Products/Debug-iphonesimulator/PackageFrameworks -F /tmp/slumber-repair-derived/Build/Products/Debug-iphonesimulator/PackageFrameworks -F /tmp/slumber-repair-derived/Build/Products/Debug-iphonesimulator/PackageFrameworks -F /tmp/slumber-repair-derived/Build/Products/Debug-iphonesimulator -F /Applications/Xcode.app/Contents/Developer/Platforms/iPhoneSimulator.platform/Developer/Library/Frameworks -F /Applications/Xcode.app/Contents/Developer/Platforms/iPhoneSimulator.platform/Developer/SDKs/iPhoneSimulator26.5.sdk/Developer/Library/Frameworks -c -j8 -enable-batch-mode -incremental -Xcc -ivfsstatcache -Xcc /tmp/slumber-repair-derived/SDKStatCaches.noindex/iphonesimulator26.5-23F81a-6cfe768891a92b912361537c460fe42b.sdkstatcache -output-file-map /tmp/slumber-repair-derived/Build/Intermediates.noindex/Supabase.build/Debug-iphonesimulator/Helpers.build/Objects-normal/arm64/Helpers-OutputFileMap.json -use-frontend-parseable-output -save-temps -no-color-diagnostics -explicit-module-build -module-cache-path /tmp/slumber-repair-derived/Build/Intermediates.noindex/SwiftExplicitPrecompiledModules -clang-scanner-module-cache-path /tmp/slumber-repair-derived/ModuleCache.noindex -sdk-module-cache-path /tmp/slumber-repair-derived/ModuleCache.noindex -serialize-diagnostics -emit-dependencies -emit-module -emit-module-path /tmp/slumber-repair-derived/Build/Intermediates.noindex/Supabase.build/Debug-iphonesimulator/Helpers.build/Objects-normal/arm64/Helpers.swiftmodule -user-module-version 2.51.0 -validate-clang-modules-once -clang-build-session-file /tmp/slumber-repair-derived/ModuleCache.noindex/Session.modulevalidation -package-name supabase_swift -Xcc -I/tmp/slumber-repair-derived/Build/Intermediates.noindex/Supabase.build/Debug-iphonesimulator/Helpers.build/swift-overrides.hmap -emit-const-values -Xfrontend -const-gather-protocols-file -Xfrontend /tmp/slumber-repair-derived/Build/Intermediates.noindex/Supabase.build/Debug-iphonesimulator/Helpers.build/Objects-normal/arm64/Helpers_const_extract_protocols.json -Xcc -I/tmp/slumber-repair-derived/Build/Products/Debug-iphonesimulator/include -Xcc -I/tmp/slumber-repair-derived/Build/Intermediates.noindex/Supabase.build/Debug-iphonesimulator/Helpers.build/DerivedSources-normal/arm64 -Xcc -I/tmp/slumber-repair-derived/Build/Intermediates.noindex/Supabase.build/Debug-iphonesimulator/Helpers.build/DerivedSources/arm64 -Xcc -I/tmp/slumber-repair-derived/Build/Intermediates.noindex/Supabase.build/Debug-iphonesimulator/Helpers.build/DerivedSources -Xcc -DSWIFT_PACKAGE -Xcc -DDEBUG\=1 -emit-objc-header -emit-objc-header-path /tmp/slumber-repair-derived/Build/Intermediates.noindex/Supabase.build/Debug-iphonesimulator/Helpers.build/Objects-normal/arm64/Helpers-Swift.h -working-directory /Users/ngawangchime/Desktop/Developer\ Projects/Phone\ in\ the\ Other\ Room/PhoneInTheOtherRoom.xcodeproj -experimental-emit-module-separately -disable-cmo

SwiftDriver\ Compilation Helpers normal x86_64 com.apple.xcode.tools.swift.compiler (in target 'Helpers' from project 'Supabase')
    cd /Users/ngawangchime/Desktop/Developer\ Projects/Phone\ in\ the\ Other\ Room/PhoneInTheOtherRoom.xcodeproj
    builtin-Swift-Compilation -- /Applications/Xcode.app/Contents/Developer/Toolchains/XcodeDefault.xctoolchain/usr/bin/swiftc -module-name Helpers -Onone @/tmp/slumber-repair-derived/Build/Intermediates.noindex/Supabase.build/Debug-iphonesimulator/Helpers.build/Objects-normal/x86_64/Helpers.SwiftFileList -DSWIFT_PACKAGE -DDEBUG -DSWIFT_MODULE_RESOURCE_BUNDLE_UNAVAILABLE -DXcode -enable-upcoming-feature ExistentialAny -enable-upcoming-feature ImmutableWeakCaptures -enable-upcoming-feature InferIsolatedConformances -enable-upcoming-feature InternalImportsByDefault -enable-upcoming-feature MemberImportVisibility -plugin-path /Applications/Xcode.app/Contents/Developer/Toolchains/XcodeDefault.xctoolchain/usr/lib/swift/host/plugins/testing -enable-experimental-feature DebugDescriptionMacro -sdk /Applications/Xcode.app/Contents/Developer/Platforms/iPhoneSimulator.platform/Developer/SDKs/iPhoneSimulator26.5.sdk -target x86_64-apple-ios16.0-simulator -g -module-cache-path /tmp/slumber-repair-derived/ModuleCache.noindex -Xfrontend -serialize-debugging-options -enable-testing -suppress-warnings -index-store-path /tmp/slumber-repair-derived/Index.noindex/DataStore -Xcc -D_LIBCPP_HARDENING_MODE\=_LIBCPP_HARDENING_MODE_DEBUG -swift-version 6 -I /tmp/slumber-repair-derived/Build/Products/Debug-iphonesimulator -Isystem /Applications/Xcode.app/Contents/Developer/Platforms/iPhoneSimulator.platform/Developer/usr/lib -F /tmp/slumber-repair-derived/Build/Products/Debug-iphonesimulator/PackageFrameworks -F /tmp/slumber-repair-derived/Build/Products/Debug-iphonesimulator/PackageFrameworks -F /tmp/slumber-repair-derived/Build/Products/Debug-iphonesimulator/PackageFrameworks -F /tmp/slumber-repair-derived/Build/Products/Debug-iphonesimulator/PackageFrameworks -F /tmp/slumber-repair-derived/Build/Products/Debug-iphonesimulator/PackageFrameworks -F /tmp/slumber-repair-derived/Build/Products/Debug-iphonesimulator -F /Applications/Xcode.app/Contents/Developer/Platforms/iPhoneSimulator.platform/Developer/Library/Frameworks -F /Applications/Xcode.app/Contents/Developer/Platforms/iPhoneSimulator.platform/Developer/SDKs/iPhoneSimulator26.5.sdk/Developer/Library/Frameworks -c -j8 -enable-batch-mode -incremental -Xcc -ivfsstatcache -Xcc /tmp/slumber-repair-derived/SDKStatCaches.noindex/iphonesimulator26.5-23F81a-6cfe768891a92b912361537c460fe42b.sdkstatcache -output-file-map /tmp/slumber-repair-derived/Build/Intermediates.noindex/Supabase.build/Debug-iphonesimulator/Helpers.build/Objects-normal/x86_64/Helpers-OutputFileMap.json -use-frontend-parseable-output -save-temps -no-color-diagnostics -explicit-module-build -module-cache-path /tmp/slumber-repair-derived/Build/Intermediates.noindex/SwiftExplicitPrecompiledModules -clang-scanner-module-cache-path /tmp/slumber-repair-derived/ModuleCache.noindex -sdk-module-cache-path /tmp/slumber-repair-derived/ModuleCache.noindex -serialize-diagnostics -emit-dependencies -emit-module -emit-module-path /tmp/slumber-repair-derived/Build/Intermediates.noindex/Supabase.build/Debug-iphonesimulator/Helpers.build/Objects-normal/x86_64/Helpers.swiftmodule -user-module-version 2.51.0 -validate-clang-modules-once -clang-build-session-file /tmp/slumber-repair-derived/ModuleCache.noindex/Session.modulevalidation -package-name supabase_swift -Xcc -I/tmp/slumber-repair-derived/Build/Intermediates.noindex/Supabase.build/Debug-iphonesimulator/Helpers.build/swift-overrides.hmap -emit-const-values -Xfrontend -const-gather-protocols-file -Xfrontend /tmp/slumber-repair-derived/Build/Intermediates.noindex/Supabase.build/Debug-iphonesimulator/Helpers.build/Objects-normal/x86_64/Helpers_const_extract_protocols.json -Xcc -I/tmp/slumber-repair-derived/Build/Products/Debug-iphonesimulator/include -Xcc -I/tmp/slumber-repair-derived/Build/Intermediates.noindex/Supabase.build/Debug-iphonesimulator/Helpers.build/DerivedSources-normal/x86_64 -Xcc -I/tmp/slumber-repair-derived/Build/Intermediates.noindex/Supabase.build/Debug-iphonesimulator/Helpers.build/DerivedSources/x86_64 -Xcc -I/tmp/slumber-repair-derived/Build/Intermediates.noindex/Supabase.build/Debug-iphonesimulator/Helpers.build/DerivedSources -Xcc -DSWIFT_PACKAGE -Xcc -DDEBUG\=1 -emit-objc-header -emit-objc-header-path /tmp/slumber-repair-derived/Build/Intermediates.noindex/Supabase.build/Debug-iphonesimulator/Helpers.build/Objects-normal/x86_64/Helpers-Swift.h -working-directory /Users/ngawangchime/Desktop/Developer\ Projects/Phone\ in\ the\ Other\ Room/PhoneInTheOtherRoom.xcodeproj -experimental-emit-module-separately -disable-cmo

SwiftDriver\ Compilation Helpers normal arm64 com.apple.xcode.tools.swift.compiler (in target 'Helpers' from project 'Supabase')
    cd /Users/ngawangchime/Desktop/Developer\ Projects/Phone\ in\ the\ Other\ Room/PhoneInTheOtherRoom.xcodeproj
    builtin-Swift-Compilation -- /Applications/Xcode.app/Contents/Developer/Toolchains/XcodeDefault.xctoolchain/usr/bin/swiftc -module-name Helpers -Onone @/tmp/slumber-repair-derived/Build/Intermediates.noindex/Supabase.build/Debug-iphonesimulator/Helpers.build/Objects-normal/arm64/Helpers.SwiftFileList -DSWIFT_PACKAGE -DDEBUG -DSWIFT_MODULE_RESOURCE_BUNDLE_UNAVAILABLE -DXcode -enable-upcoming-feature ExistentialAny -enable-upcoming-feature ImmutableWeakCaptures -enable-upcoming-feature InferIsolatedConformances -enable-upcoming-feature InternalImportsByDefault -enable-upcoming-feature MemberImportVisibility -plugin-path /Applications/Xcode.app/Contents/Developer/Toolchains/XcodeDefault.xctoolchain/usr/lib/swift/host/plugins/testing -enable-experimental-feature DebugDescriptionMacro -sdk /Applications/Xcode.app/Contents/Developer/Platforms/iPhoneSimulator.platform/Developer/SDKs/iPhoneSimulator26.5.sdk -target arm64-apple-ios16.0-simulator -g -module-cache-path /tmp/slumber-repair-derived/ModuleCache.noindex -Xfrontend -serialize-debugging-options -enable-testing -suppress-warnings -index-store-path /tmp/slumber-repair-derived/Index.noindex/DataStore -Xcc -D_LIBCPP_HARDENING_MODE\=_LIBCPP_HARDENING_MODE_DEBUG -swift-version 6 -I /tmp/slumber-repair-derived/Build/Products/Debug-iphonesimulator -Isystem /Applications/Xcode.app/Contents/Developer/Platforms/iPhoneSimulator.platform/Developer/usr/lib -F /tmp/slumber-repair-derived/Build/Products/Debug-iphonesimulator/PackageFrameworks -F /tmp/slumber-repair-derived/Build/Products/Debug-iphonesimulator/PackageFrameworks -F /tmp/slumber-repair-derived/Build/Products/Debug-iphonesimulator/PackageFrameworks -F /tmp/slumber-repair-derived/Build/Products/Debug-iphonesimulator/PackageFrameworks -F /tmp/slumber-repair-derived/Build/Products/Debug-iphonesimulator/PackageFrameworks -F /tmp/slumber-repair-derived/Build/Products/Debug-iphonesimulator -F /Applications/Xcode.app/Contents/Developer/Platforms/iPhoneSimulator.platform/Developer/Library/Frameworks -F /Applications/Xcode.app/Contents/Developer/Platforms/iPhoneSimulator.platform/Developer/SDKs/iPhoneSimulator26.5.sdk/Developer/Library/Frameworks -c -j8 -enable-batch-mode -incremental -Xcc -ivfsstatcache -Xcc /tmp/slumber-repair-derived/SDKStatCaches.noindex/iphonesimulator26.5-23F81a-6cfe768891a92b912361537c460fe42b.sdkstatcache -output-file-map /tmp/slumber-repair-derived/Build/Intermediates.noindex/Supabase.build/Debug-iphonesimulator/Helpers.build/Objects-normal/arm64/Helpers-OutputFileMap.json -use-frontend-parseable-output -save-temps -no-color-diagnostics -explicit-module-build -module-cache-path /tmp/slumber-repair-derived/Build/Intermediates.noindex/SwiftExplicitPrecompiledModules -clang-scanner-module-cache-path /tmp/slumber-repair-derived/ModuleCache.noindex -sdk-module-cache-path /tmp/slumber-repair-derived/ModuleCache.noindex -serialize-diagnostics -emit-dependencies -emit-module -emit-module-path /tmp/slumber-repair-derived/Build/Intermediates.noindex/Supabase.build/Debug-iphonesimulator/Helpers.build/Objects-normal/arm64/Helpers.swiftmodule -user-module-version 2.51.0 -validate-clang-modules-once -clang-build-session-file /tmp/slumber-repair-derived/ModuleCache.noindex/Session.modulevalidation -package-name supabase_swift -Xcc -I/tmp/slumber-repair-derived/Build/Intermediates.noindex/Supabase.build/Debug-iphonesimulator/Helpers.build/swift-overrides.hmap -emit-const-values -Xfrontend -const-gather-protocols-file -Xfrontend /tmp/slumber-repair-derived/Build/Intermediates.noindex/Supabase.build/Debug-iphonesimulator/Helpers.build/Objects-normal/arm64/Helpers_const_extract_protocols.json -Xcc -I/tmp/slumber-repair-derived/Build/Products/Debug-iphonesimulator/include -Xcc -I/tmp/slumber-repair-derived/Build/Intermediates.noindex/Supabase.build/Debug-iphonesimulator/Helpers.build/DerivedSources-normal/arm64 -Xcc -I/tmp/slumber-repair-derived/Build/Intermediates.noindex/Supabase.build/Debug-iphonesimulator/Helpers.build/DerivedSources/arm64 -Xcc -I/tmp/slumber-repair-derived/Build/Intermediates.noindex/Supabase.build/Debug-iphonesimulator/Helpers.build/DerivedSources -Xcc -DSWIFT_PACKAGE -Xcc -DDEBUG\=1 -emit-objc-header -emit-objc-header-path /tmp/slumber-repair-derived/Build/Intermediates.noindex/Supabase.build/Debug-iphonesimulator/Helpers.build/Objects-normal/arm64/Helpers-Swift.h -working-directory /Users/ngawangchime/Desktop/Developer\ Projects/Phone\ in\ the\ Other\ Room/PhoneInTheOtherRoom.xcodeproj -experimental-emit-module-separately -disable-cmo

Copy /tmp/slumber-repair-derived/Build/Products/Debug-iphonesimulator/Helpers.swiftmodule/arm64-apple-ios-simulator.swiftmodule /tmp/slumber-repair-derived/Build/Intermediates.noindex/Supabase.build/Debug-iphonesimulator/Helpers.build/Objects-normal/arm64/Helpers.swiftmodule (in target 'Helpers' from project 'Supabase')
    cd /tmp/slumber-repair-derived/SourcePackages/checkouts/supabase-swift
    builtin-copy -exclude .DS_Store -exclude CVS -exclude .svn -exclude .git -exclude .hg -resolve-src-symlinks -rename /tmp/slumber-repair-derived/Build/Intermediates.noindex/Supabase.build/Debug-iphonesimulator/Helpers.build/Objects-normal/arm64/Helpers.swiftmodule /tmp/slumber-repair-derived/Build/Products/Debug-iphonesimulator/Helpers.swiftmodule/arm64-apple-ios-simulator.swiftmodule

SwiftMergeGeneratedHeaders /tmp/slumber-repair-derived/Build/Intermediates.noindex/GeneratedModuleMaps-iphonesimulator/Helpers-Swift.h /tmp/slumber-repair-derived/Build/Intermediates.noindex/Supabase.build/Debug-iphonesimulator/Helpers.build/Objects-normal/arm64/Helpers-Swift.h /tmp/slumber-repair-derived/Build/Intermediates.noindex/Supabase.build/Debug-iphonesimulator/Helpers.build/Objects-normal/x86_64/Helpers-Swift.h (in target 'Helpers' from project 'Supabase')
    cd /tmp/slumber-repair-derived/SourcePackages/checkouts/supabase-swift
    builtin-swiftHeaderTool -arch arm64 /tmp/slumber-repair-derived/Build/Intermediates.noindex/Supabase.build/Debug-iphonesimulator/Helpers.build/Objects-normal/arm64/Helpers-Swift.h -arch x86_64 /tmp/slumber-repair-derived/Build/Intermediates.noindex/Supabase.build/Debug-iphonesimulator/Helpers.build/Objects-normal/x86_64/Helpers-Swift.h -o /tmp/slumber-repair-derived/Build/Intermediates.noindex/GeneratedModuleMaps-iphonesimulator/Helpers-Swift.h

Copy /tmp/slumber-repair-derived/Build/Products/Debug-iphonesimulator/Helpers.swiftmodule/arm64-apple-ios-simulator.swiftdoc /tmp/slumber-repair-derived/Build/Intermediates.noindex/Supabase.build/Debug-iphonesimulator/Helpers.build/Objects-normal/arm64/Helpers.swiftdoc (in target 'Helpers' from project 'Supabase')
    cd /tmp/slumber-repair-derived/SourcePackages/checkouts/supabase-swift
    builtin-copy -exclude .DS_Store -exclude CVS -exclude .svn -exclude .git -exclude .hg -resolve-src-symlinks -rename /tmp/slumber-repair-derived/Build/Intermediates.noindex/Supabase.build/Debug-iphonesimulator/Helpers.build/Objects-normal/arm64/Helpers.swiftdoc /tmp/slumber-repair-derived/Build/Products/Debug-iphonesimulator/Helpers.swiftmodule/arm64-apple-ios-simulator.swiftdoc

Copy /tmp/slumber-repair-derived/Build/Products/Debug-iphonesimulator/Helpers.swiftmodule/arm64-apple-ios-simulator.abi.json /tmp/slumber-repair-derived/Build/Intermediates.noindex/Supabase.build/Debug-iphonesimulator/Helpers.build/Objects-normal/arm64/Helpers.abi.json (in target 'Helpers' from project 'Supabase')
    cd /tmp/slumber-repair-derived/SourcePackages/checkouts/supabase-swift
    builtin-copy -exclude .DS_Store -exclude CVS -exclude .svn -exclude .git -exclude .hg -resolve-src-symlinks -rename /tmp/slumber-repair-derived/Build/Intermediates.noindex/Supabase.build/Debug-iphonesimulator/Helpers.build/Objects-normal/arm64/Helpers.abi.json /tmp/slumber-repair-derived/Build/Products/Debug-iphonesimulator/Helpers.swiftmodule/arm64-apple-ios-simulator.abi.json

Copy /tmp/slumber-repair-derived/Build/Products/Debug-iphonesimulator/Helpers.swiftmodule/Project/arm64-apple-ios-simulator.swiftsourceinfo /tmp/slumber-repair-derived/Build/Intermediates.noindex/Supabase.build/Debug-iphonesimulator/Helpers.build/Objects-normal/arm64/Helpers.swiftsourceinfo (in target 'Helpers' from project 'Supabase')
    cd /tmp/slumber-repair-derived/SourcePackages/checkouts/supabase-swift
    builtin-copy -exclude .DS_Store -exclude CVS -exclude .svn -exclude .git -exclude .hg -resolve-src-symlinks -rename /tmp/slumber-repair-derived/Build/Intermediates.noindex/Supabase.build/Debug-iphonesimulator/Helpers.build/Objects-normal/arm64/Helpers.swiftsourceinfo /tmp/slumber-repair-derived/Build/Products/Debug-iphonesimulator/Helpers.swiftmodule/Project/arm64-apple-ios-simulator.swiftsourceinfo

Ld /tmp/slumber-repair-derived/Build/Intermediates.noindex/Supabase.build/Debug-iphonesimulator/Helpers.build/Objects-normal/arm64/Binary/Helpers.o normal arm64 (in target 'Helpers' from project 'Supabase')
    cd /tmp/slumber-repair-derived/SourcePackages/checkouts/supabase-swift
    /Applications/Xcode.app/Contents/Developer/Toolchains/XcodeDefault.xctoolchain/usr/bin/clang -Xlinker -reproducible -target arm64-apple-ios16.0-simulator -r -isysroot /Applications/Xcode.app/Contents/Developer/Platforms/iPhoneSimulator.platform/Developer/SDKs/iPhoneSimulator26.5.sdk -O0 -w -F/tmp/slumber-repair-derived/Build/Intermediates.noindex/EagerLinkingTBDs/Debug-iphonesimulator -F/tmp/slumber-repair-derived/Build/Products/Debug-iphonesimulator/PackageFrameworks -F/tmp/slumber-repair-derived/Build/Products/Debug-iphonesimulator/PackageFrameworks -F/tmp/slumber-repair-derived/Build/Products/Debug-iphonesimulator/PackageFrameworks -F/tmp/slumber-repair-derived/Build/Products/Debug-iphonesimulator/PackageFrameworks -F/tmp/slumber-repair-derived/Build/Products/Debug-iphonesimulator/PackageFrameworks -F/tmp/slumber-repair-derived/Build/Products/Debug-iphonesimulator -iframework /Applications/Xcode.app/Contents/Developer/Platforms/iPhoneSimulator.platform/Developer/Library/Frameworks -iframework /Applications/Xcode.app/Contents/Developer/Platforms/iPhoneSimulator.platform/Developer/SDKs/iPhoneSimulator26.5.sdk/Developer/Library/Frameworks -filelist /tmp/slumber-repair-derived/Build/Intermediates.noindex/Supabase.build/Debug-iphonesimulator/Helpers.build/Objects-normal/arm64/Helpers.LinkFileList -nostdlib -Xlinker -object_path_lto -Xlinker /tmp/slumber-repair-derived/Build/Intermediates.noindex/Supabase.build/Debug-iphonesimulator/Helpers.build/Objects-normal/arm64/Helpers_lto.o -Xlinker -no_deduplicate -Xlinker -objc_abi_version -Xlinker 2 -Xlinker -dependency_info -Xlinker /tmp/slumber-repair-derived/Build/Intermediates.noindex/Supabase.build/Debug-iphonesimulator/Helpers.build/Objects-normal/arm64/Helpers_dependency_info.dat -fobjc-link-runtime -L/Applications/Xcode.app/Contents/Developer/Toolchains/XcodeDefault.xctoolchain/usr/lib/swift/iphonesimulator -L/usr/lib/swift -Xlinker -add_ast_path -Xlinker /tmp/slumber-repair-derived/Build/Intermediates.noindex/Supabase.build/Debug-iphonesimulator/Helpers.build/Objects-normal/arm64/Helpers.swiftmodule @/tmp/slumber-repair-derived/Build/Intermediates.noindex/Supabase.build/Debug-iphonesimulator/Helpers.build/Objects-normal/arm64/Helpers-linker-args.resp -o /tmp/slumber-repair-derived/Build/Intermediates.noindex/Supabase.build/Debug-iphonesimulator/Helpers.build/Objects-normal/arm64/Binary/Helpers.o

SwiftDriver Storage normal x86_64 com.apple.xcode.tools.swift.compiler (in target 'Storage' from project 'Supabase')
    cd /Users/ngawangchime/Desktop/Developer\ Projects/Phone\ in\ the\ Other\ Room/PhoneInTheOtherRoom.xcodeproj
    builtin-SwiftDriver -- /Applications/Xcode.app/Contents/Developer/Toolchains/XcodeDefault.xctoolchain/usr/bin/swiftc -module-name Storage -Onone @/tmp/slumber-repair-derived/Build/Intermediates.noindex/Supabase.build/Debug-iphonesimulator/Storage.build/Objects-normal/x86_64/Storage.SwiftFileList -DSWIFT_PACKAGE -DDEBUG -DSWIFT_MODULE_RESOURCE_BUNDLE_UNAVAILABLE -DXcode -enable-upcoming-feature ExistentialAny -enable-upcoming-feature ImmutableWeakCaptures -enable-upcoming-feature InferIsolatedConformances -enable-upcoming-feature InternalImportsByDefault -enable-upcoming-feature MemberImportVisibility -plugin-path /Applications/Xcode.app/Contents/Developer/Toolchains/XcodeDefault.xctoolchain/usr/lib/swift/host/plugins/testing -enable-experimental-feature DebugDescriptionMacro -sdk /Applications/Xcode.app/Contents/Developer/Platforms/iPhoneSimulator.platform/Developer/SDKs/iPhoneSimulator26.5.sdk -target x86_64-apple-ios16.0-simulator -g -module-cache-path /tmp/slumber-repair-derived/ModuleCache.noindex -Xfrontend -serialize-debugging-options -enable-testing -suppress-warnings -index-store-path /tmp/slumber-repair-derived/Index.noindex/DataStore -Xcc -D_LIBCPP_HARDENING_MODE\=_LIBCPP_HARDENING_MODE_DEBUG -swift-version 6 -I /tmp/slumber-repair-derived/Build/Products/Debug-iphonesimulator -Isystem /Applications/Xcode.app/Contents/Developer/Platforms/iPhoneSimulator.platform/Developer/usr/lib -F /tmp/slumber-repair-derived/Build/Products/Debug-iphonesimulator/PackageFrameworks -F /tmp/slumber-repair-derived/Build/Products/Debug-iphonesimulator/PackageFrameworks -F /tmp/slumber-repair-derived/Build/Products/Debug-iphonesimulator/PackageFrameworks -F /tmp/slumber-repair-derived/Build/Products/Debug-iphonesimulator/PackageFrameworks -F /tmp/slumber-repair-derived/Build/Products/Debug-iphonesimulator/PackageFrameworks -F /tmp/slumber-repair-derived/Build/Products/Debug-iphonesimulator/PackageFrameworks -F /tmp/slumber-repair-derived/Build/Products/Debug-iphonesimulator -F /Applications/Xcode.app/Contents/Developer/Platforms/iPhoneSimulator.platform/Developer/Library/Frameworks -F /Applications/Xcode.app/Contents/Developer/Platforms/iPhoneSimulator.platform/Developer/SDKs/iPhoneSimulator26.5.sdk/Developer/Library/Frameworks -c -j8 -enable-batch-mode -incremental -Xcc -ivfsstatcache -Xcc /tmp/slumber-repair-derived/SDKStatCaches.noindex/iphonesimulator26.5-23F81a-6cfe768891a92b912361537c460fe42b.sdkstatcache -output-file-map /tmp/slumber-repair-derived/Build/Intermediates.noindex/Supabase.build/Debug-iphonesimulator/Storage.build/Objects-normal/x86_64/Storage-OutputFileMap.json -use-frontend-parseable-output -save-temps -no-color-diagnostics -explicit-module-build -module-cache-path /tmp/slumber-repair-derived/Build/Intermediates.noindex/SwiftExplicitPrecompiledModules -clang-scanner-module-cache-path /tmp/slumber-repair-derived/ModuleCache.noindex -sdk-module-cache-path /tmp/slumber-repair-derived/ModuleCache.noindex -serialize-diagnostics -emit-dependencies -emit-module -emit-module-path /tmp/slumber-repair-derived/Build/Intermediates.noindex/Supabase.build/Debug-iphonesimulator/Storage.build/Objects-normal/x86_64/Storage.swiftmodule -user-module-version 2.51.0 -validate-clang-modules-once -clang-build-session-file /tmp/slumber-repair-derived/ModuleCache.noindex/Session.modulevalidation -package-name supabase_swift -Xcc -I/tmp/slumber-repair-derived/Build/Intermediates.noindex/Supabase.build/Debug-iphonesimulator/Storage.build/swift-overrides.hmap -emit-const-values -Xfrontend -const-gather-protocols-file -Xfrontend /tmp/slumber-repair-derived/Build/Intermediates.noindex/Supabase.build/Debug-iphonesimulator/Storage.build/Objects-normal/x86_64/Storage_const_extract_protocols.json -Xcc -I/tmp/slumber-repair-derived/Build/Products/Debug-iphonesimulator/include -Xcc -I/tmp/slumber-repair-derived/Build/Intermediates.noindex/Supabase.build/Debug-iphonesimulator/Storage.build/DerivedSources-normal/x86_64 -Xcc -I/tmp/slumber-repair-derived/Build/Intermediates.noindex/Supabase.build/Debug-iphonesimulator/Storage.build/DerivedSources/x86_64 -Xcc -I/tmp/slumber-repair-derived/Build/Intermediates.noindex/Supabase.build/Debug-iphonesimulator/Storage.build/DerivedSources -Xcc -DSWIFT_PACKAGE -Xcc -DDEBUG\=1 -emit-objc-header -emit-objc-header-path /tmp/slumber-repair-derived/Build/Intermediates.noindex/Supabase.build/Debug-iphonesimulator/Storage.build/Objects-normal/x86_64/Storage-Swift.h -working-directory /Users/ngawangchime/Desktop/Developer\ Projects/Phone\ in\ the\ Other\ Room/PhoneInTheOtherRoom.xcodeproj -experimental-emit-module-separately -disable-cmo

SwiftDriver Storage normal arm64 com.apple.xcode.tools.swift.compiler (in target 'Storage' from project 'Supabase')
    cd /Users/ngawangchime/Desktop/Developer\ Projects/Phone\ in\ the\ Other\ Room/PhoneInTheOtherRoom.xcodeproj
    builtin-SwiftDriver -- /Applications/Xcode.app/Contents/Developer/Toolchains/XcodeDefault.xctoolchain/usr/bin/swiftc -module-name Storage -Onone @/tmp/slumber-repair-derived/Build/Intermediates.noindex/Supabase.build/Debug-iphonesimulator/Storage.build/Objects-normal/arm64/Storage.SwiftFileList -DSWIFT_PACKAGE -DDEBUG -DSWIFT_MODULE_RESOURCE_BUNDLE_UNAVAILABLE -DXcode -enable-upcoming-feature ExistentialAny -enable-upcoming-feature ImmutableWeakCaptures -enable-upcoming-feature InferIsolatedConformances -enable-upcoming-feature InternalImportsByDefault -enable-upcoming-feature MemberImportVisibility -plugin-path /Applications/Xcode.app/Contents/Developer/Toolchains/XcodeDefault.xctoolchain/usr/lib/swift/host/plugins/testing -enable-experimental-feature DebugDescriptionMacro -sdk /Applications/Xcode.app/Contents/Developer/Platforms/iPhoneSimulator.platform/Developer/SDKs/iPhoneSimulator26.5.sdk -target arm64-apple-ios16.0-simulator -g -module-cache-path /tmp/slumber-repair-derived/ModuleCache.noindex -Xfrontend -serialize-debugging-options -enable-testing -suppress-warnings -index-store-path /tmp/slumber-repair-derived/Index.noindex/DataStore -Xcc -D_LIBCPP_HARDENING_MODE\=_LIBCPP_HARDENING_MODE_DEBUG -swift-version 6 -I /tmp/slumber-repair-derived/Build/Products/Debug-iphonesimulator -Isystem /Applications/Xcode.app/Contents/Developer/Platforms/iPhoneSimulator.platform/Developer/usr/lib -F /tmp/slumber-repair-derived/Build/Products/Debug-iphonesimulator/PackageFrameworks -F /tmp/slumber-repair-derived/Build/Products/Debug-iphonesimulator/PackageFrameworks -F /tmp/slumber-repair-derived/Build/Products/Debug-iphonesimulator/PackageFrameworks -F /tmp/slumber-repair-derived/Build/Products/Debug-iphonesimulator/PackageFrameworks -F /tmp/slumber-repair-derived/Build/Products/Debug-iphonesimulator/PackageFrameworks -F /tmp/slumber-repair-derived/Build/Products/Debug-iphonesimulator/PackageFrameworks -F /tmp/slumber-repair-derived/Build/Products/Debug-iphonesimulator -F /Applications/Xcode.app/Contents/Developer/Platforms/iPhoneSimulator.platform/Developer/Library/Frameworks -F /Applications/Xcode.app/Contents/Developer/Platforms/iPhoneSimulator.platform/Developer/SDKs/iPhoneSimulator26.5.sdk/Developer/Library/Frameworks -c -j8 -enable-batch-mode -incremental -Xcc -ivfsstatcache -Xcc /tmp/slumber-repair-derived/SDKStatCaches.noindex/iphonesimulator26.5-23F81a-6cfe768891a92b912361537c460fe42b.sdkstatcache -output-file-map /tmp/slumber-repair-derived/Build/Intermediates.noindex/Supabase.build/Debug-iphonesimulator/Storage.build/Objects-normal/arm64/Storage-OutputFileMap.json -use-frontend-parseable-output -save-temps -no-color-diagnostics -explicit-module-build -module-cache-path /tmp/slumber-repair-derived/Build/Intermediates.noindex/SwiftExplicitPrecompiledModules -clang-scanner-module-cache-path /tmp/slumber-repair-derived/ModuleCache.noindex -sdk-module-cache-path /tmp/slumber-repair-derived/ModuleCache.noindex -serialize-diagnostics -emit-dependencies -emit-module -emit-module-path /tmp/slumber-repair-derived/Build/Intermediates.noindex/Supabase.build/Debug-iphonesimulator/Storage.build/Objects-normal/arm64/Storage.swiftmodule -user-module-version 2.51.0 -validate-clang-modules-once -clang-build-session-file /tmp/slumber-repair-derived/ModuleCache.noindex/Session.modulevalidation -package-name supabase_swift -Xcc -I/tmp/slumber-repair-derived/Build/Intermediates.noindex/Supabase.build/Debug-iphonesimulator/Storage.build/swift-overrides.hmap -emit-const-values -Xfrontend -const-gather-protocols-file -Xfrontend /tmp/slumber-repair-derived/Build/Intermediates.noindex/Supabase.build/Debug-iphonesimulator/Storage.build/Objects-normal/arm64/Storage_const_extract_protocols.json -Xcc -I/tmp/slumber-repair-derived/Build/Products/Debug-iphonesimulator/include -Xcc -I/tmp/slumber-repair-derived/Build/Intermediates.noindex/Supabase.build/Debug-iphonesimulator/Storage.build/DerivedSources-normal/arm64 -Xcc -I/tmp/slumber-repair-derived/Build/Intermediates.noindex/Supabase.build/Debug-iphonesimulator/Storage.build/DerivedSources/arm64 -Xcc -I/tmp/slumber-repair-derived/Build/Intermediates.noindex/Supabase.build/Debug-iphonesimulator/Storage.build/DerivedSources -Xcc -DSWIFT_PACKAGE -Xcc -DDEBUG\=1 -emit-objc-header -emit-objc-header-path /tmp/slumber-repair-derived/Build/Intermediates.noindex/Supabase.build/Debug-iphonesimulator/Storage.build/Objects-normal/arm64/Storage-Swift.h -working-directory /Users/ngawangchime/Desktop/Developer\ Projects/Phone\ in\ the\ Other\ Room/PhoneInTheOtherRoom.xcodeproj -experimental-emit-module-separately -disable-cmo

SwiftDriver RealtimeV2 normal arm64 com.apple.xcode.tools.swift.compiler (in target 'RealtimeV2' from project 'Supabase')
    cd /Users/ngawangchime/Desktop/Developer\ Projects/Phone\ in\ the\ Other\ Room/PhoneInTheOtherRoom.xcodeproj
    builtin-SwiftDriver -- /Applications/Xcode.app/Contents/Developer/Toolchains/XcodeDefault.xctoolchain/usr/bin/swiftc -module-name RealtimeV2 -Onone @/tmp/slumber-repair-derived/Build/Intermediates.noindex/Supabase.build/Debug-iphonesimulator/RealtimeV2.build/Objects-normal/arm64/RealtimeV2.SwiftFileList -DSWIFT_PACKAGE -DDEBUG -DSWIFT_MODULE_RESOURCE_BUNDLE_UNAVAILABLE -DXcode -enable-upcoming-feature ExistentialAny -enable-upcoming-feature ImmutableWeakCaptures -enable-upcoming-feature InferIsolatedConformances -enable-upcoming-feature InternalImportsByDefault -enable-upcoming-feature MemberImportVisibility -plugin-path /Applications/Xcode.app/Contents/Developer/Toolchains/XcodeDefault.xctoolchain/usr/lib/swift/host/plugins/testing -enable-experimental-feature DebugDescriptionMacro -sdk /Applications/Xcode.app/Contents/Developer/Platforms/iPhoneSimulator.platform/Developer/SDKs/iPhoneSimulator26.5.sdk -target arm64-apple-ios16.0-simulator -g -module-cache-path /tmp/slumber-repair-derived/ModuleCache.noindex -Xfrontend -serialize-debugging-options -enable-testing -suppress-warnings -index-store-path /tmp/slumber-repair-derived/Index.noindex/DataStore -Xcc -D_LIBCPP_HARDENING_MODE\=_LIBCPP_HARDENING_MODE_DEBUG -swift-version 6 -I /tmp/slumber-repair-derived/Build/Products/Debug-iphonesimulator -Isystem /Applications/Xcode.app/Contents/Developer/Platforms/iPhoneSimulator.platform/Developer/usr/lib -F /tmp/slumber-repair-derived/Build/Products/Debug-iphonesimulator/PackageFrameworks -F /tmp/slumber-repair-derived/Build/Products/Debug-iphonesimulator/PackageFrameworks -F /tmp/slumber-repair-derived/Build/Products/Debug-iphonesimulator/PackageFrameworks -F /tmp/slumber-repair-derived/Build/Products/Debug-iphonesimulator/PackageFrameworks -F /tmp/slumber-repair-derived/Build/Products/Debug-iphonesimulator/PackageFrameworks -F /tmp/slumber-repair-derived/Build/Products/Debug-iphonesimulator/PackageFrameworks -F /tmp/slumber-repair-derived/Build/Products/Debug-iphonesimulator -F /Applications/Xcode.app/Contents/Developer/Platforms/iPhoneSimulator.platform/Developer/Library/Frameworks -F /Applications/Xcode.app/Contents/Developer/Platforms/iPhoneSimulator.platform/Developer/SDKs/iPhoneSimulator26.5.sdk/Developer/Library/Frameworks -c -j8 -enable-batch-mode -incremental -Xcc -ivfsstatcache -Xcc /tmp/slumber-repair-derived/SDKStatCaches.noindex/iphonesimulator26.5-23F81a-6cfe768891a92b912361537c460fe42b.sdkstatcache -output-file-map /tmp/slumber-repair-derived/Build/Intermediates.noindex/Supabase.build/Debug-iphonesimulator/RealtimeV2.build/Objects-normal/arm64/RealtimeV2-OutputFileMap.json -use-frontend-parseable-output -save-temps -no-color-diagnostics -explicit-module-build -module-cache-path /tmp/slumber-repair-derived/Build/Intermediates.noindex/SwiftExplicitPrecompiledModules -clang-scanner-module-cache-path /tmp/slumber-repair-derived/ModuleCache.noindex -sdk-module-cache-path /tmp/slumber-repair-derived/ModuleCache.noindex -serialize-diagnostics -emit-dependencies -emit-module -emit-module-path /tmp/slumber-repair-derived/Build/Intermediates.noindex/Supabase.build/Debug-iphonesimulator/RealtimeV2.build/Objects-normal/arm64/RealtimeV2.swiftmodule -user-module-version 2.51.0 -validate-clang-modules-once -clang-build-session-file /tmp/slumber-repair-derived/ModuleCache.noindex/Session.modulevalidation -package-name supabase_swift -Xcc -I/tmp/slumber-repair-derived/Build/Intermediates.noindex/Supabase.build/Debug-iphonesimulator/RealtimeV2.build/swift-overrides.hmap -emit-const-values -Xfrontend -const-gather-protocols-file -Xfrontend /tmp/slumber-repair-derived/Build/Intermediates.noindex/Supabase.build/Debug-iphonesimulator/RealtimeV2.build/Objects-normal/arm64/RealtimeV2_const_extract_protocols.json -Xcc -I/tmp/slumber-repair-derived/Build/Products/Debug-iphonesimulator/include -Xcc -I/tmp/slumber-repair-derived/Build/Intermediates.noindex/Supabase.build/Debug-iphonesimulator/RealtimeV2.build/DerivedSources-normal/arm64 -Xcc -I/tmp/slumber-repair-derived/Build/Intermediates.noindex/Supabase.build/Debug-iphonesimulator/RealtimeV2.build/DerivedSources/arm64 -Xcc -I/tmp/slumber-repair-derived/Build/Intermediates.noindex/Supabase.build/Debug-iphonesimulator/RealtimeV2.build/DerivedSources -Xcc -DSWIFT_PACKAGE -Xcc -DDEBUG\=1 -emit-objc-header -emit-objc-header-path /tmp/slumber-repair-derived/Build/Intermediates.noindex/Supabase.build/Debug-iphonesimulator/RealtimeV2.build/Objects-normal/arm64/RealtimeV2-Swift.h -working-directory /Users/ngawangchime/Desktop/Developer\ Projects/Phone\ in\ the\ Other\ Room/PhoneInTheOtherRoom.xcodeproj -experimental-emit-module-separately -disable-cmo

SwiftDriver RealtimeV2 normal x86_64 com.apple.xcode.tools.swift.compiler (in target 'RealtimeV2' from project 'Supabase')
    cd /Users/ngawangchime/Desktop/Developer\ Projects/Phone\ in\ the\ Other\ Room/PhoneInTheOtherRoom.xcodeproj
    builtin-SwiftDriver -- /Applications/Xcode.app/Contents/Developer/Toolchains/XcodeDefault.xctoolchain/usr/bin/swiftc -module-name RealtimeV2 -Onone @/tmp/slumber-repair-derived/Build/Intermediates.noindex/Supabase.build/Debug-iphonesimulator/RealtimeV2.build/Objects-normal/x86_64/RealtimeV2.SwiftFileList -DSWIFT_PACKAGE -DDEBUG -DSWIFT_MODULE_RESOURCE_BUNDLE_UNAVAILABLE -DXcode -enable-upcoming-feature ExistentialAny -enable-upcoming-feature ImmutableWeakCaptures -enable-upcoming-feature InferIsolatedConformances -enable-upcoming-feature InternalImportsByDefault -enable-upcoming-feature MemberImportVisibility -plugin-path /Applications/Xcode.app/Contents/Developer/Toolchains/XcodeDefault.xctoolchain/usr/lib/swift/host/plugins/testing -enable-experimental-feature DebugDescriptionMacro -sdk /Applications/Xcode.app/Contents/Developer/Platforms/iPhoneSimulator.platform/Developer/SDKs/iPhoneSimulator26.5.sdk -target x86_64-apple-ios16.0-simulator -g -module-cache-path /tmp/slumber-repair-derived/ModuleCache.noindex -Xfrontend -serialize-debugging-options -enable-testing -suppress-warnings -index-store-path /tmp/slumber-repair-derived/Index.noindex/DataStore -Xcc -D_LIBCPP_HARDENING_MODE\=_LIBCPP_HARDENING_MODE_DEBUG -swift-version 6 -I /tmp/slumber-repair-derived/Build/Products/Debug-iphonesimulator -Isystem /Applications/Xcode.app/Contents/Developer/Platforms/iPhoneSimulator.platform/Developer/usr/lib -F /tmp/slumber-repair-derived/Build/Products/Debug-iphonesimulator/PackageFrameworks -F /tmp/slumber-repair-derived/Build/Products/Debug-iphonesimulator/PackageFrameworks -F /tmp/slumber-repair-derived/Build/Products/Debug-iphonesimulator/PackageFrameworks -F /tmp/slumber-repair-derived/Build/Products/Debug-iphonesimulator/PackageFrameworks -F /tmp/slumber-repair-derived/Build/Products/Debug-iphonesimulator/PackageFrameworks -F /tmp/slumber-repair-derived/Build/Products/Debug-iphonesimulator/PackageFrameworks -F /tmp/slumber-repair-derived/Build/Products/Debug-iphonesimulator -F /Applications/Xcode.app/Contents/Developer/Platforms/iPhoneSimulator.platform/Developer/Library/Frameworks -F /Applications/Xcode.app/Contents/Developer/Platforms/iPhoneSimulator.platform/Developer/SDKs/iPhoneSimulator26.5.sdk/Developer/Library/Frameworks -c -j8 -enable-batch-mode -incremental -Xcc -ivfsstatcache -Xcc /tmp/slumber-repair-derived/SDKStatCaches.noindex/iphonesimulator26.5-23F81a-6cfe768891a92b912361537c460fe42b.sdkstatcache -output-file-map /tmp/slumber-repair-derived/Build/Intermediates.noindex/Supabase.build/Debug-iphonesimulator/RealtimeV2.build/Objects-normal/x86_64/RealtimeV2-OutputFileMap.json -use-frontend-parseable-output -save-temps -no-color-diagnostics -explicit-module-build -module-cache-path /tmp/slumber-repair-derived/Build/Intermediates.noindex/SwiftExplicitPrecompiledModules -clang-scanner-module-cache-path /tmp/slumber-repair-derived/ModuleCache.noindex -sdk-module-cache-path /tmp/slumber-repair-derived/ModuleCache.noindex -serialize-diagnostics -emit-dependencies -emit-module -emit-module-path /tmp/slumber-repair-derived/Build/Intermediates.noindex/Supabase.build/Debug-iphonesimulator/RealtimeV2.build/Objects-normal/x86_64/RealtimeV2.swiftmodule -user-module-version 2.51.0 -validate-clang-modules-once -clang-build-session-file /tmp/slumber-repair-derived/ModuleCache.noindex/Session.modulevalidation -package-name supabase_swift -Xcc -I/tmp/slumber-repair-derived/Build/Intermediates.noindex/Supabase.build/Debug-iphonesimulator/RealtimeV2.build/swift-overrides.hmap -emit-const-values -Xfrontend -const-gather-protocols-file -Xfrontend /tmp/slumber-repair-derived/Build/Intermediates.noindex/Supabase.build/Debug-iphonesimulator/RealtimeV2.build/Objects-normal/x86_64/RealtimeV2_const_extract_protocols.json -Xcc -I/tmp/slumber-repair-derived/Build/Products/Debug-iphonesimulator/include -Xcc -I/tmp/slumber-repair-derived/Build/Intermediates.noindex/Supabase.build/Debug-iphonesimulator/RealtimeV2.build/DerivedSources-normal/x86_64 -Xcc -I/tmp/slumber-repair-derived/Build/Intermediates.noindex/Supabase.build/Debug-iphonesimulator/RealtimeV2.build/DerivedSources/x86_64 -Xcc -I/tmp/slumber-repair-derived/Build/Intermediates.noindex/Supabase.build/Debug-iphonesimulator/RealtimeV2.build/DerivedSources -Xcc -DSWIFT_PACKAGE -Xcc -DDEBUG\=1 -emit-objc-header -emit-objc-header-path /tmp/slumber-repair-derived/Build/Intermediates.noindex/Supabase.build/Debug-iphonesimulator/RealtimeV2.build/Objects-normal/x86_64/RealtimeV2-Swift.h -working-directory /Users/ngawangchime/Desktop/Developer\ Projects/Phone\ in\ the\ Other\ Room/PhoneInTheOtherRoom.xcodeproj -experimental-emit-module-separately -disable-cmo

SwiftDriver PostgREST normal arm64 com.apple.xcode.tools.swift.compiler (in target 'PostgREST' from project 'Supabase')
    cd /Users/ngawangchime/Desktop/Developer\ Projects/Phone\ in\ the\ Other\ Room/PhoneInTheOtherRoom.xcodeproj
    builtin-SwiftDriver -- /Applications/Xcode.app/Contents/Developer/Toolchains/XcodeDefault.xctoolchain/usr/bin/swiftc -module-name PostgREST -Onone @/tmp/slumber-repair-derived/Build/Intermediates.noindex/Supabase.build/Debug-iphonesimulator/PostgREST.build/Objects-normal/arm64/PostgREST.SwiftFileList -DSWIFT_PACKAGE -DDEBUG -DSWIFT_MODULE_RESOURCE_BUNDLE_UNAVAILABLE -DXcode -enable-upcoming-feature ExistentialAny -enable-upcoming-feature ImmutableWeakCaptures -enable-upcoming-feature InferIsolatedConformances -enable-upcoming-feature InternalImportsByDefault -enable-upcoming-feature MemberImportVisibility -plugin-path /Applications/Xcode.app/Contents/Developer/Toolchains/XcodeDefault.xctoolchain/usr/lib/swift/host/plugins/testing -enable-experimental-feature DebugDescriptionMacro -sdk /Applications/Xcode.app/Contents/Developer/Platforms/iPhoneSimulator.platform/Developer/SDKs/iPhoneSimulator26.5.sdk -target arm64-apple-ios16.0-simulator -g -module-cache-path /tmp/slumber-repair-derived/ModuleCache.noindex -Xfrontend -serialize-debugging-options -enable-testing -suppress-warnings -index-store-path /tmp/slumber-repair-derived/Index.noindex/DataStore -Xcc -D_LIBCPP_HARDENING_MODE\=_LIBCPP_HARDENING_MODE_DEBUG -swift-version 6 -I /tmp/slumber-repair-derived/Build/Products/Debug-iphonesimulator -Isystem /Applications/Xcode.app/Contents/Developer/Platforms/iPhoneSimulator.platform/Developer/usr/lib -F /tmp/slumber-repair-derived/Build/Products/Debug-iphonesimulator/PackageFrameworks -F /tmp/slumber-repair-derived/Build/Products/Debug-iphonesimulator/PackageFrameworks -F /tmp/slumber-repair-derived/Build/Products/Debug-iphonesimulator/PackageFrameworks -F /tmp/slumber-repair-derived/Build/Products/Debug-iphonesimulator/PackageFrameworks -F /tmp/slumber-repair-derived/Build/Products/Debug-iphonesimulator/PackageFrameworks -F /tmp/slumber-repair-derived/Build/Products/Debug-iphonesimulator/PackageFrameworks -F /tmp/slumber-repair-derived/Build/Products/Debug-iphonesimulator -F /Applications/Xcode.app/Contents/Developer/Platforms/iPhoneSimulator.platform/Developer/Library/Frameworks -F /Applications/Xcode.app/Contents/Developer/Platforms/iPhoneSimulator.platform/Developer/SDKs/iPhoneSimulator26.5.sdk/Developer/Library/Frameworks -c -j8 -enable-batch-mode -incremental -Xcc -ivfsstatcache -Xcc /tmp/slumber-repair-derived/SDKStatCaches.noindex/iphonesimulator26.5-23F81a-6cfe768891a92b912361537c460fe42b.sdkstatcache -output-file-map /tmp/slumber-repair-derived/Build/Intermediates.noindex/Supabase.build/Debug-iphonesimulator/PostgREST.build/Objects-normal/arm64/PostgREST-OutputFileMap.json -use-frontend-parseable-output -save-temps -no-color-diagnostics -explicit-module-build -module-cache-path /tmp/slumber-repair-derived/Build/Intermediates.noindex/SwiftExplicitPrecompiledModules -clang-scanner-module-cache-path /tmp/slumber-repair-derived/ModuleCache.noindex -sdk-module-cache-path /tmp/slumber-repair-derived/ModuleCache.noindex -serialize-diagnostics -emit-dependencies -emit-module -emit-module-path /tmp/slumber-repair-derived/Build/Intermediates.noindex/Supabase.build/Debug-iphonesimulator/PostgREST.build/Objects-normal/arm64/PostgREST.swiftmodule -user-module-version 2.51.0 -validate-clang-modules-once -clang-build-session-file /tmp/slumber-repair-derived/ModuleCache.noindex/Session.modulevalidation -package-name supabase_swift -Xcc -I/tmp/slumber-repair-derived/Build/Intermediates.noindex/Supabase.build/Debug-iphonesimulator/PostgREST.build/swift-overrides.hmap -emit-const-values -Xfrontend -const-gather-protocols-file -Xfrontend /tmp/slumber-repair-derived/Build/Intermediates.noindex/Supabase.build/Debug-iphonesimulator/PostgREST.build/Objects-normal/arm64/PostgREST_const_extract_protocols.json -Xcc -I/tmp/slumber-repair-derived/Build/Products/Debug-iphonesimulator/include -Xcc -I/tmp/slumber-repair-derived/Build/Intermediates.noindex/Supabase.build/Debug-iphonesimulator/PostgREST.build/DerivedSources-normal/arm64 -Xcc -I/tmp/slumber-repair-derived/Build/Intermediates.noindex/Supabase.build/Debug-iphonesimulator/PostgREST.build/DerivedSources/arm64 -Xcc -I/tmp/slumber-repair-derived/Build/Intermediates.noindex/Supabase.build/Debug-iphonesimulator/PostgREST.build/DerivedSources -Xcc -DSWIFT_PACKAGE -Xcc -DDEBUG\=1 -emit-objc-header -emit-objc-header-path /tmp/slumber-repair-derived/Build/Intermediates.noindex/Supabase.build/Debug-iphonesimulator/PostgREST.build/Objects-normal/arm64/PostgREST-Swift.h -working-directory /Users/ngawangchime/Desktop/Developer\ Projects/Phone\ in\ the\ Other\ Room/PhoneInTheOtherRoom.xcodeproj -experimental-emit-module-separately -disable-cmo

SwiftDriver PostgREST normal x86_64 com.apple.xcode.tools.swift.compiler (in target 'PostgREST' from project 'Supabase')
    cd /Users/ngawangchime/Desktop/Developer\ Projects/Phone\ in\ the\ Other\ Room/PhoneInTheOtherRoom.xcodeproj
    builtin-SwiftDriver -- /Applications/Xcode.app/Contents/Developer/Toolchains/XcodeDefault.xctoolchain/usr/bin/swiftc -module-name PostgREST -Onone @/tmp/slumber-repair-derived/Build/Intermediates.noindex/Supabase.build/Debug-iphonesimulator/PostgREST.build/Objects-normal/x86_64/PostgREST.SwiftFileList -DSWIFT_PACKAGE -DDEBUG -DSWIFT_MODULE_RESOURCE_BUNDLE_UNAVAILABLE -DXcode -enable-upcoming-feature ExistentialAny -enable-upcoming-feature ImmutableWeakCaptures -enable-upcoming-feature InferIsolatedConformances -enable-upcoming-feature InternalImportsByDefault -enable-upcoming-feature MemberImportVisibility -plugin-path /Applications/Xcode.app/Contents/Developer/Toolchains/XcodeDefault.xctoolchain/usr/lib/swift/host/plugins/testing -enable-experimental-feature DebugDescriptionMacro -sdk /Applications/Xcode.app/Contents/Developer/Platforms/iPhoneSimulator.platform/Developer/SDKs/iPhoneSimulator26.5.sdk -target x86_64-apple-ios16.0-simulator -g -module-cache-path /tmp/slumber-repair-derived/ModuleCache.noindex -Xfrontend -serialize-debugging-options -enable-testing -suppress-warnings -index-store-path /tmp/slumber-repair-derived/Index.noindex/DataStore -Xcc -D_LIBCPP_HARDENING_MODE\=_LIBCPP_HARDENING_MODE_DEBUG -swift-version 6 -I /tmp/slumber-repair-derived/Build/Products/Debug-iphonesimulator -Isystem /Applications/Xcode.app/Contents/Developer/Platforms/iPhoneSimulator.platform/Developer/usr/lib -F /tmp/slumber-repair-derived/Build/Products/Debug-iphonesimulator/PackageFrameworks -F /tmp/slumber-repair-derived/Build/Products/Debug-iphonesimulator/PackageFrameworks -F /tmp/slumber-repair-derived/Build/Products/Debug-iphonesimulator/PackageFrameworks -F /tmp/slumber-repair-derived/Build/Products/Debug-iphonesimulator/PackageFrameworks -F /tmp/slumber-repair-derived/Build/Products/Debug-iphonesimulator/PackageFrameworks -F /tmp/slumber-repair-derived/Build/Products/Debug-iphonesimulator/PackageFrameworks -F /tmp/slumber-repair-derived/Build/Products/Debug-iphonesimulator -F /Applications/Xcode.app/Contents/Developer/Platforms/iPhoneSimulator.platform/Developer/Library/Frameworks -F /Applications/Xcode.app/Contents/Developer/Platforms/iPhoneSimulator.platform/Developer/SDKs/iPhoneSimulator26.5.sdk/Developer/Library/Frameworks -c -j8 -enable-batch-mode -incremental -Xcc -ivfsstatcache -Xcc /tmp/slumber-repair-derived/SDKStatCaches.noindex/iphonesimulator26.5-23F81a-6cfe768891a92b912361537c460fe42b.sdkstatcache -output-file-map /tmp/slumber-repair-derived/Build/Intermediates.noindex/Supabase.build/Debug-iphonesimulator/PostgREST.build/Objects-normal/x86_64/PostgREST-OutputFileMap.json -use-frontend-parseable-output -save-temps -no-color-diagnostics -explicit-module-build -module-cache-path /tmp/slumber-repair-derived/Build/Intermediates.noindex/SwiftExplicitPrecompiledModules -clang-scanner-module-cache-path /tmp/slumber-repair-derived/ModuleCache.noindex -sdk-module-cache-path /tmp/slumber-repair-derived/ModuleCache.noindex -serialize-diagnostics -emit-dependencies -emit-module -emit-module-path /tmp/slumber-repair-derived/Build/Intermediates.noindex/Supabase.build/Debug-iphonesimulator/PostgREST.build/Objects-normal/x86_64/PostgREST.swiftmodule -user-module-version 2.51.0 -validate-clang-modules-once -clang-build-session-file /tmp/slumber-repair-derived/ModuleCache.noindex/Session.modulevalidation -package-name supabase_swift -Xcc -I/tmp/slumber-repair-derived/Build/Intermediates.noindex/Supabase.build/Debug-iphonesimulator/PostgREST.build/swift-overrides.hmap -emit-const-values -Xfrontend -const-gather-protocols-file -Xfrontend /tmp/slumber-repair-derived/Build/Intermediates.noindex/Supabase.build/Debug-iphonesimulator/PostgREST.build/Objects-normal/x86_64/PostgREST_const_extract_protocols.json -Xcc -I/tmp/slumber-repair-derived/Build/Products/Debug-iphonesimulator/include -Xcc -I/tmp/slumber-repair-derived/Build/Intermediates.noindex/Supabase.build/Debug-iphonesimulator/PostgREST.build/DerivedSources-normal/x86_64 -Xcc -I/tmp/slumber-repair-derived/Build/Intermediates.noindex/Supabase.build/Debug-iphonesimulator/PostgREST.build/DerivedSources/x86_64 -Xcc -I/tmp/slumber-repair-derived/Build/Intermediates.noindex/Supabase.build/Debug-iphonesimulator/PostgREST.build/DerivedSources -Xcc -DSWIFT_PACKAGE -Xcc -DDEBUG\=1 -emit-objc-header -emit-objc-header-path /tmp/slumber-repair-derived/Build/Intermediates.noindex/Supabase.build/Debug-iphonesimulator/PostgREST.build/Objects-normal/x86_64/PostgREST-Swift.h -working-directory /Users/ngawangchime/Desktop/Developer\ Projects/Phone\ in\ the\ Other\ Room/PhoneInTheOtherRoom.xcodeproj -experimental-emit-module-separately -disable-cmo

SwiftDriver\ Compilation\ Requirements Storage normal x86_64 com.apple.xcode.tools.swift.compiler (in target 'Storage' from project 'Supabase')
    cd /Users/ngawangchime/Desktop/Developer\ Projects/Phone\ in\ the\ Other\ Room/PhoneInTheOtherRoom.xcodeproj
    builtin-Swift-Compilation-Requirements -- /Applications/Xcode.app/Contents/Developer/Toolchains/XcodeDefault.xctoolchain/usr/bin/swiftc -module-name Storage -Onone @/tmp/slumber-repair-derived/Build/Intermediates.noindex/Supabase.build/Debug-iphonesimulator/Storage.build/Objects-normal/x86_64/Storage.SwiftFileList -DSWIFT_PACKAGE -DDEBUG -DSWIFT_MODULE_RESOURCE_BUNDLE_UNAVAILABLE -DXcode -enable-upcoming-feature ExistentialAny -enable-upcoming-feature ImmutableWeakCaptures -enable-upcoming-feature InferIsolatedConformances -enable-upcoming-feature InternalImportsByDefault -enable-upcoming-feature MemberImportVisibility -plugin-path /Applications/Xcode.app/Contents/Developer/Toolchains/XcodeDefault.xctoolchain/usr/lib/swift/host/plugins/testing -enable-experimental-feature DebugDescriptionMacro -sdk /Applications/Xcode.app/Contents/Developer/Platforms/iPhoneSimulator.platform/Developer/SDKs/iPhoneSimulator26.5.sdk -target x86_64-apple-ios16.0-simulator -g -module-cache-path /tmp/slumber-repair-derived/ModuleCache.noindex -Xfrontend -serialize-debugging-options -enable-testing -suppress-warnings -index-store-path /tmp/slumber-repair-derived/Index.noindex/DataStore -Xcc -D_LIBCPP_HARDENING_MODE\=_LIBCPP_HARDENING_MODE_DEBUG -swift-version 6 -I /tmp/slumber-repair-derived/Build/Products/Debug-iphonesimulator -Isystem /Applications/Xcode.app/Contents/Developer/Platforms/iPhoneSimulator.platform/Developer/usr/lib -F /tmp/slumber-repair-derived/Build/Products/Debug-iphonesimulator/PackageFrameworks -F /tmp/slumber-repair-derived/Build/Products/Debug-iphonesimulator/PackageFrameworks -F /tmp/slumber-repair-derived/Build/Products/Debug-iphonesimulator/PackageFrameworks -F /tmp/slumber-repair-derived/Build/Products/Debug-iphonesimulator/PackageFrameworks -F /tmp/slumber-repair-derived/Build/Products/Debug-iphonesimulator/PackageFrameworks -F /tmp/slumber-repair-derived/Build/Products/Debug-iphonesimulator/PackageFrameworks -F /tmp/slumber-repair-derived/Build/Products/Debug-iphonesimulator -F /Applications/Xcode.app/Contents/Developer/Platforms/iPhoneSimulator.platform/Developer/Library/Frameworks -F /Applications/Xcode.app/Contents/Developer/Platforms/iPhoneSimulator.platform/Developer/SDKs/iPhoneSimulator26.5.sdk/Developer/Library/Frameworks -c -j8 -enable-batch-mode -incremental -Xcc -ivfsstatcache -Xcc /tmp/slumber-repair-derived/SDKStatCaches.noindex/iphonesimulator26.5-23F81a-6cfe768891a92b912361537c460fe42b.sdkstatcache -output-file-map /tmp/slumber-repair-derived/Build/Intermediates.noindex/Supabase.build/Debug-iphonesimulator/Storage.build/Objects-normal/x86_64/Storage-OutputFileMap.json -use-frontend-parseable-output -save-temps -no-color-diagnostics -explicit-module-build -module-cache-path /tmp/slumber-repair-derived/Build/Intermediates.noindex/SwiftExplicitPrecompiledModules -clang-scanner-module-cache-path /tmp/slumber-repair-derived/ModuleCache.noindex -sdk-module-cache-path /tmp/slumber-repair-derived/ModuleCache.noindex -serialize-diagnostics -emit-dependencies -emit-module -emit-module-path /tmp/slumber-repair-derived/Build/Intermediates.noindex/Supabase.build/Debug-iphonesimulator/Storage.build/Objects-normal/x86_64/Storage.swiftmodule -user-module-version 2.51.0 -validate-clang-modules-once -clang-build-session-file /tmp/slumber-repair-derived/ModuleCache.noindex/Session.modulevalidation -package-name supabase_swift -Xcc -I/tmp/slumber-repair-derived/Build/Intermediates.noindex/Supabase.build/Debug-iphonesimulator/Storage.build/swift-overrides.hmap -emit-const-values -Xfrontend -const-gather-protocols-file -Xfrontend /tmp/slumber-repair-derived/Build/Intermediates.noindex/Supabase.build/Debug-iphonesimulator/Storage.build/Objects-normal/x86_64/Storage_const_extract_protocols.json -Xcc -I/tmp/slumber-repair-derived/Build/Products/Debug-iphonesimulator/include -Xcc -I/tmp/slumber-repair-derived/Build/Intermediates.noindex/Supabase.build/Debug-iphonesimulator/Storage.build/DerivedSources-normal/x86_64 -Xcc -I/tmp/slumber-repair-derived/Build/Intermediates.noindex/Supabase.build/Debug-iphonesimulator/Storage.build/DerivedSources/x86_64 -Xcc -I/tmp/slumber-repair-derived/Build/Intermediates.noindex/Supabase.build/Debug-iphonesimulator/Storage.build/DerivedSources -Xcc -DSWIFT_PACKAGE -Xcc -DDEBUG\=1 -emit-objc-header -emit-objc-header-path /tmp/slumber-repair-derived/Build/Intermediates.noindex/Supabase.build/Debug-iphonesimulator/Storage.build/Objects-normal/x86_64/Storage-Swift.h -working-directory /Users/ngawangchime/Desktop/Developer\ Projects/Phone\ in\ the\ Other\ Room/PhoneInTheOtherRoom.xcodeproj -experimental-emit-module-separately -disable-cmo

SwiftDriver\ Compilation\ Requirements Storage normal arm64 com.apple.xcode.tools.swift.compiler (in target 'Storage' from project 'Supabase')
    cd /Users/ngawangchime/Desktop/Developer\ Projects/Phone\ in\ the\ Other\ Room/PhoneInTheOtherRoom.xcodeproj
    builtin-Swift-Compilation-Requirements -- /Applications/Xcode.app/Contents/Developer/Toolchains/XcodeDefault.xctoolchain/usr/bin/swiftc -module-name Storage -Onone @/tmp/slumber-repair-derived/Build/Intermediates.noindex/Supabase.build/Debug-iphonesimulator/Storage.build/Objects-normal/arm64/Storage.SwiftFileList -DSWIFT_PACKAGE -DDEBUG -DSWIFT_MODULE_RESOURCE_BUNDLE_UNAVAILABLE -DXcode -enable-upcoming-feature ExistentialAny -enable-upcoming-feature ImmutableWeakCaptures -enable-upcoming-feature InferIsolatedConformances -enable-upcoming-feature InternalImportsByDefault -enable-upcoming-feature MemberImportVisibility -plugin-path /Applications/Xcode.app/Contents/Developer/Toolchains/XcodeDefault.xctoolchain/usr/lib/swift/host/plugins/testing -enable-experimental-feature DebugDescriptionMacro -sdk /Applications/Xcode.app/Contents/Developer/Platforms/iPhoneSimulator.platform/Developer/SDKs/iPhoneSimulator26.5.sdk -target arm64-apple-ios16.0-simulator -g -module-cache-path /tmp/slumber-repair-derived/ModuleCache.noindex -Xfrontend -serialize-debugging-options -enable-testing -suppress-warnings -index-store-path /tmp/slumber-repair-derived/Index.noindex/DataStore -Xcc -D_LIBCPP_HARDENING_MODE\=_LIBCPP_HARDENING_MODE_DEBUG -swift-version 6 -I /tmp/slumber-repair-derived/Build/Products/Debug-iphonesimulator -Isystem /Applications/Xcode.app/Contents/Developer/Platforms/iPhoneSimulator.platform/Developer/usr/lib -F /tmp/slumber-repair-derived/Build/Products/Debug-iphonesimulator/PackageFrameworks -F /tmp/slumber-repair-derived/Build/Products/Debug-iphonesimulator/PackageFrameworks -F /tmp/slumber-repair-derived/Build/Products/Debug-iphonesimulator/PackageFrameworks -F /tmp/slumber-repair-derived/Build/Products/Debug-iphonesimulator/PackageFrameworks -F /tmp/slumber-repair-derived/Build/Products/Debug-iphonesimulator/PackageFrameworks -F /tmp/slumber-repair-derived/Build/Products/Debug-iphonesimulator/PackageFrameworks -F /tmp/slumber-repair-derived/Build/Products/Debug-iphonesimulator -F /Applications/Xcode.app/Contents/Developer/Platforms/iPhoneSimulator.platform/Developer/Library/Frameworks -F /Applications/Xcode.app/Contents/Developer/Platforms/iPhoneSimulator.platform/Developer/SDKs/iPhoneSimulator26.5.sdk/Developer/Library/Frameworks -c -j8 -enable-batch-mode -incremental -Xcc -ivfsstatcache -Xcc /tmp/slumber-repair-derived/SDKStatCaches.noindex/iphonesimulator26.5-23F81a-6cfe768891a92b912361537c460fe42b.sdkstatcache -output-file-map /tmp/slumber-repair-derived/Build/Intermediates.noindex/Supabase.build/Debug-iphonesimulator/Storage.build/Objects-normal/arm64/Storage-OutputFileMap.json -use-frontend-parseable-output -save-temps -no-color-diagnostics -explicit-module-build -module-cache-path /tmp/slumber-repair-derived/Build/Intermediates.noindex/SwiftExplicitPrecompiledModules -clang-scanner-module-cache-path /tmp/slumber-repair-derived/ModuleCache.noindex -sdk-module-cache-path /tmp/slumber-repair-derived/ModuleCache.noindex -serialize-diagnostics -emit-dependencies -emit-module -emit-module-path /tmp/slumber-repair-derived/Build/Intermediates.noindex/Supabase.build/Debug-iphonesimulator/Storage.build/Objects-normal/arm64/Storage.swiftmodule -user-module-version 2.51.0 -validate-clang-modules-once -clang-build-session-file /tmp/slumber-repair-derived/ModuleCache.noindex/Session.modulevalidation -package-name supabase_swift -Xcc -I/tmp/slumber-repair-derived/Build/Intermediates.noindex/Supabase.build/Debug-iphonesimulator/Storage.build/swift-overrides.hmap -emit-const-values -Xfrontend -const-gather-protocols-file -Xfrontend /tmp/slumber-repair-derived/Build/Intermediates.noindex/Supabase.build/Debug-iphonesimulator/Storage.build/Objects-normal/arm64/Storage_const_extract_protocols.json -Xcc -I/tmp/slumber-repair-derived/Build/Products/Debug-iphonesimulator/include -Xcc -I/tmp/slumber-repair-derived/Build/Intermediates.noindex/Supabase.build/Debug-iphonesimulator/Storage.build/DerivedSources-normal/arm64 -Xcc -I/tmp/slumber-repair-derived/Build/Intermediates.noindex/Supabase.build/Debug-iphonesimulator/Storage.build/DerivedSources/arm64 -Xcc -I/tmp/slumber-repair-derived/Build/Intermediates.noindex/Supabase.build/Debug-iphonesimulator/Storage.build/DerivedSources -Xcc -DSWIFT_PACKAGE -Xcc -DDEBUG\=1 -emit-objc-header -emit-objc-header-path /tmp/slumber-repair-derived/Build/Intermediates.noindex/Supabase.build/Debug-iphonesimulator/Storage.build/Objects-normal/arm64/Storage-Swift.h -working-directory /Users/ngawangchime/Desktop/Developer\ Projects/Phone\ in\ the\ Other\ Room/PhoneInTheOtherRoom.xcodeproj -experimental-emit-module-separately -disable-cmo

CreateUniversalBinary /tmp/slumber-repair-derived/Build/Products/Debug-iphonesimulator/Helpers.o normal arm64\ x86_64 (in target 'Helpers' from project 'Supabase')
    cd /tmp/slumber-repair-derived/SourcePackages/checkouts/supabase-swift
    /Applications/Xcode.app/Contents/Developer/Toolchains/XcodeDefault.xctoolchain/usr/bin/lipo -create /tmp/slumber-repair-derived/Build/Intermediates.noindex/Supabase.build/Debug-iphonesimulator/Helpers.build/Objects-normal/arm64/Binary/Helpers.o /tmp/slumber-repair-derived/Build/Intermediates.noindex/Supabase.build/Debug-iphonesimulator/Helpers.build/Objects-normal/x86_64/Binary/Helpers.o -output /tmp/slumber-repair-derived/Build/Products/Debug-iphonesimulator/Helpers.o

SwiftDriver\ Compilation\ Requirements PostgREST normal arm64 com.apple.xcode.tools.swift.compiler (in target 'PostgREST' from project 'Supabase')
    cd /Users/ngawangchime/Desktop/Developer\ Projects/Phone\ in\ the\ Other\ Room/PhoneInTheOtherRoom.xcodeproj
    builtin-Swift-Compilation-Requirements -- /Applications/Xcode.app/Contents/Developer/Toolchains/XcodeDefault.xctoolchain/usr/bin/swiftc -module-name PostgREST -Onone @/tmp/slumber-repair-derived/Build/Intermediates.noindex/Supabase.build/Debug-iphonesimulator/PostgREST.build/Objects-normal/arm64/PostgREST.SwiftFileList -DSWIFT_PACKAGE -DDEBUG -DSWIFT_MODULE_RESOURCE_BUNDLE_UNAVAILABLE -DXcode -enable-upcoming-feature ExistentialAny -enable-upcoming-feature ImmutableWeakCaptures -enable-upcoming-feature InferIsolatedConformances -enable-upcoming-feature InternalImportsByDefault -enable-upcoming-feature MemberImportVisibility -plugin-path /Applications/Xcode.app/Contents/Developer/Toolchains/XcodeDefault.xctoolchain/usr/lib/swift/host/plugins/testing -enable-experimental-feature DebugDescriptionMacro -sdk /Applications/Xcode.app/Contents/Developer/Platforms/iPhoneSimulator.platform/Developer/SDKs/iPhoneSimulator26.5.sdk -target arm64-apple-ios16.0-simulator -g -module-cache-path /tmp/slumber-repair-derived/ModuleCache.noindex -Xfrontend -serialize-debugging-options -enable-testing -suppress-warnings -index-store-path /tmp/slumber-repair-derived/Index.noindex/DataStore -Xcc -D_LIBCPP_HARDENING_MODE\=_LIBCPP_HARDENING_MODE_DEBUG -swift-version 6 -I /tmp/slumber-repair-derived/Build/Products/Debug-iphonesimulator -Isystem /Applications/Xcode.app/Contents/Developer/Platforms/iPhoneSimulator.platform/Developer/usr/lib -F /tmp/slumber-repair-derived/Build/Products/Debug-iphonesimulator/PackageFrameworks -F /tmp/slumber-repair-derived/Build/Products/Debug-iphonesimulator/PackageFrameworks -F /tmp/slumber-repair-derived/Build/Products/Debug-iphonesimulator/PackageFrameworks -F /tmp/slumber-repair-derived/Build/Products/Debug-iphonesimulator/PackageFrameworks -F /tmp/slumber-repair-derived/Build/Products/Debug-iphonesimulator/PackageFrameworks -F /tmp/slumber-repair-derived/Build/Products/Debug-iphonesimulator/PackageFrameworks -F /tmp/slumber-repair-derived/Build/Products/Debug-iphonesimulator -F /Applications/Xcode.app/Contents/Developer/Platforms/iPhoneSimulator.platform/Developer/Library/Frameworks -F /Applications/Xcode.app/Contents/Developer/Platforms/iPhoneSimulator.platform/Developer/SDKs/iPhoneSimulator26.5.sdk/Developer/Library/Frameworks -c -j8 -enable-batch-mode -incremental -Xcc -ivfsstatcache -Xcc /tmp/slumber-repair-derived/SDKStatCaches.noindex/iphonesimulator26.5-23F81a-6cfe768891a92b912361537c460fe42b.sdkstatcache -output-file-map /tmp/slumber-repair-derived/Build/Intermediates.noindex/Supabase.build/Debug-iphonesimulator/PostgREST.build/Objects-normal/arm64/PostgREST-OutputFileMap.json -use-frontend-parseable-output -save-temps -no-color-diagnostics -explicit-module-build -module-cache-path /tmp/slumber-repair-derived/Build/Intermediates.noindex/SwiftExplicitPrecompiledModules -clang-scanner-module-cache-path /tmp/slumber-repair-derived/ModuleCache.noindex -sdk-module-cache-path /tmp/slumber-repair-derived/ModuleCache.noindex -serialize-diagnostics -emit-dependencies -emit-module -emit-module-path /tmp/slumber-repair-derived/Build/Intermediates.noindex/Supabase.build/Debug-iphonesimulator/PostgREST.build/Objects-normal/arm64/PostgREST.swiftmodule -user-module-version 2.51.0 -validate-clang-modules-once -clang-build-session-file /tmp/slumber-repair-derived/ModuleCache.noindex/Session.modulevalidation -package-name supabase_swift -Xcc -I/tmp/slumber-repair-derived/Build/Intermediates.noindex/Supabase.build/Debug-iphonesimulator/PostgREST.build/swift-overrides.hmap -emit-const-values -Xfrontend -const-gather-protocols-file -Xfrontend /tmp/slumber-repair-derived/Build/Intermediates.noindex/Supabase.build/Debug-iphonesimulator/PostgREST.build/Objects-normal/arm64/PostgREST_const_extract_protocols.json -Xcc -I/tmp/slumber-repair-derived/Build/Products/Debug-iphonesimulator/include -Xcc -I/tmp/slumber-repair-derived/Build/Intermediates.noindex/Supabase.build/Debug-iphonesimulator/PostgREST.build/DerivedSources-normal/arm64 -Xcc -I/tmp/slumber-repair-derived/Build/Intermediates.noindex/Supabase.build/Debug-iphonesimulator/PostgREST.build/DerivedSources/arm64 -Xcc -I/tmp/slumber-repair-derived/Build/Intermediates.noindex/Supabase.build/Debug-iphonesimulator/PostgREST.build/DerivedSources -Xcc -DSWIFT_PACKAGE -Xcc -DDEBUG\=1 -emit-objc-header -emit-objc-header-path /tmp/slumber-repair-derived/Build/Intermediates.noindex/Supabase.build/Debug-iphonesimulator/PostgREST.build/Objects-normal/arm64/PostgREST-Swift.h -working-directory /Users/ngawangchime/Desktop/Developer\ Projects/Phone\ in\ the\ Other\ Room/PhoneInTheOtherRoom.xcodeproj -experimental-emit-module-separately -disable-cmo

SwiftMergeGeneratedHeaders /tmp/slumber-repair-derived/Build/Intermediates.noindex/GeneratedModuleMaps-iphonesimulator/Storage-Swift.h /tmp/slumber-repair-derived/Build/Intermediates.noindex/Supabase.build/Debug-iphonesimulator/Storage.build/Objects-normal/arm64/Storage-Swift.h /tmp/slumber-repair-derived/Build/Intermediates.noindex/Supabase.build/Debug-iphonesimulator/Storage.build/Objects-normal/x86_64/Storage-Swift.h (in target 'Storage' from project 'Supabase')
    cd /tmp/slumber-repair-derived/SourcePackages/checkouts/supabase-swift
    builtin-swiftHeaderTool -arch arm64 /tmp/slumber-repair-derived/Build/Intermediates.noindex/Supabase.build/Debug-iphonesimulator/Storage.build/Objects-normal/arm64/Storage-Swift.h -arch x86_64 /tmp/slumber-repair-derived/Build/Intermediates.noindex/Supabase.build/Debug-iphonesimulator/Storage.build/Objects-normal/x86_64/Storage-Swift.h -o /tmp/slumber-repair-derived/Build/Intermediates.noindex/GeneratedModuleMaps-iphonesimulator/Storage-Swift.h

Copy /tmp/slumber-repair-derived/Build/Products/Debug-iphonesimulator/Storage.swiftmodule/arm64-apple-ios-simulator.swiftmodule /tmp/slumber-repair-derived/Build/Intermediates.noindex/Supabase.build/Debug-iphonesimulator/Storage.build/Objects-normal/arm64/Storage.swiftmodule (in target 'Storage' from project 'Supabase')
    cd /tmp/slumber-repair-derived/SourcePackages/checkouts/supabase-swift
    builtin-copy -exclude .DS_Store -exclude CVS -exclude .svn -exclude .git -exclude .hg -resolve-src-symlinks -rename /tmp/slumber-repair-derived/Build/Intermediates.noindex/Supabase.build/Debug-iphonesimulator/Storage.build/Objects-normal/arm64/Storage.swiftmodule /tmp/slumber-repair-derived/Build/Products/Debug-iphonesimulator/Storage.swiftmodule/arm64-apple-ios-simulator.swiftmodule

Copy /tmp/slumber-repair-derived/Build/Products/Debug-iphonesimulator/Storage.swiftmodule/arm64-apple-ios-simulator.swiftdoc /tmp/slumber-repair-derived/Build/Intermediates.noindex/Supabase.build/Debug-iphonesimulator/Storage.build/Objects-normal/arm64/Storage.swiftdoc (in target 'Storage' from project 'Supabase')
    cd /tmp/slumber-repair-derived/SourcePackages/checkouts/supabase-swift
    builtin-copy -exclude .DS_Store -exclude CVS -exclude .svn -exclude .git -exclude .hg -resolve-src-symlinks -rename /tmp/slumber-repair-derived/Build/Intermediates.noindex/Supabase.build/Debug-iphonesimulator/Storage.build/Objects-normal/arm64/Storage.swiftdoc /tmp/slumber-repair-derived/Build/Products/Debug-iphonesimulator/Storage.swiftmodule/arm64-apple-ios-simulator.swiftdoc

Copy /tmp/slumber-repair-derived/Build/Products/Debug-iphonesimulator/Storage.swiftmodule/arm64-apple-ios-simulator.abi.json /tmp/slumber-repair-derived/Build/Intermediates.noindex/Supabase.build/Debug-iphonesimulator/Storage.build/Objects-normal/arm64/Storage.abi.json (in target 'Storage' from project 'Supabase')
    cd /tmp/slumber-repair-derived/SourcePackages/checkouts/supabase-swift
    builtin-copy -exclude .DS_Store -exclude CVS -exclude .svn -exclude .git -exclude .hg -resolve-src-symlinks -rename /tmp/slumber-repair-derived/Build/Intermediates.noindex/Supabase.build/Debug-iphonesimulator/Storage.build/Objects-normal/arm64/Storage.abi.json /tmp/slumber-repair-derived/Build/Products/Debug-iphonesimulator/Storage.swiftmodule/arm64-apple-ios-simulator.abi.json

Copy /tmp/slumber-repair-derived/Build/Products/Debug-iphonesimulator/Storage.swiftmodule/Project/arm64-apple-ios-simulator.swiftsourceinfo /tmp/slumber-repair-derived/Build/Intermediates.noindex/Supabase.build/Debug-iphonesimulator/Storage.build/Objects-normal/arm64/Storage.swiftsourceinfo (in target 'Storage' from project 'Supabase')
    cd /tmp/slumber-repair-derived/SourcePackages/checkouts/supabase-swift
    builtin-copy -exclude .DS_Store -exclude CVS -exclude .svn -exclude .git -exclude .hg -resolve-src-symlinks -rename /tmp/slumber-repair-derived/Build/Intermediates.noindex/Supabase.build/Debug-iphonesimulator/Storage.build/Objects-normal/arm64/Storage.swiftsourceinfo /tmp/slumber-repair-derived/Build/Products/Debug-iphonesimulator/Storage.swiftmodule/Project/arm64-apple-ios-simulator.swiftsourceinfo

Copy /tmp/slumber-repair-derived/Build/Products/Debug-iphonesimulator/PostgREST.swiftmodule/arm64-apple-ios-simulator.swiftmodule /tmp/slumber-repair-derived/Build/Intermediates.noindex/Supabase.build/Debug-iphonesimulator/PostgREST.build/Objects-normal/arm64/PostgREST.swiftmodule (in target 'PostgREST' from project 'Supabase')
    cd /tmp/slumber-repair-derived/SourcePackages/checkouts/supabase-swift
    builtin-copy -exclude .DS_Store -exclude CVS -exclude .svn -exclude .git -exclude .hg -resolve-src-symlinks -rename /tmp/slumber-repair-derived/Build/Intermediates.noindex/Supabase.build/Debug-iphonesimulator/PostgREST.build/Objects-normal/arm64/PostgREST.swiftmodule /tmp/slumber-repair-derived/Build/Products/Debug-iphonesimulator/PostgREST.swiftmodule/arm64-apple-ios-simulator.swiftmodule

Copy /tmp/slumber-repair-derived/Build/Products/Debug-iphonesimulator/PostgREST.swiftmodule/arm64-apple-ios-simulator.swiftdoc /tmp/slumber-repair-derived/Build/Intermediates.noindex/Supabase.build/Debug-iphonesimulator/PostgREST.build/Objects-normal/arm64/PostgREST.swiftdoc (in target 'PostgREST' from project 'Supabase')
    cd /tmp/slumber-repair-derived/SourcePackages/checkouts/supabase-swift
    builtin-copy -exclude .DS_Store -exclude CVS -exclude .svn -exclude .git -exclude .hg -resolve-src-symlinks -rename /tmp/slumber-repair-derived/Build/Intermediates.noindex/Supabase.build/Debug-iphonesimulator/PostgREST.build/Objects-normal/arm64/PostgREST.swiftdoc /tmp/slumber-repair-derived/Build/Products/Debug-iphonesimulator/PostgREST.swiftmodule/arm64-apple-ios-simulator.swiftdoc

Copy /tmp/slumber-repair-derived/Build/Products/Debug-iphonesimulator/PostgREST.swiftmodule/arm64-apple-ios-simulator.abi.json /tmp/slumber-repair-derived/Build/Intermediates.noindex/Supabase.build/Debug-iphonesimulator/PostgREST.build/Objects-normal/arm64/PostgREST.abi.json (in target 'PostgREST' from project 'Supabase')
    cd /tmp/slumber-repair-derived/SourcePackages/checkouts/supabase-swift
    builtin-copy -exclude .DS_Store -exclude CVS -exclude .svn -exclude .git -exclude .hg -resolve-src-symlinks -rename /tmp/slumber-repair-derived/Build/Intermediates.noindex/Supabase.build/Debug-iphonesimulator/PostgREST.build/Objects-normal/arm64/PostgREST.abi.json /tmp/slumber-repair-derived/Build/Products/Debug-iphonesimulator/PostgREST.swiftmodule/arm64-apple-ios-simulator.abi.json

Copy /tmp/slumber-repair-derived/Build/Products/Debug-iphonesimulator/PostgREST.swiftmodule/Project/arm64-apple-ios-simulator.swiftsourceinfo /tmp/slumber-repair-derived/Build/Intermediates.noindex/Supabase.build/Debug-iphonesimulator/PostgREST.build/Objects-normal/arm64/PostgREST.swiftsourceinfo (in target 'PostgREST' from project 'Supabase')
    cd /tmp/slumber-repair-derived/SourcePackages/checkouts/supabase-swift
    builtin-copy -exclude .DS_Store -exclude CVS -exclude .svn -exclude .git -exclude .hg -resolve-src-symlinks -rename /tmp/slumber-repair-derived/Build/Intermediates.noindex/Supabase.build/Debug-iphonesimulator/PostgREST.build/Objects-normal/arm64/PostgREST.swiftsourceinfo /tmp/slumber-repair-derived/Build/Products/Debug-iphonesimulator/PostgREST.swiftmodule/Project/arm64-apple-ios-simulator.swiftsourceinfo

SwiftDriver Functions normal arm64 com.apple.xcode.tools.swift.compiler (in target 'Functions' from project 'Supabase')
    cd /Users/ngawangchime/Desktop/Developer\ Projects/Phone\ in\ the\ Other\ Room/PhoneInTheOtherRoom.xcodeproj
    builtin-SwiftDriver -- /Applications/Xcode.app/Contents/Developer/Toolchains/XcodeDefault.xctoolchain/usr/bin/swiftc -module-name Functions -Onone @/tmp/slumber-repair-derived/Build/Intermediates.noindex/Supabase.build/Debug-iphonesimulator/Functions.build/Objects-normal/arm64/Functions.SwiftFileList -DSWIFT_PACKAGE -DDEBUG -DSWIFT_MODULE_RESOURCE_BUNDLE_UNAVAILABLE -DXcode -enable-upcoming-feature ExistentialAny -enable-upcoming-feature ImmutableWeakCaptures -enable-upcoming-feature InferIsolatedConformances -enable-upcoming-feature InternalImportsByDefault -enable-upcoming-feature MemberImportVisibility -plugin-path /Applications/Xcode.app/Contents/Developer/Toolchains/XcodeDefault.xctoolchain/usr/lib/swift/host/plugins/testing -enable-experimental-feature DebugDescriptionMacro -sdk /Applications/Xcode.app/Contents/Developer/Platforms/iPhoneSimulator.platform/Developer/SDKs/iPhoneSimulator26.5.sdk -target arm64-apple-ios16.0-simulator -g -module-cache-path /tmp/slumber-repair-derived/ModuleCache.noindex -Xfrontend -serialize-debugging-options -enable-testing -suppress-warnings -index-store-path /tmp/slumber-repair-derived/Index.noindex/DataStore -Xcc -D_LIBCPP_HARDENING_MODE\=_LIBCPP_HARDENING_MODE_DEBUG -swift-version 6 -I /tmp/slumber-repair-derived/Build/Products/Debug-iphonesimulator -Isystem /Applications/Xcode.app/Contents/Developer/Platforms/iPhoneSimulator.platform/Developer/usr/lib -F /tmp/slumber-repair-derived/Build/Products/Debug-iphonesimulator/PackageFrameworks -F /tmp/slumber-repair-derived/Build/Products/Debug-iphonesimulator/PackageFrameworks -F /tmp/slumber-repair-derived/Build/Products/Debug-iphonesimulator/PackageFrameworks -F /tmp/slumber-repair-derived/Build/Products/Debug-iphonesimulator/PackageFrameworks -F /tmp/slumber-repair-derived/Build/Products/Debug-iphonesimulator/PackageFrameworks -F /tmp/slumber-repair-derived/Build/Products/Debug-iphonesimulator/PackageFrameworks -F /tmp/slumber-repair-derived/Build/Products/Debug-iphonesimulator -F /Applications/Xcode.app/Contents/Developer/Platforms/iPhoneSimulator.platform/Developer/Library/Frameworks -F /Applications/Xcode.app/Contents/Developer/Platforms/iPhoneSimulator.platform/Developer/SDKs/iPhoneSimulator26.5.sdk/Developer/Library/Frameworks -c -j8 -enable-batch-mode -incremental -Xcc -ivfsstatcache -Xcc /tmp/slumber-repair-derived/SDKStatCaches.noindex/iphonesimulator26.5-23F81a-6cfe768891a92b912361537c460fe42b.sdkstatcache -output-file-map /tmp/slumber-repair-derived/Build/Intermediates.noindex/Supabase.build/Debug-iphonesimulator/Functions.build/Objects-normal/arm64/Functions-OutputFileMap.json -use-frontend-parseable-output -save-temps -no-color-diagnostics -explicit-module-build -module-cache-path /tmp/slumber-repair-derived/Build/Intermediates.noindex/SwiftExplicitPrecompiledModules -clang-scanner-module-cache-path /tmp/slumber-repair-derived/ModuleCache.noindex -sdk-module-cache-path /tmp/slumber-repair-derived/ModuleCache.noindex -serialize-diagnostics -emit-dependencies -emit-module -emit-module-path /tmp/slumber-repair-derived/Build/Intermediates.noindex/Supabase.build/Debug-iphonesimulator/Functions.build/Objects-normal/arm64/Functions.swiftmodule -user-module-version 2.51.0 -validate-clang-modules-once -clang-build-session-file /tmp/slumber-repair-derived/ModuleCache.noindex/Session.modulevalidation -package-name supabase_swift -Xcc -I/tmp/slumber-repair-derived/Build/Intermediates.noindex/Supabase.build/Debug-iphonesimulator/Functions.build/swift-overrides.hmap -emit-const-values -Xfrontend -const-gather-protocols-file -Xfrontend /tmp/slumber-repair-derived/Build/Intermediates.noindex/Supabase.build/Debug-iphonesimulator/Functions.build/Objects-normal/arm64/Functions_const_extract_protocols.json -Xcc -I/tmp/slumber-repair-derived/Build/Products/Debug-iphonesimulator/include -Xcc -I/tmp/slumber-repair-derived/Build/Intermediates.noindex/Supabase.build/Debug-iphonesimulator/Functions.build/DerivedSources-normal/arm64 -Xcc -I/tmp/slumber-repair-derived/Build/Intermediates.noindex/Supabase.build/Debug-iphonesimulator/Functions.build/DerivedSources/arm64 -Xcc -I/tmp/slumber-repair-derived/Build/Intermediates.noindex/Supabase.build/Debug-iphonesimulator/Functions.build/DerivedSources -Xcc -DSWIFT_PACKAGE -Xcc -DDEBUG\=1 -emit-objc-header -emit-objc-header-path /tmp/slumber-repair-derived/Build/Intermediates.noindex/Supabase.build/Debug-iphonesimulator/Functions.build/Objects-normal/arm64/Functions-Swift.h -working-directory /Users/ngawangchime/Desktop/Developer\ Projects/Phone\ in\ the\ Other\ Room/PhoneInTheOtherRoom.xcodeproj -experimental-emit-module-separately -disable-cmo

SwiftDriver Functions normal x86_64 com.apple.xcode.tools.swift.compiler (in target 'Functions' from project 'Supabase')
    cd /Users/ngawangchime/Desktop/Developer\ Projects/Phone\ in\ the\ Other\ Room/PhoneInTheOtherRoom.xcodeproj
    builtin-SwiftDriver -- /Applications/Xcode.app/Contents/Developer/Toolchains/XcodeDefault.xctoolchain/usr/bin/swiftc -module-name Functions -Onone @/tmp/slumber-repair-derived/Build/Intermediates.noindex/Supabase.build/Debug-iphonesimulator/Functions.build/Objects-normal/x86_64/Functions.SwiftFileList -DSWIFT_PACKAGE -DDEBUG -DSWIFT_MODULE_RESOURCE_BUNDLE_UNAVAILABLE -DXcode -enable-upcoming-feature ExistentialAny -enable-upcoming-feature ImmutableWeakCaptures -enable-upcoming-feature InferIsolatedConformances -enable-upcoming-feature InternalImportsByDefault -enable-upcoming-feature MemberImportVisibility -plugin-path /Applications/Xcode.app/Contents/Developer/Toolchains/XcodeDefault.xctoolchain/usr/lib/swift/host/plugins/testing -enable-experimental-feature DebugDescriptionMacro -sdk /Applications/Xcode.app/Contents/Developer/Platforms/iPhoneSimulator.platform/Developer/SDKs/iPhoneSimulator26.5.sdk -target x86_64-apple-ios16.0-simulator -g -module-cache-path /tmp/slumber-repair-derived/ModuleCache.noindex -Xfrontend -serialize-debugging-options -enable-testing -suppress-warnings -index-store-path /tmp/slumber-repair-derived/Index.noindex/DataStore -Xcc -D_LIBCPP_HARDENING_MODE\=_LIBCPP_HARDENING_MODE_DEBUG -swift-version 6 -I /tmp/slumber-repair-derived/Build/Products/Debug-iphonesimulator -Isystem /Applications/Xcode.app/Contents/Developer/Platforms/iPhoneSimulator.platform/Developer/usr/lib -F /tmp/slumber-repair-derived/Build/Products/Debug-iphonesimulator/PackageFrameworks -F /tmp/slumber-repair-derived/Build/Products/Debug-iphonesimulator/PackageFrameworks -F /tmp/slumber-repair-derived/Build/Products/Debug-iphonesimulator/PackageFrameworks -F /tmp/slumber-repair-derived/Build/Products/Debug-iphonesimulator/PackageFrameworks -F /tmp/slumber-repair-derived/Build/Products/Debug-iphonesimulator/PackageFrameworks -F /tmp/slumber-repair-derived/Build/Products/Debug-iphonesimulator/PackageFrameworks -F /tmp/slumber-repair-derived/Build/Products/Debug-iphonesimulator -F /Applications/Xcode.app/Contents/Developer/Platforms/iPhoneSimulator.platform/Developer/Library/Frameworks -F /Applications/Xcode.app/Contents/Developer/Platforms/iPhoneSimulator.platform/Developer/SDKs/iPhoneSimulator26.5.sdk/Developer/Library/Frameworks -c -j8 -enable-batch-mode -incremental -Xcc -ivfsstatcache -Xcc /tmp/slumber-repair-derived/SDKStatCaches.noindex/iphonesimulator26.5-23F81a-6cfe768891a92b912361537c460fe42b.sdkstatcache -output-file-map /tmp/slumber-repair-derived/Build/Intermediates.noindex/Supabase.build/Debug-iphonesimulator/Functions.build/Objects-normal/x86_64/Functions-OutputFileMap.json -use-frontend-parseable-output -save-temps -no-color-diagnostics -explicit-module-build -module-cache-path /tmp/slumber-repair-derived/Build/Intermediates.noindex/SwiftExplicitPrecompiledModules -clang-scanner-module-cache-path /tmp/slumber-repair-derived/ModuleCache.noindex -sdk-module-cache-path /tmp/slumber-repair-derived/ModuleCache.noindex -serialize-diagnostics -emit-dependencies -emit-module -emit-module-path /tmp/slumber-repair-derived/Build/Intermediates.noindex/Supabase.build/Debug-iphonesimulator/Functions.build/Objects-normal/x86_64/Functions.swiftmodule -user-module-version 2.51.0 -validate-clang-modules-once -clang-build-session-file /tmp/slumber-repair-derived/ModuleCache.noindex/Session.modulevalidation -package-name supabase_swift -Xcc -I/tmp/slumber-repair-derived/Build/Intermediates.noindex/Supabase.build/Debug-iphonesimulator/Functions.build/swift-overrides.hmap -emit-const-values -Xfrontend -const-gather-protocols-file -Xfrontend /tmp/slumber-repair-derived/Build/Intermediates.noindex/Supabase.build/Debug-iphonesimulator/Functions.build/Objects-normal/x86_64/Functions_const_extract_protocols.json -Xcc -I/tmp/slumber-repair-derived/Build/Products/Debug-iphonesimulator/include -Xcc -I/tmp/slumber-repair-derived/Build/Intermediates.noindex/Supabase.build/Debug-iphonesimulator/Functions.build/DerivedSources-normal/x86_64 -Xcc -I/tmp/slumber-repair-derived/Build/Intermediates.noindex/Supabase.build/Debug-iphonesimulator/Functions.build/DerivedSources/x86_64 -Xcc -I/tmp/slumber-repair-derived/Build/Intermediates.noindex/Supabase.build/Debug-iphonesimulator/Functions.build/DerivedSources -Xcc -DSWIFT_PACKAGE -Xcc -DDEBUG\=1 -emit-objc-header -emit-objc-header-path /tmp/slumber-repair-derived/Build/Intermediates.noindex/Supabase.build/Debug-iphonesimulator/Functions.build/Objects-normal/x86_64/Functions-Swift.h -working-directory /Users/ngawangchime/Desktop/Developer\ Projects/Phone\ in\ the\ Other\ Room/PhoneInTheOtherRoom.xcodeproj -experimental-emit-module-separately -disable-cmo

SwiftDriver Auth normal x86_64 com.apple.xcode.tools.swift.compiler (in target 'Auth' from project 'Supabase')
    cd /Users/ngawangchime/Desktop/Developer\ Projects/Phone\ in\ the\ Other\ Room/PhoneInTheOtherRoom.xcodeproj
    builtin-SwiftDriver -- /Applications/Xcode.app/Contents/Developer/Toolchains/XcodeDefault.xctoolchain/usr/bin/swiftc -module-name Auth -Onone @/tmp/slumber-repair-derived/Build/Intermediates.noindex/Supabase.build/Debug-iphonesimulator/Auth.build/Objects-normal/x86_64/Auth.SwiftFileList -DSWIFT_PACKAGE -DDEBUG -DSWIFT_MODULE_RESOURCE_BUNDLE_UNAVAILABLE -DXcode -enable-upcoming-feature ExistentialAny -enable-upcoming-feature ImmutableWeakCaptures -enable-upcoming-feature InferIsolatedConformances -enable-upcoming-feature InternalImportsByDefault -enable-upcoming-feature MemberImportVisibility -plugin-path /Applications/Xcode.app/Contents/Developer/Toolchains/XcodeDefault.xctoolchain/usr/lib/swift/host/plugins/testing -enable-experimental-feature DebugDescriptionMacro -sdk /Applications/Xcode.app/Contents/Developer/Platforms/iPhoneSimulator.platform/Developer/SDKs/iPhoneSimulator26.5.sdk -target x86_64-apple-ios16.0-simulator -g -module-cache-path /tmp/slumber-repair-derived/ModuleCache.noindex -Xfrontend -serialize-debugging-options -enable-testing -suppress-warnings -index-store-path /tmp/slumber-repair-derived/Index.noindex/DataStore -Xcc -D_LIBCPP_HARDENING_MODE\=_LIBCPP_HARDENING_MODE_DEBUG -swift-version 6 -I /tmp/slumber-repair-derived/Build/Products/Debug-iphonesimulator -Isystem /Applications/Xcode.app/Contents/Developer/Platforms/iPhoneSimulator.platform/Developer/usr/lib -F /tmp/slumber-repair-derived/Build/Products/Debug-iphonesimulator/PackageFrameworks -F /tmp/slumber-repair-derived/Build/Products/Debug-iphonesimulator/PackageFrameworks -F /tmp/slumber-repair-derived/Build/Products/Debug-iphonesimulator/PackageFrameworks -F /tmp/slumber-repair-derived/Build/Products/Debug-iphonesimulator/PackageFrameworks -F /tmp/slumber-repair-derived/Build/Products/Debug-iphonesimulator/PackageFrameworks -F /tmp/slumber-repair-derived/Build/Products/Debug-iphonesimulator/PackageFrameworks -F /tmp/slumber-repair-derived/Build/Products/Debug-iphonesimulator/PackageFrameworks -F /tmp/slumber-repair-derived/Build/Products/Debug-iphonesimulator -F /Applications/Xcode.app/Contents/Developer/Platforms/iPhoneSimulator.platform/Developer/Library/Frameworks -F /Applications/Xcode.app/Contents/Developer/Platforms/iPhoneSimulator.platform/Developer/SDKs/iPhoneSimulator26.5.sdk/Developer/Library/Frameworks -c -j8 -enable-batch-mode -incremental -Xcc -ivfsstatcache -Xcc /tmp/slumber-repair-derived/SDKStatCaches.noindex/iphonesimulator26.5-23F81a-6cfe768891a92b912361537c460fe42b.sdkstatcache -output-file-map /tmp/slumber-repair-derived/Build/Intermediates.noindex/Supabase.build/Debug-iphonesimulator/Auth.build/Objects-normal/x86_64/Auth-OutputFileMap.json -use-frontend-parseable-output -save-temps -no-color-diagnostics -explicit-module-build -module-cache-path /tmp/slumber-repair-derived/Build/Intermediates.noindex/SwiftExplicitPrecompiledModules -clang-scanner-module-cache-path /tmp/slumber-repair-derived/ModuleCache.noindex -sdk-module-cache-path /tmp/slumber-repair-derived/ModuleCache.noindex -serialize-diagnostics -emit-dependencies -emit-module -emit-module-path /tmp/slumber-repair-derived/Build/Intermediates.noindex/Supabase.build/Debug-iphonesimulator/Auth.build/Objects-normal/x86_64/Auth.swiftmodule -user-module-version 2.51.0 -validate-clang-modules-once -clang-build-session-file /tmp/slumber-repair-derived/ModuleCache.noindex/Session.modulevalidation -package-name supabase_swift -Xcc -I/tmp/slumber-repair-derived/Build/Intermediates.noindex/Supabase.build/Debug-iphonesimulator/Auth.build/swift-overrides.hmap -emit-const-values -Xfrontend -const-gather-protocols-file -Xfrontend /tmp/slumber-repair-derived/Build/Intermediates.noindex/Supabase.build/Debug-iphonesimulator/Auth.build/Objects-normal/x86_64/Auth_const_extract_protocols.json -Xcc -I/tmp/slumber-repair-derived/Build/Products/Debug-iphonesimulator/include -Xcc -I/tmp/slumber-repair-derived/Build/Intermediates.noindex/Supabase.build/Debug-iphonesimulator/Auth.build/DerivedSources-normal/x86_64 -Xcc -I/tmp/slumber-repair-derived/Build/Intermediates.noindex/Supabase.build/Debug-iphonesimulator/Auth.build/DerivedSources/x86_64 -Xcc -I/tmp/slumber-repair-derived/Build/Intermediates.noindex/Supabase.build/Debug-iphonesimulator/Auth.build/DerivedSources -Xcc -DSWIFT_PACKAGE -Xcc -DDEBUG\=1 -emit-objc-header -emit-objc-header-path /tmp/slumber-repair-derived/Build/Intermediates.noindex/Supabase.build/Debug-iphonesimulator/Auth.build/Objects-normal/x86_64/Auth-Swift.h -working-directory /Users/ngawangchime/Desktop/Developer\ Projects/Phone\ in\ the\ Other\ Room/PhoneInTheOtherRoom.xcodeproj -experimental-emit-module-separately -disable-cmo

SwiftDriver\ Compilation\ Requirements RealtimeV2 normal x86_64 com.apple.xcode.tools.swift.compiler (in target 'RealtimeV2' from project 'Supabase')
    cd /Users/ngawangchime/Desktop/Developer\ Projects/Phone\ in\ the\ Other\ Room/PhoneInTheOtherRoom.xcodeproj
    builtin-Swift-Compilation-Requirements -- /Applications/Xcode.app/Contents/Developer/Toolchains/XcodeDefault.xctoolchain/usr/bin/swiftc -module-name RealtimeV2 -Onone @/tmp/slumber-repair-derived/Build/Intermediates.noindex/Supabase.build/Debug-iphonesimulator/RealtimeV2.build/Objects-normal/x86_64/RealtimeV2.SwiftFileList -DSWIFT_PACKAGE -DDEBUG -DSWIFT_MODULE_RESOURCE_BUNDLE_UNAVAILABLE -DXcode -enable-upcoming-feature ExistentialAny -enable-upcoming-feature ImmutableWeakCaptures -enable-upcoming-feature InferIsolatedConformances -enable-upcoming-feature InternalImportsByDefault -enable-upcoming-feature MemberImportVisibility -plugin-path /Applications/Xcode.app/Contents/Developer/Toolchains/XcodeDefault.xctoolchain/usr/lib/swift/host/plugins/testing -enable-experimental-feature DebugDescriptionMacro -sdk /Applications/Xcode.app/Contents/Developer/Platforms/iPhoneSimulator.platform/Developer/SDKs/iPhoneSimulator26.5.sdk -target x86_64-apple-ios16.0-simulator -g -module-cache-path /tmp/slumber-repair-derived/ModuleCache.noindex -Xfrontend -serialize-debugging-options -enable-testing -suppress-warnings -index-store-path /tmp/slumber-repair-derived/Index.noindex/DataStore -Xcc -D_LIBCPP_HARDENING_MODE\=_LIBCPP_HARDENING_MODE_DEBUG -swift-version 6 -I /tmp/slumber-repair-derived/Build/Products/Debug-iphonesimulator -Isystem /Applications/Xcode.app/Contents/Developer/Platforms/iPhoneSimulator.platform/Developer/usr/lib -F /tmp/slumber-repair-derived/Build/Products/Debug-iphonesimulator/PackageFrameworks -F /tmp/slumber-repair-derived/Build/Products/Debug-iphonesimulator/PackageFrameworks -F /tmp/slumber-repair-derived/Build/Products/Debug-iphonesimulator/PackageFrameworks -F /tmp/slumber-repair-derived/Build/Products/Debug-iphonesimulator/PackageFrameworks -F /tmp/slumber-repair-derived/Build/Products/Debug-iphonesimulator/PackageFrameworks -F /tmp/slumber-repair-derived/Build/Products/Debug-iphonesimulator/PackageFrameworks -F /tmp/slumber-repair-derived/Build/Products/Debug-iphonesimulator -F /Applications/Xcode.app/Contents/Developer/Platforms/iPhoneSimulator.platform/Developer/Library/Frameworks -F /Applications/Xcode.app/Contents/Developer/Platforms/iPhoneSimulator.platform/Developer/SDKs/iPhoneSimulator26.5.sdk/Developer/Library/Frameworks -c -j8 -enable-batch-mode -incremental -Xcc -ivfsstatcache -Xcc /tmp/slumber-repair-derived/SDKStatCaches.noindex/iphonesimulator26.5-23F81a-6cfe768891a92b912361537c460fe42b.sdkstatcache -output-file-map /tmp/slumber-repair-derived/Build/Intermediates.noindex/Supabase.build/Debug-iphonesimulator/RealtimeV2.build/Objects-normal/x86_64/RealtimeV2-OutputFileMap.json -use-frontend-parseable-output -save-temps -no-color-diagnostics -explicit-module-build -module-cache-path /tmp/slumber-repair-derived/Build/Intermediates.noindex/SwiftExplicitPrecompiledModules -clang-scanner-module-cache-path /tmp/slumber-repair-derived/ModuleCache.noindex -sdk-module-cache-path /tmp/slumber-repair-derived/ModuleCache.noindex -serialize-diagnostics -emit-dependencies -emit-module -emit-module-path /tmp/slumber-repair-derived/Build/Intermediates.noindex/Supabase.build/Debug-iphonesimulator/RealtimeV2.build/Objects-normal/x86_64/RealtimeV2.swiftmodule -user-module-version 2.51.0 -validate-clang-modules-once -clang-build-session-file /tmp/slumber-repair-derived/ModuleCache.noindex/Session.modulevalidation -package-name supabase_swift -Xcc -I/tmp/slumber-repair-derived/Build/Intermediates.noindex/Supabase.build/Debug-iphonesimulator/RealtimeV2.build/swift-overrides.hmap -emit-const-values -Xfrontend -const-gather-protocols-file -Xfrontend /tmp/slumber-repair-derived/Build/Intermediates.noindex/Supabase.build/Debug-iphonesimulator/RealtimeV2.build/Objects-normal/x86_64/RealtimeV2_const_extract_protocols.json -Xcc -I/tmp/slumber-repair-derived/Build/Products/Debug-iphonesimulator/include -Xcc -I/tmp/slumber-repair-derived/Build/Intermediates.noindex/Supabase.build/Debug-iphonesimulator/RealtimeV2.build/DerivedSources-normal/x86_64 -Xcc -I/tmp/slumber-repair-derived/Build/Intermediates.noindex/Supabase.build/Debug-iphonesimulator/RealtimeV2.build/DerivedSources/x86_64 -Xcc -I/tmp/slumber-repair-derived/Build/Intermediates.noindex/Supabase.build/Debug-iphonesimulator/RealtimeV2.build/DerivedSources -Xcc -DSWIFT_PACKAGE -Xcc -DDEBUG\=1 -emit-objc-header -emit-objc-header-path /tmp/slumber-repair-derived/Build/Intermediates.noindex/Supabase.build/Debug-iphonesimulator/RealtimeV2.build/Objects-normal/x86_64/RealtimeV2-Swift.h -working-directory /Users/ngawangchime/Desktop/Developer\ Projects/Phone\ in\ the\ Other\ Room/PhoneInTheOtherRoom.xcodeproj -experimental-emit-module-separately -disable-cmo

SwiftDriver\ Compilation\ Requirements Functions normal x86_64 com.apple.xcode.tools.swift.compiler (in target 'Functions' from project 'Supabase')
    cd /Users/ngawangchime/Desktop/Developer\ Projects/Phone\ in\ the\ Other\ Room/PhoneInTheOtherRoom.xcodeproj
    builtin-Swift-Compilation-Requirements -- /Applications/Xcode.app/Contents/Developer/Toolchains/XcodeDefault.xctoolchain/usr/bin/swiftc -module-name Functions -Onone @/tmp/slumber-repair-derived/Build/Intermediates.noindex/Supabase.build/Debug-iphonesimulator/Functions.build/Objects-normal/x86_64/Functions.SwiftFileList -DSWIFT_PACKAGE -DDEBUG -DSWIFT_MODULE_RESOURCE_BUNDLE_UNAVAILABLE -DXcode -enable-upcoming-feature ExistentialAny -enable-upcoming-feature ImmutableWeakCaptures -enable-upcoming-feature InferIsolatedConformances -enable-upcoming-feature InternalImportsByDefault -enable-upcoming-feature MemberImportVisibility -plugin-path /Applications/Xcode.app/Contents/Developer/Toolchains/XcodeDefault.xctoolchain/usr/lib/swift/host/plugins/testing -enable-experimental-feature DebugDescriptionMacro -sdk /Applications/Xcode.app/Contents/Developer/Platforms/iPhoneSimulator.platform/Developer/SDKs/iPhoneSimulator26.5.sdk -target x86_64-apple-ios16.0-simulator -g -module-cache-path /tmp/slumber-repair-derived/ModuleCache.noindex -Xfrontend -serialize-debugging-options -enable-testing -suppress-warnings -index-store-path /tmp/slumber-repair-derived/Index.noindex/DataStore -Xcc -D_LIBCPP_HARDENING_MODE\=_LIBCPP_HARDENING_MODE_DEBUG -swift-version 6 -I /tmp/slumber-repair-derived/Build/Products/Debug-iphonesimulator -Isystem /Applications/Xcode.app/Contents/Developer/Platforms/iPhoneSimulator.platform/Developer/usr/lib -F /tmp/slumber-repair-derived/Build/Products/Debug-iphonesimulator/PackageFrameworks -F /tmp/slumber-repair-derived/Build/Products/Debug-iphonesimulator/PackageFrameworks -F /tmp/slumber-repair-derived/Build/Products/Debug-iphonesimulator/PackageFrameworks -F /tmp/slumber-repair-derived/Build/Products/Debug-iphonesimulator/PackageFrameworks -F /tmp/slumber-repair-derived/Build/Products/Debug-iphonesimulator/PackageFrameworks -F /tmp/slumber-repair-derived/Build/Products/Debug-iphonesimulator/PackageFrameworks -F /tmp/slumber-repair-derived/Build/Products/Debug-iphonesimulator -F /Applications/Xcode.app/Contents/Developer/Platforms/iPhoneSimulator.platform/Developer/Library/Frameworks -F /Applications/Xcode.app/Contents/Developer/Platforms/iPhoneSimulator.platform/Developer/SDKs/iPhoneSimulator26.5.sdk/Developer/Library/Frameworks -c -j8 -enable-batch-mode -incremental -Xcc -ivfsstatcache -Xcc /tmp/slumber-repair-derived/SDKStatCaches.noindex/iphonesimulator26.5-23F81a-6cfe768891a92b912361537c460fe42b.sdkstatcache -output-file-map /tmp/slumber-repair-derived/Build/Intermediates.noindex/Supabase.build/Debug-iphonesimulator/Functions.build/Objects-normal/x86_64/Functions-OutputFileMap.json -use-frontend-parseable-output -save-temps -no-color-diagnostics -explicit-module-build -module-cache-path /tmp/slumber-repair-derived/Build/Intermediates.noindex/SwiftExplicitPrecompiledModules -clang-scanner-module-cache-path /tmp/slumber-repair-derived/ModuleCache.noindex -sdk-module-cache-path /tmp/slumber-repair-derived/ModuleCache.noindex -serialize-diagnostics -emit-dependencies -emit-module -emit-module-path /tmp/slumber-repair-derived/Build/Intermediates.noindex/Supabase.build/Debug-iphonesimulator/Functions.build/Objects-normal/x86_64/Functions.swiftmodule -user-module-version 2.51.0 -validate-clang-modules-once -clang-build-session-file /tmp/slumber-repair-derived/ModuleCache.noindex/Session.modulevalidation -package-name supabase_swift -Xcc -I/tmp/slumber-repair-derived/Build/Intermediates.noindex/Supabase.build/Debug-iphonesimulator/Functions.build/swift-overrides.hmap -emit-const-values -Xfrontend -const-gather-protocols-file -Xfrontend /tmp/slumber-repair-derived/Build/Intermediates.noindex/Supabase.build/Debug-iphonesimulator/Functions.build/Objects-normal/x86_64/Functions_const_extract_protocols.json -Xcc -I/tmp/slumber-repair-derived/Build/Products/Debug-iphonesimulator/include -Xcc -I/tmp/slumber-repair-derived/Build/Intermediates.noindex/Supabase.build/Debug-iphonesimulator/Functions.build/DerivedSources-normal/x86_64 -Xcc -I/tmp/slumber-repair-derived/Build/Intermediates.noindex/Supabase.build/Debug-iphonesimulator/Functions.build/DerivedSources/x86_64 -Xcc -I/tmp/slumber-repair-derived/Build/Intermediates.noindex/Supabase.build/Debug-iphonesimulator/Functions.build/DerivedSources -Xcc -DSWIFT_PACKAGE -Xcc -DDEBUG\=1 -emit-objc-header -emit-objc-header-path /tmp/slumber-repair-derived/Build/Intermediates.noindex/Supabase.build/Debug-iphonesimulator/Functions.build/Objects-normal/x86_64/Functions-Swift.h -working-directory /Users/ngawangchime/Desktop/Developer\ Projects/Phone\ in\ the\ Other\ Room/PhoneInTheOtherRoom.xcodeproj -experimental-emit-module-separately -disable-cmo

SwiftDriver Auth normal arm64 com.apple.xcode.tools.swift.compiler (in target 'Auth' from project 'Supabase')
    cd /Users/ngawangchime/Desktop/Developer\ Projects/Phone\ in\ the\ Other\ Room/PhoneInTheOtherRoom.xcodeproj
    builtin-SwiftDriver -- /Applications/Xcode.app/Contents/Developer/Toolchains/XcodeDefault.xctoolchain/usr/bin/swiftc -module-name Auth -Onone @/tmp/slumber-repair-derived/Build/Intermediates.noindex/Supabase.build/Debug-iphonesimulator/Auth.build/Objects-normal/arm64/Auth.SwiftFileList -DSWIFT_PACKAGE -DDEBUG -DSWIFT_MODULE_RESOURCE_BUNDLE_UNAVAILABLE -DXcode -enable-upcoming-feature ExistentialAny -enable-upcoming-feature ImmutableWeakCaptures -enable-upcoming-feature InferIsolatedConformances -enable-upcoming-feature InternalImportsByDefault -enable-upcoming-feature MemberImportVisibility -plugin-path /Applications/Xcode.app/Contents/Developer/Toolchains/XcodeDefault.xctoolchain/usr/lib/swift/host/plugins/testing -enable-experimental-feature DebugDescriptionMacro -sdk /Applications/Xcode.app/Contents/Developer/Platforms/iPhoneSimulator.platform/Developer/SDKs/iPhoneSimulator26.5.sdk -target arm64-apple-ios16.0-simulator -g -module-cache-path /tmp/slumber-repair-derived/ModuleCache.noindex -Xfrontend -serialize-debugging-options -enable-testing -suppress-warnings -index-store-path /tmp/slumber-repair-derived/Index.noindex/DataStore -Xcc -D_LIBCPP_HARDENING_MODE\=_LIBCPP_HARDENING_MODE_DEBUG -swift-version 6 -I /tmp/slumber-repair-derived/Build/Products/Debug-iphonesimulator -Isystem /Applications/Xcode.app/Contents/Developer/Platforms/iPhoneSimulator.platform/Developer/usr/lib -F /tmp/slumber-repair-derived/Build/Products/Debug-iphonesimulator/PackageFrameworks -F /tmp/slumber-repair-derived/Build/Products/Debug-iphonesimulator/PackageFrameworks -F /tmp/slumber-repair-derived/Build/Products/Debug-iphonesimulator/PackageFrameworks -F /tmp/slumber-repair-derived/Build/Products/Debug-iphonesimulator/PackageFrameworks -F /tmp/slumber-repair-derived/Build/Products/Debug-iphonesimulator/PackageFrameworks -F /tmp/slumber-repair-derived/Build/Products/Debug-iphonesimulator/PackageFrameworks -F /tmp/slumber-repair-derived/Build/Products/Debug-iphonesimulator/PackageFrameworks -F /tmp/slumber-repair-derived/Build/Products/Debug-iphonesimulator -F /Applications/Xcode.app/Contents/Developer/Platforms/iPhoneSimulator.platform/Developer/Library/Frameworks -F /Applications/Xcode.app/Contents/Developer/Platforms/iPhoneSimulator.platform/Developer/SDKs/iPhoneSimulator26.5.sdk/Developer/Library/Frameworks -c -j8 -enable-batch-mode -incremental -Xcc -ivfsstatcache -Xcc /tmp/slumber-repair-derived/SDKStatCaches.noindex/iphonesimulator26.5-23F81a-6cfe768891a92b912361537c460fe42b.sdkstatcache -output-file-map /tmp/slumber-repair-derived/Build/Intermediates.noindex/Supabase.build/Debug-iphonesimulator/Auth.build/Objects-normal/arm64/Auth-OutputFileMap.json -use-frontend-parseable-output -save-temps -no-color-diagnostics -explicit-module-build -module-cache-path /tmp/slumber-repair-derived/Build/Intermediates.noindex/SwiftExplicitPrecompiledModules -clang-scanner-module-cache-path /tmp/slumber-repair-derived/ModuleCache.noindex -sdk-module-cache-path /tmp/slumber-repair-derived/ModuleCache.noindex -serialize-diagnostics -emit-dependencies -emit-module -emit-module-path /tmp/slumber-repair-derived/Build/Intermediates.noindex/Supabase.build/Debug-iphonesimulator/Auth.build/Objects-normal/arm64/Auth.swiftmodule -user-module-version 2.51.0 -validate-clang-modules-once -clang-build-session-file /tmp/slumber-repair-derived/ModuleCache.noindex/Session.modulevalidation -package-name supabase_swift -Xcc -I/tmp/slumber-repair-derived/Build/Intermediates.noindex/Supabase.build/Debug-iphonesimulator/Auth.build/swift-overrides.hmap -emit-const-values -Xfrontend -const-gather-protocols-file -Xfrontend /tmp/slumber-repair-derived/Build/Intermediates.noindex/Supabase.build/Debug-iphonesimulator/Auth.build/Objects-normal/arm64/Auth_const_extract_protocols.json -Xcc -I/tmp/slumber-repair-derived/Build/Products/Debug-iphonesimulator/include -Xcc -I/tmp/slumber-repair-derived/Build/Intermediates.noindex/Supabase.build/Debug-iphonesimulator/Auth.build/DerivedSources-normal/arm64 -Xcc -I/tmp/slumber-repair-derived/Build/Intermediates.noindex/Supabase.build/Debug-iphonesimulator/Auth.build/DerivedSources/arm64 -Xcc -I/tmp/slumber-repair-derived/Build/Intermediates.noindex/Supabase.build/Debug-iphonesimulator/Auth.build/DerivedSources -Xcc -DSWIFT_PACKAGE -Xcc -DDEBUG\=1 -emit-objc-header -emit-objc-header-path /tmp/slumber-repair-derived/Build/Intermediates.noindex/Supabase.build/Debug-iphonesimulator/Auth.build/Objects-normal/arm64/Auth-Swift.h -working-directory /Users/ngawangchime/Desktop/Developer\ Projects/Phone\ in\ the\ Other\ Room/PhoneInTheOtherRoom.xcodeproj -experimental-emit-module-separately -disable-cmo

SwiftDriver\ Compilation Storage normal x86_64 com.apple.xcode.tools.swift.compiler (in target 'Storage' from project 'Supabase')
    cd /Users/ngawangchime/Desktop/Developer\ Projects/Phone\ in\ the\ Other\ Room/PhoneInTheOtherRoom.xcodeproj
    builtin-Swift-Compilation -- /Applications/Xcode.app/Contents/Developer/Toolchains/XcodeDefault.xctoolchain/usr/bin/swiftc -module-name Storage -Onone @/tmp/slumber-repair-derived/Build/Intermediates.noindex/Supabase.build/Debug-iphonesimulator/Storage.build/Objects-normal/x86_64/Storage.SwiftFileList -DSWIFT_PACKAGE -DDEBUG -DSWIFT_MODULE_RESOURCE_BUNDLE_UNAVAILABLE -DXcode -enable-upcoming-feature ExistentialAny -enable-upcoming-feature ImmutableWeakCaptures -enable-upcoming-feature InferIsolatedConformances -enable-upcoming-feature InternalImportsByDefault -enable-upcoming-feature MemberImportVisibility -plugin-path /Applications/Xcode.app/Contents/Developer/Toolchains/XcodeDefault.xctoolchain/usr/lib/swift/host/plugins/testing -enable-experimental-feature DebugDescriptionMacro -sdk /Applications/Xcode.app/Contents/Developer/Platforms/iPhoneSimulator.platform/Developer/SDKs/iPhoneSimulator26.5.sdk -target x86_64-apple-ios16.0-simulator -g -module-cache-path /tmp/slumber-repair-derived/ModuleCache.noindex -Xfrontend -serialize-debugging-options -enable-testing -suppress-warnings -index-store-path /tmp/slumber-repair-derived/Index.noindex/DataStore -Xcc -D_LIBCPP_HARDENING_MODE\=_LIBCPP_HARDENING_MODE_DEBUG -swift-version 6 -I /tmp/slumber-repair-derived/Build/Products/Debug-iphonesimulator -Isystem /Applications/Xcode.app/Contents/Developer/Platforms/iPhoneSimulator.platform/Developer/usr/lib -F /tmp/slumber-repair-derived/Build/Products/Debug-iphonesimulator/PackageFrameworks -F /tmp/slumber-repair-derived/Build/Products/Debug-iphonesimulator/PackageFrameworks -F /tmp/slumber-repair-derived/Build/Products/Debug-iphonesimulator/PackageFrameworks -F /tmp/slumber-repair-derived/Build/Products/Debug-iphonesimulator/PackageFrameworks -F /tmp/slumber-repair-derived/Build/Products/Debug-iphonesimulator/PackageFrameworks -F /tmp/slumber-repair-derived/Build/Products/Debug-iphonesimulator/PackageFrameworks -F /tmp/slumber-repair-derived/Build/Products/Debug-iphonesimulator -F /Applications/Xcode.app/Contents/Developer/Platforms/iPhoneSimulator.platform/Developer/Library/Frameworks -F /Applications/Xcode.app/Contents/Developer/Platforms/iPhoneSimulator.platform/Developer/SDKs/iPhoneSimulator26.5.sdk/Developer/Library/Frameworks -c -j8 -enable-batch-mode -incremental -Xcc -ivfsstatcache -Xcc /tmp/slumber-repair-derived/SDKStatCaches.noindex/iphonesimulator26.5-23F81a-6cfe768891a92b912361537c460fe42b.sdkstatcache -output-file-map /tmp/slumber-repair-derived/Build/Intermediates.noindex/Supabase.build/Debug-iphonesimulator/Storage.build/Objects-normal/x86_64/Storage-OutputFileMap.json -use-frontend-parseable-output -save-temps -no-color-diagnostics -explicit-module-build -module-cache-path /tmp/slumber-repair-derived/Build/Intermediates.noindex/SwiftExplicitPrecompiledModules -clang-scanner-module-cache-path /tmp/slumber-repair-derived/ModuleCache.noindex -sdk-module-cache-path /tmp/slumber-repair-derived/ModuleCache.noindex -serialize-diagnostics -emit-dependencies -emit-module -emit-module-path /tmp/slumber-repair-derived/Build/Intermediates.noindex/Supabase.build/Debug-iphonesimulator/Storage.build/Objects-normal/x86_64/Storage.swiftmodule -user-module-version 2.51.0 -validate-clang-modules-once -clang-build-session-file /tmp/slumber-repair-derived/ModuleCache.noindex/Session.modulevalidation -package-name supabase_swift -Xcc -I/tmp/slumber-repair-derived/Build/Intermediates.noindex/Supabase.build/Debug-iphonesimulator/Storage.build/swift-overrides.hmap -emit-const-values -Xfrontend -const-gather-protocols-file -Xfrontend /tmp/slumber-repair-derived/Build/Intermediates.noindex/Supabase.build/Debug-iphonesimulator/Storage.build/Objects-normal/x86_64/Storage_const_extract_protocols.json -Xcc -I/tmp/slumber-repair-derived/Build/Products/Debug-iphonesimulator/include -Xcc -I/tmp/slumber-repair-derived/Build/Intermediates.noindex/Supabase.build/Debug-iphonesimulator/Storage.build/DerivedSources-normal/x86_64 -Xcc -I/tmp/slumber-repair-derived/Build/Intermediates.noindex/Supabase.build/Debug-iphonesimulator/Storage.build/DerivedSources/x86_64 -Xcc -I/tmp/slumber-repair-derived/Build/Intermediates.noindex/Supabase.build/Debug-iphonesimulator/Storage.build/DerivedSources -Xcc -DSWIFT_PACKAGE -Xcc -DDEBUG\=1 -emit-objc-header -emit-objc-header-path /tmp/slumber-repair-derived/Build/Intermediates.noindex/Supabase.build/Debug-iphonesimulator/Storage.build/Objects-normal/x86_64/Storage-Swift.h -working-directory /Users/ngawangchime/Desktop/Developer\ Projects/Phone\ in\ the\ Other\ Room/PhoneInTheOtherRoom.xcodeproj -experimental-emit-module-separately -disable-cmo

SwiftDriver\ Compilation\ Requirements Functions normal arm64 com.apple.xcode.tools.swift.compiler (in target 'Functions' from project 'Supabase')
    cd /Users/ngawangchime/Desktop/Developer\ Projects/Phone\ in\ the\ Other\ Room/PhoneInTheOtherRoom.xcodeproj
    builtin-Swift-Compilation-Requirements -- /Applications/Xcode.app/Contents/Developer/Toolchains/XcodeDefault.xctoolchain/usr/bin/swiftc -module-name Functions -Onone @/tmp/slumber-repair-derived/Build/Intermediates.noindex/Supabase.build/Debug-iphonesimulator/Functions.build/Objects-normal/arm64/Functions.SwiftFileList -DSWIFT_PACKAGE -DDEBUG -DSWIFT_MODULE_RESOURCE_BUNDLE_UNAVAILABLE -DXcode -enable-upcoming-feature ExistentialAny -enable-upcoming-feature ImmutableWeakCaptures -enable-upcoming-feature InferIsolatedConformances -enable-upcoming-feature InternalImportsByDefault -enable-upcoming-feature MemberImportVisibility -plugin-path /Applications/Xcode.app/Contents/Developer/Toolchains/XcodeDefault.xctoolchain/usr/lib/swift/host/plugins/testing -enable-experimental-feature DebugDescriptionMacro -sdk /Applications/Xcode.app/Contents/Developer/Platforms/iPhoneSimulator.platform/Developer/SDKs/iPhoneSimulator26.5.sdk -target arm64-apple-ios16.0-simulator -g -module-cache-path /tmp/slumber-repair-derived/ModuleCache.noindex -Xfrontend -serialize-debugging-options -enable-testing -suppress-warnings -index-store-path /tmp/slumber-repair-derived/Index.noindex/DataStore -Xcc -D_LIBCPP_HARDENING_MODE\=_LIBCPP_HARDENING_MODE_DEBUG -swift-version 6 -I /tmp/slumber-repair-derived/Build/Products/Debug-iphonesimulator -Isystem /Applications/Xcode.app/Contents/Developer/Platforms/iPhoneSimulator.platform/Developer/usr/lib -F /tmp/slumber-repair-derived/Build/Products/Debug-iphonesimulator/PackageFrameworks -F /tmp/slumber-repair-derived/Build/Products/Debug-iphonesimulator/PackageFrameworks -F /tmp/slumber-repair-derived/Build/Products/Debug-iphonesimulator/PackageFrameworks -F /tmp/slumber-repair-derived/Build/Products/Debug-iphonesimulator/PackageFrameworks -F /tmp/slumber-repair-derived/Build/Products/Debug-iphonesimulator/PackageFrameworks -F /tmp/slumber-repair-derived/Build/Products/Debug-iphonesimulator/PackageFrameworks -F /tmp/slumber-repair-derived/Build/Products/Debug-iphonesimulator -F /Applications/Xcode.app/Contents/Developer/Platforms/iPhoneSimulator.platform/Developer/Library/Frameworks -F /Applications/Xcode.app/Contents/Developer/Platforms/iPhoneSimulator.platform/Developer/SDKs/iPhoneSimulator26.5.sdk/Developer/Library/Frameworks -c -j8 -enable-batch-mode -incremental -Xcc -ivfsstatcache -Xcc /tmp/slumber-repair-derived/SDKStatCaches.noindex/iphonesimulator26.5-23F81a-6cfe768891a92b912361537c460fe42b.sdkstatcache -output-file-map /tmp/slumber-repair-derived/Build/Intermediates.noindex/Supabase.build/Debug-iphonesimulator/Functions.build/Objects-normal/arm64/Functions-OutputFileMap.json -use-frontend-parseable-output -save-temps -no-color-diagnostics -explicit-module-build -module-cache-path /tmp/slumber-repair-derived/Build/Intermediates.noindex/SwiftExplicitPrecompiledModules -clang-scanner-module-cache-path /tmp/slumber-repair-derived/ModuleCache.noindex -sdk-module-cache-path /tmp/slumber-repair-derived/ModuleCache.noindex -serialize-diagnostics -emit-dependencies -emit-module -emit-module-path /tmp/slumber-repair-derived/Build/Intermediates.noindex/Supabase.build/Debug-iphonesimulator/Functions.build/Objects-normal/arm64/Functions.swiftmodule -user-module-version 2.51.0 -validate-clang-modules-once -clang-build-session-file /tmp/slumber-repair-derived/ModuleCache.noindex/Session.modulevalidation -package-name supabase_swift -Xcc -I/tmp/slumber-repair-derived/Build/Intermediates.noindex/Supabase.build/Debug-iphonesimulator/Functions.build/swift-overrides.hmap -emit-const-values -Xfrontend -const-gather-protocols-file -Xfrontend /tmp/slumber-repair-derived/Build/Intermediates.noindex/Supabase.build/Debug-iphonesimulator/Functions.build/Objects-normal/arm64/Functions_const_extract_protocols.json -Xcc -I/tmp/slumber-repair-derived/Build/Products/Debug-iphonesimulator/include -Xcc -I/tmp/slumber-repair-derived/Build/Intermediates.noindex/Supabase.build/Debug-iphonesimulator/Functions.build/DerivedSources-normal/arm64 -Xcc -I/tmp/slumber-repair-derived/Build/Intermediates.noindex/Supabase.build/Debug-iphonesimulator/Functions.build/DerivedSources/arm64 -Xcc -I/tmp/slumber-repair-derived/Build/Intermediates.noindex/Supabase.build/Debug-iphonesimulator/Functions.build/DerivedSources -Xcc -DSWIFT_PACKAGE -Xcc -DDEBUG\=1 -emit-objc-header -emit-objc-header-path /tmp/slumber-repair-derived/Build/Intermediates.noindex/Supabase.build/Debug-iphonesimulator/Functions.build/Objects-normal/arm64/Functions-Swift.h -working-directory /Users/ngawangchime/Desktop/Developer\ Projects/Phone\ in\ the\ Other\ Room/PhoneInTheOtherRoom.xcodeproj -experimental-emit-module-separately -disable-cmo

SwiftDriver\ Compilation\ Requirements PostgREST normal x86_64 com.apple.xcode.tools.swift.compiler (in target 'PostgREST' from project 'Supabase')
    cd /Users/ngawangchime/Desktop/Developer\ Projects/Phone\ in\ the\ Other\ Room/PhoneInTheOtherRoom.xcodeproj
    builtin-Swift-Compilation-Requirements -- /Applications/Xcode.app/Contents/Developer/Toolchains/XcodeDefault.xctoolchain/usr/bin/swiftc -module-name PostgREST -Onone @/tmp/slumber-repair-derived/Build/Intermediates.noindex/Supabase.build/Debug-iphonesimulator/PostgREST.build/Objects-normal/x86_64/PostgREST.SwiftFileList -DSWIFT_PACKAGE -DDEBUG -DSWIFT_MODULE_RESOURCE_BUNDLE_UNAVAILABLE -DXcode -enable-upcoming-feature ExistentialAny -enable-upcoming-feature ImmutableWeakCaptures -enable-upcoming-feature InferIsolatedConformances -enable-upcoming-feature InternalImportsByDefault -enable-upcoming-feature MemberImportVisibility -plugin-path /Applications/Xcode.app/Contents/Developer/Toolchains/XcodeDefault.xctoolchain/usr/lib/swift/host/plugins/testing -enable-experimental-feature DebugDescriptionMacro -sdk /Applications/Xcode.app/Contents/Developer/Platforms/iPhoneSimulator.platform/Developer/SDKs/iPhoneSimulator26.5.sdk -target x86_64-apple-ios16.0-simulator -g -module-cache-path /tmp/slumber-repair-derived/ModuleCache.noindex -Xfrontend -serialize-debugging-options -enable-testing -suppress-warnings -index-store-path /tmp/slumber-repair-derived/Index.noindex/DataStore -Xcc -D_LIBCPP_HARDENING_MODE\=_LIBCPP_HARDENING_MODE_DEBUG -swift-version 6 -I /tmp/slumber-repair-derived/Build/Products/Debug-iphonesimulator -Isystem /Applications/Xcode.app/Contents/Developer/Platforms/iPhoneSimulator.platform/Developer/usr/lib -F /tmp/slumber-repair-derived/Build/Products/Debug-iphonesimulator/PackageFrameworks -F /tmp/slumber-repair-derived/Build/Products/Debug-iphonesimulator/PackageFrameworks -F /tmp/slumber-repair-derived/Build/Products/Debug-iphonesimulator/PackageFrameworks -F /tmp/slumber-repair-derived/Build/Products/Debug-iphonesimulator/PackageFrameworks -F /tmp/slumber-repair-derived/Build/Products/Debug-iphonesimulator/PackageFrameworks -F /tmp/slumber-repair-derived/Build/Products/Debug-iphonesimulator/PackageFrameworks -F /tmp/slumber-repair-derived/Build/Products/Debug-iphonesimulator -F /Applications/Xcode.app/Contents/Developer/Platforms/iPhoneSimulator.platform/Developer/Library/Frameworks -F /Applications/Xcode.app/Contents/Developer/Platforms/iPhoneSimulator.platform/Developer/SDKs/iPhoneSimulator26.5.sdk/Developer/Library/Frameworks -c -j8 -enable-batch-mode -incremental -Xcc -ivfsstatcache -Xcc /tmp/slumber-repair-derived/SDKStatCaches.noindex/iphonesimulator26.5-23F81a-6cfe768891a92b912361537c460fe42b.sdkstatcache -output-file-map /tmp/slumber-repair-derived/Build/Intermediates.noindex/Supabase.build/Debug-iphonesimulator/PostgREST.build/Objects-normal/x86_64/PostgREST-OutputFileMap.json -use-frontend-parseable-output -save-temps -no-color-diagnostics -explicit-module-build -module-cache-path /tmp/slumber-repair-derived/Build/Intermediates.noindex/SwiftExplicitPrecompiledModules -clang-scanner-module-cache-path /tmp/slumber-repair-derived/ModuleCache.noindex -sdk-module-cache-path /tmp/slumber-repair-derived/ModuleCache.noindex -serialize-diagnostics -emit-dependencies -emit-module -emit-module-path /tmp/slumber-repair-derived/Build/Intermediates.noindex/Supabase.build/Debug-iphonesimulator/PostgREST.build/Objects-normal/x86_64/PostgREST.swiftmodule -user-module-version 2.51.0 -validate-clang-modules-once -clang-build-session-file /tmp/slumber-repair-derived/ModuleCache.noindex/Session.modulevalidation -package-name supabase_swift -Xcc -I/tmp/slumber-repair-derived/Build/Intermediates.noindex/Supabase.build/Debug-iphonesimulator/PostgREST.build/swift-overrides.hmap -emit-const-values -Xfrontend -const-gather-protocols-file -Xfrontend /tmp/slumber-repair-derived/Build/Intermediates.noindex/Supabase.build/Debug-iphonesimulator/PostgREST.build/Objects-normal/x86_64/PostgREST_const_extract_protocols.json -Xcc -I/tmp/slumber-repair-derived/Build/Products/Debug-iphonesimulator/include -Xcc -I/tmp/slumber-repair-derived/Build/Intermediates.noindex/Supabase.build/Debug-iphonesimulator/PostgREST.build/DerivedSources-normal/x86_64 -Xcc -I/tmp/slumber-repair-derived/Build/Intermediates.noindex/Supabase.build/Debug-iphonesimulator/PostgREST.build/DerivedSources/x86_64 -Xcc -I/tmp/slumber-repair-derived/Build/Intermediates.noindex/Supabase.build/Debug-iphonesimulator/PostgREST.build/DerivedSources -Xcc -DSWIFT_PACKAGE -Xcc -DDEBUG\=1 -emit-objc-header -emit-objc-header-path /tmp/slumber-repair-derived/Build/Intermediates.noindex/Supabase.build/Debug-iphonesimulator/PostgREST.build/Objects-normal/x86_64/PostgREST-Swift.h -working-directory /Users/ngawangchime/Desktop/Developer\ Projects/Phone\ in\ the\ Other\ Room/PhoneInTheOtherRoom.xcodeproj -experimental-emit-module-separately -disable-cmo

SwiftMergeGeneratedHeaders /tmp/slumber-repair-derived/Build/Intermediates.noindex/GeneratedModuleMaps-iphonesimulator/Functions-Swift.h /tmp/slumber-repair-derived/Build/Intermediates.noindex/Supabase.build/Debug-iphonesimulator/Functions.build/Objects-normal/arm64/Functions-Swift.h /tmp/slumber-repair-derived/Build/Intermediates.noindex/Supabase.build/Debug-iphonesimulator/Functions.build/Objects-normal/x86_64/Functions-Swift.h (in target 'Functions' from project 'Supabase')
    cd /tmp/slumber-repair-derived/SourcePackages/checkouts/supabase-swift
    builtin-swiftHeaderTool -arch arm64 /tmp/slumber-repair-derived/Build/Intermediates.noindex/Supabase.build/Debug-iphonesimulator/Functions.build/Objects-normal/arm64/Functions-Swift.h -arch x86_64 /tmp/slumber-repair-derived/Build/Intermediates.noindex/Supabase.build/Debug-iphonesimulator/Functions.build/Objects-normal/x86_64/Functions-Swift.h -o /tmp/slumber-repair-derived/Build/Intermediates.noindex/GeneratedModuleMaps-iphonesimulator/Functions-Swift.h

SwiftMergeGeneratedHeaders /tmp/slumber-repair-derived/Build/Intermediates.noindex/GeneratedModuleMaps-iphonesimulator/PostgREST-Swift.h /tmp/slumber-repair-derived/Build/Intermediates.noindex/Supabase.build/Debug-iphonesimulator/PostgREST.build/Objects-normal/arm64/PostgREST-Swift.h /tmp/slumber-repair-derived/Build/Intermediates.noindex/Supabase.build/Debug-iphonesimulator/PostgREST.build/Objects-normal/x86_64/PostgREST-Swift.h (in target 'PostgREST' from project 'Supabase')
    cd /tmp/slumber-repair-derived/SourcePackages/checkouts/supabase-swift
    builtin-swiftHeaderTool -arch arm64 /tmp/slumber-repair-derived/Build/Intermediates.noindex/Supabase.build/Debug-iphonesimulator/PostgREST.build/Objects-normal/arm64/PostgREST-Swift.h -arch x86_64 /tmp/slumber-repair-derived/Build/Intermediates.noindex/Supabase.build/Debug-iphonesimulator/PostgREST.build/Objects-normal/x86_64/PostgREST-Swift.h -o /tmp/slumber-repair-derived/Build/Intermediates.noindex/GeneratedModuleMaps-iphonesimulator/PostgREST-Swift.h

Copy /tmp/slumber-repair-derived/Build/Products/Debug-iphonesimulator/Functions.swiftmodule/arm64-apple-ios-simulator.swiftmodule /tmp/slumber-repair-derived/Build/Intermediates.noindex/Supabase.build/Debug-iphonesimulator/Functions.build/Objects-normal/arm64/Functions.swiftmodule (in target 'Functions' from project 'Supabase')
    cd /tmp/slumber-repair-derived/SourcePackages/checkouts/supabase-swift
    builtin-copy -exclude .DS_Store -exclude CVS -exclude .svn -exclude .git -exclude .hg -resolve-src-symlinks -rename /tmp/slumber-repair-derived/Build/Intermediates.noindex/Supabase.build/Debug-iphonesimulator/Functions.build/Objects-normal/arm64/Functions.swiftmodule /tmp/slumber-repair-derived/Build/Products/Debug-iphonesimulator/Functions.swiftmodule/arm64-apple-ios-simulator.swiftmodule

Copy /tmp/slumber-repair-derived/Build/Products/Debug-iphonesimulator/Functions.swiftmodule/arm64-apple-ios-simulator.swiftdoc /tmp/slumber-repair-derived/Build/Intermediates.noindex/Supabase.build/Debug-iphonesimulator/Functions.build/Objects-normal/arm64/Functions.swiftdoc (in target 'Functions' from project 'Supabase')
    cd /tmp/slumber-repair-derived/SourcePackages/checkouts/supabase-swift
    builtin-copy -exclude .DS_Store -exclude CVS -exclude .svn -exclude .git -exclude .hg -resolve-src-symlinks -rename /tmp/slumber-repair-derived/Build/Intermediates.noindex/Supabase.build/Debug-iphonesimulator/Functions.build/Objects-normal/arm64/Functions.swiftdoc /tmp/slumber-repair-derived/Build/Products/Debug-iphonesimulator/Functions.swiftmodule/arm64-apple-ios-simulator.swiftdoc

Copy /tmp/slumber-repair-derived/Build/Products/Debug-iphonesimulator/Functions.swiftmodule/arm64-apple-ios-simulator.abi.json /tmp/slumber-repair-derived/Build/Intermediates.noindex/Supabase.build/Debug-iphonesimulator/Functions.build/Objects-normal/arm64/Functions.abi.json (in target 'Functions' from project 'Supabase')
    cd /tmp/slumber-repair-derived/SourcePackages/checkouts/supabase-swift
    builtin-copy -exclude .DS_Store -exclude CVS -exclude .svn -exclude .git -exclude .hg -resolve-src-symlinks -rename /tmp/slumber-repair-derived/Build/Intermediates.noindex/Supabase.build/Debug-iphonesimulator/Functions.build/Objects-normal/arm64/Functions.abi.json /tmp/slumber-repair-derived/Build/Products/Debug-iphonesimulator/Functions.swiftmodule/arm64-apple-ios-simulator.abi.json

Copy /tmp/slumber-repair-derived/Build/Products/Debug-iphonesimulator/Functions.swiftmodule/Project/arm64-apple-ios-simulator.swiftsourceinfo /tmp/slumber-repair-derived/Build/Intermediates.noindex/Supabase.build/Debug-iphonesimulator/Functions.build/Objects-normal/arm64/Functions.swiftsourceinfo (in target 'Functions' from project 'Supabase')
    cd /tmp/slumber-repair-derived/SourcePackages/checkouts/supabase-swift
    builtin-copy -exclude .DS_Store -exclude CVS -exclude .svn -exclude .git -exclude .hg -resolve-src-symlinks -rename /tmp/slumber-repair-derived/Build/Intermediates.noindex/Supabase.build/Debug-iphonesimulator/Functions.build/Objects-normal/arm64/Functions.swiftsourceinfo /tmp/slumber-repair-derived/Build/Products/Debug-iphonesimulator/Functions.swiftmodule/Project/arm64-apple-ios-simulator.swiftsourceinfo

SwiftDriver\ Compilation Storage normal arm64 com.apple.xcode.tools.swift.compiler (in target 'Storage' from project 'Supabase')
    cd /Users/ngawangchime/Desktop/Developer\ Projects/Phone\ in\ the\ Other\ Room/PhoneInTheOtherRoom.xcodeproj
    builtin-Swift-Compilation -- /Applications/Xcode.app/Contents/Developer/Toolchains/XcodeDefault.xctoolchain/usr/bin/swiftc -module-name Storage -Onone @/tmp/slumber-repair-derived/Build/Intermediates.noindex/Supabase.build/Debug-iphonesimulator/Storage.build/Objects-normal/arm64/Storage.SwiftFileList -DSWIFT_PACKAGE -DDEBUG -DSWIFT_MODULE_RESOURCE_BUNDLE_UNAVAILABLE -DXcode -enable-upcoming-feature ExistentialAny -enable-upcoming-feature ImmutableWeakCaptures -enable-upcoming-feature InferIsolatedConformances -enable-upcoming-feature InternalImportsByDefault -enable-upcoming-feature MemberImportVisibility -plugin-path /Applications/Xcode.app/Contents/Developer/Toolchains/XcodeDefault.xctoolchain/usr/lib/swift/host/plugins/testing -enable-experimental-feature DebugDescriptionMacro -sdk /Applications/Xcode.app/Contents/Developer/Platforms/iPhoneSimulator.platform/Developer/SDKs/iPhoneSimulator26.5.sdk -target arm64-apple-ios16.0-simulator -g -module-cache-path /tmp/slumber-repair-derived/ModuleCache.noindex -Xfrontend -serialize-debugging-options -enable-testing -suppress-warnings -index-store-path /tmp/slumber-repair-derived/Index.noindex/DataStore -Xcc -D_LIBCPP_HARDENING_MODE\=_LIBCPP_HARDENING_MODE_DEBUG -swift-version 6 -I /tmp/slumber-repair-derived/Build/Products/Debug-iphonesimulator -Isystem /Applications/Xcode.app/Contents/Developer/Platforms/iPhoneSimulator.platform/Developer/usr/lib -F /tmp/slumber-repair-derived/Build/Products/Debug-iphonesimulator/PackageFrameworks -F /tmp/slumber-repair-derived/Build/Products/Debug-iphonesimulator/PackageFrameworks -F /tmp/slumber-repair-derived/Build/Products/Debug-iphonesimulator/PackageFrameworks -F /tmp/slumber-repair-derived/Build/Products/Debug-iphonesimulator/PackageFrameworks -F /tmp/slumber-repair-derived/Build/Products/Debug-iphonesimulator/PackageFrameworks -F /tmp/slumber-repair-derived/Build/Products/Debug-iphonesimulator/PackageFrameworks -F /tmp/slumber-repair-derived/Build/Products/Debug-iphonesimulator -F /Applications/Xcode.app/Contents/Developer/Platforms/iPhoneSimulator.platform/Developer/Library/Frameworks -F /Applications/Xcode.app/Contents/Developer/Platforms/iPhoneSimulator.platform/Developer/SDKs/iPhoneSimulator26.5.sdk/Developer/Library/Frameworks -c -j8 -enable-batch-mode -incremental -Xcc -ivfsstatcache -Xcc /tmp/slumber-repair-derived/SDKStatCaches.noindex/iphonesimulator26.5-23F81a-6cfe768891a92b912361537c460fe42b.sdkstatcache -output-file-map /tmp/slumber-repair-derived/Build/Intermediates.noindex/Supabase.build/Debug-iphonesimulator/Storage.build/Objects-normal/arm64/Storage-OutputFileMap.json -use-frontend-parseable-output -save-temps -no-color-diagnostics -explicit-module-build -module-cache-path /tmp/slumber-repair-derived/Build/Intermediates.noindex/SwiftExplicitPrecompiledModules -clang-scanner-module-cache-path /tmp/slumber-repair-derived/ModuleCache.noindex -sdk-module-cache-path /tmp/slumber-repair-derived/ModuleCache.noindex -serialize-diagnostics -emit-dependencies -emit-module -emit-module-path /tmp/slumber-repair-derived/Build/Intermediates.noindex/Supabase.build/Debug-iphonesimulator/Storage.build/Objects-normal/arm64/Storage.swiftmodule -user-module-version 2.51.0 -validate-clang-modules-once -clang-build-session-file /tmp/slumber-repair-derived/ModuleCache.noindex/Session.modulevalidation -package-name supabase_swift -Xcc -I/tmp/slumber-repair-derived/Build/Intermediates.noindex/Supabase.build/Debug-iphonesimulator/Storage.build/swift-overrides.hmap -emit-const-values -Xfrontend -const-gather-protocols-file -Xfrontend /tmp/slumber-repair-derived/Build/Intermediates.noindex/Supabase.build/Debug-iphonesimulator/Storage.build/Objects-normal/arm64/Storage_const_extract_protocols.json -Xcc -I/tmp/slumber-repair-derived/Build/Products/Debug-iphonesimulator/include -Xcc -I/tmp/slumber-repair-derived/Build/Intermediates.noindex/Supabase.build/Debug-iphonesimulator/Storage.build/DerivedSources-normal/arm64 -Xcc -I/tmp/slumber-repair-derived/Build/Intermediates.noindex/Supabase.build/Debug-iphonesimulator/Storage.build/DerivedSources/arm64 -Xcc -I/tmp/slumber-repair-derived/Build/Intermediates.noindex/Supabase.build/Debug-iphonesimulator/Storage.build/DerivedSources -Xcc -DSWIFT_PACKAGE -Xcc -DDEBUG\=1 -emit-objc-header -emit-objc-header-path /tmp/slumber-repair-derived/Build/Intermediates.noindex/Supabase.build/Debug-iphonesimulator/Storage.build/Objects-normal/arm64/Storage-Swift.h -working-directory /Users/ngawangchime/Desktop/Developer\ Projects/Phone\ in\ the\ Other\ Room/PhoneInTheOtherRoom.xcodeproj -experimental-emit-module-separately -disable-cmo

SwiftDriver\ Compilation RealtimeV2 normal x86_64 com.apple.xcode.tools.swift.compiler (in target 'RealtimeV2' from project 'Supabase')
    cd /Users/ngawangchime/Desktop/Developer\ Projects/Phone\ in\ the\ Other\ Room/PhoneInTheOtherRoom.xcodeproj
    builtin-Swift-Compilation -- /Applications/Xcode.app/Contents/Developer/Toolchains/XcodeDefault.xctoolchain/usr/bin/swiftc -module-name RealtimeV2 -Onone @/tmp/slumber-repair-derived/Build/Intermediates.noindex/Supabase.build/Debug-iphonesimulator/RealtimeV2.build/Objects-normal/x86_64/RealtimeV2.SwiftFileList -DSWIFT_PACKAGE -DDEBUG -DSWIFT_MODULE_RESOURCE_BUNDLE_UNAVAILABLE -DXcode -enable-upcoming-feature ExistentialAny -enable-upcoming-feature ImmutableWeakCaptures -enable-upcoming-feature InferIsolatedConformances -enable-upcoming-feature InternalImportsByDefault -enable-upcoming-feature MemberImportVisibility -plugin-path /Applications/Xcode.app/Contents/Developer/Toolchains/XcodeDefault.xctoolchain/usr/lib/swift/host/plugins/testing -enable-experimental-feature DebugDescriptionMacro -sdk /Applications/Xcode.app/Contents/Developer/Platforms/iPhoneSimulator.platform/Developer/SDKs/iPhoneSimulator26.5.sdk -target x86_64-apple-ios16.0-simulator -g -module-cache-path /tmp/slumber-repair-derived/ModuleCache.noindex -Xfrontend -serialize-debugging-options -enable-testing -suppress-warnings -index-store-path /tmp/slumber-repair-derived/Index.noindex/DataStore -Xcc -D_LIBCPP_HARDENING_MODE\=_LIBCPP_HARDENING_MODE_DEBUG -swift-version 6 -I /tmp/slumber-repair-derived/Build/Products/Debug-iphonesimulator -Isystem /Applications/Xcode.app/Contents/Developer/Platforms/iPhoneSimulator.platform/Developer/usr/lib -F /tmp/slumber-repair-derived/Build/Products/Debug-iphonesimulator/PackageFrameworks -F /tmp/slumber-repair-derived/Build/Products/Debug-iphonesimulator/PackageFrameworks -F /tmp/slumber-repair-derived/Build/Products/Debug-iphonesimulator/PackageFrameworks -F /tmp/slumber-repair-derived/Build/Products/Debug-iphonesimulator/PackageFrameworks -F /tmp/slumber-repair-derived/Build/Products/Debug-iphonesimulator/PackageFrameworks -F /tmp/slumber-repair-derived/Build/Products/Debug-iphonesimulator/PackageFrameworks -F /tmp/slumber-repair-derived/Build/Products/Debug-iphonesimulator -F /Applications/Xcode.app/Contents/Developer/Platforms/iPhoneSimulator.platform/Developer/Library/Frameworks -F /Applications/Xcode.app/Contents/Developer/Platforms/iPhoneSimulator.platform/Developer/SDKs/iPhoneSimulator26.5.sdk/Developer/Library/Frameworks -c -j8 -enable-batch-mode -incremental -Xcc -ivfsstatcache -Xcc /tmp/slumber-repair-derived/SDKStatCaches.noindex/iphonesimulator26.5-23F81a-6cfe768891a92b912361537c460fe42b.sdkstatcache -output-file-map /tmp/slumber-repair-derived/Build/Intermediates.noindex/Supabase.build/Debug-iphonesimulator/RealtimeV2.build/Objects-normal/x86_64/RealtimeV2-OutputFileMap.json -use-frontend-parseable-output -save-temps -no-color-diagnostics -explicit-module-build -module-cache-path /tmp/slumber-repair-derived/Build/Intermediates.noindex/SwiftExplicitPrecompiledModules -clang-scanner-module-cache-path /tmp/slumber-repair-derived/ModuleCache.noindex -sdk-module-cache-path /tmp/slumber-repair-derived/ModuleCache.noindex -serialize-diagnostics -emit-dependencies -emit-module -emit-module-path /tmp/slumber-repair-derived/Build/Intermediates.noindex/Supabase.build/Debug-iphonesimulator/RealtimeV2.build/Objects-normal/x86_64/RealtimeV2.swiftmodule -user-module-version 2.51.0 -validate-clang-modules-once -clang-build-session-file /tmp/slumber-repair-derived/ModuleCache.noindex/Session.modulevalidation -package-name supabase_swift -Xcc -I/tmp/slumber-repair-derived/Build/Intermediates.noindex/Supabase.build/Debug-iphonesimulator/RealtimeV2.build/swift-overrides.hmap -emit-const-values -Xfrontend -const-gather-protocols-file -Xfrontend /tmp/slumber-repair-derived/Build/Intermediates.noindex/Supabase.build/Debug-iphonesimulator/RealtimeV2.build/Objects-normal/x86_64/RealtimeV2_const_extract_protocols.json -Xcc -I/tmp/slumber-repair-derived/Build/Products/Debug-iphonesimulator/include -Xcc -I/tmp/slumber-repair-derived/Build/Intermediates.noindex/Supabase.build/Debug-iphonesimulator/RealtimeV2.build/DerivedSources-normal/x86_64 -Xcc -I/tmp/slumber-repair-derived/Build/Intermediates.noindex/Supabase.build/Debug-iphonesimulator/RealtimeV2.build/DerivedSources/x86_64 -Xcc -I/tmp/slumber-repair-derived/Build/Intermediates.noindex/Supabase.build/Debug-iphonesimulator/RealtimeV2.build/DerivedSources -Xcc -DSWIFT_PACKAGE -Xcc -DDEBUG\=1 -emit-objc-header -emit-objc-header-path /tmp/slumber-repair-derived/Build/Intermediates.noindex/Supabase.build/Debug-iphonesimulator/RealtimeV2.build/Objects-normal/x86_64/RealtimeV2-Swift.h -working-directory /Users/ngawangchime/Desktop/Developer\ Projects/Phone\ in\ the\ Other\ Room/PhoneInTheOtherRoom.xcodeproj -experimental-emit-module-separately -disable-cmo

SwiftDriver\ Compilation PostgREST normal x86_64 com.apple.xcode.tools.swift.compiler (in target 'PostgREST' from project 'Supabase')
    cd /Users/ngawangchime/Desktop/Developer\ Projects/Phone\ in\ the\ Other\ Room/PhoneInTheOtherRoom.xcodeproj
    builtin-Swift-Compilation -- /Applications/Xcode.app/Contents/Developer/Toolchains/XcodeDefault.xctoolchain/usr/bin/swiftc -module-name PostgREST -Onone @/tmp/slumber-repair-derived/Build/Intermediates.noindex/Supabase.build/Debug-iphonesimulator/PostgREST.build/Objects-normal/x86_64/PostgREST.SwiftFileList -DSWIFT_PACKAGE -DDEBUG -DSWIFT_MODULE_RESOURCE_BUNDLE_UNAVAILABLE -DXcode -enable-upcoming-feature ExistentialAny -enable-upcoming-feature ImmutableWeakCaptures -enable-upcoming-feature InferIsolatedConformances -enable-upcoming-feature InternalImportsByDefault -enable-upcoming-feature MemberImportVisibility -plugin-path /Applications/Xcode.app/Contents/Developer/Toolchains/XcodeDefault.xctoolchain/usr/lib/swift/host/plugins/testing -enable-experimental-feature DebugDescriptionMacro -sdk /Applications/Xcode.app/Contents/Developer/Platforms/iPhoneSimulator.platform/Developer/SDKs/iPhoneSimulator26.5.sdk -target x86_64-apple-ios16.0-simulator -g -module-cache-path /tmp/slumber-repair-derived/ModuleCache.noindex -Xfrontend -serialize-debugging-options -enable-testing -suppress-warnings -index-store-path /tmp/slumber-repair-derived/Index.noindex/DataStore -Xcc -D_LIBCPP_HARDENING_MODE\=_LIBCPP_HARDENING_MODE_DEBUG -swift-version 6 -I /tmp/slumber-repair-derived/Build/Products/Debug-iphonesimulator -Isystem /Applications/Xcode.app/Contents/Developer/Platforms/iPhoneSimulator.platform/Developer/usr/lib -F /tmp/slumber-repair-derived/Build/Products/Debug-iphonesimulator/PackageFrameworks -F /tmp/slumber-repair-derived/Build/Products/Debug-iphonesimulator/PackageFrameworks -F /tmp/slumber-repair-derived/Build/Products/Debug-iphonesimulator/PackageFrameworks -F /tmp/slumber-repair-derived/Build/Products/Debug-iphonesimulator/PackageFrameworks -F /tmp/slumber-repair-derived/Build/Products/Debug-iphonesimulator/PackageFrameworks -F /tmp/slumber-repair-derived/Build/Products/Debug-iphonesimulator/PackageFrameworks -F /tmp/slumber-repair-derived/Build/Products/Debug-iphonesimulator -F /Applications/Xcode.app/Contents/Developer/Platforms/iPhoneSimulator.platform/Developer/Library/Frameworks -F /Applications/Xcode.app/Contents/Developer/Platforms/iPhoneSimulator.platform/Developer/SDKs/iPhoneSimulator26.5.sdk/Developer/Library/Frameworks -c -j8 -enable-batch-mode -incremental -Xcc -ivfsstatcache -Xcc /tmp/slumber-repair-derived/SDKStatCaches.noindex/iphonesimulator26.5-23F81a-6cfe768891a92b912361537c460fe42b.sdkstatcache -output-file-map /tmp/slumber-repair-derived/Build/Intermediates.noindex/Supabase.build/Debug-iphonesimulator/PostgREST.build/Objects-normal/x86_64/PostgREST-OutputFileMap.json -use-frontend-parseable-output -save-temps -no-color-diagnostics -explicit-module-build -module-cache-path /tmp/slumber-repair-derived/Build/Intermediates.noindex/SwiftExplicitPrecompiledModules -clang-scanner-module-cache-path /tmp/slumber-repair-derived/ModuleCache.noindex -sdk-module-cache-path /tmp/slumber-repair-derived/ModuleCache.noindex -serialize-diagnostics -emit-dependencies -emit-module -emit-module-path /tmp/slumber-repair-derived/Build/Intermediates.noindex/Supabase.build/Debug-iphonesimulator/PostgREST.build/Objects-normal/x86_64/PostgREST.swiftmodule -user-module-version 2.51.0 -validate-clang-modules-once -clang-build-session-file /tmp/slumber-repair-derived/ModuleCache.noindex/Session.modulevalidation -package-name supabase_swift -Xcc -I/tmp/slumber-repair-derived/Build/Intermediates.noindex/Supabase.build/Debug-iphonesimulator/PostgREST.build/swift-overrides.hmap -emit-const-values -Xfrontend -const-gather-protocols-file -Xfrontend /tmp/slumber-repair-derived/Build/Intermediates.noindex/Supabase.build/Debug-iphonesimulator/PostgREST.build/Objects-normal/x86_64/PostgREST_const_extract_protocols.json -Xcc -I/tmp/slumber-repair-derived/Build/Products/Debug-iphonesimulator/include -Xcc -I/tmp/slumber-repair-derived/Build/Intermediates.noindex/Supabase.build/Debug-iphonesimulator/PostgREST.build/DerivedSources-normal/x86_64 -Xcc -I/tmp/slumber-repair-derived/Build/Intermediates.noindex/Supabase.build/Debug-iphonesimulator/PostgREST.build/DerivedSources/x86_64 -Xcc -I/tmp/slumber-repair-derived/Build/Intermediates.noindex/Supabase.build/Debug-iphonesimulator/PostgREST.build/DerivedSources -Xcc -DSWIFT_PACKAGE -Xcc -DDEBUG\=1 -emit-objc-header -emit-objc-header-path /tmp/slumber-repair-derived/Build/Intermediates.noindex/Supabase.build/Debug-iphonesimulator/PostgREST.build/Objects-normal/x86_64/PostgREST-Swift.h -working-directory /Users/ngawangchime/Desktop/Developer\ Projects/Phone\ in\ the\ Other\ Room/PhoneInTheOtherRoom.xcodeproj -experimental-emit-module-separately -disable-cmo

SwiftDriver\ Compilation PostgREST normal arm64 com.apple.xcode.tools.swift.compiler (in target 'PostgREST' from project 'Supabase')
    cd /Users/ngawangchime/Desktop/Developer\ Projects/Phone\ in\ the\ Other\ Room/PhoneInTheOtherRoom.xcodeproj
    builtin-Swift-Compilation -- /Applications/Xcode.app/Contents/Developer/Toolchains/XcodeDefault.xctoolchain/usr/bin/swiftc -module-name PostgREST -Onone @/tmp/slumber-repair-derived/Build/Intermediates.noindex/Supabase.build/Debug-iphonesimulator/PostgREST.build/Objects-normal/arm64/PostgREST.SwiftFileList -DSWIFT_PACKAGE -DDEBUG -DSWIFT_MODULE_RESOURCE_BUNDLE_UNAVAILABLE -DXcode -enable-upcoming-feature ExistentialAny -enable-upcoming-feature ImmutableWeakCaptures -enable-upcoming-feature InferIsolatedConformances -enable-upcoming-feature InternalImportsByDefault -enable-upcoming-feature MemberImportVisibility -plugin-path /Applications/Xcode.app/Contents/Developer/Toolchains/XcodeDefault.xctoolchain/usr/lib/swift/host/plugins/testing -enable-experimental-feature DebugDescriptionMacro -sdk /Applications/Xcode.app/Contents/Developer/Platforms/iPhoneSimulator.platform/Developer/SDKs/iPhoneSimulator26.5.sdk -target arm64-apple-ios16.0-simulator -g -module-cache-path /tmp/slumber-repair-derived/ModuleCache.noindex -Xfrontend -serialize-debugging-options -enable-testing -suppress-warnings -index-store-path /tmp/slumber-repair-derived/Index.noindex/DataStore -Xcc -D_LIBCPP_HARDENING_MODE\=_LIBCPP_HARDENING_MODE_DEBUG -swift-version 6 -I /tmp/slumber-repair-derived/Build/Products/Debug-iphonesimulator -Isystem /Applications/Xcode.app/Contents/Developer/Platforms/iPhoneSimulator.platform/Developer/usr/lib -F /tmp/slumber-repair-derived/Build/Products/Debug-iphonesimulator/PackageFrameworks -F /tmp/slumber-repair-derived/Build/Products/Debug-iphonesimulator/PackageFrameworks -F /tmp/slumber-repair-derived/Build/Products/Debug-iphonesimulator/PackageFrameworks -F /tmp/slumber-repair-derived/Build/Products/Debug-iphonesimulator/PackageFrameworks -F /tmp/slumber-repair-derived/Build/Products/Debug-iphonesimulator/PackageFrameworks -F /tmp/slumber-repair-derived/Build/Products/Debug-iphonesimulator/PackageFrameworks -F /tmp/slumber-repair-derived/Build/Products/Debug-iphonesimulator -F /Applications/Xcode.app/Contents/Developer/Platforms/iPhoneSimulator.platform/Developer/Library/Frameworks -F /Applications/Xcode.app/Contents/Developer/Platforms/iPhoneSimulator.platform/Developer/SDKs/iPhoneSimulator26.5.sdk/Developer/Library/Frameworks -c -j8 -enable-batch-mode -incremental -Xcc -ivfsstatcache -Xcc /tmp/slumber-repair-derived/SDKStatCaches.noindex/iphonesimulator26.5-23F81a-6cfe768891a92b912361537c460fe42b.sdkstatcache -output-file-map /tmp/slumber-repair-derived/Build/Intermediates.noindex/Supabase.build/Debug-iphonesimulator/PostgREST.build/Objects-normal/arm64/PostgREST-OutputFileMap.json -use-frontend-parseable-output -save-temps -no-color-diagnostics -explicit-module-build -module-cache-path /tmp/slumber-repair-derived/Build/Intermediates.noindex/SwiftExplicitPrecompiledModules -clang-scanner-module-cache-path /tmp/slumber-repair-derived/ModuleCache.noindex -sdk-module-cache-path /tmp/slumber-repair-derived/ModuleCache.noindex -serialize-diagnostics -emit-dependencies -emit-module -emit-module-path /tmp/slumber-repair-derived/Build/Intermediates.noindex/Supabase.build/Debug-iphonesimulator/PostgREST.build/Objects-normal/arm64/PostgREST.swiftmodule -user-module-version 2.51.0 -validate-clang-modules-once -clang-build-session-file /tmp/slumber-repair-derived/ModuleCache.noindex/Session.modulevalidation -package-name supabase_swift -Xcc -I/tmp/slumber-repair-derived/Build/Intermediates.noindex/Supabase.build/Debug-iphonesimulator/PostgREST.build/swift-overrides.hmap -emit-const-values -Xfrontend -const-gather-protocols-file -Xfrontend /tmp/slumber-repair-derived/Build/Intermediates.noindex/Supabase.build/Debug-iphonesimulator/PostgREST.build/Objects-normal/arm64/PostgREST_const_extract_protocols.json -Xcc -I/tmp/slumber-repair-derived/Build/Products/Debug-iphonesimulator/include -Xcc -I/tmp/slumber-repair-derived/Build/Intermediates.noindex/Supabase.build/Debug-iphonesimulator/PostgREST.build/DerivedSources-normal/arm64 -Xcc -I/tmp/slumber-repair-derived/Build/Intermediates.noindex/Supabase.build/Debug-iphonesimulator/PostgREST.build/DerivedSources/arm64 -Xcc -I/tmp/slumber-repair-derived/Build/Intermediates.noindex/Supabase.build/Debug-iphonesimulator/PostgREST.build/DerivedSources -Xcc -DSWIFT_PACKAGE -Xcc -DDEBUG\=1 -emit-objc-header -emit-objc-header-path /tmp/slumber-repair-derived/Build/Intermediates.noindex/Supabase.build/Debug-iphonesimulator/PostgREST.build/Objects-normal/arm64/PostgREST-Swift.h -working-directory /Users/ngawangchime/Desktop/Developer\ Projects/Phone\ in\ the\ Other\ Room/PhoneInTheOtherRoom.xcodeproj -experimental-emit-module-separately -disable-cmo

SwiftDriver\ Compilation Functions normal x86_64 com.apple.xcode.tools.swift.compiler (in target 'Functions' from project 'Supabase')
    cd /Users/ngawangchime/Desktop/Developer\ Projects/Phone\ in\ the\ Other\ Room/PhoneInTheOtherRoom.xcodeproj
    builtin-Swift-Compilation -- /Applications/Xcode.app/Contents/Developer/Toolchains/XcodeDefault.xctoolchain/usr/bin/swiftc -module-name Functions -Onone @/tmp/slumber-repair-derived/Build/Intermediates.noindex/Supabase.build/Debug-iphonesimulator/Functions.build/Objects-normal/x86_64/Functions.SwiftFileList -DSWIFT_PACKAGE -DDEBUG -DSWIFT_MODULE_RESOURCE_BUNDLE_UNAVAILABLE -DXcode -enable-upcoming-feature ExistentialAny -enable-upcoming-feature ImmutableWeakCaptures -enable-upcoming-feature InferIsolatedConformances -enable-upcoming-feature InternalImportsByDefault -enable-upcoming-feature MemberImportVisibility -plugin-path /Applications/Xcode.app/Contents/Developer/Toolchains/XcodeDefault.xctoolchain/usr/lib/swift/host/plugins/testing -enable-experimental-feature DebugDescriptionMacro -sdk /Applications/Xcode.app/Contents/Developer/Platforms/iPhoneSimulator.platform/Developer/SDKs/iPhoneSimulator26.5.sdk -target x86_64-apple-ios16.0-simulator -g -module-cache-path /tmp/slumber-repair-derived/ModuleCache.noindex -Xfrontend -serialize-debugging-options -enable-testing -suppress-warnings -index-store-path /tmp/slumber-repair-derived/Index.noindex/DataStore -Xcc -D_LIBCPP_HARDENING_MODE\=_LIBCPP_HARDENING_MODE_DEBUG -swift-version 6 -I /tmp/slumber-repair-derived/Build/Products/Debug-iphonesimulator -Isystem /Applications/Xcode.app/Contents/Developer/Platforms/iPhoneSimulator.platform/Developer/usr/lib -F /tmp/slumber-repair-derived/Build/Products/Debug-iphonesimulator/PackageFrameworks -F /tmp/slumber-repair-derived/Build/Products/Debug-iphonesimulator/PackageFrameworks -F /tmp/slumber-repair-derived/Build/Products/Debug-iphonesimulator/PackageFrameworks -F /tmp/slumber-repair-derived/Build/Products/Debug-iphonesimulator/PackageFrameworks -F /tmp/slumber-repair-derived/Build/Products/Debug-iphonesimulator/PackageFrameworks -F /tmp/slumber-repair-derived/Build/Products/Debug-iphonesimulator/PackageFrameworks -F /tmp/slumber-repair-derived/Build/Products/Debug-iphonesimulator -F /Applications/Xcode.app/Contents/Developer/Platforms/iPhoneSimulator.platform/Developer/Library/Frameworks -F /Applications/Xcode.app/Contents/Developer/Platforms/iPhoneSimulator.platform/Developer/SDKs/iPhoneSimulator26.5.sdk/Developer/Library/Frameworks -c -j8 -enable-batch-mode -incremental -Xcc -ivfsstatcache -Xcc /tmp/slumber-repair-derived/SDKStatCaches.noindex/iphonesimulator26.5-23F81a-6cfe768891a92b912361537c460fe42b.sdkstatcache -output-file-map /tmp/slumber-repair-derived/Build/Intermediates.noindex/Supabase.build/Debug-iphonesimulator/Functions.build/Objects-normal/x86_64/Functions-OutputFileMap.json -use-frontend-parseable-output -save-temps -no-color-diagnostics -explicit-module-build -module-cache-path /tmp/slumber-repair-derived/Build/Intermediates.noindex/SwiftExplicitPrecompiledModules -clang-scanner-module-cache-path /tmp/slumber-repair-derived/ModuleCache.noindex -sdk-module-cache-path /tmp/slumber-repair-derived/ModuleCache.noindex -serialize-diagnostics -emit-dependencies -emit-module -emit-module-path /tmp/slumber-repair-derived/Build/Intermediates.noindex/Supabase.build/Debug-iphonesimulator/Functions.build/Objects-normal/x86_64/Functions.swiftmodule -user-module-version 2.51.0 -validate-clang-modules-once -clang-build-session-file /tmp/slumber-repair-derived/ModuleCache.noindex/Session.modulevalidation -package-name supabase_swift -Xcc -I/tmp/slumber-repair-derived/Build/Intermediates.noindex/Supabase.build/Debug-iphonesimulator/Functions.build/swift-overrides.hmap -emit-const-values -Xfrontend -const-gather-protocols-file -Xfrontend /tmp/slumber-repair-derived/Build/Intermediates.noindex/Supabase.build/Debug-iphonesimulator/Functions.build/Objects-normal/x86_64/Functions_const_extract_protocols.json -Xcc -I/tmp/slumber-repair-derived/Build/Products/Debug-iphonesimulator/include -Xcc -I/tmp/slumber-repair-derived/Build/Intermediates.noindex/Supabase.build/Debug-iphonesimulator/Functions.build/DerivedSources-normal/x86_64 -Xcc -I/tmp/slumber-repair-derived/Build/Intermediates.noindex/Supabase.build/Debug-iphonesimulator/Functions.build/DerivedSources/x86_64 -Xcc -I/tmp/slumber-repair-derived/Build/Intermediates.noindex/Supabase.build/Debug-iphonesimulator/Functions.build/DerivedSources -Xcc -DSWIFT_PACKAGE -Xcc -DDEBUG\=1 -emit-objc-header -emit-objc-header-path /tmp/slumber-repair-derived/Build/Intermediates.noindex/Supabase.build/Debug-iphonesimulator/Functions.build/Objects-normal/x86_64/Functions-Swift.h -working-directory /Users/ngawangchime/Desktop/Developer\ Projects/Phone\ in\ the\ Other\ Room/PhoneInTheOtherRoom.xcodeproj -experimental-emit-module-separately -disable-cmo

SwiftDriver\ Compilation Functions normal arm64 com.apple.xcode.tools.swift.compiler (in target 'Functions' from project 'Supabase')
    cd /Users/ngawangchime/Desktop/Developer\ Projects/Phone\ in\ the\ Other\ Room/PhoneInTheOtherRoom.xcodeproj
    builtin-Swift-Compilation -- /Applications/Xcode.app/Contents/Developer/Toolchains/XcodeDefault.xctoolchain/usr/bin/swiftc -module-name Functions -Onone @/tmp/slumber-repair-derived/Build/Intermediates.noindex/Supabase.build/Debug-iphonesimulator/Functions.build/Objects-normal/arm64/Functions.SwiftFileList -DSWIFT_PACKAGE -DDEBUG -DSWIFT_MODULE_RESOURCE_BUNDLE_UNAVAILABLE -DXcode -enable-upcoming-feature ExistentialAny -enable-upcoming-feature ImmutableWeakCaptures -enable-upcoming-feature InferIsolatedConformances -enable-upcoming-feature InternalImportsByDefault -enable-upcoming-feature MemberImportVisibility -plugin-path /Applications/Xcode.app/Contents/Developer/Toolchains/XcodeDefault.xctoolchain/usr/lib/swift/host/plugins/testing -enable-experimental-feature DebugDescriptionMacro -sdk /Applications/Xcode.app/Contents/Developer/Platforms/iPhoneSimulator.platform/Developer/SDKs/iPhoneSimulator26.5.sdk -target arm64-apple-ios16.0-simulator -g -module-cache-path /tmp/slumber-repair-derived/ModuleCache.noindex -Xfrontend -serialize-debugging-options -enable-testing -suppress-warnings -index-store-path /tmp/slumber-repair-derived/Index.noindex/DataStore -Xcc -D_LIBCPP_HARDENING_MODE\=_LIBCPP_HARDENING_MODE_DEBUG -swift-version 6 -I /tmp/slumber-repair-derived/Build/Products/Debug-iphonesimulator -Isystem /Applications/Xcode.app/Contents/Developer/Platforms/iPhoneSimulator.platform/Developer/usr/lib -F /tmp/slumber-repair-derived/Build/Products/Debug-iphonesimulator/PackageFrameworks -F /tmp/slumber-repair-derived/Build/Products/Debug-iphonesimulator/PackageFrameworks -F /tmp/slumber-repair-derived/Build/Products/Debug-iphonesimulator/PackageFrameworks -F /tmp/slumber-repair-derived/Build/Products/Debug-iphonesimulator/PackageFrameworks -F /tmp/slumber-repair-derived/Build/Products/Debug-iphonesimulator/PackageFrameworks -F /tmp/slumber-repair-derived/Build/Products/Debug-iphonesimulator/PackageFrameworks -F /tmp/slumber-repair-derived/Build/Products/Debug-iphonesimulator -F /Applications/Xcode.app/Contents/Developer/Platforms/iPhoneSimulator.platform/Developer/Library/Frameworks -F /Applications/Xcode.app/Contents/Developer/Platforms/iPhoneSimulator.platform/Developer/SDKs/iPhoneSimulator26.5.sdk/Developer/Library/Frameworks -c -j8 -enable-batch-mode -incremental -Xcc -ivfsstatcache -Xcc /tmp/slumber-repair-derived/SDKStatCaches.noindex/iphonesimulator26.5-23F81a-6cfe768891a92b912361537c460fe42b.sdkstatcache -output-file-map /tmp/slumber-repair-derived/Build/Intermediates.noindex/Supabase.build/Debug-iphonesimulator/Functions.build/Objects-normal/arm64/Functions-OutputFileMap.json -use-frontend-parseable-output -save-temps -no-color-diagnostics -explicit-module-build -module-cache-path /tmp/slumber-repair-derived/Build/Intermediates.noindex/SwiftExplicitPrecompiledModules -clang-scanner-module-cache-path /tmp/slumber-repair-derived/ModuleCache.noindex -sdk-module-cache-path /tmp/slumber-repair-derived/ModuleCache.noindex -serialize-diagnostics -emit-dependencies -emit-module -emit-module-path /tmp/slumber-repair-derived/Build/Intermediates.noindex/Supabase.build/Debug-iphonesimulator/Functions.build/Objects-normal/arm64/Functions.swiftmodule -user-module-version 2.51.0 -validate-clang-modules-once -clang-build-session-file /tmp/slumber-repair-derived/ModuleCache.noindex/Session.modulevalidation -package-name supabase_swift -Xcc -I/tmp/slumber-repair-derived/Build/Intermediates.noindex/Supabase.build/Debug-iphonesimulator/Functions.build/swift-overrides.hmap -emit-const-values -Xfrontend -const-gather-protocols-file -Xfrontend /tmp/slumber-repair-derived/Build/Intermediates.noindex/Supabase.build/Debug-iphonesimulator/Functions.build/Objects-normal/arm64/Functions_const_extract_protocols.json -Xcc -I/tmp/slumber-repair-derived/Build/Products/Debug-iphonesimulator/include -Xcc -I/tmp/slumber-repair-derived/Build/Intermediates.noindex/Supabase.build/Debug-iphonesimulator/Functions.build/DerivedSources-normal/arm64 -Xcc -I/tmp/slumber-repair-derived/Build/Intermediates.noindex/Supabase.build/Debug-iphonesimulator/Functions.build/DerivedSources/arm64 -Xcc -I/tmp/slumber-repair-derived/Build/Intermediates.noindex/Supabase.build/Debug-iphonesimulator/Functions.build/DerivedSources -Xcc -DSWIFT_PACKAGE -Xcc -DDEBUG\=1 -emit-objc-header -emit-objc-header-path /tmp/slumber-repair-derived/Build/Intermediates.noindex/Supabase.build/Debug-iphonesimulator/Functions.build/Objects-normal/arm64/Functions-Swift.h -working-directory /Users/ngawangchime/Desktop/Developer\ Projects/Phone\ in\ the\ Other\ Room/PhoneInTheOtherRoom.xcodeproj -experimental-emit-module-separately -disable-cmo

ExtractAppIntentsMetadata (in target 'Helpers' from project 'Supabase')
    cd /tmp/slumber-repair-derived/SourcePackages/checkouts/supabase-swift
    /Applications/Xcode.app/Contents/Developer/Toolchains/XcodeDefault.xctoolchain/usr/bin/appintentsmetadataprocessor --toolchain-dir /Applications/Xcode.app/Contents/Developer/Toolchains/XcodeDefault.xctoolchain --module-name Helpers --sdk-root /Applications/Xcode.app/Contents/Developer/Platforms/iPhoneSimulator.platform/Developer/SDKs/iPhoneSimulator26.5.sdk --xcode-version 17F113 --platform-family iOS --deployment-target 16.0 --bundle-identifier supabase-swift.Helpers --output /tmp/slumber-repair-derived/Build/Products/Debug-iphonesimulator/Helpers.appintents --target-triple arm64-apple-ios16.0-simulator --target-triple x86_64-apple-ios16.0-simulator --binary-file /tmp/slumber-repair-derived/Build/Products/Debug-iphonesimulator/Helpers.o --dependency-file /tmp/slumber-repair-derived/Build/Intermediates.noindex/Supabase.build/Debug-iphonesimulator/Helpers.build/Objects-normal/arm64/Helpers_dependency_info.dat --dependency-file /tmp/slumber-repair-derived/Build/Intermediates.noindex/Supabase.build/Debug-iphonesimulator/Helpers.build/Objects-normal/x86_64/Helpers_dependency_info.dat --stringsdata-file /tmp/slumber-repair-derived/Build/Intermediates.noindex/Supabase.build/Debug-iphonesimulator/Helpers.build/Objects-normal/arm64/ExtractedAppShortcutsMetadata.stringsdata --stringsdata-file /tmp/slumber-repair-derived/Build/Intermediates.noindex/Supabase.build/Debug-iphonesimulator/Helpers.build/Objects-normal/x86_64/ExtractedAppShortcutsMetadata.stringsdata --source-file-list /tmp/slumber-repair-derived/Build/Intermediates.noindex/Supabase.build/Debug-iphonesimulator/Helpers.build/Objects-normal/arm64/Helpers.SwiftFileList --source-file-list /tmp/slumber-repair-derived/Build/Intermediates.noindex/Supabase.build/Debug-iphonesimulator/Helpers.build/Objects-normal/x86_64/Helpers.SwiftFileList --metadata-file-list /tmp/slumber-repair-derived/Build/Intermediates.noindex/Supabase.build/Debug-iphonesimulator/Helpers.build/Helpers.DependencyMetadataFileList --static-metadata-file-list /tmp/slumber-repair-derived/Build/Intermediates.noindex/Supabase.build/Debug-iphonesimulator/Helpers.build/Helpers.DependencyStaticMetadataFileList --swift-const-vals-list /tmp/slumber-repair-derived/Build/Intermediates.noindex/Supabase.build/Debug-iphonesimulator/Helpers.build/Objects-normal/arm64/Helpers.SwiftConstValuesFileList --swift-const-vals-list /tmp/slumber-repair-derived/Build/Intermediates.noindex/Supabase.build/Debug-iphonesimulator/Helpers.build/Objects-normal/x86_64/Helpers.SwiftConstValuesFileList --force --compile-time-extraction --deployment-aware-processing --validate-assistant-intents --no-app-shortcuts-localization
2026-09-21 22:33:19.822 appintentsmetadataprocessor[83107:8803396] Starting appintentsmetadataprocessor export
2026-09-21 22:33:19.856 appintentsmetadataprocessor[83107:8803396] Extracted no relevant App Intents symbols, skipping writing output

SwiftDriver\ Compilation\ Requirements RealtimeV2 normal arm64 com.apple.xcode.tools.swift.compiler (in target 'RealtimeV2' from project 'Supabase')
    cd /Users/ngawangchime/Desktop/Developer\ Projects/Phone\ in\ the\ Other\ Room/PhoneInTheOtherRoom.xcodeproj
    builtin-Swift-Compilation-Requirements -- /Applications/Xcode.app/Contents/Developer/Toolchains/XcodeDefault.xctoolchain/usr/bin/swiftc -module-name RealtimeV2 -Onone @/tmp/slumber-repair-derived/Build/Intermediates.noindex/Supabase.build/Debug-iphonesimulator/RealtimeV2.build/Objects-normal/arm64/RealtimeV2.SwiftFileList -DSWIFT_PACKAGE -DDEBUG -DSWIFT_MODULE_RESOURCE_BUNDLE_UNAVAILABLE -DXcode -enable-upcoming-feature ExistentialAny -enable-upcoming-feature ImmutableWeakCaptures -enable-upcoming-feature InferIsolatedConformances -enable-upcoming-feature InternalImportsByDefault -enable-upcoming-feature MemberImportVisibility -plugin-path /Applications/Xcode.app/Contents/Developer/Toolchains/XcodeDefault.xctoolchain/usr/lib/swift/host/plugins/testing -enable-experimental-feature DebugDescriptionMacro -sdk /Applications/Xcode.app/Contents/Developer/Platforms/iPhoneSimulator.platform/Developer/SDKs/iPhoneSimulator26.5.sdk -target arm64-apple-ios16.0-simulator -g -module-cache-path /tmp/slumber-repair-derived/ModuleCache.noindex -Xfrontend -serialize-debugging-options -enable-testing -suppress-warnings -index-store-path /tmp/slumber-repair-derived/Index.noindex/DataStore -Xcc -D_LIBCPP_HARDENING_MODE\=_LIBCPP_HARDENING_MODE_DEBUG -swift-version 6 -I /tmp/slumber-repair-derived/Build/Products/Debug-iphonesimulator -Isystem /Applications/Xcode.app/Contents/Developer/Platforms/iPhoneSimulator.platform/Developer/usr/lib -F /tmp/slumber-repair-derived/Build/Products/Debug-iphonesimulator/PackageFrameworks -F /tmp/slumber-repair-derived/Build/Products/Debug-iphonesimulator/PackageFrameworks -F /tmp/slumber-repair-derived/Build/Products/Debug-iphonesimulator/PackageFrameworks -F /tmp/slumber-repair-derived/Build/Products/Debug-iphonesimulator/PackageFrameworks -F /tmp/slumber-repair-derived/Build/Products/Debug-iphonesimulator/PackageFrameworks -F /tmp/slumber-repair-derived/Build/Products/Debug-iphonesimulator/PackageFrameworks -F /tmp/slumber-repair-derived/Build/Products/Debug-iphonesimulator -F /Applications/Xcode.app/Contents/Developer/Platforms/iPhoneSimulator.platform/Developer/Library/Frameworks -F /Applications/Xcode.app/Contents/Developer/Platforms/iPhoneSimulator.platform/Developer/SDKs/iPhoneSimulator26.5.sdk/Developer/Library/Frameworks -c -j8 -enable-batch-mode -incremental -Xcc -ivfsstatcache -Xcc /tmp/slumber-repair-derived/SDKStatCaches.noindex/iphonesimulator26.5-23F81a-6cfe768891a92b912361537c460fe42b.sdkstatcache -output-file-map /tmp/slumber-repair-derived/Build/Intermediates.noindex/Supabase.build/Debug-iphonesimulator/RealtimeV2.build/Objects-normal/arm64/RealtimeV2-OutputFileMap.json -use-frontend-parseable-output -save-temps -no-color-diagnostics -explicit-module-build -module-cache-path /tmp/slumber-repair-derived/Build/Intermediates.noindex/SwiftExplicitPrecompiledModules -clang-scanner-module-cache-path /tmp/slumber-repair-derived/ModuleCache.noindex -sdk-module-cache-path /tmp/slumber-repair-derived/ModuleCache.noindex -serialize-diagnostics -emit-dependencies -emit-module -emit-module-path /tmp/slumber-repair-derived/Build/Intermediates.noindex/Supabase.build/Debug-iphonesimulator/RealtimeV2.build/Objects-normal/arm64/RealtimeV2.swiftmodule -user-module-version 2.51.0 -validate-clang-modules-once -clang-build-session-file /tmp/slumber-repair-derived/ModuleCache.noindex/Session.modulevalidation -package-name supabase_swift -Xcc -I/tmp/slumber-repair-derived/Build/Intermediates.noindex/Supabase.build/Debug-iphonesimulator/RealtimeV2.build/swift-overrides.hmap -emit-const-values -Xfrontend -const-gather-protocols-file -Xfrontend /tmp/slumber-repair-derived/Build/Intermediates.noindex/Supabase.build/Debug-iphonesimulator/RealtimeV2.build/Objects-normal/arm64/RealtimeV2_const_extract_protocols.json -Xcc -I/tmp/slumber-repair-derived/Build/Products/Debug-iphonesimulator/include -Xcc -I/tmp/slumber-repair-derived/Build/Intermediates.noindex/Supabase.build/Debug-iphonesimulator/RealtimeV2.build/DerivedSources-normal/arm64 -Xcc -I/tmp/slumber-repair-derived/Build/Intermediates.noindex/Supabase.build/Debug-iphonesimulator/RealtimeV2.build/DerivedSources/arm64 -Xcc -I/tmp/slumber-repair-derived/Build/Intermediates.noindex/Supabase.build/Debug-iphonesimulator/RealtimeV2.build/DerivedSources -Xcc -DSWIFT_PACKAGE -Xcc -DDEBUG\=1 -emit-objc-header -emit-objc-header-path /tmp/slumber-repair-derived/Build/Intermediates.noindex/Supabase.build/Debug-iphonesimulator/RealtimeV2.build/Objects-normal/arm64/RealtimeV2-Swift.h -working-directory /Users/ngawangchime/Desktop/Developer\ Projects/Phone\ in\ the\ Other\ Room/PhoneInTheOtherRoom.xcodeproj -experimental-emit-module-separately -disable-cmo

SwiftDriver\ Compilation RealtimeV2 normal arm64 com.apple.xcode.tools.swift.compiler (in target 'RealtimeV2' from project 'Supabase')
    cd /Users/ngawangchime/Desktop/Developer\ Projects/Phone\ in\ the\ Other\ Room/PhoneInTheOtherRoom.xcodeproj
    builtin-Swift-Compilation -- /Applications/Xcode.app/Contents/Developer/Toolchains/XcodeDefault.xctoolchain/usr/bin/swiftc -module-name RealtimeV2 -Onone @/tmp/slumber-repair-derived/Build/Intermediates.noindex/Supabase.build/Debug-iphonesimulator/RealtimeV2.build/Objects-normal/arm64/RealtimeV2.SwiftFileList -DSWIFT_PACKAGE -DDEBUG -DSWIFT_MODULE_RESOURCE_BUNDLE_UNAVAILABLE -DXcode -enable-upcoming-feature ExistentialAny -enable-upcoming-feature ImmutableWeakCaptures -enable-upcoming-feature InferIsolatedConformances -enable-upcoming-feature InternalImportsByDefault -enable-upcoming-feature MemberImportVisibility -plugin-path /Applications/Xcode.app/Contents/Developer/Toolchains/XcodeDefault.xctoolchain/usr/lib/swift/host/plugins/testing -enable-experimental-feature DebugDescriptionMacro -sdk /Applications/Xcode.app/Contents/Developer/Platforms/iPhoneSimulator.platform/Developer/SDKs/iPhoneSimulator26.5.sdk -target arm64-apple-ios16.0-simulator -g -module-cache-path /tmp/slumber-repair-derived/ModuleCache.noindex -Xfrontend -serialize-debugging-options -enable-testing -suppress-warnings -index-store-path /tmp/slumber-repair-derived/Index.noindex/DataStore -Xcc -D_LIBCPP_HARDENING_MODE\=_LIBCPP_HARDENING_MODE_DEBUG -swift-version 6 -I /tmp/slumber-repair-derived/Build/Products/Debug-iphonesimulator -Isystem /Applications/Xcode.app/Contents/Developer/Platforms/iPhoneSimulator.platform/Developer/usr/lib -F /tmp/slumber-repair-derived/Build/Products/Debug-iphonesimulator/PackageFrameworks -F /tmp/slumber-repair-derived/Build/Products/Debug-iphonesimulator/PackageFrameworks -F /tmp/slumber-repair-derived/Build/Products/Debug-iphonesimulator/PackageFrameworks -F /tmp/slumber-repair-derived/Build/Products/Debug-iphonesimulator/PackageFrameworks -F /tmp/slumber-repair-derived/Build/Products/Debug-iphonesimulator/PackageFrameworks -F /tmp/slumber-repair-derived/Build/Products/Debug-iphonesimulator/PackageFrameworks -F /tmp/slumber-repair-derived/Build/Products/Debug-iphonesimulator -F /Applications/Xcode.app/Contents/Developer/Platforms/iPhoneSimulator.platform/Developer/Library/Frameworks -F /Applications/Xcode.app/Contents/Developer/Platforms/iPhoneSimulator.platform/Developer/SDKs/iPhoneSimulator26.5.sdk/Developer/Library/Frameworks -c -j8 -enable-batch-mode -incremental -Xcc -ivfsstatcache -Xcc /tmp/slumber-repair-derived/SDKStatCaches.noindex/iphonesimulator26.5-23F81a-6cfe768891a92b912361537c460fe42b.sdkstatcache -output-file-map /tmp/slumber-repair-derived/Build/Intermediates.noindex/Supabase.build/Debug-iphonesimulator/RealtimeV2.build/Objects-normal/arm64/RealtimeV2-OutputFileMap.json -use-frontend-parseable-output -save-temps -no-color-diagnostics -explicit-module-build -module-cache-path /tmp/slumber-repair-derived/Build/Intermediates.noindex/SwiftExplicitPrecompiledModules -clang-scanner-module-cache-path /tmp/slumber-repair-derived/ModuleCache.noindex -sdk-module-cache-path /tmp/slumber-repair-derived/ModuleCache.noindex -serialize-diagnostics -emit-dependencies -emit-module -emit-module-path /tmp/slumber-repair-derived/Build/Intermediates.noindex/Supabase.build/Debug-iphonesimulator/RealtimeV2.build/Objects-normal/arm64/RealtimeV2.swiftmodule -user-module-version 2.51.0 -validate-clang-modules-once -clang-build-session-file /tmp/slumber-repair-derived/ModuleCache.noindex/Session.modulevalidation -package-name supabase_swift -Xcc -I/tmp/slumber-repair-derived/Build/Intermediates.noindex/Supabase.build/Debug-iphonesimulator/RealtimeV2.build/swift-overrides.hmap -emit-const-values -Xfrontend -const-gather-protocols-file -Xfrontend /tmp/slumber-repair-derived/Build/Intermediates.noindex/Supabase.build/Debug-iphonesimulator/RealtimeV2.build/Objects-normal/arm64/RealtimeV2_const_extract_protocols.json -Xcc -I/tmp/slumber-repair-derived/Build/Products/Debug-iphonesimulator/include -Xcc -I/tmp/slumber-repair-derived/Build/Intermediates.noindex/Supabase.build/Debug-iphonesimulator/RealtimeV2.build/DerivedSources-normal/arm64 -Xcc -I/tmp/slumber-repair-derived/Build/Intermediates.noindex/Supabase.build/Debug-iphonesimulator/RealtimeV2.build/DerivedSources/arm64 -Xcc -I/tmp/slumber-repair-derived/Build/Intermediates.noindex/Supabase.build/Debug-iphonesimulator/RealtimeV2.build/DerivedSources -Xcc -DSWIFT_PACKAGE -Xcc -DDEBUG\=1 -emit-objc-header -emit-objc-header-path /tmp/slumber-repair-derived/Build/Intermediates.noindex/Supabase.build/Debug-iphonesimulator/RealtimeV2.build/Objects-normal/arm64/RealtimeV2-Swift.h -working-directory /Users/ngawangchime/Desktop/Developer\ Projects/Phone\ in\ the\ Other\ Room/PhoneInTheOtherRoom.xcodeproj -experimental-emit-module-separately -disable-cmo

SwiftMergeGeneratedHeaders /tmp/slumber-repair-derived/Build/Intermediates.noindex/GeneratedModuleMaps-iphonesimulator/RealtimeV2-Swift.h /tmp/slumber-repair-derived/Build/Intermediates.noindex/Supabase.build/Debug-iphonesimulator/RealtimeV2.build/Objects-normal/arm64/RealtimeV2-Swift.h /tmp/slumber-repair-derived/Build/Intermediates.noindex/Supabase.build/Debug-iphonesimulator/RealtimeV2.build/Objects-normal/x86_64/RealtimeV2-Swift.h (in target 'RealtimeV2' from project 'Supabase')
    cd /tmp/slumber-repair-derived/SourcePackages/checkouts/supabase-swift
    builtin-swiftHeaderTool -arch arm64 /tmp/slumber-repair-derived/Build/Intermediates.noindex/Supabase.build/Debug-iphonesimulator/RealtimeV2.build/Objects-normal/arm64/RealtimeV2-Swift.h -arch x86_64 /tmp/slumber-repair-derived/Build/Intermediates.noindex/Supabase.build/Debug-iphonesimulator/RealtimeV2.build/Objects-normal/x86_64/RealtimeV2-Swift.h -o /tmp/slumber-repair-derived/Build/Intermediates.noindex/GeneratedModuleMaps-iphonesimulator/RealtimeV2-Swift.h

Copy /tmp/slumber-repair-derived/Build/Products/Debug-iphonesimulator/RealtimeV2.swiftmodule/arm64-apple-ios-simulator.swiftmodule /tmp/slumber-repair-derived/Build/Intermediates.noindex/Supabase.build/Debug-iphonesimulator/RealtimeV2.build/Objects-normal/arm64/RealtimeV2.swiftmodule (in target 'RealtimeV2' from project 'Supabase')
    cd /tmp/slumber-repair-derived/SourcePackages/checkouts/supabase-swift
    builtin-copy -exclude .DS_Store -exclude CVS -exclude .svn -exclude .git -exclude .hg -resolve-src-symlinks -rename /tmp/slumber-repair-derived/Build/Intermediates.noindex/Supabase.build/Debug-iphonesimulator/RealtimeV2.build/Objects-normal/arm64/RealtimeV2.swiftmodule /tmp/slumber-repair-derived/Build/Products/Debug-iphonesimulator/RealtimeV2.swiftmodule/arm64-apple-ios-simulator.swiftmodule

Copy /tmp/slumber-repair-derived/Build/Products/Debug-iphonesimulator/RealtimeV2.swiftmodule/arm64-apple-ios-simulator.swiftdoc /tmp/slumber-repair-derived/Build/Intermediates.noindex/Supabase.build/Debug-iphonesimulator/RealtimeV2.build/Objects-normal/arm64/RealtimeV2.swiftdoc (in target 'RealtimeV2' from project 'Supabase')
    cd /tmp/slumber-repair-derived/SourcePackages/checkouts/supabase-swift
    builtin-copy -exclude .DS_Store -exclude CVS -exclude .svn -exclude .git -exclude .hg -resolve-src-symlinks -rename /tmp/slumber-repair-derived/Build/Intermediates.noindex/Supabase.build/Debug-iphonesimulator/RealtimeV2.build/Objects-normal/arm64/RealtimeV2.swiftdoc /tmp/slumber-repair-derived/Build/Products/Debug-iphonesimulator/RealtimeV2.swiftmodule/arm64-apple-ios-simulator.swiftdoc

Copy /tmp/slumber-repair-derived/Build/Products/Debug-iphonesimulator/RealtimeV2.swiftmodule/arm64-apple-ios-simulator.abi.json /tmp/slumber-repair-derived/Build/Intermediates.noindex/Supabase.build/Debug-iphonesimulator/RealtimeV2.build/Objects-normal/arm64/RealtimeV2.abi.json (in target 'RealtimeV2' from project 'Supabase')
    cd /tmp/slumber-repair-derived/SourcePackages/checkouts/supabase-swift
    builtin-copy -exclude .DS_Store -exclude CVS -exclude .svn -exclude .git -exclude .hg -resolve-src-symlinks -rename /tmp/slumber-repair-derived/Build/Intermediates.noindex/Supabase.build/Debug-iphonesimulator/RealtimeV2.build/Objects-normal/arm64/RealtimeV2.abi.json /tmp/slumber-repair-derived/Build/Products/Debug-iphonesimulator/RealtimeV2.swiftmodule/arm64-apple-ios-simulator.abi.json

Copy /tmp/slumber-repair-derived/Build/Products/Debug-iphonesimulator/RealtimeV2.swiftmodule/Project/arm64-apple-ios-simulator.swiftsourceinfo /tmp/slumber-repair-derived/Build/Intermediates.noindex/Supabase.build/Debug-iphonesimulator/RealtimeV2.build/Objects-normal/arm64/RealtimeV2.swiftsourceinfo (in target 'RealtimeV2' from project 'Supabase')
    cd /tmp/slumber-repair-derived/SourcePackages/checkouts/supabase-swift
    builtin-copy -exclude .DS_Store -exclude CVS -exclude .svn -exclude .git -exclude .hg -resolve-src-symlinks -rename /tmp/slumber-repair-derived/Build/Intermediates.noindex/Supabase.build/Debug-iphonesimulator/RealtimeV2.build/Objects-normal/arm64/RealtimeV2.swiftsourceinfo /tmp/slumber-repair-derived/Build/Products/Debug-iphonesimulator/RealtimeV2.swiftmodule/Project/arm64-apple-ios-simulator.swiftsourceinfo

SwiftDriver Realtime normal arm64 com.apple.xcode.tools.swift.compiler (in target 'Realtime' from project 'Supabase')
    cd /Users/ngawangchime/Desktop/Developer\ Projects/Phone\ in\ the\ Other\ Room/PhoneInTheOtherRoom.xcodeproj
    builtin-SwiftDriver -- /Applications/Xcode.app/Contents/Developer/Toolchains/XcodeDefault.xctoolchain/usr/bin/swiftc -module-name Realtime -Onone @/tmp/slumber-repair-derived/Build/Intermediates.noindex/Supabase.build/Debug-iphonesimulator/Realtime.build/Objects-normal/arm64/Realtime.SwiftFileList -DSWIFT_PACKAGE -DDEBUG -DSWIFT_MODULE_RESOURCE_BUNDLE_UNAVAILABLE -DXcode -enable-upcoming-feature ExistentialAny -enable-upcoming-feature ImmutableWeakCaptures -enable-upcoming-feature InferIsolatedConformances -enable-upcoming-feature InternalImportsByDefault -enable-upcoming-feature MemberImportVisibility -plugin-path /Applications/Xcode.app/Contents/Developer/Toolchains/XcodeDefault.xctoolchain/usr/lib/swift/host/plugins/testing -enable-experimental-feature DebugDescriptionMacro -sdk /Applications/Xcode.app/Contents/Developer/Platforms/iPhoneSimulator.platform/Developer/SDKs/iPhoneSimulator26.5.sdk -target arm64-apple-ios16.0-simulator -g -module-cache-path /tmp/slumber-repair-derived/ModuleCache.noindex -Xfrontend -serialize-debugging-options -enable-testing -suppress-warnings -index-store-path /tmp/slumber-repair-derived/Index.noindex/DataStore -Xcc -D_LIBCPP_HARDENING_MODE\=_LIBCPP_HARDENING_MODE_DEBUG -swift-version 5 -I /tmp/slumber-repair-derived/Build/Products/Debug-iphonesimulator -Isystem /Applications/Xcode.app/Contents/Developer/Platforms/iPhoneSimulator.platform/Developer/usr/lib -F /tmp/slumber-repair-derived/Build/Products/Debug-iphonesimulator/PackageFrameworks -F /tmp/slumber-repair-derived/Build/Products/Debug-iphonesimulator/PackageFrameworks -F /tmp/slumber-repair-derived/Build/Products/Debug-iphonesimulator/PackageFrameworks -F /tmp/slumber-repair-derived/Build/Products/Debug-iphonesimulator/PackageFrameworks -F /tmp/slumber-repair-derived/Build/Products/Debug-iphonesimulator/PackageFrameworks -F /tmp/slumber-repair-derived/Build/Products/Debug-iphonesimulator/PackageFrameworks -F /tmp/slumber-repair-derived/Build/Products/Debug-iphonesimulator/PackageFrameworks -F /tmp/slumber-repair-derived/Build/Products/Debug-iphonesimulator -F /Applications/Xcode.app/Contents/Developer/Platforms/iPhoneSimulator.platform/Developer/Library/Frameworks -F /Applications/Xcode.app/Contents/Developer/Platforms/iPhoneSimulator.platform/Developer/SDKs/iPhoneSimulator26.5.sdk/Developer/Library/Frameworks -c -j8 -enable-batch-mode -incremental -Xcc -ivfsstatcache -Xcc /tmp/slumber-repair-derived/SDKStatCaches.noindex/iphonesimulator26.5-23F81a-6cfe768891a92b912361537c460fe42b.sdkstatcache -output-file-map /tmp/slumber-repair-derived/Build/Intermediates.noindex/Supabase.build/Debug-iphonesimulator/Realtime.build/Objects-normal/arm64/Realtime-OutputFileMap.json -use-frontend-parseable-output -save-temps -no-color-diagnostics -explicit-module-build -module-cache-path /tmp/slumber-repair-derived/Build/Intermediates.noindex/SwiftExplicitPrecompiledModules -clang-scanner-module-cache-path /tmp/slumber-repair-derived/ModuleCache.noindex -sdk-module-cache-path /tmp/slumber-repair-derived/ModuleCache.noindex -serialize-diagnostics -emit-dependencies -emit-module -emit-module-path /tmp/slumber-repair-derived/Build/Intermediates.noindex/Supabase.build/Debug-iphonesimulator/Realtime.build/Objects-normal/arm64/Realtime.swiftmodule -user-module-version 2.51.0 -validate-clang-modules-once -clang-build-session-file /tmp/slumber-repair-derived/ModuleCache.noindex/Session.modulevalidation -package-name supabase_swift -Xcc -I/tmp/slumber-repair-derived/Build/Intermediates.noindex/Supabase.build/Debug-iphonesimulator/Realtime.build/swift-overrides.hmap -emit-const-values -Xfrontend -const-gather-protocols-file -Xfrontend /tmp/slumber-repair-derived/Build/Intermediates.noindex/Supabase.build/Debug-iphonesimulator/Realtime.build/Objects-normal/arm64/Realtime_const_extract_protocols.json -Xcc -I/tmp/slumber-repair-derived/Build/Products/Debug-iphonesimulator/include -Xcc -I/tmp/slumber-repair-derived/Build/Intermediates.noindex/Supabase.build/Debug-iphonesimulator/Realtime.build/DerivedSources-normal/arm64 -Xcc -I/tmp/slumber-repair-derived/Build/Intermediates.noindex/Supabase.build/Debug-iphonesimulator/Realtime.build/DerivedSources/arm64 -Xcc -I/tmp/slumber-repair-derived/Build/Intermediates.noindex/Supabase.build/Debug-iphonesimulator/Realtime.build/DerivedSources -Xcc -DSWIFT_PACKAGE -Xcc -DDEBUG\=1 -emit-objc-header -emit-objc-header-path /tmp/slumber-repair-derived/Build/Intermediates.noindex/Supabase.build/Debug-iphonesimulator/Realtime.build/Objects-normal/arm64/Realtime-Swift.h -working-directory /Users/ngawangchime/Desktop/Developer\ Projects/Phone\ in\ the\ Other\ Room/PhoneInTheOtherRoom.xcodeproj -experimental-emit-module-separately -disable-cmo

SwiftDriver Realtime normal x86_64 com.apple.xcode.tools.swift.compiler (in target 'Realtime' from project 'Supabase')
    cd /Users/ngawangchime/Desktop/Developer\ Projects/Phone\ in\ the\ Other\ Room/PhoneInTheOtherRoom.xcodeproj
    builtin-SwiftDriver -- /Applications/Xcode.app/Contents/Developer/Toolchains/XcodeDefault.xctoolchain/usr/bin/swiftc -module-name Realtime -Onone @/tmp/slumber-repair-derived/Build/Intermediates.noindex/Supabase.build/Debug-iphonesimulator/Realtime.build/Objects-normal/x86_64/Realtime.SwiftFileList -DSWIFT_PACKAGE -DDEBUG -DSWIFT_MODULE_RESOURCE_BUNDLE_UNAVAILABLE -DXcode -enable-upcoming-feature ExistentialAny -enable-upcoming-feature ImmutableWeakCaptures -enable-upcoming-feature InferIsolatedConformances -enable-upcoming-feature InternalImportsByDefault -enable-upcoming-feature MemberImportVisibility -plugin-path /Applications/Xcode.app/Contents/Developer/Toolchains/XcodeDefault.xctoolchain/usr/lib/swift/host/plugins/testing -enable-experimental-feature DebugDescriptionMacro -sdk /Applications/Xcode.app/Contents/Developer/Platforms/iPhoneSimulator.platform/Developer/SDKs/iPhoneSimulator26.5.sdk -target x86_64-apple-ios16.0-simulator -g -module-cache-path /tmp/slumber-repair-derived/ModuleCache.noindex -Xfrontend -serialize-debugging-options -enable-testing -suppress-warnings -index-store-path /tmp/slumber-repair-derived/Index.noindex/DataStore -Xcc -D_LIBCPP_HARDENING_MODE\=_LIBCPP_HARDENING_MODE_DEBUG -swift-version 5 -I /tmp/slumber-repair-derived/Build/Products/Debug-iphonesimulator -Isystem /Applications/Xcode.app/Contents/Developer/Platforms/iPhoneSimulator.platform/Developer/usr/lib -F /tmp/slumber-repair-derived/Build/Products/Debug-iphonesimulator/PackageFrameworks -F /tmp/slumber-repair-derived/Build/Products/Debug-iphonesimulator/PackageFrameworks -F /tmp/slumber-repair-derived/Build/Products/Debug-iphonesimulator/PackageFrameworks -F /tmp/slumber-repair-derived/Build/Products/Debug-iphonesimulator/PackageFrameworks -F /tmp/slumber-repair-derived/Build/Products/Debug-iphonesimulator/PackageFrameworks -F /tmp/slumber-repair-derived/Build/Products/Debug-iphonesimulator/PackageFrameworks -F /tmp/slumber-repair-derived/Build/Products/Debug-iphonesimulator/PackageFrameworks -F /tmp/slumber-repair-derived/Build/Products/Debug-iphonesimulator -F /Applications/Xcode.app/Contents/Developer/Platforms/iPhoneSimulator.platform/Developer/Library/Frameworks -F /Applications/Xcode.app/Contents/Developer/Platforms/iPhoneSimulator.platform/Developer/SDKs/iPhoneSimulator26.5.sdk/Developer/Library/Frameworks -c -j8 -enable-batch-mode -incremental -Xcc -ivfsstatcache -Xcc /tmp/slumber-repair-derived/SDKStatCaches.noindex/iphonesimulator26.5-23F81a-6cfe768891a92b912361537c460fe42b.sdkstatcache -output-file-map /tmp/slumber-repair-derived/Build/Intermediates.noindex/Supabase.build/Debug-iphonesimulator/Realtime.build/Objects-normal/x86_64/Realtime-OutputFileMap.json -use-frontend-parseable-output -save-temps -no-color-diagnostics -explicit-module-build -module-cache-path /tmp/slumber-repair-derived/Build/Intermediates.noindex/SwiftExplicitPrecompiledModules -clang-scanner-module-cache-path /tmp/slumber-repair-derived/ModuleCache.noindex -sdk-module-cache-path /tmp/slumber-repair-derived/ModuleCache.noindex -serialize-diagnostics -emit-dependencies -emit-module -emit-module-path /tmp/slumber-repair-derived/Build/Intermediates.noindex/Supabase.build/Debug-iphonesimulator/Realtime.build/Objects-normal/x86_64/Realtime.swiftmodule -user-module-version 2.51.0 -validate-clang-modules-once -clang-build-session-file /tmp/slumber-repair-derived/ModuleCache.noindex/Session.modulevalidation -package-name supabase_swift -Xcc -I/tmp/slumber-repair-derived/Build/Intermediates.noindex/Supabase.build/Debug-iphonesimulator/Realtime.build/swift-overrides.hmap -emit-const-values -Xfrontend -const-gather-protocols-file -Xfrontend /tmp/slumber-repair-derived/Build/Intermediates.noindex/Supabase.build/Debug-iphonesimulator/Realtime.build/Objects-normal/x86_64/Realtime_const_extract_protocols.json -Xcc -I/tmp/slumber-repair-derived/Build/Products/Debug-iphonesimulator/include -Xcc -I/tmp/slumber-repair-derived/Build/Intermediates.noindex/Supabase.build/Debug-iphonesimulator/Realtime.build/DerivedSources-normal/x86_64 -Xcc -I/tmp/slumber-repair-derived/Build/Intermediates.noindex/Supabase.build/Debug-iphonesimulator/Realtime.build/DerivedSources/x86_64 -Xcc -I/tmp/slumber-repair-derived/Build/Intermediates.noindex/Supabase.build/Debug-iphonesimulator/Realtime.build/DerivedSources -Xcc -DSWIFT_PACKAGE -Xcc -DDEBUG\=1 -emit-objc-header -emit-objc-header-path /tmp/slumber-repair-derived/Build/Intermediates.noindex/Supabase.build/Debug-iphonesimulator/Realtime.build/Objects-normal/x86_64/Realtime-Swift.h -working-directory /Users/ngawangchime/Desktop/Developer\ Projects/Phone\ in\ the\ Other\ Room/PhoneInTheOtherRoom.xcodeproj -experimental-emit-module-separately -disable-cmo

RegisterExecutionPolicyException /tmp/slumber-repair-derived/Build/Products/Debug-iphonesimulator/Helpers.o (in target 'Helpers' from project 'Supabase')
    cd /tmp/slumber-repair-derived/SourcePackages/checkouts/supabase-swift
    builtin-RegisterExecutionPolicyException /tmp/slumber-repair-derived/Build/Products/Debug-iphonesimulator/Helpers.o

Ld /tmp/slumber-repair-derived/Build/Intermediates.noindex/Supabase.build/Debug-iphonesimulator/Storage.build/Objects-normal/arm64/Binary/Storage.o normal arm64 (in target 'Storage' from project 'Supabase')
    cd /tmp/slumber-repair-derived/SourcePackages/checkouts/supabase-swift
    /Applications/Xcode.app/Contents/Developer/Toolchains/XcodeDefault.xctoolchain/usr/bin/clang -Xlinker -reproducible -target arm64-apple-ios16.0-simulator -r -isysroot /Applications/Xcode.app/Contents/Developer/Platforms/iPhoneSimulator.platform/Developer/SDKs/iPhoneSimulator26.5.sdk -O0 -w -F/tmp/slumber-repair-derived/Build/Intermediates.noindex/EagerLinkingTBDs/Debug-iphonesimulator -F/tmp/slumber-repair-derived/Build/Products/Debug-iphonesimulator/PackageFrameworks -F/tmp/slumber-repair-derived/Build/Products/Debug-iphonesimulator/PackageFrameworks -F/tmp/slumber-repair-derived/Build/Products/Debug-iphonesimulator/PackageFrameworks -F/tmp/slumber-repair-derived/Build/Products/Debug-iphonesimulator/PackageFrameworks -F/tmp/slumber-repair-derived/Build/Products/Debug-iphonesimulator/PackageFrameworks -F/tmp/slumber-repair-derived/Build/Products/Debug-iphonesimulator/PackageFrameworks -F/tmp/slumber-repair-derived/Build/Products/Debug-iphonesimulator -iframework /Applications/Xcode.app/Contents/Developer/Platforms/iPhoneSimulator.platform/Developer/Library/Frameworks -iframework /Applications/Xcode.app/Contents/Developer/Platforms/iPhoneSimulator.platform/Developer/SDKs/iPhoneSimulator26.5.sdk/Developer/Library/Frameworks -filelist /tmp/slumber-repair-derived/Build/Intermediates.noindex/Supabase.build/Debug-iphonesimulator/Storage.build/Objects-normal/arm64/Storage.LinkFileList -nostdlib -Xlinker -object_path_lto -Xlinker /tmp/slumber-repair-derived/Build/Intermediates.noindex/Supabase.build/Debug-iphonesimulator/Storage.build/Objects-normal/arm64/Storage_lto.o -Xlinker -no_deduplicate -Xlinker -objc_abi_version -Xlinker 2 -Xlinker -dependency_info -Xlinker /tmp/slumber-repair-derived/Build/Intermediates.noindex/Supabase.build/Debug-iphonesimulator/Storage.build/Objects-normal/arm64/Storage_dependency_info.dat -fobjc-link-runtime -L/Applications/Xcode.app/Contents/Developer/Toolchains/XcodeDefault.xctoolchain/usr/lib/swift/iphonesimulator -L/usr/lib/swift -Xlinker -add_ast_path -Xlinker /tmp/slumber-repair-derived/Build/Intermediates.noindex/Supabase.build/Debug-iphonesimulator/Storage.build/Objects-normal/arm64/Storage.swiftmodule @/tmp/slumber-repair-derived/Build/Intermediates.noindex/Supabase.build/Debug-iphonesimulator/Storage.build/Objects-normal/arm64/Storage-linker-args.resp -o /tmp/slumber-repair-derived/Build/Intermediates.noindex/Supabase.build/Debug-iphonesimulator/Storage.build/Objects-normal/arm64/Binary/Storage.o

CreateUniversalBinary /tmp/slumber-repair-derived/Build/Products/Debug-iphonesimulator/Storage.o normal arm64\ x86_64 (in target 'Storage' from project 'Supabase')
    cd /tmp/slumber-repair-derived/SourcePackages/checkouts/supabase-swift
    /Applications/Xcode.app/Contents/Developer/Toolchains/XcodeDefault.xctoolchain/usr/bin/lipo -create /tmp/slumber-repair-derived/Build/Intermediates.noindex/Supabase.build/Debug-iphonesimulator/Storage.build/Objects-normal/arm64/Binary/Storage.o /tmp/slumber-repair-derived/Build/Intermediates.noindex/Supabase.build/Debug-iphonesimulator/Storage.build/Objects-normal/x86_64/Binary/Storage.o -output /tmp/slumber-repair-derived/Build/Products/Debug-iphonesimulator/Storage.o

Ld /tmp/slumber-repair-derived/Build/Intermediates.noindex/Supabase.build/Debug-iphonesimulator/RealtimeV2.build/Objects-normal/arm64/Binary/RealtimeV2.o normal arm64 (in target 'RealtimeV2' from project 'Supabase')
    cd /tmp/slumber-repair-derived/SourcePackages/checkouts/supabase-swift
    /Applications/Xcode.app/Contents/Developer/Toolchains/XcodeDefault.xctoolchain/usr/bin/clang -Xlinker -reproducible -target arm64-apple-ios16.0-simulator -r -isysroot /Applications/Xcode.app/Contents/Developer/Platforms/iPhoneSimulator.platform/Developer/SDKs/iPhoneSimulator26.5.sdk -O0 -w -F/tmp/slumber-repair-derived/Build/Intermediates.noindex/EagerLinkingTBDs/Debug-iphonesimulator -F/tmp/slumber-repair-derived/Build/Products/Debug-iphonesimulator/PackageFrameworks -F/tmp/slumber-repair-derived/Build/Products/Debug-iphonesimulator/PackageFrameworks -F/tmp/slumber-repair-derived/Build/Products/Debug-iphonesimulator/PackageFrameworks -F/tmp/slumber-repair-derived/Build/Products/Debug-iphonesimulator/PackageFrameworks -F/tmp/slumber-repair-derived/Build/Products/Debug-iphonesimulator/PackageFrameworks -F/tmp/slumber-repair-derived/Build/Products/Debug-iphonesimulator/PackageFrameworks -F/tmp/slumber-repair-derived/Build/Products/Debug-iphonesimulator -iframework /Applications/Xcode.app/Contents/Developer/Platforms/iPhoneSimulator.platform/Developer/Library/Frameworks -iframework /Applications/Xcode.app/Contents/Developer/Platforms/iPhoneSimulator.platform/Developer/SDKs/iPhoneSimulator26.5.sdk/Developer/Library/Frameworks -filelist /tmp/slumber-repair-derived/Build/Intermediates.noindex/Supabase.build/Debug-iphonesimulator/RealtimeV2.build/Objects-normal/arm64/RealtimeV2.LinkFileList -nostdlib -Xlinker -object_path_lto -Xlinker /tmp/slumber-repair-derived/Build/Intermediates.noindex/Supabase.build/Debug-iphonesimulator/RealtimeV2.build/Objects-normal/arm64/RealtimeV2_lto.o -Xlinker -no_deduplicate -Xlinker -objc_abi_version -Xlinker 2 -Xlinker -dependency_info -Xlinker /tmp/slumber-repair-derived/Build/Intermediates.noindex/Supabase.build/Debug-iphonesimulator/RealtimeV2.build/Objects-normal/arm64/RealtimeV2_dependency_info.dat -fobjc-link-runtime -L/Applications/Xcode.app/Contents/Developer/Toolchains/XcodeDefault.xctoolchain/usr/lib/swift/iphonesimulator -L/usr/lib/swift -Xlinker -add_ast_path -Xlinker /tmp/slumber-repair-derived/Build/Intermediates.noindex/Supabase.build/Debug-iphonesimulator/RealtimeV2.build/Objects-normal/arm64/RealtimeV2.swiftmodule @/tmp/slumber-repair-derived/Build/Intermediates.noindex/Supabase.build/Debug-iphonesimulator/RealtimeV2.build/Objects-normal/arm64/RealtimeV2-linker-args.resp -o /tmp/slumber-repair-derived/Build/Intermediates.noindex/Supabase.build/Debug-iphonesimulator/RealtimeV2.build/Objects-normal/arm64/Binary/RealtimeV2.o

CreateUniversalBinary /tmp/slumber-repair-derived/Build/Products/Debug-iphonesimulator/RealtimeV2.o normal arm64\ x86_64 (in target 'RealtimeV2' from project 'Supabase')
    cd /tmp/slumber-repair-derived/SourcePackages/checkouts/supabase-swift
    /Applications/Xcode.app/Contents/Developer/Toolchains/XcodeDefault.xctoolchain/usr/bin/lipo -create /tmp/slumber-repair-derived/Build/Intermediates.noindex/Supabase.build/Debug-iphonesimulator/RealtimeV2.build/Objects-normal/arm64/Binary/RealtimeV2.o /tmp/slumber-repair-derived/Build/Intermediates.noindex/Supabase.build/Debug-iphonesimulator/RealtimeV2.build/Objects-normal/x86_64/Binary/RealtimeV2.o -output /tmp/slumber-repair-derived/Build/Products/Debug-iphonesimulator/RealtimeV2.o

Ld /tmp/slumber-repair-derived/Build/Intermediates.noindex/Supabase.build/Debug-iphonesimulator/PostgREST.build/Objects-normal/arm64/Binary/PostgREST.o normal arm64 (in target 'PostgREST' from project 'Supabase')
    cd /tmp/slumber-repair-derived/SourcePackages/checkouts/supabase-swift
    /Applications/Xcode.app/Contents/Developer/Toolchains/XcodeDefault.xctoolchain/usr/bin/clang -Xlinker -reproducible -target arm64-apple-ios16.0-simulator -r -isysroot /Applications/Xcode.app/Contents/Developer/Platforms/iPhoneSimulator.platform/Developer/SDKs/iPhoneSimulator26.5.sdk -O0 -w -F/tmp/slumber-repair-derived/Build/Intermediates.noindex/EagerLinkingTBDs/Debug-iphonesimulator -F/tmp/slumber-repair-derived/Build/Products/Debug-iphonesimulator/PackageFrameworks -F/tmp/slumber-repair-derived/Build/Products/Debug-iphonesimulator/PackageFrameworks -F/tmp/slumber-repair-derived/Build/Products/Debug-iphonesimulator/PackageFrameworks -F/tmp/slumber-repair-derived/Build/Products/Debug-iphonesimulator/PackageFrameworks -F/tmp/slumber-repair-derived/Build/Products/Debug-iphonesimulator/PackageFrameworks -F/tmp/slumber-repair-derived/Build/Products/Debug-iphonesimulator/PackageFrameworks -F/tmp/slumber-repair-derived/Build/Products/Debug-iphonesimulator -iframework /Applications/Xcode.app/Contents/Developer/Platforms/iPhoneSimulator.platform/Developer/Library/Frameworks -iframework /Applications/Xcode.app/Contents/Developer/Platforms/iPhoneSimulator.platform/Developer/SDKs/iPhoneSimulator26.5.sdk/Developer/Library/Frameworks -filelist /tmp/slumber-repair-derived/Build/Intermediates.noindex/Supabase.build/Debug-iphonesimulator/PostgREST.build/Objects-normal/arm64/PostgREST.LinkFileList -nostdlib -Xlinker -object_path_lto -Xlinker /tmp/slumber-repair-derived/Build/Intermediates.noindex/Supabase.build/Debug-iphonesimulator/PostgREST.build/Objects-normal/arm64/PostgREST_lto.o -Xlinker -no_deduplicate -Xlinker -objc_abi_version -Xlinker 2 -Xlinker -dependency_info -Xlinker /tmp/slumber-repair-derived/Build/Intermediates.noindex/Supabase.build/Debug-iphonesimulator/PostgREST.build/Objects-normal/arm64/PostgREST_dependency_info.dat -fobjc-link-runtime -L/Applications/Xcode.app/Contents/Developer/Toolchains/XcodeDefault.xctoolchain/usr/lib/swift/iphonesimulator -L/usr/lib/swift -Xlinker -add_ast_path -Xlinker /tmp/slumber-repair-derived/Build/Intermediates.noindex/Supabase.build/Debug-iphonesimulator/PostgREST.build/Objects-normal/arm64/PostgREST.swiftmodule @/tmp/slumber-repair-derived/Build/Intermediates.noindex/Supabase.build/Debug-iphonesimulator/PostgREST.build/Objects-normal/arm64/PostgREST-linker-args.resp -o /tmp/slumber-repair-derived/Build/Intermediates.noindex/Supabase.build/Debug-iphonesimulator/PostgREST.build/Objects-normal/arm64/Binary/PostgREST.o

CreateUniversalBinary /tmp/slumber-repair-derived/Build/Products/Debug-iphonesimulator/PostgREST.o normal arm64\ x86_64 (in target 'PostgREST' from project 'Supabase')
    cd /tmp/slumber-repair-derived/SourcePackages/checkouts/supabase-swift
    /Applications/Xcode.app/Contents/Developer/Toolchains/XcodeDefault.xctoolchain/usr/bin/lipo -create /tmp/slumber-repair-derived/Build/Intermediates.noindex/Supabase.build/Debug-iphonesimulator/PostgREST.build/Objects-normal/arm64/Binary/PostgREST.o /tmp/slumber-repair-derived/Build/Intermediates.noindex/Supabase.build/Debug-iphonesimulator/PostgREST.build/Objects-normal/x86_64/Binary/PostgREST.o -output /tmp/slumber-repair-derived/Build/Products/Debug-iphonesimulator/PostgREST.o

Ld /tmp/slumber-repair-derived/Build/Intermediates.noindex/Supabase.build/Debug-iphonesimulator/Functions.build/Objects-normal/arm64/Binary/Functions.o normal arm64 (in target 'Functions' from project 'Supabase')
    cd /tmp/slumber-repair-derived/SourcePackages/checkouts/supabase-swift
    /Applications/Xcode.app/Contents/Developer/Toolchains/XcodeDefault.xctoolchain/usr/bin/clang -Xlinker -reproducible -target arm64-apple-ios16.0-simulator -r -isysroot /Applications/Xcode.app/Contents/Developer/Platforms/iPhoneSimulator.platform/Developer/SDKs/iPhoneSimulator26.5.sdk -O0 -w -F/tmp/slumber-repair-derived/Build/Intermediates.noindex/EagerLinkingTBDs/Debug-iphonesimulator -F/tmp/slumber-repair-derived/Build/Products/Debug-iphonesimulator/PackageFrameworks -F/tmp/slumber-repair-derived/Build/Products/Debug-iphonesimulator/PackageFrameworks -F/tmp/slumber-repair-derived/Build/Products/Debug-iphonesimulator/PackageFrameworks -F/tmp/slumber-repair-derived/Build/Products/Debug-iphonesimulator/PackageFrameworks -F/tmp/slumber-repair-derived/Build/Products/Debug-iphonesimulator/PackageFrameworks -F/tmp/slumber-repair-derived/Build/Products/Debug-iphonesimulator/PackageFrameworks -F/tmp/slumber-repair-derived/Build/Products/Debug-iphonesimulator -iframework /Applications/Xcode.app/Contents/Developer/Platforms/iPhoneSimulator.platform/Developer/Library/Frameworks -iframework /Applications/Xcode.app/Contents/Developer/Platforms/iPhoneSimulator.platform/Developer/SDKs/iPhoneSimulator26.5.sdk/Developer/Library/Frameworks -filelist /tmp/slumber-repair-derived/Build/Intermediates.noindex/Supabase.build/Debug-iphonesimulator/Functions.build/Objects-normal/arm64/Functions.LinkFileList -nostdlib -Xlinker -object_path_lto -Xlinker /tmp/slumber-repair-derived/Build/Intermediates.noindex/Supabase.build/Debug-iphonesimulator/Functions.build/Objects-normal/arm64/Functions_lto.o -Xlinker -no_deduplicate -Xlinker -objc_abi_version -Xlinker 2 -Xlinker -dependency_info -Xlinker /tmp/slumber-repair-derived/Build/Intermediates.noindex/Supabase.build/Debug-iphonesimulator/Functions.build/Objects-normal/arm64/Functions_dependency_info.dat -fobjc-link-runtime -L/Applications/Xcode.app/Contents/Developer/Toolchains/XcodeDefault.xctoolchain/usr/lib/swift/iphonesimulator -L/usr/lib/swift -Xlinker -add_ast_path -Xlinker /tmp/slumber-repair-derived/Build/Intermediates.noindex/Supabase.build/Debug-iphonesimulator/Functions.build/Objects-normal/arm64/Functions.swiftmodule @/tmp/slumber-repair-derived/Build/Intermediates.noindex/Supabase.build/Debug-iphonesimulator/Functions.build/Objects-normal/arm64/Functions-linker-args.resp -o /tmp/slumber-repair-derived/Build/Intermediates.noindex/Supabase.build/Debug-iphonesimulator/Functions.build/Objects-normal/arm64/Binary/Functions.o

ExtractAppIntentsMetadata (in target 'Storage' from project 'Supabase')
    cd /tmp/slumber-repair-derived/SourcePackages/checkouts/supabase-swift
    /Applications/Xcode.app/Contents/Developer/Toolchains/XcodeDefault.xctoolchain/usr/bin/appintentsmetadataprocessor --toolchain-dir /Applications/Xcode.app/Contents/Developer/Toolchains/XcodeDefault.xctoolchain --module-name Storage --sdk-root /Applications/Xcode.app/Contents/Developer/Platforms/iPhoneSimulator.platform/Developer/SDKs/iPhoneSimulator26.5.sdk --xcode-version 17F113 --platform-family iOS --deployment-target 16.0 --bundle-identifier supabase-swift.Storage --output /tmp/slumber-repair-derived/Build/Products/Debug-iphonesimulator/Storage.appintents --target-triple arm64-apple-ios16.0-simulator --target-triple x86_64-apple-ios16.0-simulator --binary-file /tmp/slumber-repair-derived/Build/Products/Debug-iphonesimulator/Storage.o --dependency-file /tmp/slumber-repair-derived/Build/Intermediates.noindex/Supabase.build/Debug-iphonesimulator/Storage.build/Objects-normal/arm64/Storage_dependency_info.dat --dependency-file /tmp/slumber-repair-derived/Build/Intermediates.noindex/Supabase.build/Debug-iphonesimulator/Storage.build/Objects-normal/x86_64/Storage_dependency_info.dat --stringsdata-file /tmp/slumber-repair-derived/Build/Intermediates.noindex/Supabase.build/Debug-iphonesimulator/Storage.build/Objects-normal/arm64/ExtractedAppShortcutsMetadata.stringsdata --stringsdata-file /tmp/slumber-repair-derived/Build/Intermediates.noindex/Supabase.build/Debug-iphonesimulator/Storage.build/Objects-normal/x86_64/ExtractedAppShortcutsMetadata.stringsdata --source-file-list /tmp/slumber-repair-derived/Build/Intermediates.noindex/Supabase.build/Debug-iphonesimulator/Storage.build/Objects-normal/arm64/Storage.SwiftFileList --source-file-list /tmp/slumber-repair-derived/Build/Intermediates.noindex/Supabase.build/Debug-iphonesimulator/Storage.build/Objects-normal/x86_64/Storage.SwiftFileList --metadata-file-list /tmp/slumber-repair-derived/Build/Intermediates.noindex/Supabase.build/Debug-iphonesimulator/Storage.build/Storage.DependencyMetadataFileList --static-metadata-file-list /tmp/slumber-repair-derived/Build/Intermediates.noindex/Supabase.build/Debug-iphonesimulator/Storage.build/Storage.DependencyStaticMetadataFileList --swift-const-vals-list /tmp/slumber-repair-derived/Build/Intermediates.noindex/Supabase.build/Debug-iphonesimulator/Storage.build/Objects-normal/arm64/Storage.SwiftConstValuesFileList --swift-const-vals-list /tmp/slumber-repair-derived/Build/Intermediates.noindex/Supabase.build/Debug-iphonesimulator/Storage.build/Objects-normal/x86_64/Storage.SwiftConstValuesFileList --force --compile-time-extraction --deployment-aware-processing --validate-assistant-intents --no-app-shortcuts-localization
2026-09-21 22:33:20.600 appintentsmetadataprocessor[83125:8803488] Starting appintentsmetadataprocessor export
2026-09-21 22:33:20.718 appintentsmetadataprocessor[83125:8803488] Extracted no relevant App Intents symbols, skipping writing output

CreateUniversalBinary /tmp/slumber-repair-derived/Build/Products/Debug-iphonesimulator/Functions.o normal arm64\ x86_64 (in target 'Functions' from project 'Supabase')
    cd /tmp/slumber-repair-derived/SourcePackages/checkouts/supabase-swift
    /Applications/Xcode.app/Contents/Developer/Toolchains/XcodeDefault.xctoolchain/usr/bin/lipo -create /tmp/slumber-repair-derived/Build/Intermediates.noindex/Supabase.build/Debug-iphonesimulator/Functions.build/Objects-normal/arm64/Binary/Functions.o /tmp/slumber-repair-derived/Build/Intermediates.noindex/Supabase.build/Debug-iphonesimulator/Functions.build/Objects-normal/x86_64/Binary/Functions.o -output /tmp/slumber-repair-derived/Build/Products/Debug-iphonesimulator/Functions.o

RegisterExecutionPolicyException /tmp/slumber-repair-derived/Build/Products/Debug-iphonesimulator/Storage.o (in target 'Storage' from project 'Supabase')
    cd /tmp/slumber-repair-derived/SourcePackages/checkouts/supabase-swift
    builtin-RegisterExecutionPolicyException /tmp/slumber-repair-derived/Build/Products/Debug-iphonesimulator/Storage.o

ExtractAppIntentsMetadata (in target 'RealtimeV2' from project 'Supabase')
    cd /tmp/slumber-repair-derived/SourcePackages/checkouts/supabase-swift
    /Applications/Xcode.app/Contents/Developer/Toolchains/XcodeDefault.xctoolchain/usr/bin/appintentsmetadataprocessor --toolchain-dir /Applications/Xcode.app/Contents/Developer/Toolchains/XcodeDefault.xctoolchain --module-name RealtimeV2 --sdk-root /Applications/Xcode.app/Contents/Developer/Platforms/iPhoneSimulator.platform/Developer/SDKs/iPhoneSimulator26.5.sdk --xcode-version 17F113 --platform-family iOS --deployment-target 16.0 --bundle-identifier supabase-swift.RealtimeV2 --output /tmp/slumber-repair-derived/Build/Products/Debug-iphonesimulator/RealtimeV2.appintents --target-triple arm64-apple-ios16.0-simulator --target-triple x86_64-apple-ios16.0-simulator --binary-file /tmp/slumber-repair-derived/Build/Products/Debug-iphonesimulator/RealtimeV2.o --dependency-file /tmp/slumber-repair-derived/Build/Intermediates.noindex/Supabase.build/Debug-iphonesimulator/RealtimeV2.build/Objects-normal/arm64/RealtimeV2_dependency_info.dat --dependency-file /tmp/slumber-repair-derived/Build/Intermediates.noindex/Supabase.build/Debug-iphonesimulator/RealtimeV2.build/Objects-normal/x86_64/RealtimeV2_dependency_info.dat --stringsdata-file /tmp/slumber-repair-derived/Build/Intermediates.noindex/Supabase.build/Debug-iphonesimulator/RealtimeV2.build/Objects-normal/arm64/ExtractedAppShortcutsMetadata.stringsdata --stringsdata-file /tmp/slumber-repair-derived/Build/Intermediates.noindex/Supabase.build/Debug-iphonesimulator/RealtimeV2.build/Objects-normal/x86_64/ExtractedAppShortcutsMetadata.stringsdata --source-file-list /tmp/slumber-repair-derived/Build/Intermediates.noindex/Supabase.build/Debug-iphonesimulator/RealtimeV2.build/Objects-normal/arm64/RealtimeV2.SwiftFileList --source-file-list /tmp/slumber-repair-derived/Build/Intermediates.noindex/Supabase.build/Debug-iphonesimulator/RealtimeV2.build/Objects-normal/x86_64/RealtimeV2.SwiftFileList --metadata-file-list /tmp/slumber-repair-derived/Build/Intermediates.noindex/Supabase.build/Debug-iphonesimulator/RealtimeV2.build/RealtimeV2.DependencyMetadataFileList --static-metadata-file-list /tmp/slumber-repair-derived/Build/Intermediates.noindex/Supabase.build/Debug-iphonesimulator/RealtimeV2.build/RealtimeV2.DependencyStaticMetadataFileList --swift-const-vals-list /tmp/slumber-repair-derived/Build/Intermediates.noindex/Supabase.build/Debug-iphonesimulator/RealtimeV2.build/Objects-normal/arm64/RealtimeV2.SwiftConstValuesFileList --swift-const-vals-list /tmp/slumber-repair-derived/Build/Intermediates.noindex/Supabase.build/Debug-iphonesimulator/RealtimeV2.build/Objects-normal/x86_64/RealtimeV2.SwiftConstValuesFileList --force --compile-time-extraction --deployment-aware-processing --validate-assistant-intents --no-app-shortcuts-localization
2026-09-21 22:33:20.882 appintentsmetadataprocessor[83127:8803507] Starting appintentsmetadataprocessor export
2026-09-21 22:33:20.938 appintentsmetadataprocessor[83127:8803507] Extracted no relevant App Intents symbols, skipping writing output

ExtractAppIntentsMetadata (in target 'PostgREST' from project 'Supabase')
    cd /tmp/slumber-repair-derived/SourcePackages/checkouts/supabase-swift
    /Applications/Xcode.app/Contents/Developer/Toolchains/XcodeDefault.xctoolchain/usr/bin/appintentsmetadataprocessor --toolchain-dir /Applications/Xcode.app/Contents/Developer/Toolchains/XcodeDefault.xctoolchain --module-name PostgREST --sdk-root /Applications/Xcode.app/Contents/Developer/Platforms/iPhoneSimulator.platform/Developer/SDKs/iPhoneSimulator26.5.sdk --xcode-version 17F113 --platform-family iOS --deployment-target 16.0 --bundle-identifier supabase-swift.PostgREST --output /tmp/slumber-repair-derived/Build/Products/Debug-iphonesimulator/PostgREST.appintents --target-triple arm64-apple-ios16.0-simulator --target-triple x86_64-apple-ios16.0-simulator --binary-file /tmp/slumber-repair-derived/Build/Products/Debug-iphonesimulator/PostgREST.o --dependency-file /tmp/slumber-repair-derived/Build/Intermediates.noindex/Supabase.build/Debug-iphonesimulator/PostgREST.build/Objects-normal/arm64/PostgREST_dependency_info.dat --dependency-file /tmp/slumber-repair-derived/Build/Intermediates.noindex/Supabase.build/Debug-iphonesimulator/PostgREST.build/Objects-normal/x86_64/PostgREST_dependency_info.dat --stringsdata-file /tmp/slumber-repair-derived/Build/Intermediates.noindex/Supabase.build/Debug-iphonesimulator/PostgREST.build/Objects-normal/arm64/ExtractedAppShortcutsMetadata.stringsdata --stringsdata-file /tmp/slumber-repair-derived/Build/Intermediates.noindex/Supabase.build/Debug-iphonesimulator/PostgREST.build/Objects-normal/x86_64/ExtractedAppShortcutsMetadata.stringsdata --source-file-list /tmp/slumber-repair-derived/Build/Intermediates.noindex/Supabase.build/Debug-iphonesimulator/PostgREST.build/Objects-normal/arm64/PostgREST.SwiftFileList --source-file-list /tmp/slumber-repair-derived/Build/Intermediates.noindex/Supabase.build/Debug-iphonesimulator/PostgREST.build/Objects-normal/x86_64/PostgREST.SwiftFileList --metadata-file-list /tmp/slumber-repair-derived/Build/Intermediates.noindex/Supabase.build/Debug-iphonesimulator/PostgREST.build/PostgREST.DependencyMetadataFileList --static-metadata-file-list /tmp/slumber-repair-derived/Build/Intermediates.noindex/Supabase.build/Debug-iphonesimulator/PostgREST.build/PostgREST.DependencyStaticMetadataFileList --swift-const-vals-list /tmp/slumber-repair-derived/Build/Intermediates.noindex/Supabase.build/Debug-iphonesimulator/PostgREST.build/Objects-normal/arm64/PostgREST.SwiftConstValuesFileList --swift-const-vals-list /tmp/slumber-repair-derived/Build/Intermediates.noindex/Supabase.build/Debug-iphonesimulator/PostgREST.build/Objects-normal/x86_64/PostgREST.SwiftConstValuesFileList --force --compile-time-extraction --deployment-aware-processing --validate-assistant-intents --no-app-shortcuts-localization
2026-09-21 22:33:20.979 appintentsmetadataprocessor[83128:8803512] Starting appintentsmetadataprocessor export
2026-09-21 22:33:21.003 appintentsmetadataprocessor[83128:8803512] Extracted no relevant App Intents symbols, skipping writing output

RegisterExecutionPolicyException /tmp/slumber-repair-derived/Build/Products/Debug-iphonesimulator/RealtimeV2.o (in target 'RealtimeV2' from project 'Supabase')
    cd /tmp/slumber-repair-derived/SourcePackages/checkouts/supabase-swift
    builtin-RegisterExecutionPolicyException /tmp/slumber-repair-derived/Build/Products/Debug-iphonesimulator/RealtimeV2.o

RegisterExecutionPolicyException /tmp/slumber-repair-derived/Build/Products/Debug-iphonesimulator/PostgREST.o (in target 'PostgREST' from project 'Supabase')
    cd /tmp/slumber-repair-derived/SourcePackages/checkouts/supabase-swift
    builtin-RegisterExecutionPolicyException /tmp/slumber-repair-derived/Build/Products/Debug-iphonesimulator/PostgREST.o

ExtractAppIntentsMetadata (in target 'Functions' from project 'Supabase')
    cd /tmp/slumber-repair-derived/SourcePackages/checkouts/supabase-swift
    /Applications/Xcode.app/Contents/Developer/Toolchains/XcodeDefault.xctoolchain/usr/bin/appintentsmetadataprocessor --toolchain-dir /Applications/Xcode.app/Contents/Developer/Toolchains/XcodeDefault.xctoolchain --module-name Functions --sdk-root /Applications/Xcode.app/Contents/Developer/Platforms/iPhoneSimulator.platform/Developer/SDKs/iPhoneSimulator26.5.sdk --xcode-version 17F113 --platform-family iOS --deployment-target 16.0 --bundle-identifier supabase-swift.Functions --output /tmp/slumber-repair-derived/Build/Products/Debug-iphonesimulator/Functions.appintents --target-triple arm64-apple-ios16.0-simulator --target-triple x86_64-apple-ios16.0-simulator --binary-file /tmp/slumber-repair-derived/Build/Products/Debug-iphonesimulator/Functions.o --dependency-file /tmp/slumber-repair-derived/Build/Intermediates.noindex/Supabase.build/Debug-iphonesimulator/Functions.build/Objects-normal/arm64/Functions_dependency_info.dat --dependency-file /tmp/slumber-repair-derived/Build/Intermediates.noindex/Supabase.build/Debug-iphonesimulator/Functions.build/Objects-normal/x86_64/Functions_dependency_info.dat --stringsdata-file /tmp/slumber-repair-derived/Build/Intermediates.noindex/Supabase.build/Debug-iphonesimulator/Functions.build/Objects-normal/arm64/ExtractedAppShortcutsMetadata.stringsdata --stringsdata-file /tmp/slumber-repair-derived/Build/Intermediates.noindex/Supabase.build/Debug-iphonesimulator/Functions.build/Objects-normal/x86_64/ExtractedAppShortcutsMetadata.stringsdata --source-file-list /tmp/slumber-repair-derived/Build/Intermediates.noindex/Supabase.build/Debug-iphonesimulator/Functions.build/Objects-normal/arm64/Functions.SwiftFileList --source-file-list /tmp/slumber-repair-derived/Build/Intermediates.noindex/Supabase.build/Debug-iphonesimulator/Functions.build/Objects-normal/x86_64/Functions.SwiftFileList --metadata-file-list /tmp/slumber-repair-derived/Build/Intermediates.noindex/Supabase.build/Debug-iphonesimulator/Functions.build/Functions.DependencyMetadataFileList --static-metadata-file-list /tmp/slumber-repair-derived/Build/Intermediates.noindex/Supabase.build/Debug-iphonesimulator/Functions.build/Functions.DependencyStaticMetadataFileList --swift-const-vals-list /tmp/slumber-repair-derived/Build/Intermediates.noindex/Supabase.build/Debug-iphonesimulator/Functions.build/Objects-normal/arm64/Functions.SwiftConstValuesFileList --swift-const-vals-list /tmp/slumber-repair-derived/Build/Intermediates.noindex/Supabase.build/Debug-iphonesimulator/Functions.build/Objects-normal/x86_64/Functions.SwiftConstValuesFileList --force --compile-time-extraction --deployment-aware-processing --validate-assistant-intents --no-app-shortcuts-localization
2026-09-21 22:33:21.072 appintentsmetadataprocessor[83129:8803518] Starting appintentsmetadataprocessor export
2026-09-21 22:33:21.090 appintentsmetadataprocessor[83129:8803518] Extracted no relevant App Intents symbols, skipping writing output

RegisterExecutionPolicyException /tmp/slumber-repair-derived/Build/Products/Debug-iphonesimulator/Functions.o (in target 'Functions' from project 'Supabase')
    cd /tmp/slumber-repair-derived/SourcePackages/checkouts/supabase-swift
    builtin-RegisterExecutionPolicyException /tmp/slumber-repair-derived/Build/Products/Debug-iphonesimulator/Functions.o

SwiftDriver\ Compilation\ Requirements Auth normal x86_64 com.apple.xcode.tools.swift.compiler (in target 'Auth' from project 'Supabase')
    cd /Users/ngawangchime/Desktop/Developer\ Projects/Phone\ in\ the\ Other\ Room/PhoneInTheOtherRoom.xcodeproj
    builtin-Swift-Compilation-Requirements -- /Applications/Xcode.app/Contents/Developer/Toolchains/XcodeDefault.xctoolchain/usr/bin/swiftc -module-name Auth -Onone @/tmp/slumber-repair-derived/Build/Intermediates.noindex/Supabase.build/Debug-iphonesimulator/Auth.build/Objects-normal/x86_64/Auth.SwiftFileList -DSWIFT_PACKAGE -DDEBUG -DSWIFT_MODULE_RESOURCE_BUNDLE_UNAVAILABLE -DXcode -enable-upcoming-feature ExistentialAny -enable-upcoming-feature ImmutableWeakCaptures -enable-upcoming-feature InferIsolatedConformances -enable-upcoming-feature InternalImportsByDefault -enable-upcoming-feature MemberImportVisibility -plugin-path /Applications/Xcode.app/Contents/Developer/Toolchains/XcodeDefault.xctoolchain/usr/lib/swift/host/plugins/testing -enable-experimental-feature DebugDescriptionMacro -sdk /Applications/Xcode.app/Contents/Developer/Platforms/iPhoneSimulator.platform/Developer/SDKs/iPhoneSimulator26.5.sdk -target x86_64-apple-ios16.0-simulator -g -module-cache-path /tmp/slumber-repair-derived/ModuleCache.noindex -Xfrontend -serialize-debugging-options -enable-testing -suppress-warnings -index-store-path /tmp/slumber-repair-derived/Index.noindex/DataStore -Xcc -D_LIBCPP_HARDENING_MODE\=_LIBCPP_HARDENING_MODE_DEBUG -swift-version 6 -I /tmp/slumber-repair-derived/Build/Products/Debug-iphonesimulator -Isystem /Applications/Xcode.app/Contents/Developer/Platforms/iPhoneSimulator.platform/Developer/usr/lib -F /tmp/slumber-repair-derived/Build/Products/Debug-iphonesimulator/PackageFrameworks -F /tmp/slumber-repair-derived/Build/Products/Debug-iphonesimulator/PackageFrameworks -F /tmp/slumber-repair-derived/Build/Products/Debug-iphonesimulator/PackageFrameworks -F /tmp/slumber-repair-derived/Build/Products/Debug-iphonesimulator/PackageFrameworks -F /tmp/slumber-repair-derived/Build/Products/Debug-iphonesimulator/PackageFrameworks -F /tmp/slumber-repair-derived/Build/Products/Debug-iphonesimulator/PackageFrameworks -F /tmp/slumber-repair-derived/Build/Products/Debug-iphonesimulator/PackageFrameworks -F /tmp/slumber-repair-derived/Build/Products/Debug-iphonesimulator -F /Applications/Xcode.app/Contents/Developer/Platforms/iPhoneSimulator.platform/Developer/Library/Frameworks -F /Applications/Xcode.app/Contents/Developer/Platforms/iPhoneSimulator.platform/Developer/SDKs/iPhoneSimulator26.5.sdk/Developer/Library/Frameworks -c -j8 -enable-batch-mode -incremental -Xcc -ivfsstatcache -Xcc /tmp/slumber-repair-derived/SDKStatCaches.noindex/iphonesimulator26.5-23F81a-6cfe768891a92b912361537c460fe42b.sdkstatcache -output-file-map /tmp/slumber-repair-derived/Build/Intermediates.noindex/Supabase.build/Debug-iphonesimulator/Auth.build/Objects-normal/x86_64/Auth-OutputFileMap.json -use-frontend-parseable-output -save-temps -no-color-diagnostics -explicit-module-build -module-cache-path /tmp/slumber-repair-derived/Build/Intermediates.noindex/SwiftExplicitPrecompiledModules -clang-scanner-module-cache-path /tmp/slumber-repair-derived/ModuleCache.noindex -sdk-module-cache-path /tmp/slumber-repair-derived/ModuleCache.noindex -serialize-diagnostics -emit-dependencies -emit-module -emit-module-path /tmp/slumber-repair-derived/Build/Intermediates.noindex/Supabase.build/Debug-iphonesimulator/Auth.build/Objects-normal/x86_64/Auth.swiftmodule -user-module-version 2.51.0 -validate-clang-modules-once -clang-build-session-file /tmp/slumber-repair-derived/ModuleCache.noindex/Session.modulevalidation -package-name supabase_swift -Xcc -I/tmp/slumber-repair-derived/Build/Intermediates.noindex/Supabase.build/Debug-iphonesimulator/Auth.build/swift-overrides.hmap -emit-const-values -Xfrontend -const-gather-protocols-file -Xfrontend /tmp/slumber-repair-derived/Build/Intermediates.noindex/Supabase.build/Debug-iphonesimulator/Auth.build/Objects-normal/x86_64/Auth_const_extract_protocols.json -Xcc -I/tmp/slumber-repair-derived/Build/Products/Debug-iphonesimulator/include -Xcc -I/tmp/slumber-repair-derived/Build/Intermediates.noindex/Supabase.build/Debug-iphonesimulator/Auth.build/DerivedSources-normal/x86_64 -Xcc -I/tmp/slumber-repair-derived/Build/Intermediates.noindex/Supabase.build/Debug-iphonesimulator/Auth.build/DerivedSources/x86_64 -Xcc -I/tmp/slumber-repair-derived/Build/Intermediates.noindex/Supabase.build/Debug-iphonesimulator/Auth.build/DerivedSources -Xcc -DSWIFT_PACKAGE -Xcc -DDEBUG\=1 -emit-objc-header -emit-objc-header-path /tmp/slumber-repair-derived/Build/Intermediates.noindex/Supabase.build/Debug-iphonesimulator/Auth.build/Objects-normal/x86_64/Auth-Swift.h -working-directory /Users/ngawangchime/Desktop/Developer\ Projects/Phone\ in\ the\ Other\ Room/PhoneInTheOtherRoom.xcodeproj -experimental-emit-module-separately -disable-cmo

SwiftDriver\ Compilation Auth normal x86_64 com.apple.xcode.tools.swift.compiler (in target 'Auth' from project 'Supabase')
    cd /Users/ngawangchime/Desktop/Developer\ Projects/Phone\ in\ the\ Other\ Room/PhoneInTheOtherRoom.xcodeproj
    builtin-Swift-Compilation -- /Applications/Xcode.app/Contents/Developer/Toolchains/XcodeDefault.xctoolchain/usr/bin/swiftc -module-name Auth -Onone @/tmp/slumber-repair-derived/Build/Intermediates.noindex/Supabase.build/Debug-iphonesimulator/Auth.build/Objects-normal/x86_64/Auth.SwiftFileList -DSWIFT_PACKAGE -DDEBUG -DSWIFT_MODULE_RESOURCE_BUNDLE_UNAVAILABLE -DXcode -enable-upcoming-feature ExistentialAny -enable-upcoming-feature ImmutableWeakCaptures -enable-upcoming-feature InferIsolatedConformances -enable-upcoming-feature InternalImportsByDefault -enable-upcoming-feature MemberImportVisibility -plugin-path /Applications/Xcode.app/Contents/Developer/Toolchains/XcodeDefault.xctoolchain/usr/lib/swift/host/plugins/testing -enable-experimental-feature DebugDescriptionMacro -sdk /Applications/Xcode.app/Contents/Developer/Platforms/iPhoneSimulator.platform/Developer/SDKs/iPhoneSimulator26.5.sdk -target x86_64-apple-ios16.0-simulator -g -module-cache-path /tmp/slumber-repair-derived/ModuleCache.noindex -Xfrontend -serialize-debugging-options -enable-testing -suppress-warnings -index-store-path /tmp/slumber-repair-derived/Index.noindex/DataStore -Xcc -D_LIBCPP_HARDENING_MODE\=_LIBCPP_HARDENING_MODE_DEBUG -swift-version 6 -I /tmp/slumber-repair-derived/Build/Products/Debug-iphonesimulator -Isystem /Applications/Xcode.app/Contents/Developer/Platforms/iPhoneSimulator.platform/Developer/usr/lib -F /tmp/slumber-repair-derived/Build/Products/Debug-iphonesimulator/PackageFrameworks -F /tmp/slumber-repair-derived/Build/Products/Debug-iphonesimulator/PackageFrameworks -F /tmp/slumber-repair-derived/Build/Products/Debug-iphonesimulator/PackageFrameworks -F /tmp/slumber-repair-derived/Build/Products/Debug-iphonesimulator/PackageFrameworks -F /tmp/slumber-repair-derived/Build/Products/Debug-iphonesimulator/PackageFrameworks -F /tmp/slumber-repair-derived/Build/Products/Debug-iphonesimulator/PackageFrameworks -F /tmp/slumber-repair-derived/Build/Products/Debug-iphonesimulator/PackageFrameworks -F /tmp/slumber-repair-derived/Build/Products/Debug-iphonesimulator -F /Applications/Xcode.app/Contents/Developer/Platforms/iPhoneSimulator.platform/Developer/Library/Frameworks -F /Applications/Xcode.app/Contents/Developer/Platforms/iPhoneSimulator.platform/Developer/SDKs/iPhoneSimulator26.5.sdk/Developer/Library/Frameworks -c -j8 -enable-batch-mode -incremental -Xcc -ivfsstatcache -Xcc /tmp/slumber-repair-derived/SDKStatCaches.noindex/iphonesimulator26.5-23F81a-6cfe768891a92b912361537c460fe42b.sdkstatcache -output-file-map /tmp/slumber-repair-derived/Build/Intermediates.noindex/Supabase.build/Debug-iphonesimulator/Auth.build/Objects-normal/x86_64/Auth-OutputFileMap.json -use-frontend-parseable-output -save-temps -no-color-diagnostics -explicit-module-build -module-cache-path /tmp/slumber-repair-derived/Build/Intermediates.noindex/SwiftExplicitPrecompiledModules -clang-scanner-module-cache-path /tmp/slumber-repair-derived/ModuleCache.noindex -sdk-module-cache-path /tmp/slumber-repair-derived/ModuleCache.noindex -serialize-diagnostics -emit-dependencies -emit-module -emit-module-path /tmp/slumber-repair-derived/Build/Intermediates.noindex/Supabase.build/Debug-iphonesimulator/Auth.build/Objects-normal/x86_64/Auth.swiftmodule -user-module-version 2.51.0 -validate-clang-modules-once -clang-build-session-file /tmp/slumber-repair-derived/ModuleCache.noindex/Session.modulevalidation -package-name supabase_swift -Xcc -I/tmp/slumber-repair-derived/Build/Intermediates.noindex/Supabase.build/Debug-iphonesimulator/Auth.build/swift-overrides.hmap -emit-const-values -Xfrontend -const-gather-protocols-file -Xfrontend /tmp/slumber-repair-derived/Build/Intermediates.noindex/Supabase.build/Debug-iphonesimulator/Auth.build/Objects-normal/x86_64/Auth_const_extract_protocols.json -Xcc -I/tmp/slumber-repair-derived/Build/Products/Debug-iphonesimulator/include -Xcc -I/tmp/slumber-repair-derived/Build/Intermediates.noindex/Supabase.build/Debug-iphonesimulator/Auth.build/DerivedSources-normal/x86_64 -Xcc -I/tmp/slumber-repair-derived/Build/Intermediates.noindex/Supabase.build/Debug-iphonesimulator/Auth.build/DerivedSources/x86_64 -Xcc -I/tmp/slumber-repair-derived/Build/Intermediates.noindex/Supabase.build/Debug-iphonesimulator/Auth.build/DerivedSources -Xcc -DSWIFT_PACKAGE -Xcc -DDEBUG\=1 -emit-objc-header -emit-objc-header-path /tmp/slumber-repair-derived/Build/Intermediates.noindex/Supabase.build/Debug-iphonesimulator/Auth.build/Objects-normal/x86_64/Auth-Swift.h -working-directory /Users/ngawangchime/Desktop/Developer\ Projects/Phone\ in\ the\ Other\ Room/PhoneInTheOtherRoom.xcodeproj -experimental-emit-module-separately -disable-cmo

SwiftDriver\ Compilation\ Requirements Auth normal arm64 com.apple.xcode.tools.swift.compiler (in target 'Auth' from project 'Supabase')
    cd /Users/ngawangchime/Desktop/Developer\ Projects/Phone\ in\ the\ Other\ Room/PhoneInTheOtherRoom.xcodeproj
    builtin-Swift-Compilation-Requirements -- /Applications/Xcode.app/Contents/Developer/Toolchains/XcodeDefault.xctoolchain/usr/bin/swiftc -module-name Auth -Onone @/tmp/slumber-repair-derived/Build/Intermediates.noindex/Supabase.build/Debug-iphonesimulator/Auth.build/Objects-normal/arm64/Auth.SwiftFileList -DSWIFT_PACKAGE -DDEBUG -DSWIFT_MODULE_RESOURCE_BUNDLE_UNAVAILABLE -DXcode -enable-upcoming-feature ExistentialAny -enable-upcoming-feature ImmutableWeakCaptures -enable-upcoming-feature InferIsolatedConformances -enable-upcoming-feature InternalImportsByDefault -enable-upcoming-feature MemberImportVisibility -plugin-path /Applications/Xcode.app/Contents/Developer/Toolchains/XcodeDefault.xctoolchain/usr/lib/swift/host/plugins/testing -enable-experimental-feature DebugDescriptionMacro -sdk /Applications/Xcode.app/Contents/Developer/Platforms/iPhoneSimulator.platform/Developer/SDKs/iPhoneSimulator26.5.sdk -target arm64-apple-ios16.0-simulator -g -module-cache-path /tmp/slumber-repair-derived/ModuleCache.noindex -Xfrontend -serialize-debugging-options -enable-testing -suppress-warnings -index-store-path /tmp/slumber-repair-derived/Index.noindex/DataStore -Xcc -D_LIBCPP_HARDENING_MODE\=_LIBCPP_HARDENING_MODE_DEBUG -swift-version 6 -I /tmp/slumber-repair-derived/Build/Products/Debug-iphonesimulator -Isystem /Applications/Xcode.app/Contents/Developer/Platforms/iPhoneSimulator.platform/Developer/usr/lib -F /tmp/slumber-repair-derived/Build/Products/Debug-iphonesimulator/PackageFrameworks -F /tmp/slumber-repair-derived/Build/Products/Debug-iphonesimulator/PackageFrameworks -F /tmp/slumber-repair-derived/Build/Products/Debug-iphonesimulator/PackageFrameworks -F /tmp/slumber-repair-derived/Build/Products/Debug-iphonesimulator/PackageFrameworks -F /tmp/slumber-repair-derived/Build/Products/Debug-iphonesimulator/PackageFrameworks -F /tmp/slumber-repair-derived/Build/Products/Debug-iphonesimulator/PackageFrameworks -F /tmp/slumber-repair-derived/Build/Products/Debug-iphonesimulator/PackageFrameworks -F /tmp/slumber-repair-derived/Build/Products/Debug-iphonesimulator -F /Applications/Xcode.app/Contents/Developer/Platforms/iPhoneSimulator.platform/Developer/Library/Frameworks -F /Applications/Xcode.app/Contents/Developer/Platforms/iPhoneSimulator.platform/Developer/SDKs/iPhoneSimulator26.5.sdk/Developer/Library/Frameworks -c -j8 -enable-batch-mode -incremental -Xcc -ivfsstatcache -Xcc /tmp/slumber-repair-derived/SDKStatCaches.noindex/iphonesimulator26.5-23F81a-6cfe768891a92b912361537c460fe42b.sdkstatcache -output-file-map /tmp/slumber-repair-derived/Build/Intermediates.noindex/Supabase.build/Debug-iphonesimulator/Auth.build/Objects-normal/arm64/Auth-OutputFileMap.json -use-frontend-parseable-output -save-temps -no-color-diagnostics -explicit-module-build -module-cache-path /tmp/slumber-repair-derived/Build/Intermediates.noindex/SwiftExplicitPrecompiledModules -clang-scanner-module-cache-path /tmp/slumber-repair-derived/ModuleCache.noindex -sdk-module-cache-path /tmp/slumber-repair-derived/ModuleCache.noindex -serialize-diagnostics -emit-dependencies -emit-module -emit-module-path /tmp/slumber-repair-derived/Build/Intermediates.noindex/Supabase.build/Debug-iphonesimulator/Auth.build/Objects-normal/arm64/Auth.swiftmodule -user-module-version 2.51.0 -validate-clang-modules-once -clang-build-session-file /tmp/slumber-repair-derived/ModuleCache.noindex/Session.modulevalidation -package-name supabase_swift -Xcc -I/tmp/slumber-repair-derived/Build/Intermediates.noindex/Supabase.build/Debug-iphonesimulator/Auth.build/swift-overrides.hmap -emit-const-values -Xfrontend -const-gather-protocols-file -Xfrontend /tmp/slumber-repair-derived/Build/Intermediates.noindex/Supabase.build/Debug-iphonesimulator/Auth.build/Objects-normal/arm64/Auth_const_extract_protocols.json -Xcc -I/tmp/slumber-repair-derived/Build/Products/Debug-iphonesimulator/include -Xcc -I/tmp/slumber-repair-derived/Build/Intermediates.noindex/Supabase.build/Debug-iphonesimulator/Auth.build/DerivedSources-normal/arm64 -Xcc -I/tmp/slumber-repair-derived/Build/Intermediates.noindex/Supabase.build/Debug-iphonesimulator/Auth.build/DerivedSources/arm64 -Xcc -I/tmp/slumber-repair-derived/Build/Intermediates.noindex/Supabase.build/Debug-iphonesimulator/Auth.build/DerivedSources -Xcc -DSWIFT_PACKAGE -Xcc -DDEBUG\=1 -emit-objc-header -emit-objc-header-path /tmp/slumber-repair-derived/Build/Intermediates.noindex/Supabase.build/Debug-iphonesimulator/Auth.build/Objects-normal/arm64/Auth-Swift.h -working-directory /Users/ngawangchime/Desktop/Developer\ Projects/Phone\ in\ the\ Other\ Room/PhoneInTheOtherRoom.xcodeproj -experimental-emit-module-separately -disable-cmo

SwiftDriver\ Compilation Auth normal arm64 com.apple.xcode.tools.swift.compiler (in target 'Auth' from project 'Supabase')
    cd /Users/ngawangchime/Desktop/Developer\ Projects/Phone\ in\ the\ Other\ Room/PhoneInTheOtherRoom.xcodeproj
    builtin-Swift-Compilation -- /Applications/Xcode.app/Contents/Developer/Toolchains/XcodeDefault.xctoolchain/usr/bin/swiftc -module-name Auth -Onone @/tmp/slumber-repair-derived/Build/Intermediates.noindex/Supabase.build/Debug-iphonesimulator/Auth.build/Objects-normal/arm64/Auth.SwiftFileList -DSWIFT_PACKAGE -DDEBUG -DSWIFT_MODULE_RESOURCE_BUNDLE_UNAVAILABLE -DXcode -enable-upcoming-feature ExistentialAny -enable-upcoming-feature ImmutableWeakCaptures -enable-upcoming-feature InferIsolatedConformances -enable-upcoming-feature InternalImportsByDefault -enable-upcoming-feature MemberImportVisibility -plugin-path /Applications/Xcode.app/Contents/Developer/Toolchains/XcodeDefault.xctoolchain/usr/lib/swift/host/plugins/testing -enable-experimental-feature DebugDescriptionMacro -sdk /Applications/Xcode.app/Contents/Developer/Platforms/iPhoneSimulator.platform/Developer/SDKs/iPhoneSimulator26.5.sdk -target arm64-apple-ios16.0-simulator -g -module-cache-path /tmp/slumber-repair-derived/ModuleCache.noindex -Xfrontend -serialize-debugging-options -enable-testing -suppress-warnings -index-store-path /tmp/slumber-repair-derived/Index.noindex/DataStore -Xcc -D_LIBCPP_HARDENING_MODE\=_LIBCPP_HARDENING_MODE_DEBUG -swift-version 6 -I /tmp/slumber-repair-derived/Build/Products/Debug-iphonesimulator -Isystem /Applications/Xcode.app/Contents/Developer/Platforms/iPhoneSimulator.platform/Developer/usr/lib -F /tmp/slumber-repair-derived/Build/Products/Debug-iphonesimulator/PackageFrameworks -F /tmp/slumber-repair-derived/Build/Products/Debug-iphonesimulator/PackageFrameworks -F /tmp/slumber-repair-derived/Build/Products/Debug-iphonesimulator/PackageFrameworks -F /tmp/slumber-repair-derived/Build/Products/Debug-iphonesimulator/PackageFrameworks -F /tmp/slumber-repair-derived/Build/Products/Debug-iphonesimulator/PackageFrameworks -F /tmp/slumber-repair-derived/Build/Products/Debug-iphonesimulator/PackageFrameworks -F /tmp/slumber-repair-derived/Build/Products/Debug-iphonesimulator/PackageFrameworks -F /tmp/slumber-repair-derived/Build/Products/Debug-iphonesimulator -F /Applications/Xcode.app/Contents/Developer/Platforms/iPhoneSimulator.platform/Developer/Library/Frameworks -F /Applications/Xcode.app/Contents/Developer/Platforms/iPhoneSimulator.platform/Developer/SDKs/iPhoneSimulator26.5.sdk/Developer/Library/Frameworks -c -j8 -enable-batch-mode -incremental -Xcc -ivfsstatcache -Xcc /tmp/slumber-repair-derived/SDKStatCaches.noindex/iphonesimulator26.5-23F81a-6cfe768891a92b912361537c460fe42b.sdkstatcache -output-file-map /tmp/slumber-repair-derived/Build/Intermediates.noindex/Supabase.build/Debug-iphonesimulator/Auth.build/Objects-normal/arm64/Auth-OutputFileMap.json -use-frontend-parseable-output -save-temps -no-color-diagnostics -explicit-module-build -module-cache-path /tmp/slumber-repair-derived/Build/Intermediates.noindex/SwiftExplicitPrecompiledModules -clang-scanner-module-cache-path /tmp/slumber-repair-derived/ModuleCache.noindex -sdk-module-cache-path /tmp/slumber-repair-derived/ModuleCache.noindex -serialize-diagnostics -emit-dependencies -emit-module -emit-module-path /tmp/slumber-repair-derived/Build/Intermediates.noindex/Supabase.build/Debug-iphonesimulator/Auth.build/Objects-normal/arm64/Auth.swiftmodule -user-module-version 2.51.0 -validate-clang-modules-once -clang-build-session-file /tmp/slumber-repair-derived/ModuleCache.noindex/Session.modulevalidation -package-name supabase_swift -Xcc -I/tmp/slumber-repair-derived/Build/Intermediates.noindex/Supabase.build/Debug-iphonesimulator/Auth.build/swift-overrides.hmap -emit-const-values -Xfrontend -const-gather-protocols-file -Xfrontend /tmp/slumber-repair-derived/Build/Intermediates.noindex/Supabase.build/Debug-iphonesimulator/Auth.build/Objects-normal/arm64/Auth_const_extract_protocols.json -Xcc -I/tmp/slumber-repair-derived/Build/Products/Debug-iphonesimulator/include -Xcc -I/tmp/slumber-repair-derived/Build/Intermediates.noindex/Supabase.build/Debug-iphonesimulator/Auth.build/DerivedSources-normal/arm64 -Xcc -I/tmp/slumber-repair-derived/Build/Intermediates.noindex/Supabase.build/Debug-iphonesimulator/Auth.build/DerivedSources/arm64 -Xcc -I/tmp/slumber-repair-derived/Build/Intermediates.noindex/Supabase.build/Debug-iphonesimulator/Auth.build/DerivedSources -Xcc -DSWIFT_PACKAGE -Xcc -DDEBUG\=1 -emit-objc-header -emit-objc-header-path /tmp/slumber-repair-derived/Build/Intermediates.noindex/Supabase.build/Debug-iphonesimulator/Auth.build/Objects-normal/arm64/Auth-Swift.h -working-directory /Users/ngawangchime/Desktop/Developer\ Projects/Phone\ in\ the\ Other\ Room/PhoneInTheOtherRoom.xcodeproj -experimental-emit-module-separately -disable-cmo

SwiftMergeGeneratedHeaders /tmp/slumber-repair-derived/Build/Intermediates.noindex/GeneratedModuleMaps-iphonesimulator/Auth-Swift.h /tmp/slumber-repair-derived/Build/Intermediates.noindex/Supabase.build/Debug-iphonesimulator/Auth.build/Objects-normal/arm64/Auth-Swift.h /tmp/slumber-repair-derived/Build/Intermediates.noindex/Supabase.build/Debug-iphonesimulator/Auth.build/Objects-normal/x86_64/Auth-Swift.h (in target 'Auth' from project 'Supabase')
    cd /tmp/slumber-repair-derived/SourcePackages/checkouts/supabase-swift
    builtin-swiftHeaderTool -arch arm64 /tmp/slumber-repair-derived/Build/Intermediates.noindex/Supabase.build/Debug-iphonesimulator/Auth.build/Objects-normal/arm64/Auth-Swift.h -arch x86_64 /tmp/slumber-repair-derived/Build/Intermediates.noindex/Supabase.build/Debug-iphonesimulator/Auth.build/Objects-normal/x86_64/Auth-Swift.h -o /tmp/slumber-repair-derived/Build/Intermediates.noindex/GeneratedModuleMaps-iphonesimulator/Auth-Swift.h

Copy /tmp/slumber-repair-derived/Build/Products/Debug-iphonesimulator/Auth.swiftmodule/arm64-apple-ios-simulator.swiftmodule /tmp/slumber-repair-derived/Build/Intermediates.noindex/Supabase.build/Debug-iphonesimulator/Auth.build/Objects-normal/arm64/Auth.swiftmodule (in target 'Auth' from project 'Supabase')
    cd /tmp/slumber-repair-derived/SourcePackages/checkouts/supabase-swift
    builtin-copy -exclude .DS_Store -exclude CVS -exclude .svn -exclude .git -exclude .hg -resolve-src-symlinks -rename /tmp/slumber-repair-derived/Build/Intermediates.noindex/Supabase.build/Debug-iphonesimulator/Auth.build/Objects-normal/arm64/Auth.swiftmodule /tmp/slumber-repair-derived/Build/Products/Debug-iphonesimulator/Auth.swiftmodule/arm64-apple-ios-simulator.swiftmodule

Copy /tmp/slumber-repair-derived/Build/Products/Debug-iphonesimulator/Auth.swiftmodule/arm64-apple-ios-simulator.swiftdoc /tmp/slumber-repair-derived/Build/Intermediates.noindex/Supabase.build/Debug-iphonesimulator/Auth.build/Objects-normal/arm64/Auth.swiftdoc (in target 'Auth' from project 'Supabase')
    cd /tmp/slumber-repair-derived/SourcePackages/checkouts/supabase-swift
    builtin-copy -exclude .DS_Store -exclude CVS -exclude .svn -exclude .git -exclude .hg -resolve-src-symlinks -rename /tmp/slumber-repair-derived/Build/Intermediates.noindex/Supabase.build/Debug-iphonesimulator/Auth.build/Objects-normal/arm64/Auth.swiftdoc /tmp/slumber-repair-derived/Build/Products/Debug-iphonesimulator/Auth.swiftmodule/arm64-apple-ios-simulator.swiftdoc

SwiftDriver\ Compilation\ Requirements Realtime normal x86_64 com.apple.xcode.tools.swift.compiler (in target 'Realtime' from project 'Supabase')
    cd /Users/ngawangchime/Desktop/Developer\ Projects/Phone\ in\ the\ Other\ Room/PhoneInTheOtherRoom.xcodeproj
    builtin-Swift-Compilation-Requirements -- /Applications/Xcode.app/Contents/Developer/Toolchains/XcodeDefault.xctoolchain/usr/bin/swiftc -module-name Realtime -Onone @/tmp/slumber-repair-derived/Build/Intermediates.noindex/Supabase.build/Debug-iphonesimulator/Realtime.build/Objects-normal/x86_64/Realtime.SwiftFileList -DSWIFT_PACKAGE -DDEBUG -DSWIFT_MODULE_RESOURCE_BUNDLE_UNAVAILABLE -DXcode -enable-upcoming-feature ExistentialAny -enable-upcoming-feature ImmutableWeakCaptures -enable-upcoming-feature InferIsolatedConformances -enable-upcoming-feature InternalImportsByDefault -enable-upcoming-feature MemberImportVisibility -plugin-path /Applications/Xcode.app/Contents/Developer/Toolchains/XcodeDefault.xctoolchain/usr/lib/swift/host/plugins/testing -enable-experimental-feature DebugDescriptionMacro -sdk /Applications/Xcode.app/Contents/Developer/Platforms/iPhoneSimulator.platform/Developer/SDKs/iPhoneSimulator26.5.sdk -target x86_64-apple-ios16.0-simulator -g -module-cache-path /tmp/slumber-repair-derived/ModuleCache.noindex -Xfrontend -serialize-debugging-options -enable-testing -suppress-warnings -index-store-path /tmp/slumber-repair-derived/Index.noindex/DataStore -Xcc -D_LIBCPP_HARDENING_MODE\=_LIBCPP_HARDENING_MODE_DEBUG -swift-version 5 -I /tmp/slumber-repair-derived/Build/Products/Debug-iphonesimulator -Isystem /Applications/Xcode.app/Contents/Developer/Platforms/iPhoneSimulator.platform/Developer/usr/lib -F /tmp/slumber-repair-derived/Build/Products/Debug-iphonesimulator/PackageFrameworks -F /tmp/slumber-repair-derived/Build/Products/Debug-iphonesimulator/PackageFrameworks -F /tmp/slumber-repair-derived/Build/Products/Debug-iphonesimulator/PackageFrameworks -F /tmp/slumber-repair-derived/Build/Products/Debug-iphonesimulator/PackageFrameworks -F /tmp/slumber-repair-derived/Build/Products/Debug-iphonesimulator/PackageFrameworks -F /tmp/slumber-repair-derived/Build/Products/Debug-iphonesimulator/PackageFrameworks -F /tmp/slumber-repair-derived/Build/Products/Debug-iphonesimulator/PackageFrameworks -F /tmp/slumber-repair-derived/Build/Products/Debug-iphonesimulator -F /Applications/Xcode.app/Contents/Developer/Platforms/iPhoneSimulator.platform/Developer/Library/Frameworks -F /Applications/Xcode.app/Contents/Developer/Platforms/iPhoneSimulator.platform/Developer/SDKs/iPhoneSimulator26.5.sdk/Developer/Library/Frameworks -c -j8 -enable-batch-mode -incremental -Xcc -ivfsstatcache -Xcc /tmp/slumber-repair-derived/SDKStatCaches.noindex/iphonesimulator26.5-23F81a-6cfe768891a92b912361537c460fe42b.sdkstatcache -output-file-map /tmp/slumber-repair-derived/Build/Intermediates.noindex/Supabase.build/Debug-iphonesimulator/Realtime.build/Objects-normal/x86_64/Realtime-OutputFileMap.json -use-frontend-parseable-output -save-temps -no-color-diagnostics -explicit-module-build -module-cache-path /tmp/slumber-repair-derived/Build/Intermediates.noindex/SwiftExplicitPrecompiledModules -clang-scanner-module-cache-path /tmp/slumber-repair-derived/ModuleCache.noindex -sdk-module-cache-path /tmp/slumber-repair-derived/ModuleCache.noindex -serialize-diagnostics -emit-dependencies -emit-module -emit-module-path /tmp/slumber-repair-derived/Build/Intermediates.noindex/Supabase.build/Debug-iphonesimulator/Realtime.build/Objects-normal/x86_64/Realtime.swiftmodule -user-module-version 2.51.0 -validate-clang-modules-once -clang-build-session-file /tmp/slumber-repair-derived/ModuleCache.noindex/Session.modulevalidation -package-name supabase_swift -Xcc -I/tmp/slumber-repair-derived/Build/Intermediates.noindex/Supabase.build/Debug-iphonesimulator/Realtime.build/swift-overrides.hmap -emit-const-values -Xfrontend -const-gather-protocols-file -Xfrontend /tmp/slumber-repair-derived/Build/Intermediates.noindex/Supabase.build/Debug-iphonesimulator/Realtime.build/Objects-normal/x86_64/Realtime_const_extract_protocols.json -Xcc -I/tmp/slumber-repair-derived/Build/Products/Debug-iphonesimulator/include -Xcc -I/tmp/slumber-repair-derived/Build/Intermediates.noindex/Supabase.build/Debug-iphonesimulator/Realtime.build/DerivedSources-normal/x86_64 -Xcc -I/tmp/slumber-repair-derived/Build/Intermediates.noindex/Supabase.build/Debug-iphonesimulator/Realtime.build/DerivedSources/x86_64 -Xcc -I/tmp/slumber-repair-derived/Build/Intermediates.noindex/Supabase.build/Debug-iphonesimulator/Realtime.build/DerivedSources -Xcc -DSWIFT_PACKAGE -Xcc -DDEBUG\=1 -emit-objc-header -emit-objc-header-path /tmp/slumber-repair-derived/Build/Intermediates.noindex/Supabase.build/Debug-iphonesimulator/Realtime.build/Objects-normal/x86_64/Realtime-Swift.h -working-directory /Users/ngawangchime/Desktop/Developer\ Projects/Phone\ in\ the\ Other\ Room/PhoneInTheOtherRoom.xcodeproj -experimental-emit-module-separately -disable-cmo

Copy /tmp/slumber-repair-derived/Build/Products/Debug-iphonesimulator/Auth.swiftmodule/arm64-apple-ios-simulator.abi.json /tmp/slumber-repair-derived/Build/Intermediates.noindex/Supabase.build/Debug-iphonesimulator/Auth.build/Objects-normal/arm64/Auth.abi.json (in target 'Auth' from project 'Supabase')
    cd /tmp/slumber-repair-derived/SourcePackages/checkouts/supabase-swift
    builtin-copy -exclude .DS_Store -exclude CVS -exclude .svn -exclude .git -exclude .hg -resolve-src-symlinks -rename /tmp/slumber-repair-derived/Build/Intermediates.noindex/Supabase.build/Debug-iphonesimulator/Auth.build/Objects-normal/arm64/Auth.abi.json /tmp/slumber-repair-derived/Build/Products/Debug-iphonesimulator/Auth.swiftmodule/arm64-apple-ios-simulator.abi.json

Copy /tmp/slumber-repair-derived/Build/Products/Debug-iphonesimulator/Auth.swiftmodule/Project/arm64-apple-ios-simulator.swiftsourceinfo /tmp/slumber-repair-derived/Build/Intermediates.noindex/Supabase.build/Debug-iphonesimulator/Auth.build/Objects-normal/arm64/Auth.swiftsourceinfo (in target 'Auth' from project 'Supabase')
    cd /tmp/slumber-repair-derived/SourcePackages/checkouts/supabase-swift
    builtin-copy -exclude .DS_Store -exclude CVS -exclude .svn -exclude .git -exclude .hg -resolve-src-symlinks -rename /tmp/slumber-repair-derived/Build/Intermediates.noindex/Supabase.build/Debug-iphonesimulator/Auth.build/Objects-normal/arm64/Auth.swiftsourceinfo /tmp/slumber-repair-derived/Build/Products/Debug-iphonesimulator/Auth.swiftmodule/Project/arm64-apple-ios-simulator.swiftsourceinfo

SwiftDriver\ Compilation Realtime normal x86_64 com.apple.xcode.tools.swift.compiler (in target 'Realtime' from project 'Supabase')
    cd /Users/ngawangchime/Desktop/Developer\ Projects/Phone\ in\ the\ Other\ Room/PhoneInTheOtherRoom.xcodeproj
    builtin-Swift-Compilation -- /Applications/Xcode.app/Contents/Developer/Toolchains/XcodeDefault.xctoolchain/usr/bin/swiftc -module-name Realtime -Onone @/tmp/slumber-repair-derived/Build/Intermediates.noindex/Supabase.build/Debug-iphonesimulator/Realtime.build/Objects-normal/x86_64/Realtime.SwiftFileList -DSWIFT_PACKAGE -DDEBUG -DSWIFT_MODULE_RESOURCE_BUNDLE_UNAVAILABLE -DXcode -enable-upcoming-feature ExistentialAny -enable-upcoming-feature ImmutableWeakCaptures -enable-upcoming-feature InferIsolatedConformances -enable-upcoming-feature InternalImportsByDefault -enable-upcoming-feature MemberImportVisibility -plugin-path /Applications/Xcode.app/Contents/Developer/Toolchains/XcodeDefault.xctoolchain/usr/lib/swift/host/plugins/testing -enable-experimental-feature DebugDescriptionMacro -sdk /Applications/Xcode.app/Contents/Developer/Platforms/iPhoneSimulator.platform/Developer/SDKs/iPhoneSimulator26.5.sdk -target x86_64-apple-ios16.0-simulator -g -module-cache-path /tmp/slumber-repair-derived/ModuleCache.noindex -Xfrontend -serialize-debugging-options -enable-testing -suppress-warnings -index-store-path /tmp/slumber-repair-derived/Index.noindex/DataStore -Xcc -D_LIBCPP_HARDENING_MODE\=_LIBCPP_HARDENING_MODE_DEBUG -swift-version 5 -I /tmp/slumber-repair-derived/Build/Products/Debug-iphonesimulator -Isystem /Applications/Xcode.app/Contents/Developer/Platforms/iPhoneSimulator.platform/Developer/usr/lib -F /tmp/slumber-repair-derived/Build/Products/Debug-iphonesimulator/PackageFrameworks -F /tmp/slumber-repair-derived/Build/Products/Debug-iphonesimulator/PackageFrameworks -F /tmp/slumber-repair-derived/Build/Products/Debug-iphonesimulator/PackageFrameworks -F /tmp/slumber-repair-derived/Build/Products/Debug-iphonesimulator/PackageFrameworks -F /tmp/slumber-repair-derived/Build/Products/Debug-iphonesimulator/PackageFrameworks -F /tmp/slumber-repair-derived/Build/Products/Debug-iphonesimulator/PackageFrameworks -F /tmp/slumber-repair-derived/Build/Products/Debug-iphonesimulator/PackageFrameworks -F /tmp/slumber-repair-derived/Build/Products/Debug-iphonesimulator -F /Applications/Xcode.app/Contents/Developer/Platforms/iPhoneSimulator.platform/Developer/Library/Frameworks -F /Applications/Xcode.app/Contents/Developer/Platforms/iPhoneSimulator.platform/Developer/SDKs/iPhoneSimulator26.5.sdk/Developer/Library/Frameworks -c -j8 -enable-batch-mode -incremental -Xcc -ivfsstatcache -Xcc /tmp/slumber-repair-derived/SDKStatCaches.noindex/iphonesimulator26.5-23F81a-6cfe768891a92b912361537c460fe42b.sdkstatcache -output-file-map /tmp/slumber-repair-derived/Build/Intermediates.noindex/Supabase.build/Debug-iphonesimulator/Realtime.build/Objects-normal/x86_64/Realtime-OutputFileMap.json -use-frontend-parseable-output -save-temps -no-color-diagnostics -explicit-module-build -module-cache-path /tmp/slumber-repair-derived/Build/Intermediates.noindex/SwiftExplicitPrecompiledModules -clang-scanner-module-cache-path /tmp/slumber-repair-derived/ModuleCache.noindex -sdk-module-cache-path /tmp/slumber-repair-derived/ModuleCache.noindex -serialize-diagnostics -emit-dependencies -emit-module -emit-module-path /tmp/slumber-repair-derived/Build/Intermediates.noindex/Supabase.build/Debug-iphonesimulator/Realtime.build/Objects-normal/x86_64/Realtime.swiftmodule -user-module-version 2.51.0 -validate-clang-modules-once -clang-build-session-file /tmp/slumber-repair-derived/ModuleCache.noindex/Session.modulevalidation -package-name supabase_swift -Xcc -I/tmp/slumber-repair-derived/Build/Intermediates.noindex/Supabase.build/Debug-iphonesimulator/Realtime.build/swift-overrides.hmap -emit-const-values -Xfrontend -const-gather-protocols-file -Xfrontend /tmp/slumber-repair-derived/Build/Intermediates.noindex/Supabase.build/Debug-iphonesimulator/Realtime.build/Objects-normal/x86_64/Realtime_const_extract_protocols.json -Xcc -I/tmp/slumber-repair-derived/Build/Products/Debug-iphonesimulator/include -Xcc -I/tmp/slumber-repair-derived/Build/Intermediates.noindex/Supabase.build/Debug-iphonesimulator/Realtime.build/DerivedSources-normal/x86_64 -Xcc -I/tmp/slumber-repair-derived/Build/Intermediates.noindex/Supabase.build/Debug-iphonesimulator/Realtime.build/DerivedSources/x86_64 -Xcc -I/tmp/slumber-repair-derived/Build/Intermediates.noindex/Supabase.build/Debug-iphonesimulator/Realtime.build/DerivedSources -Xcc -DSWIFT_PACKAGE -Xcc -DDEBUG\=1 -emit-objc-header -emit-objc-header-path /tmp/slumber-repair-derived/Build/Intermediates.noindex/Supabase.build/Debug-iphonesimulator/Realtime.build/Objects-normal/x86_64/Realtime-Swift.h -working-directory /Users/ngawangchime/Desktop/Developer\ Projects/Phone\ in\ the\ Other\ Room/PhoneInTheOtherRoom.xcodeproj -experimental-emit-module-separately -disable-cmo

Ld /tmp/slumber-repair-derived/Build/Intermediates.noindex/Supabase.build/Debug-iphonesimulator/Auth.build/Objects-normal/arm64/Binary/Auth.o normal arm64 (in target 'Auth' from project 'Supabase')
    cd /tmp/slumber-repair-derived/SourcePackages/checkouts/supabase-swift
    /Applications/Xcode.app/Contents/Developer/Toolchains/XcodeDefault.xctoolchain/usr/bin/clang -Xlinker -reproducible -target arm64-apple-ios16.0-simulator -r -isysroot /Applications/Xcode.app/Contents/Developer/Platforms/iPhoneSimulator.platform/Developer/SDKs/iPhoneSimulator26.5.sdk -O0 -w -F/tmp/slumber-repair-derived/Build/Intermediates.noindex/EagerLinkingTBDs/Debug-iphonesimulator -F/tmp/slumber-repair-derived/Build/Products/Debug-iphonesimulator/PackageFrameworks -F/tmp/slumber-repair-derived/Build/Products/Debug-iphonesimulator/PackageFrameworks -F/tmp/slumber-repair-derived/Build/Products/Debug-iphonesimulator/PackageFrameworks -F/tmp/slumber-repair-derived/Build/Products/Debug-iphonesimulator/PackageFrameworks -F/tmp/slumber-repair-derived/Build/Products/Debug-iphonesimulator/PackageFrameworks -F/tmp/slumber-repair-derived/Build/Products/Debug-iphonesimulator/PackageFrameworks -F/tmp/slumber-repair-derived/Build/Products/Debug-iphonesimulator/PackageFrameworks -F/tmp/slumber-repair-derived/Build/Products/Debug-iphonesimulator -iframework /Applications/Xcode.app/Contents/Developer/Platforms/iPhoneSimulator.platform/Developer/Library/Frameworks -iframework /Applications/Xcode.app/Contents/Developer/Platforms/iPhoneSimulator.platform/Developer/SDKs/iPhoneSimulator26.5.sdk/Developer/Library/Frameworks -filelist /tmp/slumber-repair-derived/Build/Intermediates.noindex/Supabase.build/Debug-iphonesimulator/Auth.build/Objects-normal/arm64/Auth.LinkFileList -nostdlib -Xlinker -object_path_lto -Xlinker /tmp/slumber-repair-derived/Build/Intermediates.noindex/Supabase.build/Debug-iphonesimulator/Auth.build/Objects-normal/arm64/Auth_lto.o -Xlinker -no_deduplicate -Xlinker -objc_abi_version -Xlinker 2 -Xlinker -dependency_info -Xlinker /tmp/slumber-repair-derived/Build/Intermediates.noindex/Supabase.build/Debug-iphonesimulator/Auth.build/Objects-normal/arm64/Auth_dependency_info.dat -fobjc-link-runtime -L/Applications/Xcode.app/Contents/Developer/Toolchains/XcodeDefault.xctoolchain/usr/lib/swift/iphonesimulator -L/usr/lib/swift -Xlinker -add_ast_path -Xlinker /tmp/slumber-repair-derived/Build/Intermediates.noindex/Supabase.build/Debug-iphonesimulator/Auth.build/Objects-normal/arm64/Auth.swiftmodule @/tmp/slumber-repair-derived/Build/Intermediates.noindex/Supabase.build/Debug-iphonesimulator/Auth.build/Objects-normal/arm64/Auth-linker-args.resp -o /tmp/slumber-repair-derived/Build/Intermediates.noindex/Supabase.build/Debug-iphonesimulator/Auth.build/Objects-normal/arm64/Binary/Auth.o

SwiftDriver\ Compilation Realtime normal arm64 com.apple.xcode.tools.swift.compiler (in target 'Realtime' from project 'Supabase')
    cd /Users/ngawangchime/Desktop/Developer\ Projects/Phone\ in\ the\ Other\ Room/PhoneInTheOtherRoom.xcodeproj
    builtin-Swift-Compilation -- /Applications/Xcode.app/Contents/Developer/Toolchains/XcodeDefault.xctoolchain/usr/bin/swiftc -module-name Realtime -Onone @/tmp/slumber-repair-derived/Build/Intermediates.noindex/Supabase.build/Debug-iphonesimulator/Realtime.build/Objects-normal/arm64/Realtime.SwiftFileList -DSWIFT_PACKAGE -DDEBUG -DSWIFT_MODULE_RESOURCE_BUNDLE_UNAVAILABLE -DXcode -enable-upcoming-feature ExistentialAny -enable-upcoming-feature ImmutableWeakCaptures -enable-upcoming-feature InferIsolatedConformances -enable-upcoming-feature InternalImportsByDefault -enable-upcoming-feature MemberImportVisibility -plugin-path /Applications/Xcode.app/Contents/Developer/Toolchains/XcodeDefault.xctoolchain/usr/lib/swift/host/plugins/testing -enable-experimental-feature DebugDescriptionMacro -sdk /Applications/Xcode.app/Contents/Developer/Platforms/iPhoneSimulator.platform/Developer/SDKs/iPhoneSimulator26.5.sdk -target arm64-apple-ios16.0-simulator -g -module-cache-path /tmp/slumber-repair-derived/ModuleCache.noindex -Xfrontend -serialize-debugging-options -enable-testing -suppress-warnings -index-store-path /tmp/slumber-repair-derived/Index.noindex/DataStore -Xcc -D_LIBCPP_HARDENING_MODE\=_LIBCPP_HARDENING_MODE_DEBUG -swift-version 5 -I /tmp/slumber-repair-derived/Build/Products/Debug-iphonesimulator -Isystem /Applications/Xcode.app/Contents/Developer/Platforms/iPhoneSimulator.platform/Developer/usr/lib -F /tmp/slumber-repair-derived/Build/Products/Debug-iphonesimulator/PackageFrameworks -F /tmp/slumber-repair-derived/Build/Products/Debug-iphonesimulator/PackageFrameworks -F /tmp/slumber-repair-derived/Build/Products/Debug-iphonesimulator/PackageFrameworks -F /tmp/slumber-repair-derived/Build/Products/Debug-iphonesimulator/PackageFrameworks -F /tmp/slumber-repair-derived/Build/Products/Debug-iphonesimulator/PackageFrameworks -F /tmp/slumber-repair-derived/Build/Products/Debug-iphonesimulator/PackageFrameworks -F /tmp/slumber-repair-derived/Build/Products/Debug-iphonesimulator/PackageFrameworks -F /tmp/slumber-repair-derived/Build/Products/Debug-iphonesimulator -F /Applications/Xcode.app/Contents/Developer/Platforms/iPhoneSimulator.platform/Developer/Library/Frameworks -F /Applications/Xcode.app/Contents/Developer/Platforms/iPhoneSimulator.platform/Developer/SDKs/iPhoneSimulator26.5.sdk/Developer/Library/Frameworks -c -j8 -enable-batch-mode -incremental -Xcc -ivfsstatcache -Xcc /tmp/slumber-repair-derived/SDKStatCaches.noindex/iphonesimulator26.5-23F81a-6cfe768891a92b912361537c460fe42b.sdkstatcache -output-file-map /tmp/slumber-repair-derived/Build/Intermediates.noindex/Supabase.build/Debug-iphonesimulator/Realtime.build/Objects-normal/arm64/Realtime-OutputFileMap.json -use-frontend-parseable-output -save-temps -no-color-diagnostics -explicit-module-build -module-cache-path /tmp/slumber-repair-derived/Build/Intermediates.noindex/SwiftExplicitPrecompiledModules -clang-scanner-module-cache-path /tmp/slumber-repair-derived/ModuleCache.noindex -sdk-module-cache-path /tmp/slumber-repair-derived/ModuleCache.noindex -serialize-diagnostics -emit-dependencies -emit-module -emit-module-path /tmp/slumber-repair-derived/Build/Intermediates.noindex/Supabase.build/Debug-iphonesimulator/Realtime.build/Objects-normal/arm64/Realtime.swiftmodule -user-module-version 2.51.0 -validate-clang-modules-once -clang-build-session-file /tmp/slumber-repair-derived/ModuleCache.noindex/Session.modulevalidation -package-name supabase_swift -Xcc -I/tmp/slumber-repair-derived/Build/Intermediates.noindex/Supabase.build/Debug-iphonesimulator/Realtime.build/swift-overrides.hmap -emit-const-values -Xfrontend -const-gather-protocols-file -Xfrontend /tmp/slumber-repair-derived/Build/Intermediates.noindex/Supabase.build/Debug-iphonesimulator/Realtime.build/Objects-normal/arm64/Realtime_const_extract_protocols.json -Xcc -I/tmp/slumber-repair-derived/Build/Products/Debug-iphonesimulator/include -Xcc -I/tmp/slumber-repair-derived/Build/Intermediates.noindex/Supabase.build/Debug-iphonesimulator/Realtime.build/DerivedSources-normal/arm64 -Xcc -I/tmp/slumber-repair-derived/Build/Intermediates.noindex/Supabase.build/Debug-iphonesimulator/Realtime.build/DerivedSources/arm64 -Xcc -I/tmp/slumber-repair-derived/Build/Intermediates.noindex/Supabase.build/Debug-iphonesimulator/Realtime.build/DerivedSources -Xcc -DSWIFT_PACKAGE -Xcc -DDEBUG\=1 -emit-objc-header -emit-objc-header-path /tmp/slumber-repair-derived/Build/Intermediates.noindex/Supabase.build/Debug-iphonesimulator/Realtime.build/Objects-normal/arm64/Realtime-Swift.h -working-directory /Users/ngawangchime/Desktop/Developer\ Projects/Phone\ in\ the\ Other\ Room/PhoneInTheOtherRoom.xcodeproj -experimental-emit-module-separately -disable-cmo

SwiftDriver\ Compilation\ Requirements Realtime normal arm64 com.apple.xcode.tools.swift.compiler (in target 'Realtime' from project 'Supabase')
    cd /Users/ngawangchime/Desktop/Developer\ Projects/Phone\ in\ the\ Other\ Room/PhoneInTheOtherRoom.xcodeproj
    builtin-Swift-Compilation-Requirements -- /Applications/Xcode.app/Contents/Developer/Toolchains/XcodeDefault.xctoolchain/usr/bin/swiftc -module-name Realtime -Onone @/tmp/slumber-repair-derived/Build/Intermediates.noindex/Supabase.build/Debug-iphonesimulator/Realtime.build/Objects-normal/arm64/Realtime.SwiftFileList -DSWIFT_PACKAGE -DDEBUG -DSWIFT_MODULE_RESOURCE_BUNDLE_UNAVAILABLE -DXcode -enable-upcoming-feature ExistentialAny -enable-upcoming-feature ImmutableWeakCaptures -enable-upcoming-feature InferIsolatedConformances -enable-upcoming-feature InternalImportsByDefault -enable-upcoming-feature MemberImportVisibility -plugin-path /Applications/Xcode.app/Contents/Developer/Toolchains/XcodeDefault.xctoolchain/usr/lib/swift/host/plugins/testing -enable-experimental-feature DebugDescriptionMacro -sdk /Applications/Xcode.app/Contents/Developer/Platforms/iPhoneSimulator.platform/Developer/SDKs/iPhoneSimulator26.5.sdk -target arm64-apple-ios16.0-simulator -g -module-cache-path /tmp/slumber-repair-derived/ModuleCache.noindex -Xfrontend -serialize-debugging-options -enable-testing -suppress-warnings -index-store-path /tmp/slumber-repair-derived/Index.noindex/DataStore -Xcc -D_LIBCPP_HARDENING_MODE\=_LIBCPP_HARDENING_MODE_DEBUG -swift-version 5 -I /tmp/slumber-repair-derived/Build/Products/Debug-iphonesimulator -Isystem /Applications/Xcode.app/Contents/Developer/Platforms/iPhoneSimulator.platform/Developer/usr/lib -F /tmp/slumber-repair-derived/Build/Products/Debug-iphonesimulator/PackageFrameworks -F /tmp/slumber-repair-derived/Build/Products/Debug-iphonesimulator/PackageFrameworks -F /tmp/slumber-repair-derived/Build/Products/Debug-iphonesimulator/PackageFrameworks -F /tmp/slumber-repair-derived/Build/Products/Debug-iphonesimulator/PackageFrameworks -F /tmp/slumber-repair-derived/Build/Products/Debug-iphonesimulator/PackageFrameworks -F /tmp/slumber-repair-derived/Build/Products/Debug-iphonesimulator/PackageFrameworks -F /tmp/slumber-repair-derived/Build/Products/Debug-iphonesimulator/PackageFrameworks -F /tmp/slumber-repair-derived/Build/Products/Debug-iphonesimulator -F /Applications/Xcode.app/Contents/Developer/Platforms/iPhoneSimulator.platform/Developer/Library/Frameworks -F /Applications/Xcode.app/Contents/Developer/Platforms/iPhoneSimulator.platform/Developer/SDKs/iPhoneSimulator26.5.sdk/Developer/Library/Frameworks -c -j8 -enable-batch-mode -incremental -Xcc -ivfsstatcache -Xcc /tmp/slumber-repair-derived/SDKStatCaches.noindex/iphonesimulator26.5-23F81a-6cfe768891a92b912361537c460fe42b.sdkstatcache -output-file-map /tmp/slumber-repair-derived/Build/Intermediates.noindex/Supabase.build/Debug-iphonesimulator/Realtime.build/Objects-normal/arm64/Realtime-OutputFileMap.json -use-frontend-parseable-output -save-temps -no-color-diagnostics -explicit-module-build -module-cache-path /tmp/slumber-repair-derived/Build/Intermediates.noindex/SwiftExplicitPrecompiledModules -clang-scanner-module-cache-path /tmp/slumber-repair-derived/ModuleCache.noindex -sdk-module-cache-path /tmp/slumber-repair-derived/ModuleCache.noindex -serialize-diagnostics -emit-dependencies -emit-module -emit-module-path /tmp/slumber-repair-derived/Build/Intermediates.noindex/Supabase.build/Debug-iphonesimulator/Realtime.build/Objects-normal/arm64/Realtime.swiftmodule -user-module-version 2.51.0 -validate-clang-modules-once -clang-build-session-file /tmp/slumber-repair-derived/ModuleCache.noindex/Session.modulevalidation -package-name supabase_swift -Xcc -I/tmp/slumber-repair-derived/Build/Intermediates.noindex/Supabase.build/Debug-iphonesimulator/Realtime.build/swift-overrides.hmap -emit-const-values -Xfrontend -const-gather-protocols-file -Xfrontend /tmp/slumber-repair-derived/Build/Intermediates.noindex/Supabase.build/Debug-iphonesimulator/Realtime.build/Objects-normal/arm64/Realtime_const_extract_protocols.json -Xcc -I/tmp/slumber-repair-derived/Build/Products/Debug-iphonesimulator/include -Xcc -I/tmp/slumber-repair-derived/Build/Intermediates.noindex/Supabase.build/Debug-iphonesimulator/Realtime.build/DerivedSources-normal/arm64 -Xcc -I/tmp/slumber-repair-derived/Build/Intermediates.noindex/Supabase.build/Debug-iphonesimulator/Realtime.build/DerivedSources/arm64 -Xcc -I/tmp/slumber-repair-derived/Build/Intermediates.noindex/Supabase.build/Debug-iphonesimulator/Realtime.build/DerivedSources -Xcc -DSWIFT_PACKAGE -Xcc -DDEBUG\=1 -emit-objc-header -emit-objc-header-path /tmp/slumber-repair-derived/Build/Intermediates.noindex/Supabase.build/Debug-iphonesimulator/Realtime.build/Objects-normal/arm64/Realtime-Swift.h -working-directory /Users/ngawangchime/Desktop/Developer\ Projects/Phone\ in\ the\ Other\ Room/PhoneInTheOtherRoom.xcodeproj -experimental-emit-module-separately -disable-cmo

Copy /tmp/slumber-repair-derived/Build/Products/Debug-iphonesimulator/Realtime.swiftmodule/arm64-apple-ios-simulator.swiftdoc /tmp/slumber-repair-derived/Build/Intermediates.noindex/Supabase.build/Debug-iphonesimulator/Realtime.build/Objects-normal/arm64/Realtime.swiftdoc (in target 'Realtime' from project 'Supabase')
    cd /tmp/slumber-repair-derived/SourcePackages/checkouts/supabase-swift
    builtin-copy -exclude .DS_Store -exclude CVS -exclude .svn -exclude .git -exclude .hg -resolve-src-symlinks -rename /tmp/slumber-repair-derived/Build/Intermediates.noindex/Supabase.build/Debug-iphonesimulator/Realtime.build/Objects-normal/arm64/Realtime.swiftdoc /tmp/slumber-repair-derived/Build/Products/Debug-iphonesimulator/Realtime.swiftmodule/arm64-apple-ios-simulator.swiftdoc

Copy /tmp/slumber-repair-derived/Build/Products/Debug-iphonesimulator/Realtime.swiftmodule/arm64-apple-ios-simulator.swiftmodule /tmp/slumber-repair-derived/Build/Intermediates.noindex/Supabase.build/Debug-iphonesimulator/Realtime.build/Objects-normal/arm64/Realtime.swiftmodule (in target 'Realtime' from project 'Supabase')
    cd /tmp/slumber-repair-derived/SourcePackages/checkouts/supabase-swift
    builtin-copy -exclude .DS_Store -exclude CVS -exclude .svn -exclude .git -exclude .hg -resolve-src-symlinks -rename /tmp/slumber-repair-derived/Build/Intermediates.noindex/Supabase.build/Debug-iphonesimulator/Realtime.build/Objects-normal/arm64/Realtime.swiftmodule /tmp/slumber-repair-derived/Build/Products/Debug-iphonesimulator/Realtime.swiftmodule/arm64-apple-ios-simulator.swiftmodule

SwiftMergeGeneratedHeaders /tmp/slumber-repair-derived/Build/Intermediates.noindex/GeneratedModuleMaps-iphonesimulator/Realtime-Swift.h /tmp/slumber-repair-derived/Build/Intermediates.noindex/Supabase.build/Debug-iphonesimulator/Realtime.build/Objects-normal/arm64/Realtime-Swift.h /tmp/slumber-repair-derived/Build/Intermediates.noindex/Supabase.build/Debug-iphonesimulator/Realtime.build/Objects-normal/x86_64/Realtime-Swift.h (in target 'Realtime' from project 'Supabase')
    cd /tmp/slumber-repair-derived/SourcePackages/checkouts/supabase-swift
    builtin-swiftHeaderTool -arch arm64 /tmp/slumber-repair-derived/Build/Intermediates.noindex/Supabase.build/Debug-iphonesimulator/Realtime.build/Objects-normal/arm64/Realtime-Swift.h -arch x86_64 /tmp/slumber-repair-derived/Build/Intermediates.noindex/Supabase.build/Debug-iphonesimulator/Realtime.build/Objects-normal/x86_64/Realtime-Swift.h -o /tmp/slumber-repair-derived/Build/Intermediates.noindex/GeneratedModuleMaps-iphonesimulator/Realtime-Swift.h

Copy /tmp/slumber-repair-derived/Build/Products/Debug-iphonesimulator/Realtime.swiftmodule/arm64-apple-ios-simulator.abi.json /tmp/slumber-repair-derived/Build/Intermediates.noindex/Supabase.build/Debug-iphonesimulator/Realtime.build/Objects-normal/arm64/Realtime.abi.json (in target 'Realtime' from project 'Supabase')
    cd /tmp/slumber-repair-derived/SourcePackages/checkouts/supabase-swift
    builtin-copy -exclude .DS_Store -exclude CVS -exclude .svn -exclude .git -exclude .hg -resolve-src-symlinks -rename /tmp/slumber-repair-derived/Build/Intermediates.noindex/Supabase.build/Debug-iphonesimulator/Realtime.build/Objects-normal/arm64/Realtime.abi.json /tmp/slumber-repair-derived/Build/Products/Debug-iphonesimulator/Realtime.swiftmodule/arm64-apple-ios-simulator.abi.json

Copy /tmp/slumber-repair-derived/Build/Products/Debug-iphonesimulator/Realtime.swiftmodule/Project/arm64-apple-ios-simulator.swiftsourceinfo /tmp/slumber-repair-derived/Build/Intermediates.noindex/Supabase.build/Debug-iphonesimulator/Realtime.build/Objects-normal/arm64/Realtime.swiftsourceinfo (in target 'Realtime' from project 'Supabase')
    cd /tmp/slumber-repair-derived/SourcePackages/checkouts/supabase-swift
    builtin-copy -exclude .DS_Store -exclude CVS -exclude .svn -exclude .git -exclude .hg -resolve-src-symlinks -rename /tmp/slumber-repair-derived/Build/Intermediates.noindex/Supabase.build/Debug-iphonesimulator/Realtime.build/Objects-normal/arm64/Realtime.swiftsourceinfo /tmp/slumber-repair-derived/Build/Products/Debug-iphonesimulator/Realtime.swiftmodule/Project/arm64-apple-ios-simulator.swiftsourceinfo

Ld /tmp/slumber-repair-derived/Build/Intermediates.noindex/Supabase.build/Debug-iphonesimulator/Realtime.build/Objects-normal/arm64/Binary/Realtime.o normal arm64 (in target 'Realtime' from project 'Supabase')
    cd /tmp/slumber-repair-derived/SourcePackages/checkouts/supabase-swift
    /Applications/Xcode.app/Contents/Developer/Toolchains/XcodeDefault.xctoolchain/usr/bin/clang -Xlinker -reproducible -target arm64-apple-ios16.0-simulator -r -isysroot /Applications/Xcode.app/Contents/Developer/Platforms/iPhoneSimulator.platform/Developer/SDKs/iPhoneSimulator26.5.sdk -O0 -w -F/tmp/slumber-repair-derived/Build/Intermediates.noindex/EagerLinkingTBDs/Debug-iphonesimulator -F/tmp/slumber-repair-derived/Build/Products/Debug-iphonesimulator/PackageFrameworks -F/tmp/slumber-repair-derived/Build/Products/Debug-iphonesimulator/PackageFrameworks -F/tmp/slumber-repair-derived/Build/Products/Debug-iphonesimulator/PackageFrameworks -F/tmp/slumber-repair-derived/Build/Products/Debug-iphonesimulator/PackageFrameworks -F/tmp/slumber-repair-derived/Build/Products/Debug-iphonesimulator/PackageFrameworks -F/tmp/slumber-repair-derived/Build/Products/Debug-iphonesimulator/PackageFrameworks -F/tmp/slumber-repair-derived/Build/Products/Debug-iphonesimulator/PackageFrameworks -F/tmp/slumber-repair-derived/Build/Products/Debug-iphonesimulator -iframework /Applications/Xcode.app/Contents/Developer/Platforms/iPhoneSimulator.platform/Developer/Library/Frameworks -iframework /Applications/Xcode.app/Contents/Developer/Platforms/iPhoneSimulator.platform/Developer/SDKs/iPhoneSimulator26.5.sdk/Developer/Library/Frameworks -filelist /tmp/slumber-repair-derived/Build/Intermediates.noindex/Supabase.build/Debug-iphonesimulator/Realtime.build/Objects-normal/arm64/Realtime.LinkFileList -nostdlib -Xlinker -object_path_lto -Xlinker /tmp/slumber-repair-derived/Build/Intermediates.noindex/Supabase.build/Debug-iphonesimulator/Realtime.build/Objects-normal/arm64/Realtime_lto.o -Xlinker -no_deduplicate -Xlinker -objc_abi_version -Xlinker 2 -Xlinker -dependency_info -Xlinker /tmp/slumber-repair-derived/Build/Intermediates.noindex/Supabase.build/Debug-iphonesimulator/Realtime.build/Objects-normal/arm64/Realtime_dependency_info.dat -fobjc-link-runtime -L/Applications/Xcode.app/Contents/Developer/Toolchains/XcodeDefault.xctoolchain/usr/lib/swift/iphonesimulator -L/usr/lib/swift -Xlinker -add_ast_path -Xlinker /tmp/slumber-repair-derived/Build/Intermediates.noindex/Supabase.build/Debug-iphonesimulator/Realtime.build/Objects-normal/arm64/Realtime.swiftmodule @/tmp/slumber-repair-derived/Build/Intermediates.noindex/Supabase.build/Debug-iphonesimulator/Realtime.build/Objects-normal/arm64/Realtime-linker-args.resp -o /tmp/slumber-repair-derived/Build/Intermediates.noindex/Supabase.build/Debug-iphonesimulator/Realtime.build/Objects-normal/arm64/Binary/Realtime.o

SwiftDriver Supabase normal arm64 com.apple.xcode.tools.swift.compiler (in target 'Supabase' from project 'Supabase')
    cd /Users/ngawangchime/Desktop/Developer\ Projects/Phone\ in\ the\ Other\ Room/PhoneInTheOtherRoom.xcodeproj
    builtin-SwiftDriver -- /Applications/Xcode.app/Contents/Developer/Toolchains/XcodeDefault.xctoolchain/usr/bin/swiftc -module-name Supabase -Onone @/tmp/slumber-repair-derived/Build/Intermediates.noindex/Supabase.build/Debug-iphonesimulator/Supabase.build/Objects-normal/arm64/Supabase.SwiftFileList -DSWIFT_PACKAGE -DDEBUG -DSWIFT_MODULE_RESOURCE_BUNDLE_UNAVAILABLE -DXcode -enable-upcoming-feature ExistentialAny -enable-upcoming-feature ImmutableWeakCaptures -enable-upcoming-feature InferIsolatedConformances -enable-upcoming-feature InternalImportsByDefault -enable-upcoming-feature MemberImportVisibility -plugin-path /Applications/Xcode.app/Contents/Developer/Toolchains/XcodeDefault.xctoolchain/usr/lib/swift/host/plugins/testing -enable-experimental-feature DebugDescriptionMacro -sdk /Applications/Xcode.app/Contents/Developer/Platforms/iPhoneSimulator.platform/Developer/SDKs/iPhoneSimulator26.5.sdk -target arm64-apple-ios16.0-simulator -g -module-cache-path /tmp/slumber-repair-derived/ModuleCache.noindex -Xfrontend -serialize-debugging-options -enable-testing -suppress-warnings -index-store-path /tmp/slumber-repair-derived/Index.noindex/DataStore -Xcc -D_LIBCPP_HARDENING_MODE\=_LIBCPP_HARDENING_MODE_DEBUG -swift-version 6 -I /tmp/slumber-repair-derived/Build/Products/Debug-iphonesimulator -Isystem /Applications/Xcode.app/Contents/Developer/Platforms/iPhoneSimulator.platform/Developer/usr/lib -F /tmp/slumber-repair-derived/Build/Products/Debug-iphonesimulator/PackageFrameworks -F /tmp/slumber-repair-derived/Build/Products/Debug-iphonesimulator/PackageFrameworks -F /tmp/slumber-repair-derived/Build/Products/Debug-iphonesimulator/PackageFrameworks -F /tmp/slumber-repair-derived/Build/Products/Debug-iphonesimulator/PackageFrameworks -F /tmp/slumber-repair-derived/Build/Products/Debug-iphonesimulator/PackageFrameworks -F /tmp/slumber-repair-derived/Build/Products/Debug-iphonesimulator/PackageFrameworks -F /tmp/slumber-repair-derived/Build/Products/Debug-iphonesimulator/PackageFrameworks -F /tmp/slumber-repair-derived/Build/Products/Debug-iphonesimulator/PackageFrameworks -F /tmp/slumber-repair-derived/Build/Products/Debug-iphonesimulator/PackageFrameworks -F /tmp/slumber-repair-derived/Build/Products/Debug-iphonesimulator/PackageFrameworks -F /tmp/slumber-repair-derived/Build/Products/Debug-iphonesimulator/PackageFrameworks -F /tmp/slumber-repair-derived/Build/Products/Debug-iphonesimulator/PackageFrameworks -F /tmp/slumber-repair-derived/Build/Products/Debug-iphonesimulator/PackageFrameworks -F /tmp/slumber-repair-derived/Build/Products/Debug-iphonesimulator -F /Applications/Xcode.app/Contents/Developer/Platforms/iPhoneSimulator.platform/Developer/Library/Frameworks -F /Applications/Xcode.app/Contents/Developer/Platforms/iPhoneSimulator.platform/Developer/SDKs/iPhoneSimulator26.5.sdk/Developer/Library/Frameworks -c -j8 -enable-batch-mode -incremental -Xcc -ivfsstatcache -Xcc /tmp/slumber-repair-derived/SDKStatCaches.noindex/iphonesimulator26.5-23F81a-6cfe768891a92b912361537c460fe42b.sdkstatcache -output-file-map /tmp/slumber-repair-derived/Build/Intermediates.noindex/Supabase.build/Debug-iphonesimulator/Supabase.build/Objects-normal/arm64/Supabase-OutputFileMap.json -use-frontend-parseable-output -save-temps -no-color-diagnostics -explicit-module-build -module-cache-path /tmp/slumber-repair-derived/Build/Intermediates.noindex/SwiftExplicitPrecompiledModules -clang-scanner-module-cache-path /tmp/slumber-repair-derived/ModuleCache.noindex -sdk-module-cache-path /tmp/slumber-repair-derived/ModuleCache.noindex -serialize-diagnostics -emit-dependencies -emit-module -emit-module-path /tmp/slumber-repair-derived/Build/Intermediates.noindex/Supabase.build/Debug-iphonesimulator/Supabase.build/Objects-normal/arm64/Supabase.swiftmodule -user-module-version 2.51.0 -validate-clang-modules-once -clang-build-session-file /tmp/slumber-repair-derived/ModuleCache.noindex/Session.modulevalidation -package-name supabase_swift -Xcc -I/tmp/slumber-repair-derived/Build/Intermediates.noindex/Supabase.build/Debug-iphonesimulator/Supabase.build/swift-overrides.hmap -emit-const-values -Xfrontend -const-gather-protocols-file -Xfrontend /tmp/slumber-repair-derived/Build/Intermediates.noindex/Supabase.build/Debug-iphonesimulator/Supabase.build/Objects-normal/arm64/Supabase_const_extract_protocols.json -Xcc -I/tmp/slumber-repair-derived/Build/Products/Debug-iphonesimulator/include -Xcc -I/tmp/slumber-repair-derived/Build/Intermediates.noindex/Supabase.build/Debug-iphonesimulator/Supabase.build/DerivedSources-normal/arm64 -Xcc -I/tmp/slumber-repair-derived/Build/Intermediates.noindex/Supabase.build/Debug-iphonesimulator/Supabase.build/DerivedSources/arm64 -Xcc -I/tmp/slumber-repair-derived/Build/Intermediates.noindex/Supabase.build/Debug-iphonesimulator/Supabase.build/DerivedSources -Xcc -DSWIFT_PACKAGE -Xcc -DDEBUG\=1 -emit-objc-header -emit-objc-header-path /tmp/slumber-repair-derived/Build/Intermediates.noindex/Supabase.build/Debug-iphonesimulator/Supabase.build/Objects-normal/arm64/Supabase-Swift.h -working-directory /Users/ngawangchime/Desktop/Developer\ Projects/Phone\ in\ the\ Other\ Room/PhoneInTheOtherRoom.xcodeproj -experimental-emit-module-separately -disable-cmo

SwiftDriver Supabase normal x86_64 com.apple.xcode.tools.swift.compiler (in target 'Supabase' from project 'Supabase')
    cd /Users/ngawangchime/Desktop/Developer\ Projects/Phone\ in\ the\ Other\ Room/PhoneInTheOtherRoom.xcodeproj
    builtin-SwiftDriver -- /Applications/Xcode.app/Contents/Developer/Toolchains/XcodeDefault.xctoolchain/usr/bin/swiftc -module-name Supabase -Onone @/tmp/slumber-repair-derived/Build/Intermediates.noindex/Supabase.build/Debug-iphonesimulator/Supabase.build/Objects-normal/x86_64/Supabase.SwiftFileList -DSWIFT_PACKAGE -DDEBUG -DSWIFT_MODULE_RESOURCE_BUNDLE_UNAVAILABLE -DXcode -enable-upcoming-feature ExistentialAny -enable-upcoming-feature ImmutableWeakCaptures -enable-upcoming-feature InferIsolatedConformances -enable-upcoming-feature InternalImportsByDefault -enable-upcoming-feature MemberImportVisibility -plugin-path /Applications/Xcode.app/Contents/Developer/Toolchains/XcodeDefault.xctoolchain/usr/lib/swift/host/plugins/testing -enable-experimental-feature DebugDescriptionMacro -sdk /Applications/Xcode.app/Contents/Developer/Platforms/iPhoneSimulator.platform/Developer/SDKs/iPhoneSimulator26.5.sdk -target x86_64-apple-ios16.0-simulator -g -module-cache-path /tmp/slumber-repair-derived/ModuleCache.noindex -Xfrontend -serialize-debugging-options -enable-testing -suppress-warnings -index-store-path /tmp/slumber-repair-derived/Index.noindex/DataStore -Xcc -D_LIBCPP_HARDENING_MODE\=_LIBCPP_HARDENING_MODE_DEBUG -swift-version 6 -I /tmp/slumber-repair-derived/Build/Products/Debug-iphonesimulator -Isystem /Applications/Xcode.app/Contents/Developer/Platforms/iPhoneSimulator.platform/Developer/usr/lib -F /tmp/slumber-repair-derived/Build/Products/Debug-iphonesimulator/PackageFrameworks -F /tmp/slumber-repair-derived/Build/Products/Debug-iphonesimulator/PackageFrameworks -F /tmp/slumber-repair-derived/Build/Products/Debug-iphonesimulator/PackageFrameworks -F /tmp/slumber-repair-derived/Build/Products/Debug-iphonesimulator/PackageFrameworks -F /tmp/slumber-repair-derived/Build/Products/Debug-iphonesimulator/PackageFrameworks -F /tmp/slumber-repair-derived/Build/Products/Debug-iphonesimulator/PackageFrameworks -F /tmp/slumber-repair-derived/Build/Products/Debug-iphonesimulator/PackageFrameworks -F /tmp/slumber-repair-derived/Build/Products/Debug-iphonesimulator/PackageFrameworks -F /tmp/slumber-repair-derived/Build/Products/Debug-iphonesimulator/PackageFrameworks -F /tmp/slumber-repair-derived/Build/Products/Debug-iphonesimulator/PackageFrameworks -F /tmp/slumber-repair-derived/Build/Products/Debug-iphonesimulator/PackageFrameworks -F /tmp/slumber-repair-derived/Build/Products/Debug-iphonesimulator/PackageFrameworks -F /tmp/slumber-repair-derived/Build/Products/Debug-iphonesimulator/PackageFrameworks -F /tmp/slumber-repair-derived/Build/Products/Debug-iphonesimulator -F /Applications/Xcode.app/Contents/Developer/Platforms/iPhoneSimulator.platform/Developer/Library/Frameworks -F /Applications/Xcode.app/Contents/Developer/Platforms/iPhoneSimulator.platform/Developer/SDKs/iPhoneSimulator26.5.sdk/Developer/Library/Frameworks -c -j8 -enable-batch-mode -incremental -Xcc -ivfsstatcache -Xcc /tmp/slumber-repair-derived/SDKStatCaches.noindex/iphonesimulator26.5-23F81a-6cfe768891a92b912361537c460fe42b.sdkstatcache -output-file-map /tmp/slumber-repair-derived/Build/Intermediates.noindex/Supabase.build/Debug-iphonesimulator/Supabase.build/Objects-normal/x86_64/Supabase-OutputFileMap.json -use-frontend-parseable-output -save-temps -no-color-diagnostics -explicit-module-build -module-cache-path /tmp/slumber-repair-derived/Build/Intermediates.noindex/SwiftExplicitPrecompiledModules -clang-scanner-module-cache-path /tmp/slumber-repair-derived/ModuleCache.noindex -sdk-module-cache-path /tmp/slumber-repair-derived/ModuleCache.noindex -serialize-diagnostics -emit-dependencies -emit-module -emit-module-path /tmp/slumber-repair-derived/Build/Intermediates.noindex/Supabase.build/Debug-iphonesimulator/Supabase.build/Objects-normal/x86_64/Supabase.swiftmodule -user-module-version 2.51.0 -validate-clang-modules-once -clang-build-session-file /tmp/slumber-repair-derived/ModuleCache.noindex/Session.modulevalidation -package-name supabase_swift -Xcc -I/tmp/slumber-repair-derived/Build/Intermediates.noindex/Supabase.build/Debug-iphonesimulator/Supabase.build/swift-overrides.hmap -emit-const-values -Xfrontend -const-gather-protocols-file -Xfrontend /tmp/slumber-repair-derived/Build/Intermediates.noindex/Supabase.build/Debug-iphonesimulator/Supabase.build/Objects-normal/x86_64/Supabase_const_extract_protocols.json -Xcc -I/tmp/slumber-repair-derived/Build/Products/Debug-iphonesimulator/include -Xcc -I/tmp/slumber-repair-derived/Build/Intermediates.noindex/Supabase.build/Debug-iphonesimulator/Supabase.build/DerivedSources-normal/x86_64 -Xcc -I/tmp/slumber-repair-derived/Build/Intermediates.noindex/Supabase.build/Debug-iphonesimulator/Supabase.build/DerivedSources/x86_64 -Xcc -I/tmp/slumber-repair-derived/Build/Intermediates.noindex/Supabase.build/Debug-iphonesimulator/Supabase.build/DerivedSources -Xcc -DSWIFT_PACKAGE -Xcc -DDEBUG\=1 -emit-objc-header -emit-objc-header-path /tmp/slumber-repair-derived/Build/Intermediates.noindex/Supabase.build/Debug-iphonesimulator/Supabase.build/Objects-normal/x86_64/Supabase-Swift.h -working-directory /Users/ngawangchime/Desktop/Developer\ Projects/Phone\ in\ the\ Other\ Room/PhoneInTheOtherRoom.xcodeproj -experimental-emit-module-separately -disable-cmo

CreateUniversalBinary /tmp/slumber-repair-derived/Build/Products/Debug-iphonesimulator/Auth.o normal arm64\ x86_64 (in target 'Auth' from project 'Supabase')
    cd /tmp/slumber-repair-derived/SourcePackages/checkouts/supabase-swift
    /Applications/Xcode.app/Contents/Developer/Toolchains/XcodeDefault.xctoolchain/usr/bin/lipo -create /tmp/slumber-repair-derived/Build/Intermediates.noindex/Supabase.build/Debug-iphonesimulator/Auth.build/Objects-normal/arm64/Binary/Auth.o /tmp/slumber-repair-derived/Build/Intermediates.noindex/Supabase.build/Debug-iphonesimulator/Auth.build/Objects-normal/x86_64/Binary/Auth.o -output /tmp/slumber-repair-derived/Build/Products/Debug-iphonesimulator/Auth.o

CreateUniversalBinary /tmp/slumber-repair-derived/Build/Products/Debug-iphonesimulator/Realtime.o normal arm64\ x86_64 (in target 'Realtime' from project 'Supabase')
    cd /tmp/slumber-repair-derived/SourcePackages/checkouts/supabase-swift
    /Applications/Xcode.app/Contents/Developer/Toolchains/XcodeDefault.xctoolchain/usr/bin/lipo -create /tmp/slumber-repair-derived/Build/Intermediates.noindex/Supabase.build/Debug-iphonesimulator/Realtime.build/Objects-normal/arm64/Binary/Realtime.o /tmp/slumber-repair-derived/Build/Intermediates.noindex/Supabase.build/Debug-iphonesimulator/Realtime.build/Objects-normal/x86_64/Binary/Realtime.o -output /tmp/slumber-repair-derived/Build/Products/Debug-iphonesimulator/Realtime.o

ExtractAppIntentsMetadata (in target 'Auth' from project 'Supabase')
    cd /tmp/slumber-repair-derived/SourcePackages/checkouts/supabase-swift
    /Applications/Xcode.app/Contents/Developer/Toolchains/XcodeDefault.xctoolchain/usr/bin/appintentsmetadataprocessor --toolchain-dir /Applications/Xcode.app/Contents/Developer/Toolchains/XcodeDefault.xctoolchain --module-name Auth --sdk-root /Applications/Xcode.app/Contents/Developer/Platforms/iPhoneSimulator.platform/Developer/SDKs/iPhoneSimulator26.5.sdk --xcode-version 17F113 --platform-family iOS --deployment-target 16.0 --bundle-identifier supabase-swift.Auth --output /tmp/slumber-repair-derived/Build/Products/Debug-iphonesimulator/Auth.appintents --target-triple arm64-apple-ios16.0-simulator --target-triple x86_64-apple-ios16.0-simulator --binary-file /tmp/slumber-repair-derived/Build/Products/Debug-iphonesimulator/Auth.o --dependency-file /tmp/slumber-repair-derived/Build/Intermediates.noindex/Supabase.build/Debug-iphonesimulator/Auth.build/Objects-normal/arm64/Auth_dependency_info.dat --dependency-file /tmp/slumber-repair-derived/Build/Intermediates.noindex/Supabase.build/Debug-iphonesimulator/Auth.build/Objects-normal/x86_64/Auth_dependency_info.dat --stringsdata-file /tmp/slumber-repair-derived/Build/Intermediates.noindex/Supabase.build/Debug-iphonesimulator/Auth.build/Objects-normal/arm64/ExtractedAppShortcutsMetadata.stringsdata --stringsdata-file /tmp/slumber-repair-derived/Build/Intermediates.noindex/Supabase.build/Debug-iphonesimulator/Auth.build/Objects-normal/x86_64/ExtractedAppShortcutsMetadata.stringsdata --source-file-list /tmp/slumber-repair-derived/Build/Intermediates.noindex/Supabase.build/Debug-iphonesimulator/Auth.build/Objects-normal/arm64/Auth.SwiftFileList --source-file-list /tmp/slumber-repair-derived/Build/Intermediates.noindex/Supabase.build/Debug-iphonesimulator/Auth.build/Objects-normal/x86_64/Auth.SwiftFileList --metadata-file-list /tmp/slumber-repair-derived/Build/Intermediates.noindex/Supabase.build/Debug-iphonesimulator/Auth.build/Auth.DependencyMetadataFileList --static-metadata-file-list /tmp/slumber-repair-derived/Build/Intermediates.noindex/Supabase.build/Debug-iphonesimulator/Auth.build/Auth.DependencyStaticMetadataFileList --swift-const-vals-list /tmp/slumber-repair-derived/Build/Intermediates.noindex/Supabase.build/Debug-iphonesimulator/Auth.build/Objects-normal/arm64/Auth.SwiftConstValuesFileList --swift-const-vals-list /tmp/slumber-repair-derived/Build/Intermediates.noindex/Supabase.build/Debug-iphonesimulator/Auth.build/Objects-normal/x86_64/Auth.SwiftConstValuesFileList --force --compile-time-extraction --deployment-aware-processing --validate-assistant-intents --no-app-shortcuts-localization
2026-09-21 22:33:21.441 appintentsmetadataprocessor[83136:8803551] Starting appintentsmetadataprocessor export
2026-09-21 22:33:21.464 appintentsmetadataprocessor[83136:8803551] Extracted no relevant App Intents symbols, skipping writing output

ExtractAppIntentsMetadata (in target 'Realtime' from project 'Supabase')
    cd /tmp/slumber-repair-derived/SourcePackages/checkouts/supabase-swift
    /Applications/Xcode.app/Contents/Developer/Toolchains/XcodeDefault.xctoolchain/usr/bin/appintentsmetadataprocessor --toolchain-dir /Applications/Xcode.app/Contents/Developer/Toolchains/XcodeDefault.xctoolchain --module-name Realtime --sdk-root /Applications/Xcode.app/Contents/Developer/Platforms/iPhoneSimulator.platform/Developer/SDKs/iPhoneSimulator26.5.sdk --xcode-version 17F113 --platform-family iOS --deployment-target 16.0 --bundle-identifier supabase-swift.Realtime --output /tmp/slumber-repair-derived/Build/Products/Debug-iphonesimulator/Realtime.appintents --target-triple arm64-apple-ios16.0-simulator --target-triple x86_64-apple-ios16.0-simulator --binary-file /tmp/slumber-repair-derived/Build/Products/Debug-iphonesimulator/Realtime.o --dependency-file /tmp/slumber-repair-derived/Build/Intermediates.noindex/Supabase.build/Debug-iphonesimulator/Realtime.build/Objects-normal/arm64/Realtime_dependency_info.dat --dependency-file /tmp/slumber-repair-derived/Build/Intermediates.noindex/Supabase.build/Debug-iphonesimulator/Realtime.build/Objects-normal/x86_64/Realtime_dependency_info.dat --stringsdata-file /tmp/slumber-repair-derived/Build/Intermediates.noindex/Supabase.build/Debug-iphonesimulator/Realtime.build/Objects-normal/arm64/ExtractedAppShortcutsMetadata.stringsdata --stringsdata-file /tmp/slumber-repair-derived/Build/Intermediates.noindex/Supabase.build/Debug-iphonesimulator/Realtime.build/Objects-normal/x86_64/ExtractedAppShortcutsMetadata.stringsdata --source-file-list /tmp/slumber-repair-derived/Build/Intermediates.noindex/Supabase.build/Debug-iphonesimulator/Realtime.build/Objects-normal/arm64/Realtime.SwiftFileList --source-file-list /tmp/slumber-repair-derived/Build/Intermediates.noindex/Supabase.build/Debug-iphonesimulator/Realtime.build/Objects-normal/x86_64/Realtime.SwiftFileList --metadata-file-list /tmp/slumber-repair-derived/Build/Intermediates.noindex/Supabase.build/Debug-iphonesimulator/Realtime.build/Realtime.DependencyMetadataFileList --static-metadata-file-list /tmp/slumber-repair-derived/Build/Intermediates.noindex/Supabase.build/Debug-iphonesimulator/Realtime.build/Realtime.DependencyStaticMetadataFileList --swift-const-vals-list /tmp/slumber-repair-derived/Build/Intermediates.noindex/Supabase.build/Debug-iphonesimulator/Realtime.build/Objects-normal/arm64/Realtime.SwiftConstValuesFileList --swift-const-vals-list /tmp/slumber-repair-derived/Build/Intermediates.noindex/Supabase.build/Debug-iphonesimulator/Realtime.build/Objects-normal/x86_64/Realtime.SwiftConstValuesFileList --force --compile-time-extraction --deployment-aware-processing --validate-assistant-intents --no-app-shortcuts-localization
2026-09-21 22:33:21.441 appintentsmetadataprocessor[83137:8803552] Starting appintentsmetadataprocessor export
2026-09-21 22:33:21.459 appintentsmetadataprocessor[83137:8803552] Extracted no relevant App Intents symbols, skipping writing output

RegisterExecutionPolicyException /tmp/slumber-repair-derived/Build/Products/Debug-iphonesimulator/Realtime.o (in target 'Realtime' from project 'Supabase')
    cd /tmp/slumber-repair-derived/SourcePackages/checkouts/supabase-swift
    builtin-RegisterExecutionPolicyException /tmp/slumber-repair-derived/Build/Products/Debug-iphonesimulator/Realtime.o

RegisterExecutionPolicyException /tmp/slumber-repair-derived/Build/Products/Debug-iphonesimulator/Auth.o (in target 'Auth' from project 'Supabase')
    cd /tmp/slumber-repair-derived/SourcePackages/checkouts/supabase-swift
    builtin-RegisterExecutionPolicyException /tmp/slumber-repair-derived/Build/Products/Debug-iphonesimulator/Auth.o

SwiftDriver\ Compilation\ Requirements Supabase normal x86_64 com.apple.xcode.tools.swift.compiler (in target 'Supabase' from project 'Supabase')
    cd /Users/ngawangchime/Desktop/Developer\ Projects/Phone\ in\ the\ Other\ Room/PhoneInTheOtherRoom.xcodeproj
    builtin-Swift-Compilation-Requirements -- /Applications/Xcode.app/Contents/Developer/Toolchains/XcodeDefault.xctoolchain/usr/bin/swiftc -module-name Supabase -Onone @/tmp/slumber-repair-derived/Build/Intermediates.noindex/Supabase.build/Debug-iphonesimulator/Supabase.build/Objects-normal/x86_64/Supabase.SwiftFileList -DSWIFT_PACKAGE -DDEBUG -DSWIFT_MODULE_RESOURCE_BUNDLE_UNAVAILABLE -DXcode -enable-upcoming-feature ExistentialAny -enable-upcoming-feature ImmutableWeakCaptures -enable-upcoming-feature InferIsolatedConformances -enable-upcoming-feature InternalImportsByDefault -enable-upcoming-feature MemberImportVisibility -plugin-path /Applications/Xcode.app/Contents/Developer/Toolchains/XcodeDefault.xctoolchain/usr/lib/swift/host/plugins/testing -enable-experimental-feature DebugDescriptionMacro -sdk /Applications/Xcode.app/Contents/Developer/Platforms/iPhoneSimulator.platform/Developer/SDKs/iPhoneSimulator26.5.sdk -target x86_64-apple-ios16.0-simulator -g -module-cache-path /tmp/slumber-repair-derived/ModuleCache.noindex -Xfrontend -serialize-debugging-options -enable-testing -suppress-warnings -index-store-path /tmp/slumber-repair-derived/Index.noindex/DataStore -Xcc -D_LIBCPP_HARDENING_MODE\=_LIBCPP_HARDENING_MODE_DEBUG -swift-version 6 -I /tmp/slumber-repair-derived/Build/Products/Debug-iphonesimulator -Isystem /Applications/Xcode.app/Contents/Developer/Platforms/iPhoneSimulator.platform/Developer/usr/lib -F /tmp/slumber-repair-derived/Build/Products/Debug-iphonesimulator/PackageFrameworks -F /tmp/slumber-repair-derived/Build/Products/Debug-iphonesimulator/PackageFrameworks -F /tmp/slumber-repair-derived/Build/Products/Debug-iphonesimulator/PackageFrameworks -F /tmp/slumber-repair-derived/Build/Products/Debug-iphonesimulator/PackageFrameworks -F /tmp/slumber-repair-derived/Build/Products/Debug-iphonesimulator/PackageFrameworks -F /tmp/slumber-repair-derived/Build/Products/Debug-iphonesimulator/PackageFrameworks -F /tmp/slumber-repair-derived/Build/Products/Debug-iphonesimulator/PackageFrameworks -F /tmp/slumber-repair-derived/Build/Products/Debug-iphonesimulator/PackageFrameworks -F /tmp/slumber-repair-derived/Build/Products/Debug-iphonesimulator/PackageFrameworks -F /tmp/slumber-repair-derived/Build/Products/Debug-iphonesimulator/PackageFrameworks -F /tmp/slumber-repair-derived/Build/Products/Debug-iphonesimulator/PackageFrameworks -F /tmp/slumber-repair-derived/Build/Products/Debug-iphonesimulator/PackageFrameworks -F /tmp/slumber-repair-derived/Build/Products/Debug-iphonesimulator/PackageFrameworks -F /tmp/slumber-repair-derived/Build/Products/Debug-iphonesimulator -F /Applications/Xcode.app/Contents/Developer/Platforms/iPhoneSimulator.platform/Developer/Library/Frameworks -F /Applications/Xcode.app/Contents/Developer/Platforms/iPhoneSimulator.platform/Developer/SDKs/iPhoneSimulator26.5.sdk/Developer/Library/Frameworks -c -j8 -enable-batch-mode -incremental -Xcc -ivfsstatcache -Xcc /tmp/slumber-repair-derived/SDKStatCaches.noindex/iphonesimulator26.5-23F81a-6cfe768891a92b912361537c460fe42b.sdkstatcache -output-file-map /tmp/slumber-repair-derived/Build/Intermediates.noindex/Supabase.build/Debug-iphonesimulator/Supabase.build/Objects-normal/x86_64/Supabase-OutputFileMap.json -use-frontend-parseable-output -save-temps -no-color-diagnostics -explicit-module-build -module-cache-path /tmp/slumber-repair-derived/Build/Intermediates.noindex/SwiftExplicitPrecompiledModules -clang-scanner-module-cache-path /tmp/slumber-repair-derived/ModuleCache.noindex -sdk-module-cache-path /tmp/slumber-repair-derived/ModuleCache.noindex -serialize-diagnostics -emit-dependencies -emit-module -emit-module-path /tmp/slumber-repair-derived/Build/Intermediates.noindex/Supabase.build/Debug-iphonesimulator/Supabase.build/Objects-normal/x86_64/Supabase.swiftmodule -user-module-version 2.51.0 -validate-clang-modules-once -clang-build-session-file /tmp/slumber-repair-derived/ModuleCache.noindex/Session.modulevalidation -package-name supabase_swift -Xcc -I/tmp/slumber-repair-derived/Build/Intermediates.noindex/Supabase.build/Debug-iphonesimulator/Supabase.build/swift-overrides.hmap -emit-const-values -Xfrontend -const-gather-protocols-file -Xfrontend /tmp/slumber-repair-derived/Build/Intermediates.noindex/Supabase.build/Debug-iphonesimulator/Supabase.build/Objects-normal/x86_64/Supabase_const_extract_protocols.json -Xcc -I/tmp/slumber-repair-derived/Build/Products/Debug-iphonesimulator/include -Xcc -I/tmp/slumber-repair-derived/Build/Intermediates.noindex/Supabase.build/Debug-iphonesimulator/Supabase.build/DerivedSources-normal/x86_64 -Xcc -I/tmp/slumber-repair-derived/Build/Intermediates.noindex/Supabase.build/Debug-iphonesimulator/Supabase.build/DerivedSources/x86_64 -Xcc -I/tmp/slumber-repair-derived/Build/Intermediates.noindex/Supabase.build/Debug-iphonesimulator/Supabase.build/DerivedSources -Xcc -DSWIFT_PACKAGE -Xcc -DDEBUG\=1 -emit-objc-header -emit-objc-header-path /tmp/slumber-repair-derived/Build/Intermediates.noindex/Supabase.build/Debug-iphonesimulator/Supabase.build/Objects-normal/x86_64/Supabase-Swift.h -working-directory /Users/ngawangchime/Desktop/Developer\ Projects/Phone\ in\ the\ Other\ Room/PhoneInTheOtherRoom.xcodeproj -experimental-emit-module-separately -disable-cmo

SwiftDriver\ Compilation Supabase normal x86_64 com.apple.xcode.tools.swift.compiler (in target 'Supabase' from project 'Supabase')
    cd /Users/ngawangchime/Desktop/Developer\ Projects/Phone\ in\ the\ Other\ Room/PhoneInTheOtherRoom.xcodeproj
    builtin-Swift-Compilation -- /Applications/Xcode.app/Contents/Developer/Toolchains/XcodeDefault.xctoolchain/usr/bin/swiftc -module-name Supabase -Onone @/tmp/slumber-repair-derived/Build/Intermediates.noindex/Supabase.build/Debug-iphonesimulator/Supabase.build/Objects-normal/x86_64/Supabase.SwiftFileList -DSWIFT_PACKAGE -DDEBUG -DSWIFT_MODULE_RESOURCE_BUNDLE_UNAVAILABLE -DXcode -enable-upcoming-feature ExistentialAny -enable-upcoming-feature ImmutableWeakCaptures -enable-upcoming-feature InferIsolatedConformances -enable-upcoming-feature InternalImportsByDefault -enable-upcoming-feature MemberImportVisibility -plugin-path /Applications/Xcode.app/Contents/Developer/Toolchains/XcodeDefault.xctoolchain/usr/lib/swift/host/plugins/testing -enable-experimental-feature DebugDescriptionMacro -sdk /Applications/Xcode.app/Contents/Developer/Platforms/iPhoneSimulator.platform/Developer/SDKs/iPhoneSimulator26.5.sdk -target x86_64-apple-ios16.0-simulator -g -module-cache-path /tmp/slumber-repair-derived/ModuleCache.noindex -Xfrontend -serialize-debugging-options -enable-testing -suppress-warnings -index-store-path /tmp/slumber-repair-derived/Index.noindex/DataStore -Xcc -D_LIBCPP_HARDENING_MODE\=_LIBCPP_HARDENING_MODE_DEBUG -swift-version 6 -I /tmp/slumber-repair-derived/Build/Products/Debug-iphonesimulator -Isystem /Applications/Xcode.app/Contents/Developer/Platforms/iPhoneSimulator.platform/Developer/usr/lib -F /tmp/slumber-repair-derived/Build/Products/Debug-iphonesimulator/PackageFrameworks -F /tmp/slumber-repair-derived/Build/Products/Debug-iphonesimulator/PackageFrameworks -F /tmp/slumber-repair-derived/Build/Products/Debug-iphonesimulator/PackageFrameworks -F /tmp/slumber-repair-derived/Build/Products/Debug-iphonesimulator/PackageFrameworks -F /tmp/slumber-repair-derived/Build/Products/Debug-iphonesimulator/PackageFrameworks -F /tmp/slumber-repair-derived/Build/Products/Debug-iphonesimulator/PackageFrameworks -F /tmp/slumber-repair-derived/Build/Products/Debug-iphonesimulator/PackageFrameworks -F /tmp/slumber-repair-derived/Build/Products/Debug-iphonesimulator/PackageFrameworks -F /tmp/slumber-repair-derived/Build/Products/Debug-iphonesimulator/PackageFrameworks -F /tmp/slumber-repair-derived/Build/Products/Debug-iphonesimulator/PackageFrameworks -F /tmp/slumber-repair-derived/Build/Products/Debug-iphonesimulator/PackageFrameworks -F /tmp/slumber-repair-derived/Build/Products/Debug-iphonesimulator/PackageFrameworks -F /tmp/slumber-repair-derived/Build/Products/Debug-iphonesimulator/PackageFrameworks -F /tmp/slumber-repair-derived/Build/Products/Debug-iphonesimulator -F /Applications/Xcode.app/Contents/Developer/Platforms/iPhoneSimulator.platform/Developer/Library/Frameworks -F /Applications/Xcode.app/Contents/Developer/Platforms/iPhoneSimulator.platform/Developer/SDKs/iPhoneSimulator26.5.sdk/Developer/Library/Frameworks -c -j8 -enable-batch-mode -incremental -Xcc -ivfsstatcache -Xcc /tmp/slumber-repair-derived/SDKStatCaches.noindex/iphonesimulator26.5-23F81a-6cfe768891a92b912361537c460fe42b.sdkstatcache -output-file-map /tmp/slumber-repair-derived/Build/Intermediates.noindex/Supabase.build/Debug-iphonesimulator/Supabase.build/Objects-normal/x86_64/Supabase-OutputFileMap.json -use-frontend-parseable-output -save-temps -no-color-diagnostics -explicit-module-build -module-cache-path /tmp/slumber-repair-derived/Build/Intermediates.noindex/SwiftExplicitPrecompiledModules -clang-scanner-module-cache-path /tmp/slumber-repair-derived/ModuleCache.noindex -sdk-module-cache-path /tmp/slumber-repair-derived/ModuleCache.noindex -serialize-diagnostics -emit-dependencies -emit-module -emit-module-path /tmp/slumber-repair-derived/Build/Intermediates.noindex/Supabase.build/Debug-iphonesimulator/Supabase.build/Objects-normal/x86_64/Supabase.swiftmodule -user-module-version 2.51.0 -validate-clang-modules-once -clang-build-session-file /tmp/slumber-repair-derived/ModuleCache.noindex/Session.modulevalidation -package-name supabase_swift -Xcc -I/tmp/slumber-repair-derived/Build/Intermediates.noindex/Supabase.build/Debug-iphonesimulator/Supabase.build/swift-overrides.hmap -emit-const-values -Xfrontend -const-gather-protocols-file -Xfrontend /tmp/slumber-repair-derived/Build/Intermediates.noindex/Supabase.build/Debug-iphonesimulator/Supabase.build/Objects-normal/x86_64/Supabase_const_extract_protocols.json -Xcc -I/tmp/slumber-repair-derived/Build/Products/Debug-iphonesimulator/include -Xcc -I/tmp/slumber-repair-derived/Build/Intermediates.noindex/Supabase.build/Debug-iphonesimulator/Supabase.build/DerivedSources-normal/x86_64 -Xcc -I/tmp/slumber-repair-derived/Build/Intermediates.noindex/Supabase.build/Debug-iphonesimulator/Supabase.build/DerivedSources/x86_64 -Xcc -I/tmp/slumber-repair-derived/Build/Intermediates.noindex/Supabase.build/Debug-iphonesimulator/Supabase.build/DerivedSources -Xcc -DSWIFT_PACKAGE -Xcc -DDEBUG\=1 -emit-objc-header -emit-objc-header-path /tmp/slumber-repair-derived/Build/Intermediates.noindex/Supabase.build/Debug-iphonesimulator/Supabase.build/Objects-normal/x86_64/Supabase-Swift.h -working-directory /Users/ngawangchime/Desktop/Developer\ Projects/Phone\ in\ the\ Other\ Room/PhoneInTheOtherRoom.xcodeproj -experimental-emit-module-separately -disable-cmo

SwiftDriver\ Compilation\ Requirements Supabase normal arm64 com.apple.xcode.tools.swift.compiler (in target 'Supabase' from project 'Supabase')
    cd /Users/ngawangchime/Desktop/Developer\ Projects/Phone\ in\ the\ Other\ Room/PhoneInTheOtherRoom.xcodeproj
    builtin-Swift-Compilation-Requirements -- /Applications/Xcode.app/Contents/Developer/Toolchains/XcodeDefault.xctoolchain/usr/bin/swiftc -module-name Supabase -Onone @/tmp/slumber-repair-derived/Build/Intermediates.noindex/Supabase.build/Debug-iphonesimulator/Supabase.build/Objects-normal/arm64/Supabase.SwiftFileList -DSWIFT_PACKAGE -DDEBUG -DSWIFT_MODULE_RESOURCE_BUNDLE_UNAVAILABLE -DXcode -enable-upcoming-feature ExistentialAny -enable-upcoming-feature ImmutableWeakCaptures -enable-upcoming-feature InferIsolatedConformances -enable-upcoming-feature InternalImportsByDefault -enable-upcoming-feature MemberImportVisibility -plugin-path /Applications/Xcode.app/Contents/Developer/Toolchains/XcodeDefault.xctoolchain/usr/lib/swift/host/plugins/testing -enable-experimental-feature DebugDescriptionMacro -sdk /Applications/Xcode.app/Contents/Developer/Platforms/iPhoneSimulator.platform/Developer/SDKs/iPhoneSimulator26.5.sdk -target arm64-apple-ios16.0-simulator -g -module-cache-path /tmp/slumber-repair-derived/ModuleCache.noindex -Xfrontend -serialize-debugging-options -enable-testing -suppress-warnings -index-store-path /tmp/slumber-repair-derived/Index.noindex/DataStore -Xcc -D_LIBCPP_HARDENING_MODE\=_LIBCPP_HARDENING_MODE_DEBUG -swift-version 6 -I /tmp/slumber-repair-derived/Build/Products/Debug-iphonesimulator -Isystem /Applications/Xcode.app/Contents/Developer/Platforms/iPhoneSimulator.platform/Developer/usr/lib -F /tmp/slumber-repair-derived/Build/Products/Debug-iphonesimulator/PackageFrameworks -F /tmp/slumber-repair-derived/Build/Products/Debug-iphonesimulator/PackageFrameworks -F /tmp/slumber-repair-derived/Build/Products/Debug-iphonesimulator/PackageFrameworks -F /tmp/slumber-repair-derived/Build/Products/Debug-iphonesimulator/PackageFrameworks -F /tmp/slumber-repair-derived/Build/Products/Debug-iphonesimulator/PackageFrameworks -F /tmp/slumber-repair-derived/Build/Products/Debug-iphonesimulator/PackageFrameworks -F /tmp/slumber-repair-derived/Build/Products/Debug-iphonesimulator/PackageFrameworks -F /tmp/slumber-repair-derived/Build/Products/Debug-iphonesimulator/PackageFrameworks -F /tmp/slumber-repair-derived/Build/Products/Debug-iphonesimulator/PackageFrameworks -F /tmp/slumber-repair-derived/Build/Products/Debug-iphonesimulator/PackageFrameworks -F /tmp/slumber-repair-derived/Build/Products/Debug-iphonesimulator/PackageFrameworks -F /tmp/slumber-repair-derived/Build/Products/Debug-iphonesimulator/PackageFrameworks -F /tmp/slumber-repair-derived/Build/Products/Debug-iphonesimulator/PackageFrameworks -F /tmp/slumber-repair-derived/Build/Products/Debug-iphonesimulator -F /Applications/Xcode.app/Contents/Developer/Platforms/iPhoneSimulator.platform/Developer/Library/Frameworks -F /Applications/Xcode.app/Contents/Developer/Platforms/iPhoneSimulator.platform/Developer/SDKs/iPhoneSimulator26.5.sdk/Developer/Library/Frameworks -c -j8 -enable-batch-mode -incremental -Xcc -ivfsstatcache -Xcc /tmp/slumber-repair-derived/SDKStatCaches.noindex/iphonesimulator26.5-23F81a-6cfe768891a92b912361537c460fe42b.sdkstatcache -output-file-map /tmp/slumber-repair-derived/Build/Intermediates.noindex/Supabase.build/Debug-iphonesimulator/Supabase.build/Objects-normal/arm64/Supabase-OutputFileMap.json -use-frontend-parseable-output -save-temps -no-color-diagnostics -explicit-module-build -module-cache-path /tmp/slumber-repair-derived/Build/Intermediates.noindex/SwiftExplicitPrecompiledModules -clang-scanner-module-cache-path /tmp/slumber-repair-derived/ModuleCache.noindex -sdk-module-cache-path /tmp/slumber-repair-derived/ModuleCache.noindex -serialize-diagnostics -emit-dependencies -emit-module -emit-module-path /tmp/slumber-repair-derived/Build/Intermediates.noindex/Supabase.build/Debug-iphonesimulator/Supabase.build/Objects-normal/arm64/Supabase.swiftmodule -user-module-version 2.51.0 -validate-clang-modules-once -clang-build-session-file /tmp/slumber-repair-derived/ModuleCache.noindex/Session.modulevalidation -package-name supabase_swift -Xcc -I/tmp/slumber-repair-derived/Build/Intermediates.noindex/Supabase.build/Debug-iphonesimulator/Supabase.build/swift-overrides.hmap -emit-const-values -Xfrontend -const-gather-protocols-file -Xfrontend /tmp/slumber-repair-derived/Build/Intermediates.noindex/Supabase.build/Debug-iphonesimulator/Supabase.build/Objects-normal/arm64/Supabase_const_extract_protocols.json -Xcc -I/tmp/slumber-repair-derived/Build/Products/Debug-iphonesimulator/include -Xcc -I/tmp/slumber-repair-derived/Build/Intermediates.noindex/Supabase.build/Debug-iphonesimulator/Supabase.build/DerivedSources-normal/arm64 -Xcc -I/tmp/slumber-repair-derived/Build/Intermediates.noindex/Supabase.build/Debug-iphonesimulator/Supabase.build/DerivedSources/arm64 -Xcc -I/tmp/slumber-repair-derived/Build/Intermediates.noindex/Supabase.build/Debug-iphonesimulator/Supabase.build/DerivedSources -Xcc -DSWIFT_PACKAGE -Xcc -DDEBUG\=1 -emit-objc-header -emit-objc-header-path /tmp/slumber-repair-derived/Build/Intermediates.noindex/Supabase.build/Debug-iphonesimulator/Supabase.build/Objects-normal/arm64/Supabase-Swift.h -working-directory /Users/ngawangchime/Desktop/Developer\ Projects/Phone\ in\ the\ Other\ Room/PhoneInTheOtherRoom.xcodeproj -experimental-emit-module-separately -disable-cmo

SwiftDriver\ Compilation Supabase normal arm64 com.apple.xcode.tools.swift.compiler (in target 'Supabase' from project 'Supabase')
    cd /Users/ngawangchime/Desktop/Developer\ Projects/Phone\ in\ the\ Other\ Room/PhoneInTheOtherRoom.xcodeproj
    builtin-Swift-Compilation -- /Applications/Xcode.app/Contents/Developer/Toolchains/XcodeDefault.xctoolchain/usr/bin/swiftc -module-name Supabase -Onone @/tmp/slumber-repair-derived/Build/Intermediates.noindex/Supabase.build/Debug-iphonesimulator/Supabase.build/Objects-normal/arm64/Supabase.SwiftFileList -DSWIFT_PACKAGE -DDEBUG -DSWIFT_MODULE_RESOURCE_BUNDLE_UNAVAILABLE -DXcode -enable-upcoming-feature ExistentialAny -enable-upcoming-feature ImmutableWeakCaptures -enable-upcoming-feature InferIsolatedConformances -enable-upcoming-feature InternalImportsByDefault -enable-upcoming-feature MemberImportVisibility -plugin-path /Applications/Xcode.app/Contents/Developer/Toolchains/XcodeDefault.xctoolchain/usr/lib/swift/host/plugins/testing -enable-experimental-feature DebugDescriptionMacro -sdk /Applications/Xcode.app/Contents/Developer/Platforms/iPhoneSimulator.platform/Developer/SDKs/iPhoneSimulator26.5.sdk -target arm64-apple-ios16.0-simulator -g -module-cache-path /tmp/slumber-repair-derived/ModuleCache.noindex -Xfrontend -serialize-debugging-options -enable-testing -suppress-warnings -index-store-path /tmp/slumber-repair-derived/Index.noindex/DataStore -Xcc -D_LIBCPP_HARDENING_MODE\=_LIBCPP_HARDENING_MODE_DEBUG -swift-version 6 -I /tmp/slumber-repair-derived/Build/Products/Debug-iphonesimulator -Isystem /Applications/Xcode.app/Contents/Developer/Platforms/iPhoneSimulator.platform/Developer/usr/lib -F /tmp/slumber-repair-derived/Build/Products/Debug-iphonesimulator/PackageFrameworks -F /tmp/slumber-repair-derived/Build/Products/Debug-iphonesimulator/PackageFrameworks -F /tmp/slumber-repair-derived/Build/Products/Debug-iphonesimulator/PackageFrameworks -F /tmp/slumber-repair-derived/Build/Products/Debug-iphonesimulator/PackageFrameworks -F /tmp/slumber-repair-derived/Build/Products/Debug-iphonesimulator/PackageFrameworks -F /tmp/slumber-repair-derived/Build/Products/Debug-iphonesimulator/PackageFrameworks -F /tmp/slumber-repair-derived/Build/Products/Debug-iphonesimulator/PackageFrameworks -F /tmp/slumber-repair-derived/Build/Products/Debug-iphonesimulator/PackageFrameworks -F /tmp/slumber-repair-derived/Build/Products/Debug-iphonesimulator/PackageFrameworks -F /tmp/slumber-repair-derived/Build/Products/Debug-iphonesimulator/PackageFrameworks -F /tmp/slumber-repair-derived/Build/Products/Debug-iphonesimulator/PackageFrameworks -F /tmp/slumber-repair-derived/Build/Products/Debug-iphonesimulator/PackageFrameworks -F /tmp/slumber-repair-derived/Build/Products/Debug-iphonesimulator/PackageFrameworks -F /tmp/slumber-repair-derived/Build/Products/Debug-iphonesimulator -F /Applications/Xcode.app/Contents/Developer/Platforms/iPhoneSimulator.platform/Developer/Library/Frameworks -F /Applications/Xcode.app/Contents/Developer/Platforms/iPhoneSimulator.platform/Developer/SDKs/iPhoneSimulator26.5.sdk/Developer/Library/Frameworks -c -j8 -enable-batch-mode -incremental -Xcc -ivfsstatcache -Xcc /tmp/slumber-repair-derived/SDKStatCaches.noindex/iphonesimulator26.5-23F81a-6cfe768891a92b912361537c460fe42b.sdkstatcache -output-file-map /tmp/slumber-repair-derived/Build/Intermediates.noindex/Supabase.build/Debug-iphonesimulator/Supabase.build/Objects-normal/arm64/Supabase-OutputFileMap.json -use-frontend-parseable-output -save-temps -no-color-diagnostics -explicit-module-build -module-cache-path /tmp/slumber-repair-derived/Build/Intermediates.noindex/SwiftExplicitPrecompiledModules -clang-scanner-module-cache-path /tmp/slumber-repair-derived/ModuleCache.noindex -sdk-module-cache-path /tmp/slumber-repair-derived/ModuleCache.noindex -serialize-diagnostics -emit-dependencies -emit-module -emit-module-path /tmp/slumber-repair-derived/Build/Intermediates.noindex/Supabase.build/Debug-iphonesimulator/Supabase.build/Objects-normal/arm64/Supabase.swiftmodule -user-module-version 2.51.0 -validate-clang-modules-once -clang-build-session-file /tmp/slumber-repair-derived/ModuleCache.noindex/Session.modulevalidation -package-name supabase_swift -Xcc -I/tmp/slumber-repair-derived/Build/Intermediates.noindex/Supabase.build/Debug-iphonesimulator/Supabase.build/swift-overrides.hmap -emit-const-values -Xfrontend -const-gather-protocols-file -Xfrontend /tmp/slumber-repair-derived/Build/Intermediates.noindex/Supabase.build/Debug-iphonesimulator/Supabase.build/Objects-normal/arm64/Supabase_const_extract_protocols.json -Xcc -I/tmp/slumber-repair-derived/Build/Products/Debug-iphonesimulator/include -Xcc -I/tmp/slumber-repair-derived/Build/Intermediates.noindex/Supabase.build/Debug-iphonesimulator/Supabase.build/DerivedSources-normal/arm64 -Xcc -I/tmp/slumber-repair-derived/Build/Intermediates.noindex/Supabase.build/Debug-iphonesimulator/Supabase.build/DerivedSources/arm64 -Xcc -I/tmp/slumber-repair-derived/Build/Intermediates.noindex/Supabase.build/Debug-iphonesimulator/Supabase.build/DerivedSources -Xcc -DSWIFT_PACKAGE -Xcc -DDEBUG\=1 -emit-objc-header -emit-objc-header-path /tmp/slumber-repair-derived/Build/Intermediates.noindex/Supabase.build/Debug-iphonesimulator/Supabase.build/Objects-normal/arm64/Supabase-Swift.h -working-directory /Users/ngawangchime/Desktop/Developer\ Projects/Phone\ in\ the\ Other\ Room/PhoneInTheOtherRoom.xcodeproj -experimental-emit-module-separately -disable-cmo

Copy /tmp/slumber-repair-derived/Build/Products/Debug-iphonesimulator/Supabase.swiftmodule/arm64-apple-ios-simulator.swiftmodule /tmp/slumber-repair-derived/Build/Intermediates.noindex/Supabase.build/Debug-iphonesimulator/Supabase.build/Objects-normal/arm64/Supabase.swiftmodule (in target 'Supabase' from project 'Supabase')
    cd /tmp/slumber-repair-derived/SourcePackages/checkouts/supabase-swift
    builtin-copy -exclude .DS_Store -exclude CVS -exclude .svn -exclude .git -exclude .hg -resolve-src-symlinks -rename /tmp/slumber-repair-derived/Build/Intermediates.noindex/Supabase.build/Debug-iphonesimulator/Supabase.build/Objects-normal/arm64/Supabase.swiftmodule /tmp/slumber-repair-derived/Build/Products/Debug-iphonesimulator/Supabase.swiftmodule/arm64-apple-ios-simulator.swiftmodule

Copy /tmp/slumber-repair-derived/Build/Products/Debug-iphonesimulator/Supabase.swiftmodule/arm64-apple-ios-simulator.swiftdoc /tmp/slumber-repair-derived/Build/Intermediates.noindex/Supabase.build/Debug-iphonesimulator/Supabase.build/Objects-normal/arm64/Supabase.swiftdoc (in target 'Supabase' from project 'Supabase')
    cd /tmp/slumber-repair-derived/SourcePackages/checkouts/supabase-swift
    builtin-copy -exclude .DS_Store -exclude CVS -exclude .svn -exclude .git -exclude .hg -resolve-src-symlinks -rename /tmp/slumber-repair-derived/Build/Intermediates.noindex/Supabase.build/Debug-iphonesimulator/Supabase.build/Objects-normal/arm64/Supabase.swiftdoc /tmp/slumber-repair-derived/Build/Products/Debug-iphonesimulator/Supabase.swiftmodule/arm64-apple-ios-simulator.swiftdoc

Copy /tmp/slumber-repair-derived/Build/Products/Debug-iphonesimulator/Supabase.swiftmodule/arm64-apple-ios-simulator.abi.json /tmp/slumber-repair-derived/Build/Intermediates.noindex/Supabase.build/Debug-iphonesimulator/Supabase.build/Objects-normal/arm64/Supabase.abi.json (in target 'Supabase' from project 'Supabase')
    cd /tmp/slumber-repair-derived/SourcePackages/checkouts/supabase-swift
    builtin-copy -exclude .DS_Store -exclude CVS -exclude .svn -exclude .git -exclude .hg -resolve-src-symlinks -rename /tmp/slumber-repair-derived/Build/Intermediates.noindex/Supabase.build/Debug-iphonesimulator/Supabase.build/Objects-normal/arm64/Supabase.abi.json /tmp/slumber-repair-derived/Build/Products/Debug-iphonesimulator/Supabase.swiftmodule/arm64-apple-ios-simulator.abi.json

SwiftMergeGeneratedHeaders /tmp/slumber-repair-derived/Build/Intermediates.noindex/GeneratedModuleMaps-iphonesimulator/Supabase-Swift.h /tmp/slumber-repair-derived/Build/Intermediates.noindex/Supabase.build/Debug-iphonesimulator/Supabase.build/Objects-normal/arm64/Supabase-Swift.h /tmp/slumber-repair-derived/Build/Intermediates.noindex/Supabase.build/Debug-iphonesimulator/Supabase.build/Objects-normal/x86_64/Supabase-Swift.h (in target 'Supabase' from project 'Supabase')
    cd /tmp/slumber-repair-derived/SourcePackages/checkouts/supabase-swift
    builtin-swiftHeaderTool -arch arm64 /tmp/slumber-repair-derived/Build/Intermediates.noindex/Supabase.build/Debug-iphonesimulator/Supabase.build/Objects-normal/arm64/Supabase-Swift.h -arch x86_64 /tmp/slumber-repair-derived/Build/Intermediates.noindex/Supabase.build/Debug-iphonesimulator/Supabase.build/Objects-normal/x86_64/Supabase-Swift.h -o /tmp/slumber-repair-derived/Build/Intermediates.noindex/GeneratedModuleMaps-iphonesimulator/Supabase-Swift.h

Copy /tmp/slumber-repair-derived/Build/Products/Debug-iphonesimulator/Supabase.swiftmodule/Project/arm64-apple-ios-simulator.swiftsourceinfo /tmp/slumber-repair-derived/Build/Intermediates.noindex/Supabase.build/Debug-iphonesimulator/Supabase.build/Objects-normal/arm64/Supabase.swiftsourceinfo (in target 'Supabase' from project 'Supabase')
    cd /tmp/slumber-repair-derived/SourcePackages/checkouts/supabase-swift
    builtin-copy -exclude .DS_Store -exclude CVS -exclude .svn -exclude .git -exclude .hg -resolve-src-symlinks -rename /tmp/slumber-repair-derived/Build/Intermediates.noindex/Supabase.build/Debug-iphonesimulator/Supabase.build/Objects-normal/arm64/Supabase.swiftsourceinfo /tmp/slumber-repair-derived/Build/Products/Debug-iphonesimulator/Supabase.swiftmodule/Project/arm64-apple-ios-simulator.swiftsourceinfo

Ld /tmp/slumber-repair-derived/Build/Intermediates.noindex/Supabase.build/Debug-iphonesimulator/Supabase.build/Objects-normal/arm64/Binary/Supabase.o normal arm64 (in target 'Supabase' from project 'Supabase')
    cd /tmp/slumber-repair-derived/SourcePackages/checkouts/supabase-swift
    /Applications/Xcode.app/Contents/Developer/Toolchains/XcodeDefault.xctoolchain/usr/bin/clang -Xlinker -reproducible -target arm64-apple-ios16.0-simulator -r -isysroot /Applications/Xcode.app/Contents/Developer/Platforms/iPhoneSimulator.platform/Developer/SDKs/iPhoneSimulator26.5.sdk -O0 -w -F/tmp/slumber-repair-derived/Build/Intermediates.noindex/EagerLinkingTBDs/Debug-iphonesimulator -F/tmp/slumber-repair-derived/Build/Products/Debug-iphonesimulator/PackageFrameworks -F/tmp/slumber-repair-derived/Build/Products/Debug-iphonesimulator/PackageFrameworks -F/tmp/slumber-repair-derived/Build/Products/Debug-iphonesimulator/PackageFrameworks -F/tmp/slumber-repair-derived/Build/Products/Debug-iphonesimulator/PackageFrameworks -F/tmp/slumber-repair-derived/Build/Products/Debug-iphonesimulator/PackageFrameworks -F/tmp/slumber-repair-derived/Build/Products/Debug-iphonesimulator/PackageFrameworks -F/tmp/slumber-repair-derived/Build/Products/Debug-iphonesimulator/PackageFrameworks -F/tmp/slumber-repair-derived/Build/Products/Debug-iphonesimulator/PackageFrameworks -F/tmp/slumber-repair-derived/Build/Products/Debug-iphonesimulator/PackageFrameworks -F/tmp/slumber-repair-derived/Build/Products/Debug-iphonesimulator/PackageFrameworks -F/tmp/slumber-repair-derived/Build/Products/Debug-iphonesimulator/PackageFrameworks -F/tmp/slumber-repair-derived/Build/Products/Debug-iphonesimulator/PackageFrameworks -F/tmp/slumber-repair-derived/Build/Products/Debug-iphonesimulator/PackageFrameworks -F/tmp/slumber-repair-derived/Build/Products/Debug-iphonesimulator -iframework /Applications/Xcode.app/Contents/Developer/Platforms/iPhoneSimulator.platform/Developer/Library/Frameworks -iframework /Applications/Xcode.app/Contents/Developer/Platforms/iPhoneSimulator.platform/Developer/SDKs/iPhoneSimulator26.5.sdk/Developer/Library/Frameworks -filelist /tmp/slumber-repair-derived/Build/Intermediates.noindex/Supabase.build/Debug-iphonesimulator/Supabase.build/Objects-normal/arm64/Supabase.LinkFileList -nostdlib -Xlinker -object_path_lto -Xlinker /tmp/slumber-repair-derived/Build/Intermediates.noindex/Supabase.build/Debug-iphonesimulator/Supabase.build/Objects-normal/arm64/Supabase_lto.o -Xlinker -no_deduplicate -Xlinker -objc_abi_version -Xlinker 2 -Xlinker -dependency_info -Xlinker /tmp/slumber-repair-derived/Build/Intermediates.noindex/Supabase.build/Debug-iphonesimulator/Supabase.build/Objects-normal/arm64/Supabase_dependency_info.dat -fobjc-link-runtime -L/Applications/Xcode.app/Contents/Developer/Toolchains/XcodeDefault.xctoolchain/usr/lib/swift/iphonesimulator -L/usr/lib/swift -Xlinker -add_ast_path -Xlinker /tmp/slumber-repair-derived/Build/Intermediates.noindex/Supabase.build/Debug-iphonesimulator/Supabase.build/Objects-normal/arm64/Supabase.swiftmodule @/tmp/slumber-repair-derived/Build/Intermediates.noindex/Supabase.build/Debug-iphonesimulator/Supabase.build/Objects-normal/arm64/Supabase-linker-args.resp -o /tmp/slumber-repair-derived/Build/Intermediates.noindex/Supabase.build/Debug-iphonesimulator/Supabase.build/Objects-normal/arm64/Binary/Supabase.o

ProcessProductPackaging /Users/ngawangchime/Desktop/Developer\ Projects/Phone\ in\ the\ Other\ Room/PhoneInTheOtherRoomApp/PhoneInTheOtherRoom.debug.entitlements /tmp/slumber-repair-derived/Build/Intermediates.noindex/PhoneInTheOtherRoom.build/Debug-iphonesimulator/PhoneInTheOtherRoom.build/Counting\ Sheep.app.xcent (in target 'PhoneInTheOtherRoom' from project 'PhoneInTheOtherRoom')
    cd /Users/ngawangchime/Desktop/Developer\ Projects/Phone\ in\ the\ Other\ Room

    Entitlements:

    {
}

    builtin-productPackagingUtility /Users/ngawangchime/Desktop/Developer\ Projects/Phone\ in\ the\ Other\ Room/PhoneInTheOtherRoomApp/PhoneInTheOtherRoom.debug.entitlements -entitlements -format xml -o /tmp/slumber-repair-derived/Build/Intermediates.noindex/PhoneInTheOtherRoom.build/Debug-iphonesimulator/PhoneInTheOtherRoom.build/Counting\ Sheep.app.xcent

ProcessProductPackaging /Users/ngawangchime/Desktop/Developer\ Projects/Phone\ in\ the\ Other\ Room/PhoneInTheOtherRoomApp/PhoneInTheOtherRoom.debug.entitlements /tmp/slumber-repair-derived/Build/Intermediates.noindex/PhoneInTheOtherRoom.build/Debug-iphonesimulator/PhoneInTheOtherRoom.build/Counting\ Sheep.app-Simulated.xcent (in target 'PhoneInTheOtherRoom' from project 'PhoneInTheOtherRoom')
    cd /Users/ngawangchime/Desktop/Developer\ Projects/Phone\ in\ the\ Other\ Room

    Entitlements:

    {
    "application-identifier" = "4KZQPZR47B.com.ngawangchime.countingsheep";
    "aps-environment" = development;
    "com.apple.developer.applesignin" =     (
        Default
    );
    "com.apple.developer.family-controls" = 1;
    "com.apple.developer.healthkit" = 1;
    "com.apple.developer.nfc.readersession.formats" =     (
        TAG
    );
    "com.apple.security.application-groups" =     (
        "group.com.ngawangchime.countingsheep"
    );
}

    builtin-productPackagingUtility /Users/ngawangchime/Desktop/Developer\ Projects/Phone\ in\ the\ Other\ Room/PhoneInTheOtherRoomApp/PhoneInTheOtherRoom.debug.entitlements -entitlements -format xml -o /tmp/slumber-repair-derived/Build/Intermediates.noindex/PhoneInTheOtherRoom.build/Debug-iphonesimulator/PhoneInTheOtherRoom.build/Counting\ Sheep.app-Simulated.xcent

ProcessProductPackagingDER /tmp/slumber-repair-derived/Build/Intermediates.noindex/PhoneInTheOtherRoom.build/Debug-iphonesimulator/PhoneInTheOtherRoom.build/Counting\ Sheep.app.xcent /tmp/slumber-repair-derived/Build/Intermediates.noindex/PhoneInTheOtherRoom.build/Debug-iphonesimulator/PhoneInTheOtherRoom.build/Counting\ Sheep.app.xcent.der (in target 'PhoneInTheOtherRoom' from project 'PhoneInTheOtherRoom')
    cd /Users/ngawangchime/Desktop/Developer\ Projects/Phone\ in\ the\ Other\ Room
    /usr/bin/derq query -f xml -i /tmp/slumber-repair-derived/Build/Intermediates.noindex/PhoneInTheOtherRoom.build/Debug-iphonesimulator/PhoneInTheOtherRoom.build/Counting\ Sheep.app.xcent -o /tmp/slumber-repair-derived/Build/Intermediates.noindex/PhoneInTheOtherRoom.build/Debug-iphonesimulator/PhoneInTheOtherRoom.build/Counting\ Sheep.app.xcent.der --raw

ProcessProductPackagingDER /tmp/slumber-repair-derived/Build/Intermediates.noindex/PhoneInTheOtherRoom.build/Debug-iphonesimulator/PhoneInTheOtherRoom.build/Counting\ Sheep.app-Simulated.xcent /tmp/slumber-repair-derived/Build/Intermediates.noindex/PhoneInTheOtherRoom.build/Debug-iphonesimulator/PhoneInTheOtherRoom.build/Counting\ Sheep.app-Simulated.xcent.der (in target 'PhoneInTheOtherRoom' from project 'PhoneInTheOtherRoom')
    cd /Users/ngawangchime/Desktop/Developer\ Projects/Phone\ in\ the\ Other\ Room
    /usr/bin/derq query -f xml -i /tmp/slumber-repair-derived/Build/Intermediates.noindex/PhoneInTheOtherRoom.build/Debug-iphonesimulator/PhoneInTheOtherRoom.build/Counting\ Sheep.app-Simulated.xcent -o /tmp/slumber-repair-derived/Build/Intermediates.noindex/PhoneInTheOtherRoom.build/Debug-iphonesimulator/PhoneInTheOtherRoom.build/Counting\ Sheep.app-Simulated.xcent.der --raw

SwiftDriver PhoneInTheOtherRoom normal x86_64 com.apple.xcode.tools.swift.compiler (in target 'PhoneInTheOtherRoom' from project 'PhoneInTheOtherRoom')
    cd /Users/ngawangchime/Desktop/Developer\ Projects/Phone\ in\ the\ Other\ Room
    builtin-SwiftDriver -- /Applications/Xcode.app/Contents/Developer/Toolchains/XcodeDefault.xctoolchain/usr/bin/swiftc -module-name Counting_Sheep -Onone @/tmp/slumber-repair-derived/Build/Intermediates.noindex/PhoneInTheOtherRoom.build/Debug-iphonesimulator/PhoneInTheOtherRoom.build/Objects-normal/x86_64/Counting\ Sheep.SwiftFileList -DDEBUG -DSCREEN_TIME_REPORTS -enable-bare-slash-regex -enable-experimental-feature DebugDescriptionMacro -sdk /Applications/Xcode.app/Contents/Developer/Platforms/iPhoneSimulator.platform/Developer/SDKs/iPhoneSimulator26.5.sdk -target x86_64-apple-ios17.0-simulator -g -module-cache-path /tmp/slumber-repair-derived/ModuleCache.noindex -Xfrontend -serialize-debugging-options -enable-testing -index-store-path /tmp/slumber-repair-derived/Index.noindex/DataStore -Xcc -D_LIBCPP_HARDENING_MODE\=_LIBCPP_HARDENING_MODE_DEBUG -swift-version 5 -I /tmp/slumber-repair-derived/Build/Products/Debug-iphonesimulator -F /tmp/slumber-repair-derived/Build/Products/Debug-iphonesimulator/PackageFrameworks -F /tmp/slumber-repair-derived/Build/Products/Debug-iphonesimulator/PackageFrameworks -F /tmp/slumber-repair-derived/Build/Products/Debug-iphonesimulator/PackageFrameworks -F /tmp/slumber-repair-derived/Build/Products/Debug-iphonesimulator/PackageFrameworks -F /tmp/slumber-repair-derived/Build/Products/Debug-iphonesimulator/PackageFrameworks -F /tmp/slumber-repair-derived/Build/Products/Debug-iphonesimulator/PackageFrameworks -F /tmp/slumber-repair-derived/Build/Products/Debug-iphonesimulator/PackageFrameworks -F /tmp/slumber-repair-derived/Build/Products/Debug-iphonesimulator/PackageFrameworks -F /tmp/slumber-repair-derived/Build/Products/Debug-iphonesimulator/PackageFrameworks -F /tmp/slumber-repair-derived/Build/Products/Debug-iphonesimulator/PackageFrameworks -F /tmp/slumber-repair-derived/Build/Products/Debug-iphonesimulator/PackageFrameworks -F /tmp/slumber-repair-derived/Build/Products/Debug-iphonesimulator/PackageFrameworks -F /tmp/slumber-repair-derived/Build/Products/Debug-iphonesimulator/PackageFrameworks -F /tmp/slumber-repair-derived/Build/Products/Debug-iphonesimulator/PackageFrameworks -F /tmp/slumber-repair-derived/Build/Products/Debug-iphonesimulator -c -j8 -enable-batch-mode -incremental -Xcc -ivfsstatcache -Xcc /tmp/slumber-repair-derived/SDKStatCaches.noindex/iphonesimulator26.5-23F81a-6cfe768891a92b912361537c460fe42b.sdkstatcache -output-file-map /tmp/slumber-repair-derived/Build/Intermediates.noindex/PhoneInTheOtherRoom.build/Debug-iphonesimulator/PhoneInTheOtherRoom.build/Objects-normal/x86_64/PhoneInTheOtherRoom-OutputFileMap.json -use-frontend-parseable-output -save-temps -no-color-diagnostics -explicit-module-build -module-cache-path /tmp/slumber-repair-derived/Build/Intermediates.noindex/SwiftExplicitPrecompiledModules -clang-scanner-module-cache-path /tmp/slumber-repair-derived/ModuleCache.noindex -sdk-module-cache-path /tmp/slumber-repair-derived/ModuleCache.noindex -serialize-diagnostics -emit-dependencies -emit-module -emit-module-path /tmp/slumber-repair-derived/Build/Intermediates.noindex/PhoneInTheOtherRoom.build/Debug-iphonesimulator/PhoneInTheOtherRoom.build/Objects-normal/x86_64/Counting_Sheep.swiftmodule -validate-clang-modules-once -clang-build-session-file /tmp/slumber-repair-derived/ModuleCache.noindex/Session.modulevalidation -Xcc -I/tmp/slumber-repair-derived/Build/Intermediates.noindex/PhoneInTheOtherRoom.build/Debug-iphonesimulator/PhoneInTheOtherRoom.build/swift-overrides.hmap -emit-const-values -Xfrontend -const-gather-protocols-file -Xfrontend /tmp/slumber-repair-derived/Build/Intermediates.noindex/PhoneInTheOtherRoom.build/Debug-iphonesimulator/PhoneInTheOtherRoom.build/Objects-normal/x86_64/PhoneInTheOtherRoom_const_extract_protocols.json -Xcc -iquote -Xcc /tmp/slumber-repair-derived/Build/Intermediates.noindex/PhoneInTheOtherRoom.build/Debug-iphonesimulator/PhoneInTheOtherRoom.build/Counting\ Sheep-generated-files.hmap -Xcc -I/tmp/slumber-repair-derived/Build/Intermediates.noindex/PhoneInTheOtherRoom.build/Debug-iphonesimulator/PhoneInTheOtherRoom.build/Counting\ Sheep-own-target-headers.hmap -Xcc -I/tmp/slumber-repair-derived/Build/Intermediates.noindex/PhoneInTheOtherRoom.build/Debug-iphonesimulator/PhoneInTheOtherRoom.build/Counting\ Sheep-all-non-framework-target-headers.hmap -Xcc -ivfsoverlay -Xcc /tmp/slumber-repair-derived/Build/Intermediates.noindex/PhoneInTheOtherRoom.build/Debug-iphonesimulator/PhoneInTheOtherRoom-d9a00fb94435e678319518e524e23875-VFS-iphonesimulator/all-product-headers.yaml -Xcc -iquote -Xcc /tmp/slumber-repair-derived/Build/Intermediates.noindex/PhoneInTheOtherRoom.build/Debug-iphonesimulator/PhoneInTheOtherRoom.build/Counting\ Sheep-project-headers.hmap -Xcc -I/tmp/slumber-repair-derived/Build/Products/Debug-iphonesimulator/include -Xcc -I/tmp/slumber-repair-derived/Build/Intermediates.noindex/PhoneInTheOtherRoom.build/Debug-iphonesimulator/PhoneInTheOtherRoom.build/DerivedSources-normal/x86_64 -Xcc -I/tmp/slumber-repair-derived/Build/Intermediates.noindex/PhoneInTheOtherRoom.build/Debug-iphonesimulator/PhoneInTheOtherRoom.build/DerivedSources/x86_64 -Xcc -I/tmp/slumber-repair-derived/Build/Intermediates.noindex/PhoneInTheOtherRoom.build/Debug-iphonesimulator/PhoneInTheOtherRoom.build/DerivedSources -Xcc -DDEBUG\=1 -emit-objc-header -emit-objc-header-path /tmp/slumber-repair-derived/Build/Intermediates.noindex/PhoneInTheOtherRoom.build/Debug-iphonesimulator/PhoneInTheOtherRoom.build/Objects-normal/x86_64/Counting_Sheep-Swift.h -working-directory /Users/ngawangchime/Desktop/Developer\ Projects/Phone\ in\ the\ Other\ Room -experimental-emit-module-separately -disable-cmo

SwiftDriver PhoneInTheOtherRoom normal arm64 com.apple.xcode.tools.swift.compiler (in target 'PhoneInTheOtherRoom' from project 'PhoneInTheOtherRoom')
    cd /Users/ngawangchime/Desktop/Developer\ Projects/Phone\ in\ the\ Other\ Room
    builtin-SwiftDriver -- /Applications/Xcode.app/Contents/Developer/Toolchains/XcodeDefault.xctoolchain/usr/bin/swiftc -module-name Counting_Sheep -Onone @/tmp/slumber-repair-derived/Build/Intermediates.noindex/PhoneInTheOtherRoom.build/Debug-iphonesimulator/PhoneInTheOtherRoom.build/Objects-normal/arm64/Counting\ Sheep.SwiftFileList -DDEBUG -DSCREEN_TIME_REPORTS -enable-bare-slash-regex -enable-experimental-feature DebugDescriptionMacro -sdk /Applications/Xcode.app/Contents/Developer/Platforms/iPhoneSimulator.platform/Developer/SDKs/iPhoneSimulator26.5.sdk -target arm64-apple-ios17.0-simulator -g -module-cache-path /tmp/slumber-repair-derived/ModuleCache.noindex -Xfrontend -serialize-debugging-options -enable-testing -index-store-path /tmp/slumber-repair-derived/Index.noindex/DataStore -Xcc -D_LIBCPP_HARDENING_MODE\=_LIBCPP_HARDENING_MODE_DEBUG -swift-version 5 -I /tmp/slumber-repair-derived/Build/Products/Debug-iphonesimulator -F /tmp/slumber-repair-derived/Build/Products/Debug-iphonesimulator/PackageFrameworks -F /tmp/slumber-repair-derived/Build/Products/Debug-iphonesimulator/PackageFrameworks -F /tmp/slumber-repair-derived/Build/Products/Debug-iphonesimulator/PackageFrameworks -F /tmp/slumber-repair-derived/Build/Products/Debug-iphonesimulator/PackageFrameworks -F /tmp/slumber-repair-derived/Build/Products/Debug-iphonesimulator/PackageFrameworks -F /tmp/slumber-repair-derived/Build/Products/Debug-iphonesimulator/PackageFrameworks -F /tmp/slumber-repair-derived/Build/Products/Debug-iphonesimulator/PackageFrameworks -F /tmp/slumber-repair-derived/Build/Products/Debug-iphonesimulator/PackageFrameworks -F /tmp/slumber-repair-derived/Build/Products/Debug-iphonesimulator/PackageFrameworks -F /tmp/slumber-repair-derived/Build/Products/Debug-iphonesimulator/PackageFrameworks -F /tmp/slumber-repair-derived/Build/Products/Debug-iphonesimulator/PackageFrameworks -F /tmp/slumber-repair-derived/Build/Products/Debug-iphonesimulator/PackageFrameworks -F /tmp/slumber-repair-derived/Build/Products/Debug-iphonesimulator/PackageFrameworks -F /tmp/slumber-repair-derived/Build/Products/Debug-iphonesimulator/PackageFrameworks -F /tmp/slumber-repair-derived/Build/Products/Debug-iphonesimulator -c -j8 -enable-batch-mode -incremental -Xcc -ivfsstatcache -Xcc /tmp/slumber-repair-derived/SDKStatCaches.noindex/iphonesimulator26.5-23F81a-6cfe768891a92b912361537c460fe42b.sdkstatcache -output-file-map /tmp/slumber-repair-derived/Build/Intermediates.noindex/PhoneInTheOtherRoom.build/Debug-iphonesimulator/PhoneInTheOtherRoom.build/Objects-normal/arm64/PhoneInTheOtherRoom-OutputFileMap.json -use-frontend-parseable-output -save-temps -no-color-diagnostics -explicit-module-build -module-cache-path /tmp/slumber-repair-derived/Build/Intermediates.noindex/SwiftExplicitPrecompiledModules -clang-scanner-module-cache-path /tmp/slumber-repair-derived/ModuleCache.noindex -sdk-module-cache-path /tmp/slumber-repair-derived/ModuleCache.noindex -serialize-diagnostics -emit-dependencies -emit-module -emit-module-path /tmp/slumber-repair-derived/Build/Intermediates.noindex/PhoneInTheOtherRoom.build/Debug-iphonesimulator/PhoneInTheOtherRoom.build/Objects-normal/arm64/Counting_Sheep.swiftmodule -validate-clang-modules-once -clang-build-session-file /tmp/slumber-repair-derived/ModuleCache.noindex/Session.modulevalidation -Xcc -I/tmp/slumber-repair-derived/Build/Intermediates.noindex/PhoneInTheOtherRoom.build/Debug-iphonesimulator/PhoneInTheOtherRoom.build/swift-overrides.hmap -emit-const-values -Xfrontend -const-gather-protocols-file -Xfrontend /tmp/slumber-repair-derived/Build/Intermediates.noindex/PhoneInTheOtherRoom.build/Debug-iphonesimulator/PhoneInTheOtherRoom.build/Objects-normal/arm64/PhoneInTheOtherRoom_const_extract_protocols.json -Xcc -iquote -Xcc /tmp/slumber-repair-derived/Build/Intermediates.noindex/PhoneInTheOtherRoom.build/Debug-iphonesimulator/PhoneInTheOtherRoom.build/Counting\ Sheep-generated-files.hmap -Xcc -I/tmp/slumber-repair-derived/Build/Intermediates.noindex/PhoneInTheOtherRoom.build/Debug-iphonesimulator/PhoneInTheOtherRoom.build/Counting\ Sheep-own-target-headers.hmap -Xcc -I/tmp/slumber-repair-derived/Build/Intermediates.noindex/PhoneInTheOtherRoom.build/Debug-iphonesimulator/PhoneInTheOtherRoom.build/Counting\ Sheep-all-non-framework-target-headers.hmap -Xcc -ivfsoverlay -Xcc /tmp/slumber-repair-derived/Build/Intermediates.noindex/PhoneInTheOtherRoom.build/Debug-iphonesimulator/PhoneInTheOtherRoom-d9a00fb94435e678319518e524e23875-VFS-iphonesimulator/all-product-headers.yaml -Xcc -iquote -Xcc /tmp/slumber-repair-derived/Build/Intermediates.noindex/PhoneInTheOtherRoom.build/Debug-iphonesimulator/PhoneInTheOtherRoom.build/Counting\ Sheep-project-headers.hmap -Xcc -I/tmp/slumber-repair-derived/Build/Products/Debug-iphonesimulator/include -Xcc -I/tmp/slumber-repair-derived/Build/Intermediates.noindex/PhoneInTheOtherRoom.build/Debug-iphonesimulator/PhoneInTheOtherRoom.build/DerivedSources-normal/arm64 -Xcc -I/tmp/slumber-repair-derived/Build/Intermediates.noindex/PhoneInTheOtherRoom.build/Debug-iphonesimulator/PhoneInTheOtherRoom.build/DerivedSources/arm64 -Xcc -I/tmp/slumber-repair-derived/Build/Intermediates.noindex/PhoneInTheOtherRoom.build/Debug-iphonesimulator/PhoneInTheOtherRoom.build/DerivedSources -Xcc -DDEBUG\=1 -emit-objc-header -emit-objc-header-path /tmp/slumber-repair-derived/Build/Intermediates.noindex/PhoneInTheOtherRoom.build/Debug-iphonesimulator/PhoneInTheOtherRoom.build/Objects-normal/arm64/Counting_Sheep-Swift.h -working-directory /Users/ngawangchime/Desktop/Developer\ Projects/Phone\ in\ the\ Other\ Room -experimental-emit-module-separately -disable-cmo

CompileAssetCatalogVariant thinned /tmp/slumber-repair-derived/Build/Products/Debug-iphonesimulator/Counting\ Sheep.app /Users/ngawangchime/Desktop/Developer\ Projects/Phone\ in\ the\ Other\ Room/Assets.xcassets (in target 'PhoneInTheOtherRoom' from project 'PhoneInTheOtherRoom')
    cd /Users/ngawangchime/Desktop/Developer\ Projects/Phone\ in\ the\ Other\ Room
    /Applications/Xcode.app/Contents/Developer/usr/bin/actool /Users/ngawangchime/Desktop/Developer\ Projects/Phone\ in\ the\ Other\ Room/Assets.xcassets --compile /tmp/slumber-repair-derived/Build/Intermediates.noindex/PhoneInTheOtherRoom.build/Debug-iphonesimulator/PhoneInTheOtherRoom.build/assetcatalog_output/thinned --output-format human-readable-text --notices --warnings --export-dependency-info /tmp/slumber-repair-derived/Build/Intermediates.noindex/PhoneInTheOtherRoom.build/Debug-iphonesimulator/PhoneInTheOtherRoom.build/assetcatalog_dependencies_thinned --output-partial-info-plist /tmp/slumber-repair-derived/Build/Intermediates.noindex/PhoneInTheOtherRoom.build/Debug-iphonesimulator/PhoneInTheOtherRoom.build/assetcatalog_generated_info.plist_thinned --app-icon AppIcon --compress-pngs --enable-on-demand-resources YES --development-region en --target-device iphone --minimum-deployment-target 17.0 --platform iphonesimulator
/* com.apple.actool.compilation-results */
/tmp/slumber-repair-derived/Build/Intermediates.noindex/PhoneInTheOtherRoom.build/Debug-iphonesimulator/PhoneInTheOtherRoom.build/assetcatalog_generated_info.plist_thinned
/tmp/slumber-repair-derived/Build/Intermediates.noindex/PhoneInTheOtherRoom.build/Debug-iphonesimulator/PhoneInTheOtherRoom.build/assetcatalog_output/thinned/AppIcon60x60@2x.png
/tmp/slumber-repair-derived/Build/Intermediates.noindex/PhoneInTheOtherRoom.build/Debug-iphonesimulator/PhoneInTheOtherRoom.build/assetcatalog_output/thinned/AppIcon76x76@2x~ipad.png
/tmp/slumber-repair-derived/Build/Intermediates.noindex/PhoneInTheOtherRoom.build/Debug-iphonesimulator/PhoneInTheOtherRoom.build/assetcatalog_output/thinned/Assets.car


CreateUniversalBinary /tmp/slumber-repair-derived/Build/Products/Debug-iphonesimulator/Supabase.o normal arm64\ x86_64 (in target 'Supabase' from project 'Supabase')
    cd /tmp/slumber-repair-derived/SourcePackages/checkouts/supabase-swift
    /Applications/Xcode.app/Contents/Developer/Toolchains/XcodeDefault.xctoolchain/usr/bin/lipo -create /tmp/slumber-repair-derived/Build/Intermediates.noindex/Supabase.build/Debug-iphonesimulator/Supabase.build/Objects-normal/arm64/Binary/Supabase.o /tmp/slumber-repair-derived/Build/Intermediates.noindex/Supabase.build/Debug-iphonesimulator/Supabase.build/Objects-normal/x86_64/Binary/Supabase.o -output /tmp/slumber-repair-derived/Build/Products/Debug-iphonesimulator/Supabase.o

ExtractAppIntentsMetadata (in target 'Supabase' from project 'Supabase')
    cd /tmp/slumber-repair-derived/SourcePackages/checkouts/supabase-swift
    /Applications/Xcode.app/Contents/Developer/Toolchains/XcodeDefault.xctoolchain/usr/bin/appintentsmetadataprocessor --toolchain-dir /Applications/Xcode.app/Contents/Developer/Toolchains/XcodeDefault.xctoolchain --module-name Supabase --sdk-root /Applications/Xcode.app/Contents/Developer/Platforms/iPhoneSimulator.platform/Developer/SDKs/iPhoneSimulator26.5.sdk --xcode-version 17F113 --platform-family iOS --deployment-target 16.0 --bundle-identifier supabase-swift.Supabase --output /tmp/slumber-repair-derived/Build/Products/Debug-iphonesimulator/Supabase.appintents --target-triple arm64-apple-ios16.0-simulator --target-triple x86_64-apple-ios16.0-simulator --binary-file /tmp/slumber-repair-derived/Build/Products/Debug-iphonesimulator/Supabase.o --dependency-file /tmp/slumber-repair-derived/Build/Intermediates.noindex/Supabase.build/Debug-iphonesimulator/Supabase.build/Objects-normal/arm64/Supabase_dependency_info.dat --dependency-file /tmp/slumber-repair-derived/Build/Intermediates.noindex/Supabase.build/Debug-iphonesimulator/Supabase.build/Objects-normal/x86_64/Supabase_dependency_info.dat --stringsdata-file /tmp/slumber-repair-derived/Build/Intermediates.noindex/Supabase.build/Debug-iphonesimulator/Supabase.build/Objects-normal/arm64/ExtractedAppShortcutsMetadata.stringsdata --stringsdata-file /tmp/slumber-repair-derived/Build/Intermediates.noindex/Supabase.build/Debug-iphonesimulator/Supabase.build/Objects-normal/x86_64/ExtractedAppShortcutsMetadata.stringsdata --source-file-list /tmp/slumber-repair-derived/Build/Intermediates.noindex/Supabase.build/Debug-iphonesimulator/Supabase.build/Objects-normal/arm64/Supabase.SwiftFileList --source-file-list /tmp/slumber-repair-derived/Build/Intermediates.noindex/Supabase.build/Debug-iphonesimulator/Supabase.build/Objects-normal/x86_64/Supabase.SwiftFileList --metadata-file-list /tmp/slumber-repair-derived/Build/Intermediates.noindex/Supabase.build/Debug-iphonesimulator/Supabase.build/Supabase.DependencyMetadataFileList --static-metadata-file-list /tmp/slumber-repair-derived/Build/Intermediates.noindex/Supabase.build/Debug-iphonesimulator/Supabase.build/Supabase.DependencyStaticMetadataFileList --swift-const-vals-list /tmp/slumber-repair-derived/Build/Intermediates.noindex/Supabase.build/Debug-iphonesimulator/Supabase.build/Objects-normal/arm64/Supabase.SwiftConstValuesFileList --swift-const-vals-list /tmp/slumber-repair-derived/Build/Intermediates.noindex/Supabase.build/Debug-iphonesimulator/Supabase.build/Objects-normal/x86_64/Supabase.SwiftConstValuesFileList --force --compile-time-extraction --deployment-aware-processing --validate-assistant-intents --no-app-shortcuts-localization
2026-09-21 22:33:22.157 appintentsmetadataprocessor[83145:8803597] Starting appintentsmetadataprocessor export
2026-09-21 22:33:22.176 appintentsmetadataprocessor[83145:8803597] Extracted no relevant App Intents symbols, skipping writing output

RegisterExecutionPolicyException /tmp/slumber-repair-derived/Build/Products/Debug-iphonesimulator/Supabase.o (in target 'Supabase' from project 'Supabase')
    cd /tmp/slumber-repair-derived/SourcePackages/checkouts/supabase-swift
    builtin-RegisterExecutionPolicyException /tmp/slumber-repair-derived/Build/Products/Debug-iphonesimulator/Supabase.o

LinkAssetCatalog /Users/ngawangchime/Desktop/Developer\ Projects/Phone\ in\ the\ Other\ Room/PhoneInTheOtherRoomShieldConfiguration/Assets.xcassets (in target 'PhoneInTheOtherRoomShieldConfiguration' from project 'PhoneInTheOtherRoom')
    cd /Users/ngawangchime/Desktop/Developer\ Projects/Phone\ in\ the\ Other\ Room
    builtin-linkAssetCatalog --thinned /tmp/slumber-repair-derived/Build/Intermediates.noindex/PhoneInTheOtherRoom.build/Debug-iphonesimulator/PhoneInTheOtherRoomShieldConfiguration.build/assetcatalog_output/thinned --thinned-dependencies /tmp/slumber-repair-derived/Build/Intermediates.noindex/PhoneInTheOtherRoom.build/Debug-iphonesimulator/PhoneInTheOtherRoomShieldConfiguration.build/assetcatalog_dependencies_thinned --thinned-info-plist-content /tmp/slumber-repair-derived/Build/Intermediates.noindex/PhoneInTheOtherRoom.build/Debug-iphonesimulator/PhoneInTheOtherRoomShieldConfiguration.build/assetcatalog_generated_info.plist_thinned --unthinned /tmp/slumber-repair-derived/Build/Intermediates.noindex/PhoneInTheOtherRoom.build/Debug-iphonesimulator/PhoneInTheOtherRoomShieldConfiguration.build/assetcatalog_output/unthinned --unthinned-dependencies /tmp/slumber-repair-derived/Build/Intermediates.noindex/PhoneInTheOtherRoom.build/Debug-iphonesimulator/PhoneInTheOtherRoomShieldConfiguration.build/assetcatalog_dependencies_unthinned --unthinned-info-plist-content /tmp/slumber-repair-derived/Build/Intermediates.noindex/PhoneInTheOtherRoom.build/Debug-iphonesimulator/PhoneInTheOtherRoomShieldConfiguration.build/assetcatalog_generated_info.plist_unthinned --output /tmp/slumber-repair-derived/Build/Products/Debug-iphonesimulator/Counting\ Sheep\ Wind\ Down\ Shield.appex --plist-output /tmp/slumber-repair-derived/Build/Intermediates.noindex/PhoneInTheOtherRoom.build/Debug-iphonesimulator/PhoneInTheOtherRoomShieldConfiguration.build/assetcatalog_generated_info.plist
note: Emplaced /tmp/slumber-repair-derived/Build/Products/Debug-iphonesimulator/Counting Sheep Wind Down Shield.appex/Assets.car (in target 'PhoneInTheOtherRoomShieldConfiguration' from project 'PhoneInTheOtherRoom')

ProcessInfoPlistFile /tmp/slumber-repair-derived/Build/Products/Debug-iphonesimulator/Counting\ Sheep\ Wind\ Down\ Shield.appex/Info.plist /Users/ngawangchime/Desktop/Developer\ Projects/Phone\ in\ the\ Other\ Room/PhoneInTheOtherRoomShieldConfiguration/Info.plist (in target 'PhoneInTheOtherRoomShieldConfiguration' from project 'PhoneInTheOtherRoom')
    cd /Users/ngawangchime/Desktop/Developer\ Projects/Phone\ in\ the\ Other\ Room
    builtin-infoPlistUtility /Users/ngawangchime/Desktop/Developer\ Projects/Phone\ in\ the\ Other\ Room/PhoneInTheOtherRoomShieldConfiguration/Info.plist -producttype com.apple.product-type.app-extension -expandbuildsettings -format binary -platform iphonesimulator -additionalcontentfile /tmp/slumber-repair-derived/Build/Intermediates.noindex/PhoneInTheOtherRoom.build/Debug-iphonesimulator/PhoneInTheOtherRoomShieldConfiguration.build/assetcatalog_generated_info.plist -o /tmp/slumber-repair-derived/Build/Products/Debug-iphonesimulator/Counting\ Sheep\ Wind\ Down\ Shield.appex/Info.plist

ExtractAppIntentsMetadata (in target 'PhoneInTheOtherRoomShieldConfiguration' from project 'PhoneInTheOtherRoom')
    cd /Users/ngawangchime/Desktop/Developer\ Projects/Phone\ in\ the\ Other\ Room
    /Applications/Xcode.app/Contents/Developer/Toolchains/XcodeDefault.xctoolchain/usr/bin/appintentsmetadataprocessor --toolchain-dir /Applications/Xcode.app/Contents/Developer/Toolchains/XcodeDefault.xctoolchain --module-name Counting_Sheep_Wind_Down_Shield --sdk-root /Applications/Xcode.app/Contents/Developer/Platforms/iPhoneSimulator.platform/Developer/SDKs/iPhoneSimulator26.5.sdk --xcode-version 17F113 --platform-family iOS --deployment-target 17.0 --bundle-identifier com.ngawangchime.countingsheep.ShieldConfiguration --output /tmp/slumber-repair-derived/Build/Products/Debug-iphonesimulator/Counting\ Sheep\ Wind\ Down\ Shield.appex --target-triple arm64-apple-ios17.0-simulator --target-triple x86_64-apple-ios17.0-simulator --binary-file /tmp/slumber-repair-derived/Build/Products/Debug-iphonesimulator/Counting\ Sheep\ Wind\ Down\ Shield.appex/Counting\ Sheep\ Wind\ Down\ Shield --dependency-file /tmp/slumber-repair-derived/Build/Intermediates.noindex/PhoneInTheOtherRoom.build/Debug-iphonesimulator/PhoneInTheOtherRoomShieldConfiguration.build/Objects-normal/arm64/Counting\ Sheep\ Wind\ Down\ Shield_dependency_info.dat --dependency-file /tmp/slumber-repair-derived/Build/Intermediates.noindex/PhoneInTheOtherRoom.build/Debug-iphonesimulator/PhoneInTheOtherRoomShieldConfiguration.build/Objects-normal/x86_64/Counting\ Sheep\ Wind\ Down\ Shield_dependency_info.dat --stringsdata-file /tmp/slumber-repair-derived/Build/Intermediates.noindex/PhoneInTheOtherRoom.build/Debug-iphonesimulator/PhoneInTheOtherRoomShieldConfiguration.build/Objects-normal/arm64/ExtractedAppShortcutsMetadata.stringsdata --stringsdata-file /tmp/slumber-repair-derived/Build/Intermediates.noindex/PhoneInTheOtherRoom.build/Debug-iphonesimulator/PhoneInTheOtherRoomShieldConfiguration.build/Objects-normal/x86_64/ExtractedAppShortcutsMetadata.stringsdata --source-file-list /tmp/slumber-repair-derived/Build/Intermediates.noindex/PhoneInTheOtherRoom.build/Debug-iphonesimulator/PhoneInTheOtherRoomShieldConfiguration.build/Objects-normal/arm64/Counting\ Sheep\ Wind\ Down\ Shield.SwiftFileList --source-file-list /tmp/slumber-repair-derived/Build/Intermediates.noindex/PhoneInTheOtherRoom.build/Debug-iphonesimulator/PhoneInTheOtherRoomShieldConfiguration.build/Objects-normal/x86_64/Counting\ Sheep\ Wind\ Down\ Shield.SwiftFileList --metadata-file-list /tmp/slumber-repair-derived/Build/Intermediates.noindex/PhoneInTheOtherRoom.build/Debug-iphonesimulator/PhoneInTheOtherRoomShieldConfiguration.build/Counting\ Sheep\ Wind\ Down\ Shield.DependencyMetadataFileList --static-metadata-file-list /tmp/slumber-repair-derived/Build/Intermediates.noindex/PhoneInTheOtherRoom.build/Debug-iphonesimulator/PhoneInTheOtherRoomShieldConfiguration.build/Counting\ Sheep\ Wind\ Down\ Shield.DependencyStaticMetadataFileList --swift-const-vals-list /tmp/slumber-repair-derived/Build/Intermediates.noindex/PhoneInTheOtherRoom.build/Debug-iphonesimulator/PhoneInTheOtherRoomShieldConfiguration.build/Objects-normal/arm64/Counting\ Sheep\ Wind\ Down\ Shield.SwiftConstValuesFileList --swift-const-vals-list /tmp/slumber-repair-derived/Build/Intermediates.noindex/PhoneInTheOtherRoom.build/Debug-iphonesimulator/PhoneInTheOtherRoomShieldConfiguration.build/Objects-normal/x86_64/Counting\ Sheep\ Wind\ Down\ Shield.SwiftConstValuesFileList --compile-time-extraction --deployment-aware-processing --validate-assistant-intents --no-app-shortcuts-localization
2026-09-21 22:33:27.621 appintentsmetadataprocessor[83155:8803837] Starting appintentsmetadataprocessor export
2026-09-21 22:33:27.649 appintentsmetadataprocessor[83155:8803837] warning: Metadata extraction skipped. No AppIntents.framework dependency found.

CodeSign /tmp/slumber-repair-derived/Build/Products/Debug-iphonesimulator/Counting\ Sheep\ Wind\ Down\ Shield.appex/Counting\ Sheep\ Wind\ Down\ Shield.debug.dylib (in target 'PhoneInTheOtherRoomShieldConfiguration' from project 'PhoneInTheOtherRoom')
    cd /Users/ngawangchime/Desktop/Developer\ Projects/Phone\ in\ the\ Other\ Room

    Signing Identity:     "Sign to Run Locally"

    /usr/bin/codesign --force --sign - --timestamp\=none --generate-entitlement-der /tmp/slumber-repair-derived/Build/Products/Debug-iphonesimulator/Counting\ Sheep\ Wind\ Down\ Shield.appex/Counting\ Sheep\ Wind\ Down\ Shield.debug.dylib

CodeSign /tmp/slumber-repair-derived/Build/Products/Debug-iphonesimulator/Counting\ Sheep\ Wind\ Down\ Shield.appex/__preview.dylib (in target 'PhoneInTheOtherRoomShieldConfiguration' from project 'PhoneInTheOtherRoom')
    cd /Users/ngawangchime/Desktop/Developer\ Projects/Phone\ in\ the\ Other\ Room

    Signing Identity:     "Sign to Run Locally"

    /usr/bin/codesign --force --sign - --timestamp\=none --generate-entitlement-der /tmp/slumber-repair-derived/Build/Products/Debug-iphonesimulator/Counting\ Sheep\ Wind\ Down\ Shield.appex/__preview.dylib
/tmp/slumber-repair-derived/Build/Products/Debug-iphonesimulator/Counting Sheep Wind Down Shield.appex/__preview.dylib: replacing existing signature

CodeSign /tmp/slumber-repair-derived/Build/Products/Debug-iphonesimulator/Counting\ Sheep\ Wind\ Down\ Shield.appex (in target 'PhoneInTheOtherRoomShieldConfiguration' from project 'PhoneInTheOtherRoom')
    cd /Users/ngawangchime/Desktop/Developer\ Projects/Phone\ in\ the\ Other\ Room

    Signing Identity:     "Sign to Run Locally"

    /usr/bin/codesign --force --sign - --entitlements /tmp/slumber-repair-derived/Build/Intermediates.noindex/PhoneInTheOtherRoom.build/Debug-iphonesimulator/PhoneInTheOtherRoomShieldConfiguration.build/Counting\ Sheep\ Wind\ Down\ Shield.appex.xcent --timestamp\=none --generate-entitlement-der /tmp/slumber-repair-derived/Build/Products/Debug-iphonesimulator/Counting\ Sheep\ Wind\ Down\ Shield.appex

SwiftCompile normal arm64 Compiling\ SlumberPartyRepairFixture.swift /Users/ngawangchime/Desktop/Developer\ Projects/Phone\ in\ the\ Other\ Room/PhoneInTheOtherRoomApp/Views/NightFlock/SlumberPartyRepairFixture.swift (in target 'PhoneInTheOtherRoom' from project 'PhoneInTheOtherRoom')

SwiftCompile normal arm64 /Users/ngawangchime/Desktop/Developer\ Projects/Phone\ in\ the\ Other\ Room/PhoneInTheOtherRoomApp/Views/NightFlock/SlumberPartyRepairFixture.swift (in target 'PhoneInTheOtherRoom' from project 'PhoneInTheOtherRoom')
    cd /Users/ngawangchime/Desktop/Developer\ Projects/Phone\ in\ the\ Other\ Room


SwiftEmitModule normal arm64 Emitting\ module\ for\ Counting_Sheep (in target 'PhoneInTheOtherRoom' from project 'PhoneInTheOtherRoom')
EmitSwiftModule normal arm64 (in target 'PhoneInTheOtherRoom' from project 'PhoneInTheOtherRoom')
    cd /Users/ngawangchime/Desktop/Developer\ Projects/Phone\ in\ the\ Other\ Room

/Users/ngawangchime/Desktop/Developer Projects/Phone in the Other Room/PhoneInTheOtherRoomApp/Services/FarmBackupService.swift:57:25: warning: 'init(url:schema:headers:fetch:encoder:decoder:)' is deprecated: Replace usages of this initializer with new init(url:schema:headers:logger:fetch:encoder:decoder:)
        let transport = PostgrestClient(url: configuration.url.appendingPathComponent("rest/v1"),
                        ^

SwiftEmitModule normal x86_64 Emitting\ module\ for\ Counting_Sheep (in target 'PhoneInTheOtherRoom' from project 'PhoneInTheOtherRoom')

EmitSwiftModule normal x86_64 (in target 'PhoneInTheOtherRoom' from project 'PhoneInTheOtherRoom')
    cd /Users/ngawangchime/Desktop/Developer\ Projects/Phone\ in\ the\ Other\ Room

/Users/ngawangchime/Desktop/Developer Projects/Phone in the Other Room/PhoneInTheOtherRoomApp/Services/FarmBackupService.swift:57:25: warning: 'init(url:schema:headers:fetch:encoder:decoder:)' is deprecated: Replace usages of this initializer with new init(url:schema:headers:logger:fetch:encoder:decoder:)
        let transport = PostgrestClient(url: configuration.url.appendingPathComponent("rest/v1"),
                        ^

SwiftCompile normal x86_64 Compiling\ SlumberPartyRepairFixture.swift /Users/ngawangchime/Desktop/Developer\ Projects/Phone\ in\ the\ Other\ Room/PhoneInTheOtherRoomApp/Views/NightFlock/SlumberPartyRepairFixture.swift (in target 'PhoneInTheOtherRoom' from project 'PhoneInTheOtherRoom')

SwiftCompile normal x86_64 /Users/ngawangchime/Desktop/Developer\ Projects/Phone\ in\ the\ Other\ Room/PhoneInTheOtherRoomApp/Views/NightFlock/SlumberPartyRepairFixture.swift (in target 'PhoneInTheOtherRoom' from project 'PhoneInTheOtherRoom')
    cd /Users/ngawangchime/Desktop/Developer\ Projects/Phone\ in\ the\ Other\ Room


SwiftDriverJobDiscovery normal x86_64 Compiling SlumberPartyRepairFixture.swift (in target 'PhoneInTheOtherRoom' from project 'PhoneInTheOtherRoom')

SwiftDriverJobDiscovery normal arm64 Compiling SlumberPartyRepairFixture.swift (in target 'PhoneInTheOtherRoom' from project 'PhoneInTheOtherRoom')

LinkAssetCatalog /Users/ngawangchime/Desktop/Developer\ Projects/Phone\ in\ the\ Other\ Room/Assets.xcassets (in target 'PhoneInTheOtherRoomLiveActivity' from project 'PhoneInTheOtherRoom')
    cd /Users/ngawangchime/Desktop/Developer\ Projects/Phone\ in\ the\ Other\ Room
    builtin-linkAssetCatalog --thinned /tmp/slumber-repair-derived/Build/Intermediates.noindex/PhoneInTheOtherRoom.build/Debug-iphonesimulator/PhoneInTheOtherRoomLiveActivity.build/assetcatalog_output/thinned --thinned-dependencies /tmp/slumber-repair-derived/Build/Intermediates.noindex/PhoneInTheOtherRoom.build/Debug-iphonesimulator/PhoneInTheOtherRoomLiveActivity.build/assetcatalog_dependencies_thinned --thinned-info-plist-content /tmp/slumber-repair-derived/Build/Intermediates.noindex/PhoneInTheOtherRoom.build/Debug-iphonesimulator/PhoneInTheOtherRoomLiveActivity.build/assetcatalog_generated_info.plist_thinned --unthinned /tmp/slumber-repair-derived/Build/Intermediates.noindex/PhoneInTheOtherRoom.build/Debug-iphonesimulator/PhoneInTheOtherRoomLiveActivity.build/assetcatalog_output/unthinned --unthinned-dependencies /tmp/slumber-repair-derived/Build/Intermediates.noindex/PhoneInTheOtherRoom.build/Debug-iphonesimulator/PhoneInTheOtherRoomLiveActivity.build/assetcatalog_dependencies_unthinned --unthinned-info-plist-content /tmp/slumber-repair-derived/Build/Intermediates.noindex/PhoneInTheOtherRoom.build/Debug-iphonesimulator/PhoneInTheOtherRoomLiveActivity.build/assetcatalog_generated_info.plist_unthinned --output /tmp/slumber-repair-derived/Build/Products/Debug-iphonesimulator/Counting\ Sheep\ Live\ Activity.appex --plist-output /tmp/slumber-repair-derived/Build/Intermediates.noindex/PhoneInTheOtherRoom.build/Debug-iphonesimulator/PhoneInTheOtherRoomLiveActivity.build/assetcatalog_generated_info.plist
note: Emplaced /tmp/slumber-repair-derived/Build/Products/Debug-iphonesimulator/Counting Sheep Live Activity.appex/Assets.car (in target 'PhoneInTheOtherRoomLiveActivity' from project 'PhoneInTheOtherRoom')

ProcessInfoPlistFile /tmp/slumber-repair-derived/Build/Products/Debug-iphonesimulator/Counting\ Sheep\ Live\ Activity.appex/Info.plist /Users/ngawangchime/Desktop/Developer\ Projects/Phone\ in\ the\ Other\ Room/PhoneInTheOtherRoomLiveActivity/Info.plist (in target 'PhoneInTheOtherRoomLiveActivity' from project 'PhoneInTheOtherRoom')
    cd /Users/ngawangchime/Desktop/Developer\ Projects/Phone\ in\ the\ Other\ Room
    builtin-infoPlistUtility /Users/ngawangchime/Desktop/Developer\ Projects/Phone\ in\ the\ Other\ Room/PhoneInTheOtherRoomLiveActivity/Info.plist -producttype com.apple.product-type.app-extension -expandbuildsettings -format binary -platform iphonesimulator -additionalcontentfile /tmp/slumber-repair-derived/Build/Intermediates.noindex/PhoneInTheOtherRoom.build/Debug-iphonesimulator/PhoneInTheOtherRoomLiveActivity.build/assetcatalog_generated_info.plist -o /tmp/slumber-repair-derived/Build/Products/Debug-iphonesimulator/Counting\ Sheep\ Live\ Activity.appex/Info.plist

ExtractAppIntentsMetadata (in target 'PhoneInTheOtherRoomLiveActivity' from project 'PhoneInTheOtherRoom')
    cd /Users/ngawangchime/Desktop/Developer\ Projects/Phone\ in\ the\ Other\ Room
    /Applications/Xcode.app/Contents/Developer/Toolchains/XcodeDefault.xctoolchain/usr/bin/appintentsmetadataprocessor --toolchain-dir /Applications/Xcode.app/Contents/Developer/Toolchains/XcodeDefault.xctoolchain --module-name Counting_Sheep_Live_Activity --sdk-root /Applications/Xcode.app/Contents/Developer/Platforms/iPhoneSimulator.platform/Developer/SDKs/iPhoneSimulator26.5.sdk --xcode-version 17F113 --platform-family iOS --deployment-target 17.0 --bundle-identifier com.ngawangchime.countingsheep.liveactivity --output /tmp/slumber-repair-derived/Build/Products/Debug-iphonesimulator/Counting\ Sheep\ Live\ Activity.appex --target-triple arm64-apple-ios17.0-simulator --target-triple x86_64-apple-ios17.0-simulator --binary-file /tmp/slumber-repair-derived/Build/Products/Debug-iphonesimulator/Counting\ Sheep\ Live\ Activity.appex/Counting\ Sheep\ Live\ Activity --dependency-file /tmp/slumber-repair-derived/Build/Intermediates.noindex/PhoneInTheOtherRoom.build/Debug-iphonesimulator/PhoneInTheOtherRoomLiveActivity.build/Objects-normal/arm64/Counting\ Sheep\ Live\ Activity_dependency_info.dat --dependency-file /tmp/slumber-repair-derived/Build/Intermediates.noindex/PhoneInTheOtherRoom.build/Debug-iphonesimulator/PhoneInTheOtherRoomLiveActivity.build/Objects-normal/x86_64/Counting\ Sheep\ Live\ Activity_dependency_info.dat --stringsdata-file /tmp/slumber-repair-derived/Build/Intermediates.noindex/PhoneInTheOtherRoom.build/Debug-iphonesimulator/PhoneInTheOtherRoomLiveActivity.build/Objects-normal/arm64/ExtractedAppShortcutsMetadata.stringsdata --stringsdata-file /tmp/slumber-repair-derived/Build/Intermediates.noindex/PhoneInTheOtherRoom.build/Debug-iphonesimulator/PhoneInTheOtherRoomLiveActivity.build/Objects-normal/x86_64/ExtractedAppShortcutsMetadata.stringsdata --source-file-list /tmp/slumber-repair-derived/Build/Intermediates.noindex/PhoneInTheOtherRoom.build/Debug-iphonesimulator/PhoneInTheOtherRoomLiveActivity.build/Objects-normal/arm64/Counting\ Sheep\ Live\ Activity.SwiftFileList --source-file-list /tmp/slumber-repair-derived/Build/Intermediates.noindex/PhoneInTheOtherRoom.build/Debug-iphonesimulator/PhoneInTheOtherRoomLiveActivity.build/Objects-normal/x86_64/Counting\ Sheep\ Live\ Activity.SwiftFileList --metadata-file-list /tmp/slumber-repair-derived/Build/Intermediates.noindex/PhoneInTheOtherRoom.build/Debug-iphonesimulator/PhoneInTheOtherRoomLiveActivity.build/Counting\ Sheep\ Live\ Activity.DependencyMetadataFileList --static-metadata-file-list /tmp/slumber-repair-derived/Build/Intermediates.noindex/PhoneInTheOtherRoom.build/Debug-iphonesimulator/PhoneInTheOtherRoomLiveActivity.build/Counting\ Sheep\ Live\ Activity.DependencyStaticMetadataFileList --swift-const-vals-list /tmp/slumber-repair-derived/Build/Intermediates.noindex/PhoneInTheOtherRoom.build/Debug-iphonesimulator/PhoneInTheOtherRoomLiveActivity.build/Objects-normal/arm64/Counting\ Sheep\ Live\ Activity.SwiftConstValuesFileList --swift-const-vals-list /tmp/slumber-repair-derived/Build/Intermediates.noindex/PhoneInTheOtherRoom.build/Debug-iphonesimulator/PhoneInTheOtherRoomLiveActivity.build/Objects-normal/x86_64/Counting\ Sheep\ Live\ Activity.SwiftConstValuesFileList --compile-time-extraction --deployment-aware-processing --validate-assistant-intents --no-app-shortcuts-localization
2026-09-21 22:33:52.644 appintentsmetadataprocessor[83225:8804728] Starting appintentsmetadataprocessor export
2026-09-21 22:33:52.795 appintentsmetadataprocessor[83225:8804728] Writing Metadata.appintents
2026-09-21 22:33:52.796 appintentsmetadataprocessor[83225:8804728] Metadata root: /tmp/slumber-repair-derived/Build/Products/Debug-iphonesimulator/Counting Sheep Live Activity.appex/Metadata.appintents

CodeSign /tmp/slumber-repair-derived/Build/Products/Debug-iphonesimulator/Counting\ Sheep\ Live\ Activity.appex/Counting\ Sheep\ Live\ Activity.debug.dylib (in target 'PhoneInTheOtherRoomLiveActivity' from project 'PhoneInTheOtherRoom')
    cd /Users/ngawangchime/Desktop/Developer\ Projects/Phone\ in\ the\ Other\ Room

    Signing Identity:     "Sign to Run Locally"

    /usr/bin/codesign --force --sign - --timestamp\=none --generate-entitlement-der /tmp/slumber-repair-derived/Build/Products/Debug-iphonesimulator/Counting\ Sheep\ Live\ Activity.appex/Counting\ Sheep\ Live\ Activity.debug.dylib

LinkAssetCatalog /Users/ngawangchime/Desktop/Developer\ Projects/Phone\ in\ the\ Other\ Room/Assets.xcassets (in target 'PhoneInTheOtherRoomWatchApp' from project 'PhoneInTheOtherRoom')
    cd /Users/ngawangchime/Desktop/Developer\ Projects/Phone\ in\ the\ Other\ Room
    builtin-linkAssetCatalog --thinned /tmp/slumber-repair-derived/Build/Intermediates.noindex/PhoneInTheOtherRoom.build/Debug-watchsimulator/PhoneInTheOtherRoomWatchApp.build/assetcatalog_output/thinned --thinned-dependencies /tmp/slumber-repair-derived/Build/Intermediates.noindex/PhoneInTheOtherRoom.build/Debug-watchsimulator/PhoneInTheOtherRoomWatchApp.build/assetcatalog_dependencies_thinned --thinned-info-plist-content /tmp/slumber-repair-derived/Build/Intermediates.noindex/PhoneInTheOtherRoom.build/Debug-watchsimulator/PhoneInTheOtherRoomWatchApp.build/assetcatalog_generated_info.plist_thinned --unthinned /tmp/slumber-repair-derived/Build/Intermediates.noindex/PhoneInTheOtherRoom.build/Debug-watchsimulator/PhoneInTheOtherRoomWatchApp.build/assetcatalog_output/unthinned --unthinned-dependencies /tmp/slumber-repair-derived/Build/Intermediates.noindex/PhoneInTheOtherRoom.build/Debug-watchsimulator/PhoneInTheOtherRoomWatchApp.build/assetcatalog_dependencies_unthinned --unthinned-info-plist-content /tmp/slumber-repair-derived/Build/Intermediates.noindex/PhoneInTheOtherRoom.build/Debug-watchsimulator/PhoneInTheOtherRoomWatchApp.build/assetcatalog_generated_info.plist_unthinned --output /tmp/slumber-repair-derived/Build/Products/Debug-watchsimulator/Counting\ Sheep\ Watch.app --plist-output /tmp/slumber-repair-derived/Build/Intermediates.noindex/PhoneInTheOtherRoom.build/Debug-watchsimulator/PhoneInTheOtherRoomWatchApp.build/assetcatalog_generated_info.plist
note: Emplaced /tmp/slumber-repair-derived/Build/Products/Debug-watchsimulator/Counting Sheep Watch.app/Assets.car (in target 'PhoneInTheOtherRoomWatchApp' from project 'PhoneInTheOtherRoom')

ProcessInfoPlistFile /tmp/slumber-repair-derived/Build/Products/Debug-watchsimulator/Counting\ Sheep\ Watch.app/Info.plist /tmp/slumber-repair-derived/Build/Intermediates.noindex/PhoneInTheOtherRoom.build/Debug-watchsimulator/PhoneInTheOtherRoomWatchApp.build/empty-Counting\ Sheep\ Watch.plist (in target 'PhoneInTheOtherRoomWatchApp' from project 'PhoneInTheOtherRoom')
    cd /Users/ngawangchime/Desktop/Developer\ Projects/Phone\ in\ the\ Other\ Room
    builtin-infoPlistUtility /tmp/slumber-repair-derived/Build/Intermediates.noindex/PhoneInTheOtherRoom.build/Debug-watchsimulator/PhoneInTheOtherRoomWatchApp.build/empty-Counting\ Sheep\ Watch.plist -producttype com.apple.product-type.application -genpkginfo /tmp/slumber-repair-derived/Build/Products/Debug-watchsimulator/Counting\ Sheep\ Watch.app/PkgInfo -expandbuildsettings -format binary -platform watchsimulator -additionalcontentfile /tmp/slumber-repair-derived/Build/Intermediates.noindex/PhoneInTheOtherRoom.build/Debug-watchsimulator/PhoneInTheOtherRoomWatchApp.build/assetcatalog_generated_info.plist -o /tmp/slumber-repair-derived/Build/Products/Debug-watchsimulator/Counting\ Sheep\ Watch.app/Info.plist

CopySwiftLibs /tmp/slumber-repair-derived/Build/Products/Debug-watchsimulator/Counting\ Sheep\ Watch.app (in target 'PhoneInTheOtherRoomWatchApp' from project 'PhoneInTheOtherRoom')
    cd /Users/ngawangchime/Desktop/Developer\ Projects/Phone\ in\ the\ Other\ Room
    builtin-swiftStdLibTool --copy --verbose --sign - --scan-executable /tmp/slumber-repair-derived/Build/Products/Debug-watchsimulator/Counting\ Sheep\ Watch.app/Counting\ Sheep\ Watch.debug.dylib --scan-folder /tmp/slumber-repair-derived/Build/Products/Debug-watchsimulator/Counting\ Sheep\ Watch.app/Frameworks --scan-folder /tmp/slumber-repair-derived/Build/Products/Debug-watchsimulator/Counting\ Sheep\ Watch.app/PlugIns --scan-folder /tmp/slumber-repair-derived/Build/Products/Debug-watchsimulator/Counting\ Sheep\ Watch.app/SystemExtensions --scan-folder /tmp/slumber-repair-derived/Build/Products/Debug-watchsimulator/Counting\ Sheep\ Watch.app/Extensions --platform watchsimulator --toolchain /Applications/Xcode.app/Contents/Developer/Toolchains/XcodeDefault.xctoolchain --destination /tmp/slumber-repair-derived/Build/Products/Debug-watchsimulator/Counting\ Sheep\ Watch.app/Frameworks --strip-bitcode --strip-bitcode-tool /Applications/Xcode.app/Contents/Developer/Toolchains/XcodeDefault.xctoolchain/usr/bin/bitcode_strip --emit-dependency-info /tmp/slumber-repair-derived/Build/Intermediates.noindex/PhoneInTheOtherRoom.build/Debug-watchsimulator/PhoneInTheOtherRoomWatchApp.build/SwiftStdLibToolInputDependencies.dep --filter-for-swift-os --back-deploy-swift-span

ExtractAppIntentsMetadata (in target 'PhoneInTheOtherRoomWatchApp' from project 'PhoneInTheOtherRoom')
    cd /Users/ngawangchime/Desktop/Developer\ Projects/Phone\ in\ the\ Other\ Room
    /Applications/Xcode.app/Contents/Developer/Toolchains/XcodeDefault.xctoolchain/usr/bin/appintentsmetadataprocessor --toolchain-dir /Applications/Xcode.app/Contents/Developer/Toolchains/XcodeDefault.xctoolchain --module-name Counting_Sheep_Watch --sdk-root /Applications/Xcode.app/Contents/Developer/Platforms/WatchSimulator.platform/Developer/SDKs/WatchSimulator26.5.sdk --xcode-version 17F113 --platform-family watchOS --deployment-target 10.0 --bundle-identifier com.ngawangchime.countingsheep.watchkitapp --output /tmp/slumber-repair-derived/Build/Products/Debug-watchsimulator/Counting\ Sheep\ Watch.app --target-triple arm64-apple-watchos10.0-simulator --target-triple x86_64-apple-watchos10.0-simulator --binary-file /tmp/slumber-repair-derived/Build/Products/Debug-watchsimulator/Counting\ Sheep\ Watch.app/Counting\ Sheep\ Watch --dependency-file /tmp/slumber-repair-derived/Build/Intermediates.noindex/PhoneInTheOtherRoom.build/Debug-watchsimulator/PhoneInTheOtherRoomWatchApp.build/Objects-normal/arm64/Counting\ Sheep\ Watch_dependency_info.dat --dependency-file /tmp/slumber-repair-derived/Build/Intermediates.noindex/PhoneInTheOtherRoom.build/Debug-watchsimulator/PhoneInTheOtherRoomWatchApp.build/Objects-normal/x86_64/Counting\ Sheep\ Watch_dependency_info.dat --stringsdata-file /tmp/slumber-repair-derived/Build/Intermediates.noindex/PhoneInTheOtherRoom.build/Debug-watchsimulator/PhoneInTheOtherRoomWatchApp.build/Objects-normal/arm64/ExtractedAppShortcutsMetadata.stringsdata --stringsdata-file /tmp/slumber-repair-derived/Build/Intermediates.noindex/PhoneInTheOtherRoom.build/Debug-watchsimulator/PhoneInTheOtherRoomWatchApp.build/Objects-normal/x86_64/ExtractedAppShortcutsMetadata.stringsdata --source-file-list /tmp/slumber-repair-derived/Build/Intermediates.noindex/PhoneInTheOtherRoom.build/Debug-watchsimulator/PhoneInTheOtherRoomWatchApp.build/Objects-normal/arm64/Counting\ Sheep\ Watch.SwiftFileList --source-file-list /tmp/slumber-repair-derived/Build/Intermediates.noindex/PhoneInTheOtherRoom.build/Debug-watchsimulator/PhoneInTheOtherRoomWatchApp.build/Objects-normal/x86_64/Counting\ Sheep\ Watch.SwiftFileList --metadata-file-list /tmp/slumber-repair-derived/Build/Intermediates.noindex/PhoneInTheOtherRoom.build/Debug-watchsimulator/PhoneInTheOtherRoomWatchApp.build/Counting\ Sheep\ Watch.DependencyMetadataFileList --static-metadata-file-list /tmp/slumber-repair-derived/Build/Intermediates.noindex/PhoneInTheOtherRoom.build/Debug-watchsimulator/PhoneInTheOtherRoomWatchApp.build/Counting\ Sheep\ Watch.DependencyStaticMetadataFileList --swift-const-vals-list /tmp/slumber-repair-derived/Build/Intermediates.noindex/PhoneInTheOtherRoom.build/Debug-watchsimulator/PhoneInTheOtherRoomWatchApp.build/Objects-normal/arm64/Counting\ Sheep\ Watch.SwiftConstValuesFileList --swift-const-vals-list /tmp/slumber-repair-derived/Build/Intermediates.noindex/PhoneInTheOtherRoom.build/Debug-watchsimulator/PhoneInTheOtherRoomWatchApp.build/Objects-normal/x86_64/Counting\ Sheep\ Watch.SwiftConstValuesFileList --compile-time-extraction --deployment-aware-processing --validate-assistant-intents --no-app-shortcuts-localization
2026-09-21 22:33:53.029 appintentsmetadataprocessor[83230:8804760] Starting appintentsmetadataprocessor export
2026-09-21 22:33:53.039 appintentsmetadataprocessor[83230:8804760] warning: Metadata extraction skipped. No AppIntents.framework dependency found.

CodeSign /tmp/slumber-repair-derived/Build/Products/Debug-watchsimulator/Counting\ Sheep\ Watch.app/Counting\ Sheep\ Watch.debug.dylib (in target 'PhoneInTheOtherRoomWatchApp' from project 'PhoneInTheOtherRoom')
    cd /Users/ngawangchime/Desktop/Developer\ Projects/Phone\ in\ the\ Other\ Room

    Signing Identity:     "Sign to Run Locally"

    /usr/bin/codesign --force --sign - --timestamp\=none --generate-entitlement-der /tmp/slumber-repair-derived/Build/Products/Debug-watchsimulator/Counting\ Sheep\ Watch.app/Counting\ Sheep\ Watch.debug.dylib

CodeSign /tmp/slumber-repair-derived/Build/Products/Debug-iphonesimulator/Counting\ Sheep\ Live\ Activity.appex/__preview.dylib (in target 'PhoneInTheOtherRoomLiveActivity' from project 'PhoneInTheOtherRoom')
    cd /Users/ngawangchime/Desktop/Developer\ Projects/Phone\ in\ the\ Other\ Room

    Signing Identity:     "Sign to Run Locally"

    /usr/bin/codesign --force --sign - --timestamp\=none --generate-entitlement-der /tmp/slumber-repair-derived/Build/Products/Debug-iphonesimulator/Counting\ Sheep\ Live\ Activity.appex/__preview.dylib
/tmp/slumber-repair-derived/Build/Products/Debug-iphonesimulator/Counting Sheep Live Activity.appex/__preview.dylib: replacing existing signature

CodeSign /tmp/slumber-repair-derived/Build/Products/Debug-watchsimulator/Counting\ Sheep\ Watch.app (in target 'PhoneInTheOtherRoomWatchApp' from project 'PhoneInTheOtherRoom')
    cd /Users/ngawangchime/Desktop/Developer\ Projects/Phone\ in\ the\ Other\ Room

    Signing Identity:     "Sign to Run Locally"

    /usr/bin/codesign --force --sign - --entitlements /tmp/slumber-repair-derived/Build/Intermediates.noindex/PhoneInTheOtherRoom.build/Debug-watchsimulator/PhoneInTheOtherRoomWatchApp.build/Counting\ Sheep\ Watch.app.xcent --timestamp\=none --generate-entitlement-der /tmp/slumber-repair-derived/Build/Products/Debug-watchsimulator/Counting\ Sheep\ Watch.app

CodeSign /tmp/slumber-repair-derived/Build/Products/Debug-iphonesimulator/Counting\ Sheep\ Live\ Activity.appex (in target 'PhoneInTheOtherRoomLiveActivity' from project 'PhoneInTheOtherRoom')
    cd /Users/ngawangchime/Desktop/Developer\ Projects/Phone\ in\ the\ Other\ Room

    Signing Identity:     "Sign to Run Locally"

    /usr/bin/codesign --force --sign - --entitlements /tmp/slumber-repair-derived/Build/Intermediates.noindex/PhoneInTheOtherRoom.build/Debug-iphonesimulator/PhoneInTheOtherRoomLiveActivity.build/Counting\ Sheep\ Live\ Activity.appex.xcent --timestamp\=none --generate-entitlement-der /tmp/slumber-repair-derived/Build/Products/Debug-iphonesimulator/Counting\ Sheep\ Live\ Activity.appex

Validate /tmp/slumber-repair-derived/Build/Products/Debug-watchsimulator/Counting\ Sheep\ Watch.app (in target 'PhoneInTheOtherRoomWatchApp' from project 'PhoneInTheOtherRoom')
    cd /Users/ngawangchime/Desktop/Developer\ Projects/Phone\ in\ the\ Other\ Room
    builtin-validationUtility /tmp/slumber-repair-derived/Build/Products/Debug-watchsimulator/Counting\ Sheep\ Watch.app -shallow-bundle -infoplist-subpath Info.plist

CpResource /tmp/slumber-repair-derived/Build/Products/Debug-iphonesimulator/Counting\ Sheep.app/PrivacyInfo.xcprivacy /Users/ngawangchime/Desktop/Developer\ Projects/Phone\ in\ the\ Other\ Room/PhoneInTheOtherRoomApp/PrivacyInfo.xcprivacy (in target 'PhoneInTheOtherRoom' from project 'PhoneInTheOtherRoom')
    cd /Users/ngawangchime/Desktop/Developer\ Projects/Phone\ in\ the\ Other\ Room
    builtin-copy -exclude .DS_Store -exclude CVS -exclude .svn -exclude .git -exclude .hg -resolve-src-symlinks /Users/ngawangchime/Desktop/Developer\ Projects/Phone\ in\ the\ Other\ Room/PhoneInTheOtherRoomApp/PrivacyInfo.xcprivacy /tmp/slumber-repair-derived/Build/Products/Debug-iphonesimulator/Counting\ Sheep.app

Copy /tmp/slumber-repair-derived/Build/Products/Debug-iphonesimulator/Counting\ Sheep.app/swift-crypto_Crypto.bundle /tmp/slumber-repair-derived/Build/Products/Debug-iphonesimulator/swift-crypto_Crypto.bundle (in target 'PhoneInTheOtherRoom' from project 'PhoneInTheOtherRoom')
    cd /Users/ngawangchime/Desktop/Developer\ Projects/Phone\ in\ the\ Other\ Room
    builtin-copy -exclude .DS_Store -exclude CVS -exclude .svn -exclude .git -exclude .hg -resolve-src-symlinks /tmp/slumber-repair-derived/Build/Products/Debug-iphonesimulator/swift-crypto_Crypto.bundle /tmp/slumber-repair-derived/Build/Products/Debug-iphonesimulator/Counting\ Sheep.app

LinkAssetCatalog /Users/ngawangchime/Desktop/Developer\ Projects/Phone\ in\ the\ Other\ Room/Assets.xcassets (in target 'PhoneInTheOtherRoom' from project 'PhoneInTheOtherRoom')
    cd /Users/ngawangchime/Desktop/Developer\ Projects/Phone\ in\ the\ Other\ Room
    builtin-linkAssetCatalog --thinned /tmp/slumber-repair-derived/Build/Intermediates.noindex/PhoneInTheOtherRoom.build/Debug-iphonesimulator/PhoneInTheOtherRoom.build/assetcatalog_output/thinned --thinned-dependencies /tmp/slumber-repair-derived/Build/Intermediates.noindex/PhoneInTheOtherRoom.build/Debug-iphonesimulator/PhoneInTheOtherRoom.build/assetcatalog_dependencies_thinned --thinned-info-plist-content /tmp/slumber-repair-derived/Build/Intermediates.noindex/PhoneInTheOtherRoom.build/Debug-iphonesimulator/PhoneInTheOtherRoom.build/assetcatalog_generated_info.plist_thinned --unthinned /tmp/slumber-repair-derived/Build/Intermediates.noindex/PhoneInTheOtherRoom.build/Debug-iphonesimulator/PhoneInTheOtherRoom.build/assetcatalog_output/unthinned --unthinned-dependencies /tmp/slumber-repair-derived/Build/Intermediates.noindex/PhoneInTheOtherRoom.build/Debug-iphonesimulator/PhoneInTheOtherRoom.build/assetcatalog_dependencies_unthinned --unthinned-info-plist-content /tmp/slumber-repair-derived/Build/Intermediates.noindex/PhoneInTheOtherRoom.build/Debug-iphonesimulator/PhoneInTheOtherRoom.build/assetcatalog_generated_info.plist_unthinned --output /tmp/slumber-repair-derived/Build/Products/Debug-iphonesimulator/Counting\ Sheep.app --plist-output /tmp/slumber-repair-derived/Build/Intermediates.noindex/PhoneInTheOtherRoom.build/Debug-iphonesimulator/PhoneInTheOtherRoom.build/assetcatalog_generated_info.plist
note: Emplaced /tmp/slumber-repair-derived/Build/Products/Debug-iphonesimulator/Counting Sheep.app/AppIcon60x60@2x.png (in target 'PhoneInTheOtherRoom' from project 'PhoneInTheOtherRoom')
note: Emplaced /tmp/slumber-repair-derived/Build/Products/Debug-iphonesimulator/Counting Sheep.app/Assets.car (in target 'PhoneInTheOtherRoom' from project 'PhoneInTheOtherRoom')
note: Emplaced /tmp/slumber-repair-derived/Build/Products/Debug-iphonesimulator/Counting Sheep.app/AppIcon76x76@2x~ipad.png (in target 'PhoneInTheOtherRoom' from project 'PhoneInTheOtherRoom')

SwiftDriverJobDiscovery normal arm64 Emitting module for Counting_Sheep (in target 'PhoneInTheOtherRoom' from project 'PhoneInTheOtherRoom')

SwiftDriverJobDiscovery normal x86_64 Emitting module for Counting_Sheep (in target 'PhoneInTheOtherRoom' from project 'PhoneInTheOtherRoom')

SwiftDriver\ Compilation\ Requirements PhoneInTheOtherRoom normal x86_64 com.apple.xcode.tools.swift.compiler (in target 'PhoneInTheOtherRoom' from project 'PhoneInTheOtherRoom')
    cd /Users/ngawangchime/Desktop/Developer\ Projects/Phone\ in\ the\ Other\ Room
    builtin-Swift-Compilation-Requirements -- /Applications/Xcode.app/Contents/Developer/Toolchains/XcodeDefault.xctoolchain/usr/bin/swiftc -module-name Counting_Sheep -Onone @/tmp/slumber-repair-derived/Build/Intermediates.noindex/PhoneInTheOtherRoom.build/Debug-iphonesimulator/PhoneInTheOtherRoom.build/Objects-normal/x86_64/Counting\ Sheep.SwiftFileList -DDEBUG -DSCREEN_TIME_REPORTS -enable-bare-slash-regex -enable-experimental-feature DebugDescriptionMacro -sdk /Applications/Xcode.app/Contents/Developer/Platforms/iPhoneSimulator.platform/Developer/SDKs/iPhoneSimulator26.5.sdk -target x86_64-apple-ios17.0-simulator -g -module-cache-path /tmp/slumber-repair-derived/ModuleCache.noindex -Xfrontend -serialize-debugging-options -enable-testing -index-store-path /tmp/slumber-repair-derived/Index.noindex/DataStore -Xcc -D_LIBCPP_HARDENING_MODE\=_LIBCPP_HARDENING_MODE_DEBUG -swift-version 5 -I /tmp/slumber-repair-derived/Build/Products/Debug-iphonesimulator -F /tmp/slumber-repair-derived/Build/Products/Debug-iphonesimulator/PackageFrameworks -F /tmp/slumber-repair-derived/Build/Products/Debug-iphonesimulator/PackageFrameworks -F /tmp/slumber-repair-derived/Build/Products/Debug-iphonesimulator/PackageFrameworks -F /tmp/slumber-repair-derived/Build/Products/Debug-iphonesimulator/PackageFrameworks -F /tmp/slumber-repair-derived/Build/Products/Debug-iphonesimulator/PackageFrameworks -F /tmp/slumber-repair-derived/Build/Products/Debug-iphonesimulator/PackageFrameworks -F /tmp/slumber-repair-derived/Build/Products/Debug-iphonesimulator/PackageFrameworks -F /tmp/slumber-repair-derived/Build/Products/Debug-iphonesimulator/PackageFrameworks -F /tmp/slumber-repair-derived/Build/Products/Debug-iphonesimulator/PackageFrameworks -F /tmp/slumber-repair-derived/Build/Products/Debug-iphonesimulator/PackageFrameworks -F /tmp/slumber-repair-derived/Build/Products/Debug-iphonesimulator/PackageFrameworks -F /tmp/slumber-repair-derived/Build/Products/Debug-iphonesimulator/PackageFrameworks -F /tmp/slumber-repair-derived/Build/Products/Debug-iphonesimulator/PackageFrameworks -F /tmp/slumber-repair-derived/Build/Products/Debug-iphonesimulator/PackageFrameworks -F /tmp/slumber-repair-derived/Build/Products/Debug-iphonesimulator -c -j8 -enable-batch-mode -incremental -Xcc -ivfsstatcache -Xcc /tmp/slumber-repair-derived/SDKStatCaches.noindex/iphonesimulator26.5-23F81a-6cfe768891a92b912361537c460fe42b.sdkstatcache -output-file-map /tmp/slumber-repair-derived/Build/Intermediates.noindex/PhoneInTheOtherRoom.build/Debug-iphonesimulator/PhoneInTheOtherRoom.build/Objects-normal/x86_64/PhoneInTheOtherRoom-OutputFileMap.json -use-frontend-parseable-output -save-temps -no-color-diagnostics -explicit-module-build -module-cache-path /tmp/slumber-repair-derived/Build/Intermediates.noindex/SwiftExplicitPrecompiledModules -clang-scanner-module-cache-path /tmp/slumber-repair-derived/ModuleCache.noindex -sdk-module-cache-path /tmp/slumber-repair-derived/ModuleCache.noindex -serialize-diagnostics -emit-dependencies -emit-module -emit-module-path /tmp/slumber-repair-derived/Build/Intermediates.noindex/PhoneInTheOtherRoom.build/Debug-iphonesimulator/PhoneInTheOtherRoom.build/Objects-normal/x86_64/Counting_Sheep.swiftmodule -validate-clang-modules-once -clang-build-session-file /tmp/slumber-repair-derived/ModuleCache.noindex/Session.modulevalidation -Xcc -I/tmp/slumber-repair-derived/Build/Intermediates.noindex/PhoneInTheOtherRoom.build/Debug-iphonesimulator/PhoneInTheOtherRoom.build/swift-overrides.hmap -emit-const-values -Xfrontend -const-gather-protocols-file -Xfrontend /tmp/slumber-repair-derived/Build/Intermediates.noindex/PhoneInTheOtherRoom.build/Debug-iphonesimulator/PhoneInTheOtherRoom.build/Objects-normal/x86_64/PhoneInTheOtherRoom_const_extract_protocols.json -Xcc -iquote -Xcc /tmp/slumber-repair-derived/Build/Intermediates.noindex/PhoneInTheOtherRoom.build/Debug-iphonesimulator/PhoneInTheOtherRoom.build/Counting\ Sheep-generated-files.hmap -Xcc -I/tmp/slumber-repair-derived/Build/Intermediates.noindex/PhoneInTheOtherRoom.build/Debug-iphonesimulator/PhoneInTheOtherRoom.build/Counting\ Sheep-own-target-headers.hmap -Xcc -I/tmp/slumber-repair-derived/Build/Intermediates.noindex/PhoneInTheOtherRoom.build/Debug-iphonesimulator/PhoneInTheOtherRoom.build/Counting\ Sheep-all-non-framework-target-headers.hmap -Xcc -ivfsoverlay -Xcc /tmp/slumber-repair-derived/Build/Intermediates.noindex/PhoneInTheOtherRoom.build/Debug-iphonesimulator/PhoneInTheOtherRoom-d9a00fb94435e678319518e524e23875-VFS-iphonesimulator/all-product-headers.yaml -Xcc -iquote -Xcc /tmp/slumber-repair-derived/Build/Intermediates.noindex/PhoneInTheOtherRoom.build/Debug-iphonesimulator/PhoneInTheOtherRoom.build/Counting\ Sheep-project-headers.hmap -Xcc -I/tmp/slumber-repair-derived/Build/Products/Debug-iphonesimulator/include -Xcc -I/tmp/slumber-repair-derived/Build/Intermediates.noindex/PhoneInTheOtherRoom.build/Debug-iphonesimulator/PhoneInTheOtherRoom.build/DerivedSources-normal/x86_64 -Xcc -I/tmp/slumber-repair-derived/Build/Intermediates.noindex/PhoneInTheOtherRoom.build/Debug-iphonesimulator/PhoneInTheOtherRoom.build/DerivedSources/x86_64 -Xcc -I/tmp/slumber-repair-derived/Build/Intermediates.noindex/PhoneInTheOtherRoom.build/Debug-iphonesimulator/PhoneInTheOtherRoom.build/DerivedSources -Xcc -DDEBUG\=1 -emit-objc-header -emit-objc-header-path /tmp/slumber-repair-derived/Build/Intermediates.noindex/PhoneInTheOtherRoom.build/Debug-iphonesimulator/PhoneInTheOtherRoom.build/Objects-normal/x86_64/Counting_Sheep-Swift.h -working-directory /Users/ngawangchime/Desktop/Developer\ Projects/Phone\ in\ the\ Other\ Room -experimental-emit-module-separately -disable-cmo

SwiftDriver\ Compilation\ Requirements PhoneInTheOtherRoom normal arm64 com.apple.xcode.tools.swift.compiler (in target 'PhoneInTheOtherRoom' from project 'PhoneInTheOtherRoom')
    cd /Users/ngawangchime/Desktop/Developer\ Projects/Phone\ in\ the\ Other\ Room
    builtin-Swift-Compilation-Requirements -- /Applications/Xcode.app/Contents/Developer/Toolchains/XcodeDefault.xctoolchain/usr/bin/swiftc -module-name Counting_Sheep -Onone @/tmp/slumber-repair-derived/Build/Intermediates.noindex/PhoneInTheOtherRoom.build/Debug-iphonesimulator/PhoneInTheOtherRoom.build/Objects-normal/arm64/Counting\ Sheep.SwiftFileList -DDEBUG -DSCREEN_TIME_REPORTS -enable-bare-slash-regex -enable-experimental-feature DebugDescriptionMacro -sdk /Applications/Xcode.app/Contents/Developer/Platforms/iPhoneSimulator.platform/Developer/SDKs/iPhoneSimulator26.5.sdk -target arm64-apple-ios17.0-simulator -g -module-cache-path /tmp/slumber-repair-derived/ModuleCache.noindex -Xfrontend -serialize-debugging-options -enable-testing -index-store-path /tmp/slumber-repair-derived/Index.noindex/DataStore -Xcc -D_LIBCPP_HARDENING_MODE\=_LIBCPP_HARDENING_MODE_DEBUG -swift-version 5 -I /tmp/slumber-repair-derived/Build/Products/Debug-iphonesimulator -F /tmp/slumber-repair-derived/Build/Products/Debug-iphonesimulator/PackageFrameworks -F /tmp/slumber-repair-derived/Build/Products/Debug-iphonesimulator/PackageFrameworks -F /tmp/slumber-repair-derived/Build/Products/Debug-iphonesimulator/PackageFrameworks -F /tmp/slumber-repair-derived/Build/Products/Debug-iphonesimulator/PackageFrameworks -F /tmp/slumber-repair-derived/Build/Products/Debug-iphonesimulator/PackageFrameworks -F /tmp/slumber-repair-derived/Build/Products/Debug-iphonesimulator/PackageFrameworks -F /tmp/slumber-repair-derived/Build/Products/Debug-iphonesimulator/PackageFrameworks -F /tmp/slumber-repair-derived/Build/Products/Debug-iphonesimulator/PackageFrameworks -F /tmp/slumber-repair-derived/Build/Products/Debug-iphonesimulator/PackageFrameworks -F /tmp/slumber-repair-derived/Build/Products/Debug-iphonesimulator/PackageFrameworks -F /tmp/slumber-repair-derived/Build/Products/Debug-iphonesimulator/PackageFrameworks -F /tmp/slumber-repair-derived/Build/Products/Debug-iphonesimulator/PackageFrameworks -F /tmp/slumber-repair-derived/Build/Products/Debug-iphonesimulator/PackageFrameworks -F /tmp/slumber-repair-derived/Build/Products/Debug-iphonesimulator/PackageFrameworks -F /tmp/slumber-repair-derived/Build/Products/Debug-iphonesimulator -c -j8 -enable-batch-mode -incremental -Xcc -ivfsstatcache -Xcc /tmp/slumber-repair-derived/SDKStatCaches.noindex/iphonesimulator26.5-23F81a-6cfe768891a92b912361537c460fe42b.sdkstatcache -output-file-map /tmp/slumber-repair-derived/Build/Intermediates.noindex/PhoneInTheOtherRoom.build/Debug-iphonesimulator/PhoneInTheOtherRoom.build/Objects-normal/arm64/PhoneInTheOtherRoom-OutputFileMap.json -use-frontend-parseable-output -save-temps -no-color-diagnostics -explicit-module-build -module-cache-path /tmp/slumber-repair-derived/Build/Intermediates.noindex/SwiftExplicitPrecompiledModules -clang-scanner-module-cache-path /tmp/slumber-repair-derived/ModuleCache.noindex -sdk-module-cache-path /tmp/slumber-repair-derived/ModuleCache.noindex -serialize-diagnostics -emit-dependencies -emit-module -emit-module-path /tmp/slumber-repair-derived/Build/Intermediates.noindex/PhoneInTheOtherRoom.build/Debug-iphonesimulator/PhoneInTheOtherRoom.build/Objects-normal/arm64/Counting_Sheep.swiftmodule -validate-clang-modules-once -clang-build-session-file /tmp/slumber-repair-derived/ModuleCache.noindex/Session.modulevalidation -Xcc -I/tmp/slumber-repair-derived/Build/Intermediates.noindex/PhoneInTheOtherRoom.build/Debug-iphonesimulator/PhoneInTheOtherRoom.build/swift-overrides.hmap -emit-const-values -Xfrontend -const-gather-protocols-file -Xfrontend /tmp/slumber-repair-derived/Build/Intermediates.noindex/PhoneInTheOtherRoom.build/Debug-iphonesimulator/PhoneInTheOtherRoom.build/Objects-normal/arm64/PhoneInTheOtherRoom_const_extract_protocols.json -Xcc -iquote -Xcc /tmp/slumber-repair-derived/Build/Intermediates.noindex/PhoneInTheOtherRoom.build/Debug-iphonesimulator/PhoneInTheOtherRoom.build/Counting\ Sheep-generated-files.hmap -Xcc -I/tmp/slumber-repair-derived/Build/Intermediates.noindex/PhoneInTheOtherRoom.build/Debug-iphonesimulator/PhoneInTheOtherRoom.build/Counting\ Sheep-own-target-headers.hmap -Xcc -I/tmp/slumber-repair-derived/Build/Intermediates.noindex/PhoneInTheOtherRoom.build/Debug-iphonesimulator/PhoneInTheOtherRoom.build/Counting\ Sheep-all-non-framework-target-headers.hmap -Xcc -ivfsoverlay -Xcc /tmp/slumber-repair-derived/Build/Intermediates.noindex/PhoneInTheOtherRoom.build/Debug-iphonesimulator/PhoneInTheOtherRoom-d9a00fb94435e678319518e524e23875-VFS-iphonesimulator/all-product-headers.yaml -Xcc -iquote -Xcc /tmp/slumber-repair-derived/Build/Intermediates.noindex/PhoneInTheOtherRoom.build/Debug-iphonesimulator/PhoneInTheOtherRoom.build/Counting\ Sheep-project-headers.hmap -Xcc -I/tmp/slumber-repair-derived/Build/Products/Debug-iphonesimulator/include -Xcc -I/tmp/slumber-repair-derived/Build/Intermediates.noindex/PhoneInTheOtherRoom.build/Debug-iphonesimulator/PhoneInTheOtherRoom.build/DerivedSources-normal/arm64 -Xcc -I/tmp/slumber-repair-derived/Build/Intermediates.noindex/PhoneInTheOtherRoom.build/Debug-iphonesimulator/PhoneInTheOtherRoom.build/DerivedSources/arm64 -Xcc -I/tmp/slumber-repair-derived/Build/Intermediates.noindex/PhoneInTheOtherRoom.build/Debug-iphonesimulator/PhoneInTheOtherRoom.build/DerivedSources -Xcc -DDEBUG\=1 -emit-objc-header -emit-objc-header-path /tmp/slumber-repair-derived/Build/Intermediates.noindex/PhoneInTheOtherRoom.build/Debug-iphonesimulator/PhoneInTheOtherRoom.build/Objects-normal/arm64/Counting_Sheep-Swift.h -working-directory /Users/ngawangchime/Desktop/Developer\ Projects/Phone\ in\ the\ Other\ Room -experimental-emit-module-separately -disable-cmo

SwiftDriver\ Compilation PhoneInTheOtherRoom normal arm64 com.apple.xcode.tools.swift.compiler (in target 'PhoneInTheOtherRoom' from project 'PhoneInTheOtherRoom')
    cd /Users/ngawangchime/Desktop/Developer\ Projects/Phone\ in\ the\ Other\ Room
    builtin-Swift-Compilation -- /Applications/Xcode.app/Contents/Developer/Toolchains/XcodeDefault.xctoolchain/usr/bin/swiftc -module-name Counting_Sheep -Onone @/tmp/slumber-repair-derived/Build/Intermediates.noindex/PhoneInTheOtherRoom.build/Debug-iphonesimulator/PhoneInTheOtherRoom.build/Objects-normal/arm64/Counting\ Sheep.SwiftFileList -DDEBUG -DSCREEN_TIME_REPORTS -enable-bare-slash-regex -enable-experimental-feature DebugDescriptionMacro -sdk /Applications/Xcode.app/Contents/Developer/Platforms/iPhoneSimulator.platform/Developer/SDKs/iPhoneSimulator26.5.sdk -target arm64-apple-ios17.0-simulator -g -module-cache-path /tmp/slumber-repair-derived/ModuleCache.noindex -Xfrontend -serialize-debugging-options -enable-testing -index-store-path /tmp/slumber-repair-derived/Index.noindex/DataStore -Xcc -D_LIBCPP_HARDENING_MODE\=_LIBCPP_HARDENING_MODE_DEBUG -swift-version 5 -I /tmp/slumber-repair-derived/Build/Products/Debug-iphonesimulator -F /tmp/slumber-repair-derived/Build/Products/Debug-iphonesimulator/PackageFrameworks -F /tmp/slumber-repair-derived/Build/Products/Debug-iphonesimulator/PackageFrameworks -F /tmp/slumber-repair-derived/Build/Products/Debug-iphonesimulator/PackageFrameworks -F /tmp/slumber-repair-derived/Build/Products/Debug-iphonesimulator/PackageFrameworks -F /tmp/slumber-repair-derived/Build/Products/Debug-iphonesimulator/PackageFrameworks -F /tmp/slumber-repair-derived/Build/Products/Debug-iphonesimulator/PackageFrameworks -F /tmp/slumber-repair-derived/Build/Products/Debug-iphonesimulator/PackageFrameworks -F /tmp/slumber-repair-derived/Build/Products/Debug-iphonesimulator/PackageFrameworks -F /tmp/slumber-repair-derived/Build/Products/Debug-iphonesimulator/PackageFrameworks -F /tmp/slumber-repair-derived/Build/Products/Debug-iphonesimulator/PackageFrameworks -F /tmp/slumber-repair-derived/Build/Products/Debug-iphonesimulator/PackageFrameworks -F /tmp/slumber-repair-derived/Build/Products/Debug-iphonesimulator/PackageFrameworks -F /tmp/slumber-repair-derived/Build/Products/Debug-iphonesimulator/PackageFrameworks -F /tmp/slumber-repair-derived/Build/Products/Debug-iphonesimulator/PackageFrameworks -F /tmp/slumber-repair-derived/Build/Products/Debug-iphonesimulator -c -j8 -enable-batch-mode -incremental -Xcc -ivfsstatcache -Xcc /tmp/slumber-repair-derived/SDKStatCaches.noindex/iphonesimulator26.5-23F81a-6cfe768891a92b912361537c460fe42b.sdkstatcache -output-file-map /tmp/slumber-repair-derived/Build/Intermediates.noindex/PhoneInTheOtherRoom.build/Debug-iphonesimulator/PhoneInTheOtherRoom.build/Objects-normal/arm64/PhoneInTheOtherRoom-OutputFileMap.json -use-frontend-parseable-output -save-temps -no-color-diagnostics -explicit-module-build -module-cache-path /tmp/slumber-repair-derived/Build/Intermediates.noindex/SwiftExplicitPrecompiledModules -clang-scanner-module-cache-path /tmp/slumber-repair-derived/ModuleCache.noindex -sdk-module-cache-path /tmp/slumber-repair-derived/ModuleCache.noindex -serialize-diagnostics -emit-dependencies -emit-module -emit-module-path /tmp/slumber-repair-derived/Build/Intermediates.noindex/PhoneInTheOtherRoom.build/Debug-iphonesimulator/PhoneInTheOtherRoom.build/Objects-normal/arm64/Counting_Sheep.swiftmodule -validate-clang-modules-once -clang-build-session-file /tmp/slumber-repair-derived/ModuleCache.noindex/Session.modulevalidation -Xcc -I/tmp/slumber-repair-derived/Build/Intermediates.noindex/PhoneInTheOtherRoom.build/Debug-iphonesimulator/PhoneInTheOtherRoom.build/swift-overrides.hmap -emit-const-values -Xfrontend -const-gather-protocols-file -Xfrontend /tmp/slumber-repair-derived/Build/Intermediates.noindex/PhoneInTheOtherRoom.build/Debug-iphonesimulator/PhoneInTheOtherRoom.build/Objects-normal/arm64/PhoneInTheOtherRoom_const_extract_protocols.json -Xcc -iquote -Xcc /tmp/slumber-repair-derived/Build/Intermediates.noindex/PhoneInTheOtherRoom.build/Debug-iphonesimulator/PhoneInTheOtherRoom.build/Counting\ Sheep-generated-files.hmap -Xcc -I/tmp/slumber-repair-derived/Build/Intermediates.noindex/PhoneInTheOtherRoom.build/Debug-iphonesimulator/PhoneInTheOtherRoom.build/Counting\ Sheep-own-target-headers.hmap -Xcc -I/tmp/slumber-repair-derived/Build/Intermediates.noindex/PhoneInTheOtherRoom.build/Debug-iphonesimulator/PhoneInTheOtherRoom.build/Counting\ Sheep-all-non-framework-target-headers.hmap -Xcc -ivfsoverlay -Xcc /tmp/slumber-repair-derived/Build/Intermediates.noindex/PhoneInTheOtherRoom.build/Debug-iphonesimulator/PhoneInTheOtherRoom-d9a00fb94435e678319518e524e23875-VFS-iphonesimulator/all-product-headers.yaml -Xcc -iquote -Xcc /tmp/slumber-repair-derived/Build/Intermediates.noindex/PhoneInTheOtherRoom.build/Debug-iphonesimulator/PhoneInTheOtherRoom.build/Counting\ Sheep-project-headers.hmap -Xcc -I/tmp/slumber-repair-derived/Build/Products/Debug-iphonesimulator/include -Xcc -I/tmp/slumber-repair-derived/Build/Intermediates.noindex/PhoneInTheOtherRoom.build/Debug-iphonesimulator/PhoneInTheOtherRoom.build/DerivedSources-normal/arm64 -Xcc -I/tmp/slumber-repair-derived/Build/Intermediates.noindex/PhoneInTheOtherRoom.build/Debug-iphonesimulator/PhoneInTheOtherRoom.build/DerivedSources/arm64 -Xcc -I/tmp/slumber-repair-derived/Build/Intermediates.noindex/PhoneInTheOtherRoom.build/Debug-iphonesimulator/PhoneInTheOtherRoom.build/DerivedSources -Xcc -DDEBUG\=1 -emit-objc-header -emit-objc-header-path /tmp/slumber-repair-derived/Build/Intermediates.noindex/PhoneInTheOtherRoom.build/Debug-iphonesimulator/PhoneInTheOtherRoom.build/Objects-normal/arm64/Counting_Sheep-Swift.h -working-directory /Users/ngawangchime/Desktop/Developer\ Projects/Phone\ in\ the\ Other\ Room -experimental-emit-module-separately -disable-cmo

SwiftDriver\ Compilation PhoneInTheOtherRoom normal x86_64 com.apple.xcode.tools.swift.compiler (in target 'PhoneInTheOtherRoom' from project 'PhoneInTheOtherRoom')
    cd /Users/ngawangchime/Desktop/Developer\ Projects/Phone\ in\ the\ Other\ Room
    builtin-Swift-Compilation -- /Applications/Xcode.app/Contents/Developer/Toolchains/XcodeDefault.xctoolchain/usr/bin/swiftc -module-name Counting_Sheep -Onone @/tmp/slumber-repair-derived/Build/Intermediates.noindex/PhoneInTheOtherRoom.build/Debug-iphonesimulator/PhoneInTheOtherRoom.build/Objects-normal/x86_64/Counting\ Sheep.SwiftFileList -DDEBUG -DSCREEN_TIME_REPORTS -enable-bare-slash-regex -enable-experimental-feature DebugDescriptionMacro -sdk /Applications/Xcode.app/Contents/Developer/Platforms/iPhoneSimulator.platform/Developer/SDKs/iPhoneSimulator26.5.sdk -target x86_64-apple-ios17.0-simulator -g -module-cache-path /tmp/slumber-repair-derived/ModuleCache.noindex -Xfrontend -serialize-debugging-options -enable-testing -index-store-path /tmp/slumber-repair-derived/Index.noindex/DataStore -Xcc -D_LIBCPP_HARDENING_MODE\=_LIBCPP_HARDENING_MODE_DEBUG -swift-version 5 -I /tmp/slumber-repair-derived/Build/Products/Debug-iphonesimulator -F /tmp/slumber-repair-derived/Build/Products/Debug-iphonesimulator/PackageFrameworks -F /tmp/slumber-repair-derived/Build/Products/Debug-iphonesimulator/PackageFrameworks -F /tmp/slumber-repair-derived/Build/Products/Debug-iphonesimulator/PackageFrameworks -F /tmp/slumber-repair-derived/Build/Products/Debug-iphonesimulator/PackageFrameworks -F /tmp/slumber-repair-derived/Build/Products/Debug-iphonesimulator/PackageFrameworks -F /tmp/slumber-repair-derived/Build/Products/Debug-iphonesimulator/PackageFrameworks -F /tmp/slumber-repair-derived/Build/Products/Debug-iphonesimulator/PackageFrameworks -F /tmp/slumber-repair-derived/Build/Products/Debug-iphonesimulator/PackageFrameworks -F /tmp/slumber-repair-derived/Build/Products/Debug-iphonesimulator/PackageFrameworks -F /tmp/slumber-repair-derived/Build/Products/Debug-iphonesimulator/PackageFrameworks -F /tmp/slumber-repair-derived/Build/Products/Debug-iphonesimulator/PackageFrameworks -F /tmp/slumber-repair-derived/Build/Products/Debug-iphonesimulator/PackageFrameworks -F /tmp/slumber-repair-derived/Build/Products/Debug-iphonesimulator/PackageFrameworks -F /tmp/slumber-repair-derived/Build/Products/Debug-iphonesimulator/PackageFrameworks -F /tmp/slumber-repair-derived/Build/Products/Debug-iphonesimulator -c -j8 -enable-batch-mode -incremental -Xcc -ivfsstatcache -Xcc /tmp/slumber-repair-derived/SDKStatCaches.noindex/iphonesimulator26.5-23F81a-6cfe768891a92b912361537c460fe42b.sdkstatcache -output-file-map /tmp/slumber-repair-derived/Build/Intermediates.noindex/PhoneInTheOtherRoom.build/Debug-iphonesimulator/PhoneInTheOtherRoom.build/Objects-normal/x86_64/PhoneInTheOtherRoom-OutputFileMap.json -use-frontend-parseable-output -save-temps -no-color-diagnostics -explicit-module-build -module-cache-path /tmp/slumber-repair-derived/Build/Intermediates.noindex/SwiftExplicitPrecompiledModules -clang-scanner-module-cache-path /tmp/slumber-repair-derived/ModuleCache.noindex -sdk-module-cache-path /tmp/slumber-repair-derived/ModuleCache.noindex -serialize-diagnostics -emit-dependencies -emit-module -emit-module-path /tmp/slumber-repair-derived/Build/Intermediates.noindex/PhoneInTheOtherRoom.build/Debug-iphonesimulator/PhoneInTheOtherRoom.build/Objects-normal/x86_64/Counting_Sheep.swiftmodule -validate-clang-modules-once -clang-build-session-file /tmp/slumber-repair-derived/ModuleCache.noindex/Session.modulevalidation -Xcc -I/tmp/slumber-repair-derived/Build/Intermediates.noindex/PhoneInTheOtherRoom.build/Debug-iphonesimulator/PhoneInTheOtherRoom.build/swift-overrides.hmap -emit-const-values -Xfrontend -const-gather-protocols-file -Xfrontend /tmp/slumber-repair-derived/Build/Intermediates.noindex/PhoneInTheOtherRoom.build/Debug-iphonesimulator/PhoneInTheOtherRoom.build/Objects-normal/x86_64/PhoneInTheOtherRoom_const_extract_protocols.json -Xcc -iquote -Xcc /tmp/slumber-repair-derived/Build/Intermediates.noindex/PhoneInTheOtherRoom.build/Debug-iphonesimulator/PhoneInTheOtherRoom.build/Counting\ Sheep-generated-files.hmap -Xcc -I/tmp/slumber-repair-derived/Build/Intermediates.noindex/PhoneInTheOtherRoom.build/Debug-iphonesimulator/PhoneInTheOtherRoom.build/Counting\ Sheep-own-target-headers.hmap -Xcc -I/tmp/slumber-repair-derived/Build/Intermediates.noindex/PhoneInTheOtherRoom.build/Debug-iphonesimulator/PhoneInTheOtherRoom.build/Counting\ Sheep-all-non-framework-target-headers.hmap -Xcc -ivfsoverlay -Xcc /tmp/slumber-repair-derived/Build/Intermediates.noindex/PhoneInTheOtherRoom.build/Debug-iphonesimulator/PhoneInTheOtherRoom-d9a00fb94435e678319518e524e23875-VFS-iphonesimulator/all-product-headers.yaml -Xcc -iquote -Xcc /tmp/slumber-repair-derived/Build/Intermediates.noindex/PhoneInTheOtherRoom.build/Debug-iphonesimulator/PhoneInTheOtherRoom.build/Counting\ Sheep-project-headers.hmap -Xcc -I/tmp/slumber-repair-derived/Build/Products/Debug-iphonesimulator/include -Xcc -I/tmp/slumber-repair-derived/Build/Intermediates.noindex/PhoneInTheOtherRoom.build/Debug-iphonesimulator/PhoneInTheOtherRoom.build/DerivedSources-normal/x86_64 -Xcc -I/tmp/slumber-repair-derived/Build/Intermediates.noindex/PhoneInTheOtherRoom.build/Debug-iphonesimulator/PhoneInTheOtherRoom.build/DerivedSources/x86_64 -Xcc -I/tmp/slumber-repair-derived/Build/Intermediates.noindex/PhoneInTheOtherRoom.build/Debug-iphonesimulator/PhoneInTheOtherRoom.build/DerivedSources -Xcc -DDEBUG\=1 -emit-objc-header -emit-objc-header-path /tmp/slumber-repair-derived/Build/Intermediates.noindex/PhoneInTheOtherRoom.build/Debug-iphonesimulator/PhoneInTheOtherRoom.build/Objects-normal/x86_64/Counting_Sheep-Swift.h -working-directory /Users/ngawangchime/Desktop/Developer\ Projects/Phone\ in\ the\ Other\ Room -experimental-emit-module-separately -disable-cmo

SwiftMergeGeneratedHeaders /tmp/slumber-repair-derived/Build/Intermediates.noindex/PhoneInTheOtherRoom.build/Debug-iphonesimulator/PhoneInTheOtherRoom.build/DerivedSources/Counting_Sheep-Swift.h /tmp/slumber-repair-derived/Build/Intermediates.noindex/PhoneInTheOtherRoom.build/Debug-iphonesimulator/PhoneInTheOtherRoom.build/Objects-normal/arm64/Counting_Sheep-Swift.h /tmp/slumber-repair-derived/Build/Intermediates.noindex/PhoneInTheOtherRoom.build/Debug-iphonesimulator/PhoneInTheOtherRoom.build/Objects-normal/x86_64/Counting_Sheep-Swift.h (in target 'PhoneInTheOtherRoom' from project 'PhoneInTheOtherRoom')
    cd /Users/ngawangchime/Desktop/Developer\ Projects/Phone\ in\ the\ Other\ Room
    builtin-swiftHeaderTool -arch arm64 /tmp/slumber-repair-derived/Build/Intermediates.noindex/PhoneInTheOtherRoom.build/Debug-iphonesimulator/PhoneInTheOtherRoom.build/Objects-normal/arm64/Counting_Sheep-Swift.h -arch x86_64 /tmp/slumber-repair-derived/Build/Intermediates.noindex/PhoneInTheOtherRoom.build/Debug-iphonesimulator/PhoneInTheOtherRoom.build/Objects-normal/x86_64/Counting_Sheep-Swift.h -o /tmp/slumber-repair-derived/Build/Intermediates.noindex/PhoneInTheOtherRoom.build/Debug-iphonesimulator/PhoneInTheOtherRoom.build/DerivedSources/Counting_Sheep-Swift.h

Copy /tmp/slumber-repair-derived/Build/Products/Debug-iphonesimulator/Counting_Sheep.swiftmodule/arm64-apple-ios-simulator.swiftdoc /tmp/slumber-repair-derived/Build/Intermediates.noindex/PhoneInTheOtherRoom.build/Debug-iphonesimulator/PhoneInTheOtherRoom.build/Objects-normal/arm64/Counting_Sheep.swiftdoc (in target 'PhoneInTheOtherRoom' from project 'PhoneInTheOtherRoom')
    cd /Users/ngawangchime/Desktop/Developer\ Projects/Phone\ in\ the\ Other\ Room
    builtin-copy -exclude .DS_Store -exclude CVS -exclude .svn -exclude .git -exclude .hg -resolve-src-symlinks -rename /tmp/slumber-repair-derived/Build/Intermediates.noindex/PhoneInTheOtherRoom.build/Debug-iphonesimulator/PhoneInTheOtherRoom.build/Objects-normal/arm64/Counting_Sheep.swiftdoc /tmp/slumber-repair-derived/Build/Products/Debug-iphonesimulator/Counting_Sheep.swiftmodule/arm64-apple-ios-simulator.swiftdoc

Copy /tmp/slumber-repair-derived/Build/Products/Debug-iphonesimulator/Counting_Sheep.swiftmodule/x86_64-apple-ios-simulator.abi.json /tmp/slumber-repair-derived/Build/Intermediates.noindex/PhoneInTheOtherRoom.build/Debug-iphonesimulator/PhoneInTheOtherRoom.build/Objects-normal/x86_64/Counting_Sheep.abi.json (in target 'PhoneInTheOtherRoom' from project 'PhoneInTheOtherRoom')
    cd /Users/ngawangchime/Desktop/Developer\ Projects/Phone\ in\ the\ Other\ Room
    builtin-copy -exclude .DS_Store -exclude CVS -exclude .svn -exclude .git -exclude .hg -resolve-src-symlinks -rename /tmp/slumber-repair-derived/Build/Intermediates.noindex/PhoneInTheOtherRoom.build/Debug-iphonesimulator/PhoneInTheOtherRoom.build/Objects-normal/x86_64/Counting_Sheep.abi.json /tmp/slumber-repair-derived/Build/Products/Debug-iphonesimulator/Counting_Sheep.swiftmodule/x86_64-apple-ios-simulator.abi.json

Copy /tmp/slumber-repair-derived/Build/Products/Debug-iphonesimulator/Counting_Sheep.swiftmodule/arm64-apple-ios-simulator.swiftmodule /tmp/slumber-repair-derived/Build/Intermediates.noindex/PhoneInTheOtherRoom.build/Debug-iphonesimulator/PhoneInTheOtherRoom.build/Objects-normal/arm64/Counting_Sheep.swiftmodule (in target 'PhoneInTheOtherRoom' from project 'PhoneInTheOtherRoom')
    cd /Users/ngawangchime/Desktop/Developer\ Projects/Phone\ in\ the\ Other\ Room
    builtin-copy -exclude .DS_Store -exclude CVS -exclude .svn -exclude .git -exclude .hg -resolve-src-symlinks -rename /tmp/slumber-repair-derived/Build/Intermediates.noindex/PhoneInTheOtherRoom.build/Debug-iphonesimulator/PhoneInTheOtherRoom.build/Objects-normal/arm64/Counting_Sheep.swiftmodule /tmp/slumber-repair-derived/Build/Products/Debug-iphonesimulator/Counting_Sheep.swiftmodule/arm64-apple-ios-simulator.swiftmodule

Copy /tmp/slumber-repair-derived/Build/Products/Debug-iphonesimulator/Counting_Sheep.swiftmodule/x86_64-apple-ios-simulator.swiftmodule /tmp/slumber-repair-derived/Build/Intermediates.noindex/PhoneInTheOtherRoom.build/Debug-iphonesimulator/PhoneInTheOtherRoom.build/Objects-normal/x86_64/Counting_Sheep.swiftmodule (in target 'PhoneInTheOtherRoom' from project 'PhoneInTheOtherRoom')
    cd /Users/ngawangchime/Desktop/Developer\ Projects/Phone\ in\ the\ Other\ Room
    builtin-copy -exclude .DS_Store -exclude CVS -exclude .svn -exclude .git -exclude .hg -resolve-src-symlinks -rename /tmp/slumber-repair-derived/Build/Intermediates.noindex/PhoneInTheOtherRoom.build/Debug-iphonesimulator/PhoneInTheOtherRoom.build/Objects-normal/x86_64/Counting_Sheep.swiftmodule /tmp/slumber-repair-derived/Build/Products/Debug-iphonesimulator/Counting_Sheep.swiftmodule/x86_64-apple-ios-simulator.swiftmodule

Copy /tmp/slumber-repair-derived/Build/Products/Debug-iphonesimulator/Counting_Sheep.swiftmodule/arm64-apple-ios-simulator.abi.json /tmp/slumber-repair-derived/Build/Intermediates.noindex/PhoneInTheOtherRoom.build/Debug-iphonesimulator/PhoneInTheOtherRoom.build/Objects-normal/arm64/Counting_Sheep.abi.json (in target 'PhoneInTheOtherRoom' from project 'PhoneInTheOtherRoom')
    cd /Users/ngawangchime/Desktop/Developer\ Projects/Phone\ in\ the\ Other\ Room
    builtin-copy -exclude .DS_Store -exclude CVS -exclude .svn -exclude .git -exclude .hg -resolve-src-symlinks -rename /tmp/slumber-repair-derived/Build/Intermediates.noindex/PhoneInTheOtherRoom.build/Debug-iphonesimulator/PhoneInTheOtherRoom.build/Objects-normal/arm64/Counting_Sheep.abi.json /tmp/slumber-repair-derived/Build/Products/Debug-iphonesimulator/Counting_Sheep.swiftmodule/arm64-apple-ios-simulator.abi.json

Copy /tmp/slumber-repair-derived/Build/Products/Debug-iphonesimulator/Counting_Sheep.swiftmodule/Project/x86_64-apple-ios-simulator.swiftsourceinfo /tmp/slumber-repair-derived/Build/Intermediates.noindex/PhoneInTheOtherRoom.build/Debug-iphonesimulator/PhoneInTheOtherRoom.build/Objects-normal/x86_64/Counting_Sheep.swiftsourceinfo (in target 'PhoneInTheOtherRoom' from project 'PhoneInTheOtherRoom')
    cd /Users/ngawangchime/Desktop/Developer\ Projects/Phone\ in\ the\ Other\ Room
    builtin-copy -exclude .DS_Store -exclude CVS -exclude .svn -exclude .git -exclude .hg -resolve-src-symlinks -rename /tmp/slumber-repair-derived/Build/Intermediates.noindex/PhoneInTheOtherRoom.build/Debug-iphonesimulator/PhoneInTheOtherRoom.build/Objects-normal/x86_64/Counting_Sheep.swiftsourceinfo /tmp/slumber-repair-derived/Build/Products/Debug-iphonesimulator/Counting_Sheep.swiftmodule/Project/x86_64-apple-ios-simulator.swiftsourceinfo

Copy /tmp/slumber-repair-derived/Build/Products/Debug-iphonesimulator/Counting_Sheep.swiftmodule/Project/arm64-apple-ios-simulator.swiftsourceinfo /tmp/slumber-repair-derived/Build/Intermediates.noindex/PhoneInTheOtherRoom.build/Debug-iphonesimulator/PhoneInTheOtherRoom.build/Objects-normal/arm64/Counting_Sheep.swiftsourceinfo (in target 'PhoneInTheOtherRoom' from project 'PhoneInTheOtherRoom')
    cd /Users/ngawangchime/Desktop/Developer\ Projects/Phone\ in\ the\ Other\ Room
    builtin-copy -exclude .DS_Store -exclude CVS -exclude .svn -exclude .git -exclude .hg -resolve-src-symlinks -rename /tmp/slumber-repair-derived/Build/Intermediates.noindex/PhoneInTheOtherRoom.build/Debug-iphonesimulator/PhoneInTheOtherRoom.build/Objects-normal/arm64/Counting_Sheep.swiftsourceinfo /tmp/slumber-repair-derived/Build/Products/Debug-iphonesimulator/Counting_Sheep.swiftmodule/Project/arm64-apple-ios-simulator.swiftsourceinfo

Ld /tmp/slumber-repair-derived/Build/Intermediates.noindex/PhoneInTheOtherRoom.build/Debug-iphonesimulator/PhoneInTheOtherRoom.build/Objects-normal/arm64/Binary/Counting\ Sheep.debug.dylib normal arm64 (in target 'PhoneInTheOtherRoom' from project 'PhoneInTheOtherRoom')
    cd /Users/ngawangchime/Desktop/Developer\ Projects/Phone\ in\ the\ Other\ Room
    /Applications/Xcode.app/Contents/Developer/Toolchains/XcodeDefault.xctoolchain/usr/bin/clang -Xlinker -reproducible -target arm64-apple-ios17.0-simulator -dynamiclib -isysroot /Applications/Xcode.app/Contents/Developer/Platforms/iPhoneSimulator.platform/Developer/SDKs/iPhoneSimulator26.5.sdk -O0 -L/tmp/slumber-repair-derived/Build/Intermediates.noindex/EagerLinkingTBDs/Debug-iphonesimulator -L/tmp/slumber-repair-derived/Build/Products/Debug-iphonesimulator -F/tmp/slumber-repair-derived/Build/Intermediates.noindex/EagerLinkingTBDs/Debug-iphonesimulator -F/tmp/slumber-repair-derived/Build/Products/Debug-iphonesimulator/PackageFrameworks -F/tmp/slumber-repair-derived/Build/Products/Debug-iphonesimulator/PackageFrameworks -F/tmp/slumber-repair-derived/Build/Products/Debug-iphonesimulator/PackageFrameworks -F/tmp/slumber-repair-derived/Build/Products/Debug-iphonesimulator/PackageFrameworks -F/tmp/slumber-repair-derived/Build/Products/Debug-iphonesimulator/PackageFrameworks -F/tmp/slumber-repair-derived/Build/Products/Debug-iphonesimulator/PackageFrameworks -F/tmp/slumber-repair-derived/Build/Products/Debug-iphonesimulator/PackageFrameworks -F/tmp/slumber-repair-derived/Build/Products/Debug-iphonesimulator/PackageFrameworks -F/tmp/slumber-repair-derived/Build/Products/Debug-iphonesimulator/PackageFrameworks -F/tmp/slumber-repair-derived/Build/Products/Debug-iphonesimulator/PackageFrameworks -F/tmp/slumber-repair-derived/Build/Products/Debug-iphonesimulator/PackageFrameworks -F/tmp/slumber-repair-derived/Build/Products/Debug-iphonesimulator/PackageFrameworks -F/tmp/slumber-repair-derived/Build/Products/Debug-iphonesimulator/PackageFrameworks -F/tmp/slumber-repair-derived/Build/Products/Debug-iphonesimulator/PackageFrameworks -F/tmp/slumber-repair-derived/Build/Products/Debug-iphonesimulator -filelist /tmp/slumber-repair-derived/Build/Intermediates.noindex/PhoneInTheOtherRoom.build/Debug-iphonesimulator/PhoneInTheOtherRoom.build/Objects-normal/arm64/Counting\ Sheep.LinkFileList -install_name @rpath/Counting\ Sheep.debug.dylib -Xlinker -rpath -Xlinker /usr/lib/swift -Xlinker -rpath -Xlinker /tmp/slumber-repair-derived/Build/Products/Debug-iphonesimulator/PackageFrameworks -Xlinker -rpath -Xlinker @executable_path/Frameworks -Xlinker -dead_strip -Xlinker -object_path_lto -Xlinker /tmp/slumber-repair-derived/Build/Intermediates.noindex/PhoneInTheOtherRoom.build/Debug-iphonesimulator/PhoneInTheOtherRoom.build/Objects-normal/arm64/Counting\ Sheep_lto.o -rdynamic -Xlinker -no_deduplicate -Xlinker -objc_abi_version -Xlinker 2 -Xlinker -dependency_info -Xlinker /tmp/slumber-repair-derived/Build/Intermediates.noindex/PhoneInTheOtherRoom.build/Debug-iphonesimulator/PhoneInTheOtherRoom.build/Objects-normal/arm64/Counting\ Sheep_dependency_info.dat -fobjc-link-runtime -L/Applications/Xcode.app/Contents/Developer/Toolchains/XcodeDefault.xctoolchain/usr/lib/swift/iphonesimulator -L/usr/lib/swift -Xlinker -add_ast_path -Xlinker /tmp/slumber-repair-derived/Build/Intermediates.noindex/PhoneInTheOtherRoom.build/Debug-iphonesimulator/PhoneInTheOtherRoom.build/Objects-normal/arm64/Counting_Sheep.swiftmodule @/tmp/slumber-repair-derived/Build/Intermediates.noindex/PhoneInTheOtherRoom.build/Debug-iphonesimulator/PhoneInTheOtherRoom.build/Objects-normal/arm64/Counting_Sheep-linker-args.resp -Wl,-no_warn_duplicate_libraries -Wl,-no_warn_duplicate_libraries -Wl,-no_warn_duplicate_libraries -Wl,-no_warn_duplicate_libraries -Wl,-no_warn_duplicate_libraries -Wl,-no_warn_duplicate_libraries -Wl,-no_warn_duplicate_libraries -Wl,-no_warn_duplicate_libraries -Wl,-no_warn_duplicate_libraries -Wl,-no_warn_duplicate_libraries -Wl,-no_warn_duplicate_libraries -Wl,-no_warn_duplicate_libraries -Wl,-no_warn_duplicate_libraries -Wl,-no_warn_duplicate_libraries -Xlinker -alias -Xlinker _main -Xlinker ___debug_main_executable_dylib_entry_point -Xlinker -no_adhoc_codesign -o /tmp/slumber-repair-derived/Build/Intermediates.noindex/PhoneInTheOtherRoom.build/Debug-iphonesimulator/PhoneInTheOtherRoom.build/Objects-normal/arm64/Binary/Counting\ Sheep.debug.dylib -Xlinker -add_ast_path -Xlinker /tmp/slumber-repair-derived/Build/Intermediates.noindex/Supabase.build/Debug-iphonesimulator/Supabase.build/Objects-normal/arm64/Supabase.swiftmodule @/tmp/slumber-repair-derived/Build/Intermediates.noindex/Supabase.build/Debug-iphonesimulator/Supabase.build/Objects-normal/arm64/Supabase-linker-args.resp -Xlinker -add_ast_path -Xlinker /tmp/slumber-repair-derived/Build/Intermediates.noindex/swift-concurrency-extras.build/Debug-iphonesimulator/ConcurrencyExtras.build/Objects-normal/arm64/ConcurrencyExtras.swiftmodule @/tmp/slumber-repair-derived/Build/Intermediates.noindex/swift-concurrency-extras.build/Debug-iphonesimulator/ConcurrencyExtras.build/Objects-normal/arm64/ConcurrencyExtras-linker-args.resp -Xlinker -add_ast_path -Xlinker /tmp/slumber-repair-derived/Build/Intermediates.noindex/swift-http-types.build/Debug-iphonesimulator/HTTPTypes.build/Objects-normal/arm64/HTTPTypes.swiftmodule @/tmp/slumber-repair-derived/Build/Intermediates.noindex/swift-http-types.build/Debug-iphonesimulator/HTTPTypes.build/Objects-normal/arm64/HTTPTypes-linker-args.resp -Xlinker -add_ast_path -Xlinker /tmp/slumber-repair-derived/Build/Intermediates.noindex/swift-clocks.build/Debug-iphonesimulator/Clocks.build/Objects-normal/arm64/Clocks.swiftmodule @/tmp/slumber-repair-derived/Build/Intermediates.noindex/swift-clocks.build/Debug-iphonesimulator/Clocks.build/Objects-normal/arm64/Clocks-linker-args.resp -Xlinker -add_ast_path -Xlinker /tmp/slumber-repair-derived/Build/Intermediates.noindex/xctest-dynamic-overlay.build/Debug-iphonesimulator/IssueReporting.build/Objects-normal/arm64/IssueReporting.swiftmodule @/tmp/slumber-repair-derived/Build/Intermediates.noindex/xctest-dynamic-overlay.build/Debug-iphonesimulator/IssueReporting.build/Objects-normal/arm64/IssueReporting-linker-args.resp -Xlinker -add_ast_path -Xlinker /tmp/slumber-repair-derived/Build/Intermediates.noindex/xctest-dynamic-overlay.build/Debug-iphonesimulator/XCTestDynamicOverlay.build/Objects-normal/arm64/XCTestDynamicOverlay.swiftmodule @/tmp/slumber-repair-derived/Build/Intermediates.noindex/xctest-dynamic-overlay.build/Debug-iphonesimulator/XCTestDynamicOverlay.build/Objects-normal/arm64/XCTestDynamicOverlay-linker-args.resp -Xlinker -add_ast_path -Xlinker /tmp/slumber-repair-derived/Build/Intermediates.noindex/Supabase.build/Debug-iphonesimulator/Helpers.build/Objects-normal/arm64/Helpers.swiftmodule @/tmp/slumber-repair-derived/Build/Intermediates.noindex/Supabase.build/Debug-iphonesimulator/Helpers.build/Objects-normal/arm64/Helpers-linker-args.resp -Xlinker -add_ast_path -Xlinker /tmp/slumber-repair-derived/Build/Intermediates.noindex/swift-crypto.build/Debug-iphonesimulator/Crypto.build/Objects-normal/arm64/Crypto.swiftmodule @/tmp/slumber-repair-derived/Build/Intermediates.noindex/swift-crypto.build/Debug-iphonesimulator/Crypto.build/Objects-normal/arm64/Crypto-linker-args.resp -Xlinker -add_ast_path -Xlinker /tmp/slumber-repair-derived/Build/Intermediates.noindex/Supabase.build/Debug-iphonesimulator/Auth.build/Objects-normal/arm64/Auth.swiftmodule @/tmp/slumber-repair-derived/Build/Intermediates.noindex/Supabase.build/Debug-iphonesimulator/Auth.build/Objects-normal/arm64/Auth-linker-args.resp -Xlinker -add_ast_path -Xlinker /tmp/slumber-repair-derived/Build/Intermediates.noindex/Supabase.build/Debug-iphonesimulator/Functions.build/Objects-normal/arm64/Functions.swiftmodule @/tmp/slumber-repair-derived/Build/Intermediates.noindex/Supabase.build/Debug-iphonesimulator/Functions.build/Objects-normal/arm64/Functions-linker-args.resp -Xlinker -add_ast_path -Xlinker /tmp/slumber-repair-derived/Build/Intermediates.noindex/Supabase.build/Debug-iphonesimulator/PostgREST.build/Objects-normal/arm64/PostgREST.swiftmodule @/tmp/slumber-repair-derived/Build/Intermediates.noindex/Supabase.build/Debug-iphonesimulator/PostgREST.build/Objects-normal/arm64/PostgREST-linker-args.resp -Xlinker -add_ast_path -Xlinker /tmp/slumber-repair-derived/Build/Intermediates.noindex/Supabase.build/Debug-iphonesimulator/RealtimeV2.build/Objects-normal/arm64/RealtimeV2.swiftmodule @/tmp/slumber-repair-derived/Build/Intermediates.noindex/Supabase.build/Debug-iphonesimulator/RealtimeV2.build/Objects-normal/arm64/RealtimeV2-linker-args.resp -Xlinker -add_ast_path -Xlinker /tmp/slumber-repair-derived/Build/Intermediates.noindex/Supabase.build/Debug-iphonesimulator/Realtime.build/Objects-normal/arm64/Realtime.swiftmodule @/tmp/slumber-repair-derived/Build/Intermediates.noindex/Supabase.build/Debug-iphonesimulator/Realtime.build/Objects-normal/arm64/Realtime-linker-args.resp -Xlinker -add_ast_path -Xlinker /tmp/slumber-repair-derived/Build/Intermediates.noindex/Supabase.build/Debug-iphonesimulator/Storage.build/Objects-normal/arm64/Storage.swiftmodule @/tmp/slumber-repair-derived/Build/Intermediates.noindex/Supabase.build/Debug-iphonesimulator/Storage.build/Objects-normal/arm64/Storage-linker-args.resp

Ld /tmp/slumber-repair-derived/Build/Intermediates.noindex/PhoneInTheOtherRoom.build/Debug-iphonesimulator/PhoneInTheOtherRoom.build/Objects-normal/x86_64/Binary/Counting\ Sheep.debug.dylib normal x86_64 (in target 'PhoneInTheOtherRoom' from project 'PhoneInTheOtherRoom')
    cd /Users/ngawangchime/Desktop/Developer\ Projects/Phone\ in\ the\ Other\ Room
    /Applications/Xcode.app/Contents/Developer/Toolchains/XcodeDefault.xctoolchain/usr/bin/clang -Xlinker -reproducible -target x86_64-apple-ios17.0-simulator -dynamiclib -isysroot /Applications/Xcode.app/Contents/Developer/Platforms/iPhoneSimulator.platform/Developer/SDKs/iPhoneSimulator26.5.sdk -O0 -L/tmp/slumber-repair-derived/Build/Intermediates.noindex/EagerLinkingTBDs/Debug-iphonesimulator -L/tmp/slumber-repair-derived/Build/Products/Debug-iphonesimulator -F/tmp/slumber-repair-derived/Build/Intermediates.noindex/EagerLinkingTBDs/Debug-iphonesimulator -F/tmp/slumber-repair-derived/Build/Products/Debug-iphonesimulator/PackageFrameworks -F/tmp/slumber-repair-derived/Build/Products/Debug-iphonesimulator/PackageFrameworks -F/tmp/slumber-repair-derived/Build/Products/Debug-iphonesimulator/PackageFrameworks -F/tmp/slumber-repair-derived/Build/Products/Debug-iphonesimulator/PackageFrameworks -F/tmp/slumber-repair-derived/Build/Products/Debug-iphonesimulator/PackageFrameworks -F/tmp/slumber-repair-derived/Build/Products/Debug-iphonesimulator/PackageFrameworks -F/tmp/slumber-repair-derived/Build/Products/Debug-iphonesimulator/PackageFrameworks -F/tmp/slumber-repair-derived/Build/Products/Debug-iphonesimulator/PackageFrameworks -F/tmp/slumber-repair-derived/Build/Products/Debug-iphonesimulator/PackageFrameworks -F/tmp/slumber-repair-derived/Build/Products/Debug-iphonesimulator/PackageFrameworks -F/tmp/slumber-repair-derived/Build/Products/Debug-iphonesimulator/PackageFrameworks -F/tmp/slumber-repair-derived/Build/Products/Debug-iphonesimulator/PackageFrameworks -F/tmp/slumber-repair-derived/Build/Products/Debug-iphonesimulator/PackageFrameworks -F/tmp/slumber-repair-derived/Build/Products/Debug-iphonesimulator/PackageFrameworks -F/tmp/slumber-repair-derived/Build/Products/Debug-iphonesimulator -filelist /tmp/slumber-repair-derived/Build/Intermediates.noindex/PhoneInTheOtherRoom.build/Debug-iphonesimulator/PhoneInTheOtherRoom.build/Objects-normal/x86_64/Counting\ Sheep.LinkFileList -install_name @rpath/Counting\ Sheep.debug.dylib -Xlinker -rpath -Xlinker /usr/lib/swift -Xlinker -rpath -Xlinker /tmp/slumber-repair-derived/Build/Products/Debug-iphonesimulator/PackageFrameworks -Xlinker -rpath -Xlinker @executable_path/Frameworks -Xlinker -dead_strip -Xlinker -object_path_lto -Xlinker /tmp/slumber-repair-derived/Build/Intermediates.noindex/PhoneInTheOtherRoom.build/Debug-iphonesimulator/PhoneInTheOtherRoom.build/Objects-normal/x86_64/Counting\ Sheep_lto.o -rdynamic -Xlinker -no_deduplicate -Xlinker -objc_abi_version -Xlinker 2 -Xlinker -dependency_info -Xlinker /tmp/slumber-repair-derived/Build/Intermediates.noindex/PhoneInTheOtherRoom.build/Debug-iphonesimulator/PhoneInTheOtherRoom.build/Objects-normal/x86_64/Counting\ Sheep_dependency_info.dat -fobjc-link-runtime -L/Applications/Xcode.app/Contents/Developer/Toolchains/XcodeDefault.xctoolchain/usr/lib/swift/iphonesimulator -L/usr/lib/swift -Xlinker -add_ast_path -Xlinker /tmp/slumber-repair-derived/Build/Intermediates.noindex/PhoneInTheOtherRoom.build/Debug-iphonesimulator/PhoneInTheOtherRoom.build/Objects-normal/x86_64/Counting_Sheep.swiftmodule @/tmp/slumber-repair-derived/Build/Intermediates.noindex/PhoneInTheOtherRoom.build/Debug-iphonesimulator/PhoneInTheOtherRoom.build/Objects-normal/x86_64/Counting_Sheep-linker-args.resp -Wl,-no_warn_duplicate_libraries -Wl,-no_warn_duplicate_libraries -Wl,-no_warn_duplicate_libraries -Wl,-no_warn_duplicate_libraries -Wl,-no_warn_duplicate_libraries -Wl,-no_warn_duplicate_libraries -Wl,-no_warn_duplicate_libraries -Wl,-no_warn_duplicate_libraries -Wl,-no_warn_duplicate_libraries -Wl,-no_warn_duplicate_libraries -Wl,-no_warn_duplicate_libraries -Wl,-no_warn_duplicate_libraries -Wl,-no_warn_duplicate_libraries -Wl,-no_warn_duplicate_libraries -Xlinker -alias -Xlinker _main -Xlinker ___debug_main_executable_dylib_entry_point -Xlinker -no_adhoc_codesign -o /tmp/slumber-repair-derived/Build/Intermediates.noindex/PhoneInTheOtherRoom.build/Debug-iphonesimulator/PhoneInTheOtherRoom.build/Objects-normal/x86_64/Binary/Counting\ Sheep.debug.dylib -Xlinker -add_ast_path -Xlinker /tmp/slumber-repair-derived/Build/Intermediates.noindex/Supabase.build/Debug-iphonesimulator/Supabase.build/Objects-normal/x86_64/Supabase.swiftmodule @/tmp/slumber-repair-derived/Build/Intermediates.noindex/Supabase.build/Debug-iphonesimulator/Supabase.build/Objects-normal/x86_64/Supabase-linker-args.resp -Xlinker -add_ast_path -Xlinker /tmp/slumber-repair-derived/Build/Intermediates.noindex/swift-concurrency-extras.build/Debug-iphonesimulator/ConcurrencyExtras.build/Objects-normal/x86_64/ConcurrencyExtras.swiftmodule @/tmp/slumber-repair-derived/Build/Intermediates.noindex/swift-concurrency-extras.build/Debug-iphonesimulator/ConcurrencyExtras.build/Objects-normal/x86_64/ConcurrencyExtras-linker-args.resp -Xlinker -add_ast_path -Xlinker /tmp/slumber-repair-derived/Build/Intermediates.noindex/swift-http-types.build/Debug-iphonesimulator/HTTPTypes.build/Objects-normal/x86_64/HTTPTypes.swiftmodule @/tmp/slumber-repair-derived/Build/Intermediates.noindex/swift-http-types.build/Debug-iphonesimulator/HTTPTypes.build/Objects-normal/x86_64/HTTPTypes-linker-args.resp -Xlinker -add_ast_path -Xlinker /tmp/slumber-repair-derived/Build/Intermediates.noindex/swift-clocks.build/Debug-iphonesimulator/Clocks.build/Objects-normal/x86_64/Clocks.swiftmodule @/tmp/slumber-repair-derived/Build/Intermediates.noindex/swift-clocks.build/Debug-iphonesimulator/Clocks.build/Objects-normal/x86_64/Clocks-linker-args.resp -Xlinker -add_ast_path -Xlinker /tmp/slumber-repair-derived/Build/Intermediates.noindex/xctest-dynamic-overlay.build/Debug-iphonesimulator/IssueReporting.build/Objects-normal/x86_64/IssueReporting.swiftmodule @/tmp/slumber-repair-derived/Build/Intermediates.noindex/xctest-dynamic-overlay.build/Debug-iphonesimulator/IssueReporting.build/Objects-normal/x86_64/IssueReporting-linker-args.resp -Xlinker -add_ast_path -Xlinker /tmp/slumber-repair-derived/Build/Intermediates.noindex/xctest-dynamic-overlay.build/Debug-iphonesimulator/XCTestDynamicOverlay.build/Objects-normal/x86_64/XCTestDynamicOverlay.swiftmodule @/tmp/slumber-repair-derived/Build/Intermediates.noindex/xctest-dynamic-overlay.build/Debug-iphonesimulator/XCTestDynamicOverlay.build/Objects-normal/x86_64/XCTestDynamicOverlay-linker-args.resp -Xlinker -add_ast_path -Xlinker /tmp/slumber-repair-derived/Build/Intermediates.noindex/Supabase.build/Debug-iphonesimulator/Helpers.build/Objects-normal/x86_64/Helpers.swiftmodule @/tmp/slumber-repair-derived/Build/Intermediates.noindex/Supabase.build/Debug-iphonesimulator/Helpers.build/Objects-normal/x86_64/Helpers-linker-args.resp -Xlinker -add_ast_path -Xlinker /tmp/slumber-repair-derived/Build/Intermediates.noindex/swift-crypto.build/Debug-iphonesimulator/Crypto.build/Objects-normal/x86_64/Crypto.swiftmodule @/tmp/slumber-repair-derived/Build/Intermediates.noindex/swift-crypto.build/Debug-iphonesimulator/Crypto.build/Objects-normal/x86_64/Crypto-linker-args.resp -Xlinker -add_ast_path -Xlinker /tmp/slumber-repair-derived/Build/Intermediates.noindex/Supabase.build/Debug-iphonesimulator/Auth.build/Objects-normal/x86_64/Auth.swiftmodule @/tmp/slumber-repair-derived/Build/Intermediates.noindex/Supabase.build/Debug-iphonesimulator/Auth.build/Objects-normal/x86_64/Auth-linker-args.resp -Xlinker -add_ast_path -Xlinker /tmp/slumber-repair-derived/Build/Intermediates.noindex/Supabase.build/Debug-iphonesimulator/Functions.build/Objects-normal/x86_64/Functions.swiftmodule @/tmp/slumber-repair-derived/Build/Intermediates.noindex/Supabase.build/Debug-iphonesimulator/Functions.build/Objects-normal/x86_64/Functions-linker-args.resp -Xlinker -add_ast_path -Xlinker /tmp/slumber-repair-derived/Build/Intermediates.noindex/Supabase.build/Debug-iphonesimulator/PostgREST.build/Objects-normal/x86_64/PostgREST.swiftmodule @/tmp/slumber-repair-derived/Build/Intermediates.noindex/Supabase.build/Debug-iphonesimulator/PostgREST.build/Objects-normal/x86_64/PostgREST-linker-args.resp -Xlinker -add_ast_path -Xlinker /tmp/slumber-repair-derived/Build/Intermediates.noindex/Supabase.build/Debug-iphonesimulator/RealtimeV2.build/Objects-normal/x86_64/RealtimeV2.swiftmodule @/tmp/slumber-repair-derived/Build/Intermediates.noindex/Supabase.build/Debug-iphonesimulator/RealtimeV2.build/Objects-normal/x86_64/RealtimeV2-linker-args.resp -Xlinker -add_ast_path -Xlinker /tmp/slumber-repair-derived/Build/Intermediates.noindex/Supabase.build/Debug-iphonesimulator/Realtime.build/Objects-normal/x86_64/Realtime.swiftmodule @/tmp/slumber-repair-derived/Build/Intermediates.noindex/Supabase.build/Debug-iphonesimulator/Realtime.build/Objects-normal/x86_64/Realtime-linker-args.resp -Xlinker -add_ast_path -Xlinker /tmp/slumber-repair-derived/Build/Intermediates.noindex/Supabase.build/Debug-iphonesimulator/Storage.build/Objects-normal/x86_64/Storage.swiftmodule @/tmp/slumber-repair-derived/Build/Intermediates.noindex/Supabase.build/Debug-iphonesimulator/Storage.build/Objects-normal/x86_64/Storage-linker-args.resp

ConstructStubExecutorLinkFileList /tmp/slumber-repair-derived/Build/Intermediates.noindex/PhoneInTheOtherRoom.build/Debug-iphonesimulator/PhoneInTheOtherRoom.build/Counting\ Sheep-ExecutorLinkFileList-normal-x86_64.txt (in target 'PhoneInTheOtherRoom' from project 'PhoneInTheOtherRoom')
    cd /Users/ngawangchime/Desktop/Developer\ Projects/Phone\ in\ the\ Other\ Room
    construct-stub-executor-link-file-list /tmp/slumber-repair-derived/Build/Intermediates.noindex/PhoneInTheOtherRoom.build/Debug-iphonesimulator/PhoneInTheOtherRoom.build/Objects-normal/x86_64/Binary/Counting\ Sheep.debug.dylib /Applications/Xcode.app/Contents/Developer/Platforms/iPhoneSimulator.platform/Developer/usr/lib/libPreviewsJITStubExecutor_no_swift_entry_point.a /Applications/Xcode.app/Contents/Developer/Platforms/iPhoneSimulator.platform/Developer/usr/lib/libPreviewsJITStubExecutor.a --output /tmp/slumber-repair-derived/Build/Intermediates.noindex/PhoneInTheOtherRoom.build/Debug-iphonesimulator/PhoneInTheOtherRoom.build/Counting\ Sheep-ExecutorLinkFileList-normal-x86_64.txt
note: Using stub executor library with Swift entry point. (in target 'PhoneInTheOtherRoom' from project 'PhoneInTheOtherRoom')

CreateUniversalBinary /tmp/slumber-repair-derived/Build/Products/Debug-iphonesimulator/Counting\ Sheep.app/Counting\ Sheep.debug.dylib normal arm64\ x86_64 (in target 'PhoneInTheOtherRoom' from project 'PhoneInTheOtherRoom')
    cd /Users/ngawangchime/Desktop/Developer\ Projects/Phone\ in\ the\ Other\ Room
    /Applications/Xcode.app/Contents/Developer/Toolchains/XcodeDefault.xctoolchain/usr/bin/lipo -create /tmp/slumber-repair-derived/Build/Intermediates.noindex/PhoneInTheOtherRoom.build/Debug-iphonesimulator/PhoneInTheOtherRoom.build/Objects-normal/arm64/Binary/Counting\ Sheep.debug.dylib /tmp/slumber-repair-derived/Build/Intermediates.noindex/PhoneInTheOtherRoom.build/Debug-iphonesimulator/PhoneInTheOtherRoom.build/Objects-normal/x86_64/Binary/Counting\ Sheep.debug.dylib -output /tmp/slumber-repair-derived/Build/Products/Debug-iphonesimulator/Counting\ Sheep.app/Counting\ Sheep.debug.dylib

ConstructStubExecutorLinkFileList /tmp/slumber-repair-derived/Build/Intermediates.noindex/PhoneInTheOtherRoom.build/Debug-iphonesimulator/PhoneInTheOtherRoom.build/Counting\ Sheep-ExecutorLinkFileList-normal-arm64.txt (in target 'PhoneInTheOtherRoom' from project 'PhoneInTheOtherRoom')
    cd /Users/ngawangchime/Desktop/Developer\ Projects/Phone\ in\ the\ Other\ Room
    construct-stub-executor-link-file-list /tmp/slumber-repair-derived/Build/Intermediates.noindex/PhoneInTheOtherRoom.build/Debug-iphonesimulator/PhoneInTheOtherRoom.build/Objects-normal/arm64/Binary/Counting\ Sheep.debug.dylib /Applications/Xcode.app/Contents/Developer/Platforms/iPhoneSimulator.platform/Developer/usr/lib/libPreviewsJITStubExecutor_no_swift_entry_point.a /Applications/Xcode.app/Contents/Developer/Platforms/iPhoneSimulator.platform/Developer/usr/lib/libPreviewsJITStubExecutor.a --output /tmp/slumber-repair-derived/Build/Intermediates.noindex/PhoneInTheOtherRoom.build/Debug-iphonesimulator/PhoneInTheOtherRoom.build/Counting\ Sheep-ExecutorLinkFileList-normal-arm64.txt
note: Using stub executor library with Swift entry point. (in target 'PhoneInTheOtherRoom' from project 'PhoneInTheOtherRoom')

Ld /tmp/slumber-repair-derived/Build/Intermediates.noindex/PhoneInTheOtherRoom.build/Debug-iphonesimulator/PhoneInTheOtherRoom.build/Objects-normal/arm64/Binary/Counting\ Sheep normal arm64 (in target 'PhoneInTheOtherRoom' from project 'PhoneInTheOtherRoom')
    cd /Users/ngawangchime/Desktop/Developer\ Projects/Phone\ in\ the\ Other\ Room
    /Applications/Xcode.app/Contents/Developer/Toolchains/XcodeDefault.xctoolchain/usr/bin/clang -Xlinker -reproducible -target arm64-apple-ios17.0-simulator -isysroot /Applications/Xcode.app/Contents/Developer/Platforms/iPhoneSimulator.platform/Developer/SDKs/iPhoneSimulator26.5.sdk -O0 -L/tmp/slumber-repair-derived/Build/Products/Debug-iphonesimulator -F/tmp/slumber-repair-derived/Build/Products/Debug-iphonesimulator/PackageFrameworks -F/tmp/slumber-repair-derived/Build/Products/Debug-iphonesimulator/PackageFrameworks -F/tmp/slumber-repair-derived/Build/Products/Debug-iphonesimulator/PackageFrameworks -F/tmp/slumber-repair-derived/Build/Products/Debug-iphonesimulator/PackageFrameworks -F/tmp/slumber-repair-derived/Build/Products/Debug-iphonesimulator/PackageFrameworks -F/tmp/slumber-repair-derived/Build/Products/Debug-iphonesimulator/PackageFrameworks -F/tmp/slumber-repair-derived/Build/Products/Debug-iphonesimulator/PackageFrameworks -F/tmp/slumber-repair-derived/Build/Products/Debug-iphonesimulator/PackageFrameworks -F/tmp/slumber-repair-derived/Build/Products/Debug-iphonesimulator/PackageFrameworks -F/tmp/slumber-repair-derived/Build/Products/Debug-iphonesimulator/PackageFrameworks -F/tmp/slumber-repair-derived/Build/Products/Debug-iphonesimulator/PackageFrameworks -F/tmp/slumber-repair-derived/Build/Products/Debug-iphonesimulator/PackageFrameworks -F/tmp/slumber-repair-derived/Build/Products/Debug-iphonesimulator/PackageFrameworks -F/tmp/slumber-repair-derived/Build/Products/Debug-iphonesimulator/PackageFrameworks -F/tmp/slumber-repair-derived/Build/Products/Debug-iphonesimulator -Xlinker -rpath -Xlinker @executable_path -Xlinker -rpath -Xlinker /tmp/slumber-repair-derived/Build/Products/Debug-iphonesimulator/PackageFrameworks -Xlinker -rpath -Xlinker @executable_path/Frameworks -rdynamic -Xlinker -no_deduplicate -Xlinker -objc_abi_version -Xlinker 2 -e ___debug_blank_executor_main -Xlinker -sectcreate -Xlinker __TEXT -Xlinker __debug_dylib -Xlinker /tmp/slumber-repair-derived/Build/Intermediates.noindex/PhoneInTheOtherRoom.build/Debug-iphonesimulator/PhoneInTheOtherRoom.build/Counting\ Sheep-DebugDylibPath-normal-arm64.txt -Xlinker -sectcreate -Xlinker __TEXT -Xlinker __debug_instlnm -Xlinker /tmp/slumber-repair-derived/Build/Intermediates.noindex/PhoneInTheOtherRoom.build/Debug-iphonesimulator/PhoneInTheOtherRoom.build/Counting\ Sheep-DebugDylibInstallName-normal-arm64.txt -Xlinker -filelist -Xlinker /tmp/slumber-repair-derived/Build/Intermediates.noindex/PhoneInTheOtherRoom.build/Debug-iphonesimulator/PhoneInTheOtherRoom.build/Counting\ Sheep-ExecutorLinkFileList-normal-arm64.txt -Xlinker -sectcreate -Xlinker __TEXT -Xlinker __entitlements -Xlinker /tmp/slumber-repair-derived/Build/Intermediates.noindex/PhoneInTheOtherRoom.build/Debug-iphonesimulator/PhoneInTheOtherRoom.build/Counting\ Sheep.app-Simulated.xcent -Xlinker -sectcreate -Xlinker __TEXT -Xlinker __ents_der -Xlinker /tmp/slumber-repair-derived/Build/Intermediates.noindex/PhoneInTheOtherRoom.build/Debug-iphonesimulator/PhoneInTheOtherRoom.build/Counting\ Sheep.app-Simulated.xcent.der /tmp/slumber-repair-derived/Build/Intermediates.noindex/PhoneInTheOtherRoom.build/Debug-iphonesimulator/PhoneInTheOtherRoom.build/Objects-normal/arm64/Binary/Counting\ Sheep.debug.dylib -Xlinker -no_adhoc_codesign -o /tmp/slumber-repair-derived/Build/Intermediates.noindex/PhoneInTheOtherRoom.build/Debug-iphonesimulator/PhoneInTheOtherRoom.build/Objects-normal/arm64/Binary/Counting\ Sheep

Ld /tmp/slumber-repair-derived/Build/Intermediates.noindex/PhoneInTheOtherRoom.build/Debug-iphonesimulator/PhoneInTheOtherRoom.build/Objects-normal/x86_64/Binary/Counting\ Sheep normal x86_64 (in target 'PhoneInTheOtherRoom' from project 'PhoneInTheOtherRoom')
    cd /Users/ngawangchime/Desktop/Developer\ Projects/Phone\ in\ the\ Other\ Room
    /Applications/Xcode.app/Contents/Developer/Toolchains/XcodeDefault.xctoolchain/usr/bin/clang -Xlinker -reproducible -target x86_64-apple-ios17.0-simulator -isysroot /Applications/Xcode.app/Contents/Developer/Platforms/iPhoneSimulator.platform/Developer/SDKs/iPhoneSimulator26.5.sdk -O0 -L/tmp/slumber-repair-derived/Build/Products/Debug-iphonesimulator -F/tmp/slumber-repair-derived/Build/Products/Debug-iphonesimulator/PackageFrameworks -F/tmp/slumber-repair-derived/Build/Products/Debug-iphonesimulator/PackageFrameworks -F/tmp/slumber-repair-derived/Build/Products/Debug-iphonesimulator/PackageFrameworks -F/tmp/slumber-repair-derived/Build/Products/Debug-iphonesimulator/PackageFrameworks -F/tmp/slumber-repair-derived/Build/Products/Debug-iphonesimulator/PackageFrameworks -F/tmp/slumber-repair-derived/Build/Products/Debug-iphonesimulator/PackageFrameworks -F/tmp/slumber-repair-derived/Build/Products/Debug-iphonesimulator/PackageFrameworks -F/tmp/slumber-repair-derived/Build/Products/Debug-iphonesimulator/PackageFrameworks -F/tmp/slumber-repair-derived/Build/Products/Debug-iphonesimulator/PackageFrameworks -F/tmp/slumber-repair-derived/Build/Products/Debug-iphonesimulator/PackageFrameworks -F/tmp/slumber-repair-derived/Build/Products/Debug-iphonesimulator/PackageFrameworks -F/tmp/slumber-repair-derived/Build/Products/Debug-iphonesimulator/PackageFrameworks -F/tmp/slumber-repair-derived/Build/Products/Debug-iphonesimulator/PackageFrameworks -F/tmp/slumber-repair-derived/Build/Products/Debug-iphonesimulator/PackageFrameworks -F/tmp/slumber-repair-derived/Build/Products/Debug-iphonesimulator -Xlinker -rpath -Xlinker @executable_path -Xlinker -rpath -Xlinker /tmp/slumber-repair-derived/Build/Products/Debug-iphonesimulator/PackageFrameworks -Xlinker -rpath -Xlinker @executable_path/Frameworks -rdynamic -Xlinker -no_deduplicate -Xlinker -objc_abi_version -Xlinker 2 -e ___debug_blank_executor_main -Xlinker -sectcreate -Xlinker __TEXT -Xlinker __debug_dylib -Xlinker /tmp/slumber-repair-derived/Build/Intermediates.noindex/PhoneInTheOtherRoom.build/Debug-iphonesimulator/PhoneInTheOtherRoom.build/Counting\ Sheep-DebugDylibPath-normal-x86_64.txt -Xlinker -sectcreate -Xlinker __TEXT -Xlinker __debug_instlnm -Xlinker /tmp/slumber-repair-derived/Build/Intermediates.noindex/PhoneInTheOtherRoom.build/Debug-iphonesimulator/PhoneInTheOtherRoom.build/Counting\ Sheep-DebugDylibInstallName-normal-x86_64.txt -Xlinker -filelist -Xlinker /tmp/slumber-repair-derived/Build/Intermediates.noindex/PhoneInTheOtherRoom.build/Debug-iphonesimulator/PhoneInTheOtherRoom.build/Counting\ Sheep-ExecutorLinkFileList-normal-x86_64.txt -Xlinker -sectcreate -Xlinker __TEXT -Xlinker __entitlements -Xlinker /tmp/slumber-repair-derived/Build/Intermediates.noindex/PhoneInTheOtherRoom.build/Debug-iphonesimulator/PhoneInTheOtherRoom.build/Counting\ Sheep.app-Simulated.xcent -Xlinker -sectcreate -Xlinker __TEXT -Xlinker __ents_der -Xlinker /tmp/slumber-repair-derived/Build/Intermediates.noindex/PhoneInTheOtherRoom.build/Debug-iphonesimulator/PhoneInTheOtherRoom.build/Counting\ Sheep.app-Simulated.xcent.der /tmp/slumber-repair-derived/Build/Intermediates.noindex/PhoneInTheOtherRoom.build/Debug-iphonesimulator/PhoneInTheOtherRoom.build/Objects-normal/x86_64/Binary/Counting\ Sheep.debug.dylib -Xlinker -no_adhoc_codesign -o /tmp/slumber-repair-derived/Build/Intermediates.noindex/PhoneInTheOtherRoom.build/Debug-iphonesimulator/PhoneInTheOtherRoom.build/Objects-normal/x86_64/Binary/Counting\ Sheep

CreateUniversalBinary /tmp/slumber-repair-derived/Build/Products/Debug-iphonesimulator/Counting\ Sheep.app/Counting\ Sheep normal arm64\ x86_64 (in target 'PhoneInTheOtherRoom' from project 'PhoneInTheOtherRoom')
    cd /Users/ngawangchime/Desktop/Developer\ Projects/Phone\ in\ the\ Other\ Room
    /Applications/Xcode.app/Contents/Developer/Toolchains/XcodeDefault.xctoolchain/usr/bin/lipo -create /tmp/slumber-repair-derived/Build/Intermediates.noindex/PhoneInTheOtherRoom.build/Debug-iphonesimulator/PhoneInTheOtherRoom.build/Objects-normal/arm64/Binary/Counting\ Sheep /tmp/slumber-repair-derived/Build/Intermediates.noindex/PhoneInTheOtherRoom.build/Debug-iphonesimulator/PhoneInTheOtherRoom.build/Objects-normal/x86_64/Binary/Counting\ Sheep -output /tmp/slumber-repair-derived/Build/Products/Debug-iphonesimulator/Counting\ Sheep.app/Counting\ Sheep

Copy /tmp/slumber-repair-derived/Build/Products/Debug-iphonesimulator/Counting\ Sheep.app/PlugIns/Counting\ Sheep\ Live\ Activity.appex /tmp/slumber-repair-derived/Build/Products/Debug-iphonesimulator/Counting\ Sheep\ Live\ Activity.appex (in target 'PhoneInTheOtherRoom' from project 'PhoneInTheOtherRoom')
    cd /Users/ngawangchime/Desktop/Developer\ Projects/Phone\ in\ the\ Other\ Room
    builtin-copy -exclude .DS_Store -exclude CVS -exclude .svn -exclude .git -exclude .hg -exclude Headers -exclude PrivateHeaders -exclude Modules -exclude \*.tbd -resolve-src-symlinks -remove-static-executable /tmp/slumber-repair-derived/Build/Products/Debug-iphonesimulator/Counting\ Sheep\ Live\ Activity.appex /tmp/slumber-repair-derived/Build/Products/Debug-iphonesimulator/Counting\ Sheep.app/PlugIns

Copy /tmp/slumber-repair-derived/Build/Products/Debug-iphonesimulator/Counting\ Sheep.app/PlugIns/Counting\ Sheep\ Wind\ Down\ Monitor.appex /tmp/slumber-repair-derived/Build/Products/Debug-iphonesimulator/Counting\ Sheep\ Wind\ Down\ Monitor.appex (in target 'PhoneInTheOtherRoom' from project 'PhoneInTheOtherRoom')
    cd /Users/ngawangchime/Desktop/Developer\ Projects/Phone\ in\ the\ Other\ Room
    builtin-copy -exclude .DS_Store -exclude CVS -exclude .svn -exclude .git -exclude .hg -exclude Headers -exclude PrivateHeaders -exclude Modules -exclude \*.tbd -resolve-src-symlinks -remove-static-executable /tmp/slumber-repair-derived/Build/Products/Debug-iphonesimulator/Counting\ Sheep\ Wind\ Down\ Monitor.appex /tmp/slumber-repair-derived/Build/Products/Debug-iphonesimulator/Counting\ Sheep.app/PlugIns

Copy /tmp/slumber-repair-derived/Build/Products/Debug-iphonesimulator/Counting\ Sheep.app/PlugIns/Counting\ Sheep\ Wind\ Down\ Shield.appex /tmp/slumber-repair-derived/Build/Products/Debug-iphonesimulator/Counting\ Sheep\ Wind\ Down\ Shield.appex (in target 'PhoneInTheOtherRoom' from project 'PhoneInTheOtherRoom')
    cd /Users/ngawangchime/Desktop/Developer\ Projects/Phone\ in\ the\ Other\ Room
    builtin-copy -exclude .DS_Store -exclude CVS -exclude .svn -exclude .git -exclude .hg -exclude Headers -exclude PrivateHeaders -exclude Modules -exclude \*.tbd -resolve-src-symlinks -remove-static-executable /tmp/slumber-repair-derived/Build/Products/Debug-iphonesimulator/Counting\ Sheep\ Wind\ Down\ Shield.appex /tmp/slumber-repair-derived/Build/Products/Debug-iphonesimulator/Counting\ Sheep.app/PlugIns

Copy /tmp/slumber-repair-derived/Build/Products/Debug-iphonesimulator/Counting\ Sheep.app/PlugIns/Counting\ Sheep\ Wind\ Down\ Action.appex /tmp/slumber-repair-derived/Build/Products/Debug-iphonesimulator/Counting\ Sheep\ Wind\ Down\ Action.appex (in target 'PhoneInTheOtherRoom' from project 'PhoneInTheOtherRoom')
    cd /Users/ngawangchime/Desktop/Developer\ Projects/Phone\ in\ the\ Other\ Room
    builtin-copy -exclude .DS_Store -exclude CVS -exclude .svn -exclude .git -exclude .hg -exclude Headers -exclude PrivateHeaders -exclude Modules -exclude \*.tbd -resolve-src-symlinks -remove-static-executable /tmp/slumber-repair-derived/Build/Products/Debug-iphonesimulator/Counting\ Sheep\ Wind\ Down\ Action.appex /tmp/slumber-repair-derived/Build/Products/Debug-iphonesimulator/Counting\ Sheep.app/PlugIns

Copy /tmp/slumber-repair-derived/Build/Products/Debug-iphonesimulator/Counting\ Sheep.app/Extensions/Counting\ Sheep\ Screen\ Time\ Report.appex /tmp/slumber-repair-derived/Build/Products/Debug-iphonesimulator/Counting\ Sheep\ Screen\ Time\ Report.appex (in target 'PhoneInTheOtherRoom' from project 'PhoneInTheOtherRoom')
    cd /Users/ngawangchime/Desktop/Developer\ Projects/Phone\ in\ the\ Other\ Room
    builtin-copy -exclude .DS_Store -exclude CVS -exclude .svn -exclude .git -exclude .hg -exclude Headers -exclude PrivateHeaders -exclude Modules -exclude \*.tbd -resolve-src-symlinks -remove-static-executable /tmp/slumber-repair-derived/Build/Products/Debug-iphonesimulator/Counting\ Sheep\ Screen\ Time\ Report.appex /tmp/slumber-repair-derived/Build/Products/Debug-iphonesimulator/Counting\ Sheep.app/Extensions

Copy /tmp/slumber-repair-derived/Build/Products/Debug-iphonesimulator/Counting\ Sheep.app/Watch/Counting\ Sheep\ Watch.app /tmp/slumber-repair-derived/Build/Products/Debug-watchsimulator/Counting\ Sheep\ Watch.app (in target 'PhoneInTheOtherRoom' from project 'PhoneInTheOtherRoom')
    cd /Users/ngawangchime/Desktop/Developer\ Projects/Phone\ in\ the\ Other\ Room
    builtin-copy -exclude .DS_Store -exclude CVS -exclude .svn -exclude .git -exclude .hg -exclude Headers -exclude PrivateHeaders -exclude Modules -exclude \*.tbd -resolve-src-symlinks -remove-static-executable /tmp/slumber-repair-derived/Build/Products/Debug-watchsimulator/Counting\ Sheep\ Watch.app /tmp/slumber-repair-derived/Build/Products/Debug-iphonesimulator/Counting\ Sheep.app/Watch

ProcessInfoPlistFile /tmp/slumber-repair-derived/Build/Products/Debug-iphonesimulator/Counting\ Sheep.app/Info.plist /Users/ngawangchime/Desktop/Developer\ Projects/Phone\ in\ the\ Other\ Room/PhoneInTheOtherRoomApp/Info.plist (in target 'PhoneInTheOtherRoom' from project 'PhoneInTheOtherRoom')
    cd /Users/ngawangchime/Desktop/Developer\ Projects/Phone\ in\ the\ Other\ Room
    builtin-infoPlistUtility /Users/ngawangchime/Desktop/Developer\ Projects/Phone\ in\ the\ Other\ Room/PhoneInTheOtherRoomApp/Info.plist -producttype com.apple.product-type.application -genpkginfo /tmp/slumber-repair-derived/Build/Products/Debug-iphonesimulator/Counting\ Sheep.app/PkgInfo -expandbuildsettings -format binary -platform iphonesimulator -additionalcontentfile /tmp/slumber-repair-derived/Build/Intermediates.noindex/PhoneInTheOtherRoom.build/Debug-iphonesimulator/PhoneInTheOtherRoom.build/assetcatalog_generated_info.plist -scanforprivacyfile /tmp/slumber-repair-derived/Build/Products/Debug-iphonesimulator/Counting\ Sheep.app/Extensions/Counting\ Sheep\ Screen\ Time\ Report.appex -scanforprivacyfile /tmp/slumber-repair-derived/Build/Products/Debug-iphonesimulator/Counting\ Sheep.app/PlugIns/Counting\ Sheep\ Live\ Activity.appex -scanforprivacyfile /tmp/slumber-repair-derived/Build/Products/Debug-iphonesimulator/Counting\ Sheep.app/PlugIns/Counting\ Sheep\ Wind\ Down\ Action.appex -scanforprivacyfile /tmp/slumber-repair-derived/Build/Products/Debug-iphonesimulator/Counting\ Sheep.app/PlugIns/Counting\ Sheep\ Wind\ Down\ Monitor.appex -scanforprivacyfile /tmp/slumber-repair-derived/Build/Products/Debug-iphonesimulator/Counting\ Sheep.app/PlugIns/Counting\ Sheep\ Wind\ Down\ Shield.appex -scanforprivacyfile /tmp/slumber-repair-derived/Build/Products/Debug-iphonesimulator/Counting\ Sheep.app/Watch/Counting\ Sheep\ Watch.app -scanforprivacyfile /tmp/slumber-repair-derived/Build/Products/Debug-iphonesimulator/Counting\ Sheep.app/swift-crypto_Crypto.bundle -o /tmp/slumber-repair-derived/Build/Products/Debug-iphonesimulator/Counting\ Sheep.app/Info.plist

ExtractAppIntentsMetadata (in target 'PhoneInTheOtherRoom' from project 'PhoneInTheOtherRoom')
    cd /Users/ngawangchime/Desktop/Developer\ Projects/Phone\ in\ the\ Other\ Room
    /Applications/Xcode.app/Contents/Developer/Toolchains/XcodeDefault.xctoolchain/usr/bin/appintentsmetadataprocessor --toolchain-dir /Applications/Xcode.app/Contents/Developer/Toolchains/XcodeDefault.xctoolchain --module-name Counting_Sheep --sdk-root /Applications/Xcode.app/Contents/Developer/Platforms/iPhoneSimulator.platform/Developer/SDKs/iPhoneSimulator26.5.sdk --xcode-version 17F113 --platform-family iOS --deployment-target 17.0 --bundle-identifier com.ngawangchime.countingsheep --output /tmp/slumber-repair-derived/Build/Products/Debug-iphonesimulator/Counting\ Sheep.app --target-triple arm64-apple-ios17.0-simulator --target-triple x86_64-apple-ios17.0-simulator --binary-file /tmp/slumber-repair-derived/Build/Products/Debug-iphonesimulator/Counting\ Sheep.app/Counting\ Sheep --dependency-file /tmp/slumber-repair-derived/Build/Intermediates.noindex/PhoneInTheOtherRoom.build/Debug-iphonesimulator/PhoneInTheOtherRoom.build/Objects-normal/arm64/Counting\ Sheep_dependency_info.dat --dependency-file /tmp/slumber-repair-derived/Build/Intermediates.noindex/PhoneInTheOtherRoom.build/Debug-iphonesimulator/PhoneInTheOtherRoom.build/Objects-normal/x86_64/Counting\ Sheep_dependency_info.dat --stringsdata-file /tmp/slumber-repair-derived/Build/Intermediates.noindex/PhoneInTheOtherRoom.build/Debug-iphonesimulator/PhoneInTheOtherRoom.build/Objects-normal/arm64/ExtractedAppShortcutsMetadata.stringsdata --stringsdata-file /tmp/slumber-repair-derived/Build/Intermediates.noindex/PhoneInTheOtherRoom.build/Debug-iphonesimulator/PhoneInTheOtherRoom.build/Objects-normal/x86_64/ExtractedAppShortcutsMetadata.stringsdata --source-file-list /tmp/slumber-repair-derived/Build/Intermediates.noindex/PhoneInTheOtherRoom.build/Debug-iphonesimulator/PhoneInTheOtherRoom.build/Objects-normal/arm64/Counting\ Sheep.SwiftFileList --source-file-list /tmp/slumber-repair-derived/Build/Intermediates.noindex/PhoneInTheOtherRoom.build/Debug-iphonesimulator/PhoneInTheOtherRoom.build/Objects-normal/x86_64/Counting\ Sheep.SwiftFileList --metadata-file-list /tmp/slumber-repair-derived/Build/Intermediates.noindex/PhoneInTheOtherRoom.build/Debug-iphonesimulator/PhoneInTheOtherRoom.build/Counting\ Sheep.DependencyMetadataFileList --static-metadata-file-list /tmp/slumber-repair-derived/Build/Intermediates.noindex/PhoneInTheOtherRoom.build/Debug-iphonesimulator/PhoneInTheOtherRoom.build/Counting\ Sheep.DependencyStaticMetadataFileList --swift-const-vals-list /tmp/slumber-repair-derived/Build/Intermediates.noindex/PhoneInTheOtherRoom.build/Debug-iphonesimulator/PhoneInTheOtherRoom.build/Objects-normal/arm64/Counting\ Sheep.SwiftConstValuesFileList --swift-const-vals-list /tmp/slumber-repair-derived/Build/Intermediates.noindex/PhoneInTheOtherRoom.build/Debug-iphonesimulator/PhoneInTheOtherRoom.build/Objects-normal/x86_64/Counting\ Sheep.SwiftConstValuesFileList --compile-time-extraction --deployment-aware-processing --validate-assistant-intents --no-app-shortcuts-localization
2026-09-21 22:33:58.473 appintentsmetadataprocessor[83247:8804931] Starting appintentsmetadataprocessor export
2026-09-21 22:33:58.601 appintentsmetadataprocessor[83247:8804931] Writing Metadata.appintents
2026-09-21 22:33:58.601 appintentsmetadataprocessor[83247:8804931] Metadata root: /tmp/slumber-repair-derived/Build/Products/Debug-iphonesimulator/Counting Sheep.app/Metadata.appintents

CopySwiftLibs /tmp/slumber-repair-derived/Build/Products/Debug-iphonesimulator/Counting\ Sheep.app (in target 'PhoneInTheOtherRoom' from project 'PhoneInTheOtherRoom')
    cd /Users/ngawangchime/Desktop/Developer\ Projects/Phone\ in\ the\ Other\ Room
    builtin-swiftStdLibTool --copy --verbose --sign - --scan-executable /tmp/slumber-repair-derived/Build/Products/Debug-iphonesimulator/Counting\ Sheep.app/Counting\ Sheep.debug.dylib --scan-folder /tmp/slumber-repair-derived/Build/Products/Debug-iphonesimulator/Counting\ Sheep.app/Frameworks --scan-folder /tmp/slumber-repair-derived/Build/Products/Debug-iphonesimulator/Counting\ Sheep.app/PlugIns --scan-folder /tmp/slumber-repair-derived/Build/Products/Debug-iphonesimulator/Counting\ Sheep.app/SystemExtensions --scan-folder /tmp/slumber-repair-derived/Build/Products/Debug-iphonesimulator/Counting\ Sheep.app/Extensions --platform iphonesimulator --toolchain /Applications/Xcode.app/Contents/Developer/Toolchains/XcodeDefault.xctoolchain --destination /tmp/slumber-repair-derived/Build/Products/Debug-iphonesimulator/Counting\ Sheep.app/Frameworks --strip-bitcode --strip-bitcode-tool /Applications/Xcode.app/Contents/Developer/Toolchains/XcodeDefault.xctoolchain/usr/bin/bitcode_strip --emit-dependency-info /tmp/slumber-repair-derived/Build/Intermediates.noindex/PhoneInTheOtherRoom.build/Debug-iphonesimulator/PhoneInTheOtherRoom.build/SwiftStdLibToolInputDependencies.dep --filter-for-swift-os --back-deploy-swift-span

CodeSign /tmp/slumber-repair-derived/Build/Products/Debug-iphonesimulator/Counting\ Sheep.app/Counting\ Sheep.debug.dylib (in target 'PhoneInTheOtherRoom' from project 'PhoneInTheOtherRoom')
    cd /Users/ngawangchime/Desktop/Developer\ Projects/Phone\ in\ the\ Other\ Room

    Signing Identity:     "Sign to Run Locally"

    /usr/bin/codesign --force --sign - --timestamp\=none --generate-entitlement-der /tmp/slumber-repair-derived/Build/Products/Debug-iphonesimulator/Counting\ Sheep.app/Counting\ Sheep.debug.dylib

CodeSign /tmp/slumber-repair-derived/Build/Products/Debug-iphonesimulator/Counting\ Sheep.app/__preview.dylib (in target 'PhoneInTheOtherRoom' from project 'PhoneInTheOtherRoom')
    cd /Users/ngawangchime/Desktop/Developer\ Projects/Phone\ in\ the\ Other\ Room

    Signing Identity:     "Sign to Run Locally"

    /usr/bin/codesign --force --sign - --timestamp\=none --generate-entitlement-der /tmp/slumber-repair-derived/Build/Products/Debug-iphonesimulator/Counting\ Sheep.app/__preview.dylib
/tmp/slumber-repair-derived/Build/Products/Debug-iphonesimulator/Counting Sheep.app/__preview.dylib: replacing existing signature

CodeSign /tmp/slumber-repair-derived/Build/Products/Debug-iphonesimulator/Counting\ Sheep.app (in target 'PhoneInTheOtherRoom' from project 'PhoneInTheOtherRoom')
    cd /Users/ngawangchime/Desktop/Developer\ Projects/Phone\ in\ the\ Other\ Room

    Signing Identity:     "Sign to Run Locally"

    /usr/bin/codesign --force --sign - --entitlements /tmp/slumber-repair-derived/Build/Intermediates.noindex/PhoneInTheOtherRoom.build/Debug-iphonesimulator/PhoneInTheOtherRoom.build/Counting\ Sheep.app.xcent --timestamp\=none --generate-entitlement-der /tmp/slumber-repair-derived/Build/Products/Debug-iphonesimulator/Counting\ Sheep.app

ValidateEmbeddedBinary /tmp/slumber-repair-derived/Build/Products/Debug-iphonesimulator/Counting\ Sheep.app/Watch/Counting\ Sheep\ Watch.app (in target 'PhoneInTheOtherRoom' from project 'PhoneInTheOtherRoom')
    cd /Users/ngawangchime/Desktop/Developer\ Projects/Phone\ in\ the\ Other\ Room
    /Applications/Xcode.app/Contents/Developer/usr/bin/embeddedBinaryValidationUtility /tmp/slumber-repair-derived/Build/Products/Debug-iphonesimulator/Counting\ Sheep.app/Watch/Counting\ Sheep\ Watch.app -signing-cert - -info-plist-path /tmp/slumber-repair-derived/Build/Products/Debug-iphonesimulator/Counting\ Sheep.app/Info.plist

ValidateEmbeddedBinary /tmp/slumber-repair-derived/Build/Products/Debug-iphonesimulator/Counting\ Sheep.app/PlugIns/Counting\ Sheep\ Wind\ Down\ Monitor.appex (in target 'PhoneInTheOtherRoom' from project 'PhoneInTheOtherRoom')
    cd /Users/ngawangchime/Desktop/Developer\ Projects/Phone\ in\ the\ Other\ Room
    /Applications/Xcode.app/Contents/Developer/usr/bin/embeddedBinaryValidationUtility /tmp/slumber-repair-derived/Build/Products/Debug-iphonesimulator/Counting\ Sheep.app/PlugIns/Counting\ Sheep\ Wind\ Down\ Monitor.appex -signing-cert - -info-plist-path /tmp/slumber-repair-derived/Build/Products/Debug-iphonesimulator/Counting\ Sheep.app/Info.plist

ValidateEmbeddedBinary /tmp/slumber-repair-derived/Build/Products/Debug-iphonesimulator/Counting\ Sheep.app/PlugIns/Counting\ Sheep\ Live\ Activity.appex (in target 'PhoneInTheOtherRoom' from project 'PhoneInTheOtherRoom')
    cd /Users/ngawangchime/Desktop/Developer\ Projects/Phone\ in\ the\ Other\ Room
    /Applications/Xcode.app/Contents/Developer/usr/bin/embeddedBinaryValidationUtility /tmp/slumber-repair-derived/Build/Products/Debug-iphonesimulator/Counting\ Sheep.app/PlugIns/Counting\ Sheep\ Live\ Activity.appex -signing-cert - -info-plist-path /tmp/slumber-repair-derived/Build/Products/Debug-iphonesimulator/Counting\ Sheep.app/Info.plist

ValidateEmbeddedBinary /tmp/slumber-repair-derived/Build/Products/Debug-iphonesimulator/Counting\ Sheep.app/PlugIns/Counting\ Sheep\ Wind\ Down\ Action.appex (in target 'PhoneInTheOtherRoom' from project 'PhoneInTheOtherRoom')
    cd /Users/ngawangchime/Desktop/Developer\ Projects/Phone\ in\ the\ Other\ Room
    /Applications/Xcode.app/Contents/Developer/usr/bin/embeddedBinaryValidationUtility /tmp/slumber-repair-derived/Build/Products/Debug-iphonesimulator/Counting\ Sheep.app/PlugIns/Counting\ Sheep\ Wind\ Down\ Action.appex -signing-cert - -info-plist-path /tmp/slumber-repair-derived/Build/Products/Debug-iphonesimulator/Counting\ Sheep.app/Info.plist

ValidateEmbeddedBinary /tmp/slumber-repair-derived/Build/Products/Debug-iphonesimulator/Counting\ Sheep.app/Extensions/Counting\ Sheep\ Screen\ Time\ Report.appex (in target 'PhoneInTheOtherRoom' from project 'PhoneInTheOtherRoom')
    cd /Users/ngawangchime/Desktop/Developer\ Projects/Phone\ in\ the\ Other\ Room
    /Applications/Xcode.app/Contents/Developer/usr/bin/embeddedBinaryValidationUtility /tmp/slumber-repair-derived/Build/Products/Debug-iphonesimulator/Counting\ Sheep.app/Extensions/Counting\ Sheep\ Screen\ Time\ Report.appex -signing-cert - -info-plist-path /tmp/slumber-repair-derived/Build/Products/Debug-iphonesimulator/Counting\ Sheep.app/Info.plist

ValidateEmbeddedBinary /tmp/slumber-repair-derived/Build/Products/Debug-iphonesimulator/Counting\ Sheep.app/PlugIns/Counting\ Sheep\ Wind\ Down\ Shield.appex (in target 'PhoneInTheOtherRoom' from project 'PhoneInTheOtherRoom')
    cd /Users/ngawangchime/Desktop/Developer\ Projects/Phone\ in\ the\ Other\ Room
    /Applications/Xcode.app/Contents/Developer/usr/bin/embeddedBinaryValidationUtility /tmp/slumber-repair-derived/Build/Products/Debug-iphonesimulator/Counting\ Sheep.app/PlugIns/Counting\ Sheep\ Wind\ Down\ Shield.appex -signing-cert - -info-plist-path /tmp/slumber-repair-derived/Build/Products/Debug-iphonesimulator/Counting\ Sheep.app/Info.plist

Validate /tmp/slumber-repair-derived/Build/Products/Debug-iphonesimulator/Counting\ Sheep.app (in target 'PhoneInTheOtherRoom' from project 'PhoneInTheOtherRoom')
    cd /Users/ngawangchime/Desktop/Developer\ Projects/Phone\ in\ the\ Other\ Room
    builtin-validationUtility /tmp/slumber-repair-derived/Build/Products/Debug-iphonesimulator/Counting\ Sheep.app -shallow-bundle -infoplist-subpath Info.plist

** BUILD SUCCEEDED **
