Command line invocation:
    /Applications/Xcode.app/Contents/Developer/usr/bin/xcodebuild build -project PhoneInTheOtherRoom.xcodeproj -scheme PhoneInTheOtherRoom -destination "generic/platform=iOS Simulator" -derivedDataPath /private/tmp/counting-sheep-search-build -jobs 2

Resolve Package Graph


Resolved source packages:
  swift-crypto: https://github.com/apple/swift-crypto.git @ 4.5.0
  xctest-dynamic-overlay: https://github.com/pointfreeco/xctest-dynamic-overlay @ 1.11.0
  swift-clocks: https://github.com/pointfreeco/swift-clocks @ 1.1.0
  Supabase: https://github.com/supabase/supabase-swift.git @ 2.51.0
  swift-asn1: https://github.com/apple/swift-asn1.git @ 1.7.1
  swift-concurrency-extras: https://github.com/pointfreeco/swift-concurrency-extras @ 1.4.0
  swift-http-types: https://github.com/apple/swift-http-types.git @ 1.6.0

Build Preparation
Build task concurrency set to 2 via user default IDEBuildOperationMaxNumberOfConcurrentCompileTasks

ComputePackagePrebuildTargetDependencyGraph

Prepare packages

CreateBuildRequest

SendProjectDescription

CreateBuildOperation

ComputeTargetDependencyGraph
note: Building targets in dependency order
note: Target dependency graph (29 targets)
    Target 'PhoneInTheOtherRoom' in project 'PhoneInTheOtherRoom'
        ➜ Explicit dependency on target 'PhoneInTheOtherRoomWatchApp' in project 'PhoneInTheOtherRoom'
        ➜ Explicit dependency on target 'PhoneInTheOtherRoomLiveActivity' in project 'PhoneInTheOtherRoom'
        ➜ Explicit dependency on target 'PhoneInTheOtherRoomScreenTimeReport' in project 'PhoneInTheOtherRoom'
        ➜ Explicit dependency on target 'PhoneInTheOtherRoomDeviceActivityMonitor' in project 'PhoneInTheOtherRoom'
        ➜ Explicit dependency on target 'PhoneInTheOtherRoomShieldConfiguration' in project 'PhoneInTheOtherRoom'
        ➜ Explicit dependency on target 'PhoneInTheOtherRoomShieldAction' in project 'PhoneInTheOtherRoom'
        ➜ Explicit dependency on target 'Supabase' in project 'Supabase'
    Target 'Supabase' in project 'Supabase'
        ➜ Explicit dependency on target 'Supabase' in project 'Supabase'
        ➜ Explicit dependency on target 'Helpers' in project 'Supabase'
        ➜ Explicit dependency on target 'Auth' in project 'Supabase'
        ➜ Explicit dependency on target 'Functions' in project 'Supabase'
        ➜ Explicit dependency on target 'PostgREST' in project 'Supabase'
        ➜ Explicit dependency on target 'RealtimeV2' in project 'Supabase'
        ➜ Explicit dependency on target 'Realtime' in project 'Supabase'
        ➜ Explicit dependency on target 'Storage' in project 'Supabase'
        ➜ Explicit dependency on target 'ConcurrencyExtras' in project 'swift-concurrency-extras'
        ➜ Explicit dependency on target 'HTTPTypes' in project 'swift-http-types'
        ➜ Explicit dependency on target 'Clocks' in project 'swift-clocks'
        ➜ Explicit dependency on target 'XCTestDynamicOverlay' in project 'xctest-dynamic-overlay'
        ➜ Explicit dependency on target 'IssueReporting' in project 'xctest-dynamic-overlay'
        ➜ Explicit dependency on target 'Crypto' in project 'swift-crypto'
    Target 'Supabase' in project 'Supabase'
        ➜ Explicit dependency on target 'Helpers' in project 'Supabase'
        ➜ Explicit dependency on target 'Auth' in project 'Supabase'
        ➜ Explicit dependency on target 'Functions' in project 'Supabase'
        ➜ Explicit dependency on target 'PostgREST' in project 'Supabase'
        ➜ Explicit dependency on target 'RealtimeV2' in project 'Supabase'
        ➜ Explicit dependency on target 'Realtime' in project 'Supabase'
        ➜ Explicit dependency on target 'Storage' in project 'Supabase'
        ➜ Explicit dependency on target 'ConcurrencyExtras' in project 'swift-concurrency-extras'
        ➜ Explicit dependency on target 'HTTPTypes' in project 'swift-http-types'
        ➜ Explicit dependency on target 'Clocks' in project 'swift-clocks'
        ➜ Explicit dependency on target 'XCTestDynamicOverlay' in project 'xctest-dynamic-overlay'
        ➜ Explicit dependency on target 'IssueReporting' in project 'xctest-dynamic-overlay'
        ➜ Explicit dependency on target 'Crypto' in project 'swift-crypto'
    Target 'Storage' in project 'Supabase'
        ➜ Explicit dependency on target 'Helpers' in project 'Supabase'
        ➜ Explicit dependency on target 'ConcurrencyExtras' in project 'swift-concurrency-extras'
        ➜ Explicit dependency on target 'HTTPTypes' in project 'swift-http-types'
        ➜ Explicit dependency on target 'Clocks' in project 'swift-clocks'
        ➜ Explicit dependency on target 'XCTestDynamicOverlay' in project 'xctest-dynamic-overlay'
        ➜ Explicit dependency on target 'IssueReporting' in project 'xctest-dynamic-overlay'
    Target 'Realtime' in project 'Supabase'
        ➜ Explicit dependency on target 'Helpers' in project 'Supabase'
        ➜ Explicit dependency on target 'RealtimeV2' in project 'Supabase'
        ➜ Explicit dependency on target 'ConcurrencyExtras' in project 'swift-concurrency-extras'
        ➜ Explicit dependency on target 'HTTPTypes' in project 'swift-http-types'
        ➜ Explicit dependency on target 'Clocks' in project 'swift-clocks'
        ➜ Explicit dependency on target 'XCTestDynamicOverlay' in project 'xctest-dynamic-overlay'
        ➜ Explicit dependency on target 'IssueReporting' in project 'xctest-dynamic-overlay'
    Target 'RealtimeV2' in project 'Supabase'
        ➜ Explicit dependency on target 'Helpers' in project 'Supabase'
        ➜ Explicit dependency on target 'ConcurrencyExtras' in project 'swift-concurrency-extras'
        ➜ Explicit dependency on target 'HTTPTypes' in project 'swift-http-types'
        ➜ Explicit dependency on target 'Clocks' in project 'swift-clocks'
        ➜ Explicit dependency on target 'XCTestDynamicOverlay' in project 'xctest-dynamic-overlay'
        ➜ Explicit dependency on target 'IssueReporting' in project 'xctest-dynamic-overlay'
    Target 'PostgREST' in project 'Supabase'
        ➜ Explicit dependency on target 'Helpers' in project 'Supabase'
        ➜ Explicit dependency on target 'ConcurrencyExtras' in project 'swift-concurrency-extras'
        ➜ Explicit dependency on target 'HTTPTypes' in project 'swift-http-types'
        ➜ Explicit dependency on target 'Clocks' in project 'swift-clocks'
        ➜ Explicit dependency on target 'XCTestDynamicOverlay' in project 'xctest-dynamic-overlay'
        ➜ Explicit dependency on target 'IssueReporting' in project 'xctest-dynamic-overlay'
    Target 'Functions' in project 'Supabase'
        ➜ Explicit dependency on target 'Helpers' in project 'Supabase'
        ➜ Explicit dependency on target 'ConcurrencyExtras' in project 'swift-concurrency-extras'
        ➜ Explicit dependency on target 'HTTPTypes' in project 'swift-http-types'
        ➜ Explicit dependency on target 'Clocks' in project 'swift-clocks'
        ➜ Explicit dependency on target 'XCTestDynamicOverlay' in project 'xctest-dynamic-overlay'
        ➜ Explicit dependency on target 'IssueReporting' in project 'xctest-dynamic-overlay'
    Target 'Auth' in project 'Supabase'
        ➜ Explicit dependency on target 'Helpers' in project 'Supabase'
        ➜ Explicit dependency on target 'ConcurrencyExtras' in project 'swift-concurrency-extras'
        ➜ Explicit dependency on target 'HTTPTypes' in project 'swift-http-types'
        ➜ Explicit dependency on target 'Clocks' in project 'swift-clocks'
        ➜ Explicit dependency on target 'XCTestDynamicOverlay' in project 'xctest-dynamic-overlay'
        ➜ Explicit dependency on target 'IssueReporting' in project 'xctest-dynamic-overlay'
        ➜ Explicit dependency on target 'Crypto' in project 'swift-crypto'
    Target 'Crypto' in project 'swift-crypto'
        ➜ Explicit dependency on target 'Crypto' in project 'swift-crypto'
        ➜ Explicit dependency on target 'swift-crypto_Crypto' in project 'swift-crypto'
    Target 'Crypto' in project 'swift-crypto'
        ➜ Explicit dependency on target 'swift-crypto_Crypto' in project 'swift-crypto'
    Target 'swift-crypto_Crypto' in project 'swift-crypto' (no dependencies)
    Target 'Helpers' in project 'Supabase'
        ➜ Explicit dependency on target 'ConcurrencyExtras' in project 'swift-concurrency-extras'
        ➜ Explicit dependency on target 'HTTPTypes' in project 'swift-http-types'
        ➜ Explicit dependency on target 'Clocks' in project 'swift-clocks'
        ➜ Explicit dependency on target 'XCTestDynamicOverlay' in project 'xctest-dynamic-overlay'
        ➜ Explicit dependency on target 'IssueReporting' in project 'xctest-dynamic-overlay'
    Target 'XCTestDynamicOverlay' in project 'xctest-dynamic-overlay'
        ➜ Explicit dependency on target 'XCTestDynamicOverlay' in project 'xctest-dynamic-overlay'
        ➜ Explicit dependency on target 'IssueReporting' in project 'xctest-dynamic-overlay'
    Target 'XCTestDynamicOverlay' in project 'xctest-dynamic-overlay'
        ➜ Explicit dependency on target 'IssueReporting' in project 'xctest-dynamic-overlay'
    Target 'Clocks' in project 'swift-clocks'
        ➜ Explicit dependency on target 'Clocks' in project 'swift-clocks'
        ➜ Explicit dependency on target 'ConcurrencyExtras' in project 'swift-concurrency-extras'
        ➜ Explicit dependency on target 'IssueReporting' in project 'xctest-dynamic-overlay'
    Target 'Clocks' in project 'swift-clocks'
        ➜ Explicit dependency on target 'ConcurrencyExtras' in project 'swift-concurrency-extras'
        ➜ Explicit dependency on target 'IssueReporting' in project 'xctest-dynamic-overlay'
    Target 'IssueReporting' in project 'xctest-dynamic-overlay'
        ➜ Explicit dependency on target 'IssueReporting' in project 'xctest-dynamic-overlay'
    Target 'IssueReporting' in project 'xctest-dynamic-overlay' (no dependencies)
    Target 'HTTPTypes' in project 'swift-http-types'
        ➜ Explicit dependency on target 'HTTPTypes' in project 'swift-http-types'
    Target 'HTTPTypes' in project 'swift-http-types' (no dependencies)
    Target 'ConcurrencyExtras' in project 'swift-concurrency-extras'
        ➜ Explicit dependency on target 'ConcurrencyExtras' in project 'swift-concurrency-extras'
    Target 'ConcurrencyExtras' in project 'swift-concurrency-extras' (no dependencies)
    Target 'PhoneInTheOtherRoomShieldAction' in project 'PhoneInTheOtherRoom' (no dependencies)
    Target 'PhoneInTheOtherRoomShieldConfiguration' in project 'PhoneInTheOtherRoom' (no dependencies)
    Target 'PhoneInTheOtherRoomDeviceActivityMonitor' in project 'PhoneInTheOtherRoom' (no dependencies)
    Target 'PhoneInTheOtherRoomScreenTimeReport' in project 'PhoneInTheOtherRoom' (no dependencies)
    Target 'PhoneInTheOtherRoomLiveActivity' in project 'PhoneInTheOtherRoom' (no dependencies)
    Target 'PhoneInTheOtherRoomWatchApp' in project 'PhoneInTheOtherRoom' (no dependencies)

GatherProvisioningInputs

CreateBuildDescription

ExecuteExternalTool /Applications/Xcode.app/Contents/Developer/usr/bin/actool --print-asset-tag-combinations --output-format xml1 /Users/ngawangchime/Desktop/Developer Projects/Phone in the Other Room/Assets.xcassets

ExecuteExternalTool /Applications/Xcode.app/Contents/Developer/usr/bin/actool --version --output-format xml1

ExecuteExternalTool /Applications/Xcode.app/Contents/Developer/Toolchains/XcodeDefault.xctoolchain/usr/bin/swiftc --version

ExecuteExternalTool /Applications/Xcode.app/Contents/Developer/Toolchains/XcodeDefault.xctoolchain/usr/bin/clang -v -E -dM -isysroot /Applications/Xcode.app/Contents/Developer/Platforms/WatchSimulator.platform/Developer/SDKs/WatchSimulator26.5.sdk -x c -c /dev/null

ExecuteExternalTool /Applications/Xcode.app/Contents/Developer/usr/bin/actool --print-asset-tag-combinations --output-format xml1 /Users/ngawangchime/Desktop/Developer Projects/Phone in the Other Room/Assets.xcassets

ExecuteExternalTool /Applications/Xcode.app/Contents/Developer/Toolchains/XcodeDefault.xctoolchain/usr/bin/clang -v -E -dM -isysroot /Applications/Xcode.app/Contents/Developer/Platforms/iPhoneSimulator.platform/Developer/SDKs/iPhoneSimulator26.5.sdk -x c -c /dev/null

ExecuteExternalTool /Applications/Xcode.app/Contents/Developer/Toolchains/XcodeDefault.xctoolchain/usr/bin/ld -version_details

ReadFileContents /Applications/Xcode.app/Contents/Developer/Toolchains/XcodeDefault.xctoolchain/usr/share/docc/features.json

Build description signature: 0b96eedc71eaad03c65df42e1de2be3b
Build description path: /tmp/counting-sheep-search-build/Build/Intermediates.noindex/XCBuildData/0b96eedc71eaad03c65df42e1de2be3b.xcbuilddata
ClangStatCache /Applications/Xcode.app/Contents/Developer/Toolchains/XcodeDefault.xctoolchain/usr/bin/clang-stat-cache /Applications/Xcode.app/Contents/Developer/Platforms/iPhoneSimulator.platform/Developer/SDKs/iPhoneSimulator26.5.sdk /tmp/counting-sheep-search-build/SDKStatCaches.noindex/iphonesimulator26.5-23F81a-6cfe768891a92b912361537c460fe42b.sdkstatcache
    cd /Users/ngawangchime/Desktop/Developer\ Projects/Phone\ in\ the\ Other\ Room/PhoneInTheOtherRoom.xcodeproj
    /Applications/Xcode.app/Contents/Developer/Toolchains/XcodeDefault.xctoolchain/usr/bin/clang-stat-cache /Applications/Xcode.app/Contents/Developer/Platforms/iPhoneSimulator.platform/Developer/SDKs/iPhoneSimulator26.5.sdk -o /tmp/counting-sheep-search-build/SDKStatCaches.noindex/iphonesimulator26.5-23F81a-6cfe768891a92b912361537c460fe42b.sdkstatcache

ClangStatCache /Applications/Xcode.app/Contents/Developer/Toolchains/XcodeDefault.xctoolchain/usr/bin/clang-stat-cache /Applications/Xcode.app/Contents/Developer/Platforms/WatchSimulator.platform/Developer/SDKs/WatchSimulator26.5.sdk /tmp/counting-sheep-search-build/SDKStatCaches.noindex/watchsimulator26.5-23T570-1651579a441f1322ae888f0ed545cb80.sdkstatcache
    cd /Users/ngawangchime/Desktop/Developer\ Projects/Phone\ in\ the\ Other\ Room/PhoneInTheOtherRoom.xcodeproj
    /Applications/Xcode.app/Contents/Developer/Toolchains/XcodeDefault.xctoolchain/usr/bin/clang-stat-cache /Applications/Xcode.app/Contents/Developer/Platforms/WatchSimulator.platform/Developer/SDKs/WatchSimulator26.5.sdk -o /tmp/counting-sheep-search-build/SDKStatCaches.noindex/watchsimulator26.5-23T570-1651579a441f1322ae888f0ed545cb80.sdkstatcache

ProcessInfoPlistFile /tmp/counting-sheep-search-build/Build/Products/Debug-iphonesimulator/Counting\ Sheep\ Wind\ Down\ Action.appex/Info.plist /Users/ngawangchime/Desktop/Developer\ Projects/Phone\ in\ the\ Other\ Room/PhoneInTheOtherRoomShieldAction/Info.plist (in target 'PhoneInTheOtherRoomShieldAction' from project 'PhoneInTheOtherRoom')
    cd /Users/ngawangchime/Desktop/Developer\ Projects/Phone\ in\ the\ Other\ Room
    builtin-infoPlistUtility /Users/ngawangchime/Desktop/Developer\ Projects/Phone\ in\ the\ Other\ Room/PhoneInTheOtherRoomShieldAction/Info.plist -producttype com.apple.product-type.app-extension -expandbuildsettings -format binary -platform iphonesimulator -o /tmp/counting-sheep-search-build/Build/Products/Debug-iphonesimulator/Counting\ Sheep\ Wind\ Down\ Action.appex/Info.plist

ProcessInfoPlistFile /tmp/counting-sheep-search-build/Build/Products/Debug-iphonesimulator/swift-crypto_Crypto.bundle/Info.plist /tmp/counting-sheep-search-build/Build/Intermediates.noindex/swift-crypto.build/Debug-iphonesimulator/swift-crypto_Crypto.build/empty-swift-crypto_Crypto.plist (in target 'swift-crypto_Crypto' from project 'swift-crypto')
    cd /tmp/counting-sheep-search-build/SourcePackages/checkouts/swift-crypto
    builtin-infoPlistUtility /tmp/counting-sheep-search-build/Build/Intermediates.noindex/swift-crypto.build/Debug-iphonesimulator/swift-crypto_Crypto.build/empty-swift-crypto_Crypto.plist -producttype com.apple.product-type.bundle -expandbuildsettings -format binary -platform iphonesimulator -o /tmp/counting-sheep-search-build/Build/Products/Debug-iphonesimulator/swift-crypto_Crypto.bundle/Info.plist

SwiftDriver PhoneInTheOtherRoomWatchApp normal x86_64 com.apple.xcode.tools.swift.compiler (in target 'PhoneInTheOtherRoomWatchApp' from project 'PhoneInTheOtherRoom')
    cd /Users/ngawangchime/Desktop/Developer\ Projects/Phone\ in\ the\ Other\ Room
    builtin-SwiftDriver -- /Applications/Xcode.app/Contents/Developer/Toolchains/XcodeDefault.xctoolchain/usr/bin/swiftc -module-name Counting_Sheep_Watch -Onone @/tmp/counting-sheep-search-build/Build/Intermediates.noindex/PhoneInTheOtherRoom.build/Debug-watchsimulator/PhoneInTheOtherRoomWatchApp.build/Objects-normal/x86_64/Counting\ Sheep\ Watch.SwiftFileList -DDEBUG -enable-bare-slash-regex -enable-experimental-feature DebugDescriptionMacro -sdk /Applications/Xcode.app/Contents/Developer/Platforms/WatchSimulator.platform/Developer/SDKs/WatchSimulator26.5.sdk -target x86_64-apple-watchos10.0-simulator -g -module-cache-path /tmp/counting-sheep-search-build/ModuleCache.noindex -Xfrontend -serialize-debugging-options -enable-testing -index-store-path /tmp/counting-sheep-search-build/Index.noindex/DataStore -Xcc -D_LIBCPP_HARDENING_MODE\=_LIBCPP_HARDENING_MODE_DEBUG -swift-version 5 -I /tmp/counting-sheep-search-build/Build/Products/Debug-watchsimulator -F /tmp/counting-sheep-search-build/Build/Products/Debug-watchsimulator -c -j8 -enable-batch-mode -incremental -Xcc -ivfsstatcache -Xcc /tmp/counting-sheep-search-build/SDKStatCaches.noindex/watchsimulator26.5-23T570-1651579a441f1322ae888f0ed545cb80.sdkstatcache -output-file-map /tmp/counting-sheep-search-build/Build/Intermediates.noindex/PhoneInTheOtherRoom.build/Debug-watchsimulator/PhoneInTheOtherRoomWatchApp.build/Objects-normal/x86_64/PhoneInTheOtherRoomWatchApp-OutputFileMap.json -use-frontend-parseable-output -save-temps -no-color-diagnostics -explicit-module-build -module-cache-path /tmp/counting-sheep-search-build/Build/Intermediates.noindex/SwiftExplicitPrecompiledModules -clang-scanner-module-cache-path /tmp/counting-sheep-search-build/ModuleCache.noindex -sdk-module-cache-path /tmp/counting-sheep-search-build/ModuleCache.noindex -serialize-diagnostics -emit-dependencies -emit-module -emit-module-path /tmp/counting-sheep-search-build/Build/Intermediates.noindex/PhoneInTheOtherRoom.build/Debug-watchsimulator/PhoneInTheOtherRoomWatchApp.build/Objects-normal/x86_64/Counting_Sheep_Watch.swiftmodule -validate-clang-modules-once -clang-build-session-file /tmp/counting-sheep-search-build/ModuleCache.noindex/Session.modulevalidation -Xcc -I/tmp/counting-sheep-search-build/Build/Intermediates.noindex/PhoneInTheOtherRoom.build/Debug-watchsimulator/PhoneInTheOtherRoomWatchApp.build/swift-overrides.hmap -emit-const-values -Xfrontend -const-gather-protocols-file -Xfrontend /tmp/counting-sheep-search-build/Build/Intermediates.noindex/PhoneInTheOtherRoom.build/Debug-watchsimulator/PhoneInTheOtherRoomWatchApp.build/Objects-normal/x86_64/PhoneInTheOtherRoomWatchApp_const_extract_protocols.json -Xcc -iquote -Xcc /tmp/counting-sheep-search-build/Build/Intermediates.noindex/PhoneInTheOtherRoom.build/Debug-watchsimulator/PhoneInTheOtherRoomWatchApp.build/Counting\ Sheep\ Watch-generated-files.hmap -Xcc -I/tmp/counting-sheep-search-build/Build/Intermediates.noindex/PhoneInTheOtherRoom.build/Debug-watchsimulator/PhoneInTheOtherRoomWatchApp.build/Counting\ Sheep\ Watch-own-target-headers.hmap -Xcc -I/tmp/counting-sheep-search-build/Build/Intermediates.noindex/PhoneInTheOtherRoom.build/Debug-watchsimulator/PhoneInTheOtherRoomWatchApp.build/Counting\ Sheep\ Watch-all-non-framework-target-headers.hmap -Xcc -ivfsoverlay -Xcc /tmp/counting-sheep-search-build/Build/Intermediates.noindex/PhoneInTheOtherRoom.build/Debug-watchsimulator/PhoneInTheOtherRoom-d9a00fb94435e678319518e524e23875-VFS-watchsimulator/all-product-headers.yaml -Xcc -iquote -Xcc /tmp/counting-sheep-search-build/Build/Intermediates.noindex/PhoneInTheOtherRoom.build/Debug-watchsimulator/PhoneInTheOtherRoomWatchApp.build/Counting\ Sheep\ Watch-project-headers.hmap -Xcc -I/tmp/counting-sheep-search-build/Build/Products/Debug-watchsimulator/include -Xcc -I/tmp/counting-sheep-search-build/Build/Intermediates.noindex/PhoneInTheOtherRoom.build/Debug-watchsimulator/PhoneInTheOtherRoomWatchApp.build/DerivedSources-normal/x86_64 -Xcc -I/tmp/counting-sheep-search-build/Build/Intermediates.noindex/PhoneInTheOtherRoom.build/Debug-watchsimulator/PhoneInTheOtherRoomWatchApp.build/DerivedSources/x86_64 -Xcc -I/tmp/counting-sheep-search-build/Build/Intermediates.noindex/PhoneInTheOtherRoom.build/Debug-watchsimulator/PhoneInTheOtherRoomWatchApp.build/DerivedSources -Xcc -DDEBUG\=1 -emit-objc-header -emit-objc-header-path /tmp/counting-sheep-search-build/Build/Intermediates.noindex/PhoneInTheOtherRoom.build/Debug-watchsimulator/PhoneInTheOtherRoomWatchApp.build/Objects-normal/x86_64/Counting_Sheep_Watch-Swift.h -working-directory /Users/ngawangchime/Desktop/Developer\ Projects/Phone\ in\ the\ Other\ Room -experimental-emit-module-separately -disable-cmo

SwiftDriver XCTestDynamicOverlay normal arm64 com.apple.xcode.tools.swift.compiler (in target 'XCTestDynamicOverlay' from project 'xctest-dynamic-overlay')
    cd /Users/ngawangchime/Desktop/Developer\ Projects/Phone\ in\ the\ Other\ Room/PhoneInTheOtherRoom.xcodeproj
    builtin-SwiftDriver -- /Applications/Xcode.app/Contents/Developer/Toolchains/XcodeDefault.xctoolchain/usr/bin/swiftc -module-name XCTestDynamicOverlay -Onone @/tmp/counting-sheep-search-build/Build/Intermediates.noindex/xctest-dynamic-overlay.build/Debug-iphonesimulator/XCTestDynamicOverlay.build/Objects-normal/arm64/XCTestDynamicOverlay.SwiftFileList -DSWIFT_PACKAGE -DDEBUG -DSWIFT_MODULE_RESOURCE_BUNDLE_UNAVAILABLE -DXcode -enable-upcoming-feature ExistentialAny -enable-upcoming-feature ImmutableWeakCaptures -enable-upcoming-feature InferIsolatedConformances -enable-upcoming-feature InternalImportsByDefault -enable-upcoming-feature MemberImportVisibility -enable-upcoming-feature NonisolatedNonsendingByDefault -plugin-path /Applications/Xcode.app/Contents/Developer/Toolchains/XcodeDefault.xctoolchain/usr/lib/swift/host/plugins/testing -enable-experimental-feature DebugDescriptionMacro -sdk /Applications/Xcode.app/Contents/Developer/Platforms/iPhoneSimulator.platform/Developer/SDKs/iPhoneSimulator26.5.sdk -target arm64-apple-ios13.0-simulator -g -module-cache-path /tmp/counting-sheep-search-build/ModuleCache.noindex -Xfrontend -serialize-debugging-options -enable-testing -suppress-warnings -index-store-path /tmp/counting-sheep-search-build/Index.noindex/DataStore -Xcc -D_LIBCPP_HARDENING_MODE\=_LIBCPP_HARDENING_MODE_DEBUG -swift-version 6 -I /tmp/counting-sheep-search-build/Build/Products/Debug-iphonesimulator -Isystem /Applications/Xcode.app/Contents/Developer/Platforms/iPhoneSimulator.platform/Developer/usr/lib -F /tmp/counting-sheep-search-build/Build/Products/Debug-iphonesimulator/PackageFrameworks -F /tmp/counting-sheep-search-build/Build/Products/Debug-iphonesimulator -F /Applications/Xcode.app/Contents/Developer/Platforms/iPhoneSimulator.platform/Developer/Library/Frameworks -F /Applications/Xcode.app/Contents/Developer/Platforms/iPhoneSimulator.platform/Developer/SDKs/iPhoneSimulator26.5.sdk/Developer/Library/Frameworks -c -j8 -enable-batch-mode -incremental -Xcc -ivfsstatcache -Xcc /tmp/counting-sheep-search-build/SDKStatCaches.noindex/iphonesimulator26.5-23F81a-6cfe768891a92b912361537c460fe42b.sdkstatcache -output-file-map /tmp/counting-sheep-search-build/Build/Intermediates.noindex/xctest-dynamic-overlay.build/Debug-iphonesimulator/XCTestDynamicOverlay.build/Objects-normal/arm64/XCTestDynamicOverlay-OutputFileMap.json -use-frontend-parseable-output -save-temps -no-color-diagnostics -explicit-module-build -module-cache-path /tmp/counting-sheep-search-build/Build/Intermediates.noindex/SwiftExplicitPrecompiledModules -clang-scanner-module-cache-path /tmp/counting-sheep-search-build/ModuleCache.noindex -sdk-module-cache-path /tmp/counting-sheep-search-build/ModuleCache.noindex -serialize-diagnostics -emit-dependencies -emit-module -emit-module-path /tmp/counting-sheep-search-build/Build/Intermediates.noindex/xctest-dynamic-overlay.build/Debug-iphonesimulator/XCTestDynamicOverlay.build/Objects-normal/arm64/XCTestDynamicOverlay.swiftmodule -user-module-version 1.11.0 -validate-clang-modules-once -clang-build-session-file /tmp/counting-sheep-search-build/ModuleCache.noindex/Session.modulevalidation -package-name xctest_dynamic_overlay -Xcc -I/tmp/counting-sheep-search-build/Build/Intermediates.noindex/xctest-dynamic-overlay.build/Debug-iphonesimulator/XCTestDynamicOverlay.build/swift-overrides.hmap -emit-const-values -Xfrontend -const-gather-protocols-file -Xfrontend /tmp/counting-sheep-search-build/Build/Intermediates.noindex/xctest-dynamic-overlay.build/Debug-iphonesimulator/XCTestDynamicOverlay.build/Objects-normal/arm64/XCTestDynamicOverlay_const_extract_protocols.json -Xcc -I/tmp/counting-sheep-search-build/Build/Products/Debug-iphonesimulator/include -Xcc -I/tmp/counting-sheep-search-build/Build/Intermediates.noindex/xctest-dynamic-overlay.build/Debug-iphonesimulator/XCTestDynamicOverlay.build/DerivedSources-normal/arm64 -Xcc -I/tmp/counting-sheep-search-build/Build/Intermediates.noindex/xctest-dynamic-overlay.build/Debug-iphonesimulator/XCTestDynamicOverlay.build/DerivedSources/arm64 -Xcc -I/tmp/counting-sheep-search-build/Build/Intermediates.noindex/xctest-dynamic-overlay.build/Debug-iphonesimulator/XCTestDynamicOverlay.build/DerivedSources -Xcc -DSWIFT_PACKAGE -Xcc -DDEBUG\=1 -emit-objc-header -emit-objc-header-path /tmp/counting-sheep-search-build/Build/Intermediates.noindex/xctest-dynamic-overlay.build/Debug-iphonesimulator/XCTestDynamicOverlay.build/Objects-normal/arm64/XCTestDynamicOverlay-Swift.h -working-directory /Users/ngawangchime/Desktop/Developer\ Projects/Phone\ in\ the\ Other\ Room/PhoneInTheOtherRoom.xcodeproj -experimental-emit-module-separately -disable-cmo

SwiftDriver PhoneInTheOtherRoomWatchApp normal arm64 com.apple.xcode.tools.swift.compiler (in target 'PhoneInTheOtherRoomWatchApp' from project 'PhoneInTheOtherRoom')
    cd /Users/ngawangchime/Desktop/Developer\ Projects/Phone\ in\ the\ Other\ Room
    builtin-SwiftDriver -- /Applications/Xcode.app/Contents/Developer/Toolchains/XcodeDefault.xctoolchain/usr/bin/swiftc -module-name Counting_Sheep_Watch -Onone @/tmp/counting-sheep-search-build/Build/Intermediates.noindex/PhoneInTheOtherRoom.build/Debug-watchsimulator/PhoneInTheOtherRoomWatchApp.build/Objects-normal/arm64/Counting\ Sheep\ Watch.SwiftFileList -DDEBUG -enable-bare-slash-regex -enable-experimental-feature DebugDescriptionMacro -sdk /Applications/Xcode.app/Contents/Developer/Platforms/WatchSimulator.platform/Developer/SDKs/WatchSimulator26.5.sdk -target arm64-apple-watchos10.0-simulator -g -module-cache-path /tmp/counting-sheep-search-build/ModuleCache.noindex -Xfrontend -serialize-debugging-options -enable-testing -index-store-path /tmp/counting-sheep-search-build/Index.noindex/DataStore -Xcc -D_LIBCPP_HARDENING_MODE\=_LIBCPP_HARDENING_MODE_DEBUG -swift-version 5 -I /tmp/counting-sheep-search-build/Build/Products/Debug-watchsimulator -F /tmp/counting-sheep-search-build/Build/Products/Debug-watchsimulator -c -j8 -enable-batch-mode -incremental -Xcc -ivfsstatcache -Xcc /tmp/counting-sheep-search-build/SDKStatCaches.noindex/watchsimulator26.5-23T570-1651579a441f1322ae888f0ed545cb80.sdkstatcache -output-file-map /tmp/counting-sheep-search-build/Build/Intermediates.noindex/PhoneInTheOtherRoom.build/Debug-watchsimulator/PhoneInTheOtherRoomWatchApp.build/Objects-normal/arm64/PhoneInTheOtherRoomWatchApp-OutputFileMap.json -use-frontend-parseable-output -save-temps -no-color-diagnostics -explicit-module-build -module-cache-path /tmp/counting-sheep-search-build/Build/Intermediates.noindex/SwiftExplicitPrecompiledModules -clang-scanner-module-cache-path /tmp/counting-sheep-search-build/ModuleCache.noindex -sdk-module-cache-path /tmp/counting-sheep-search-build/ModuleCache.noindex -serialize-diagnostics -emit-dependencies -emit-module -emit-module-path /tmp/counting-sheep-search-build/Build/Intermediates.noindex/PhoneInTheOtherRoom.build/Debug-watchsimulator/PhoneInTheOtherRoomWatchApp.build/Objects-normal/arm64/Counting_Sheep_Watch.swiftmodule -validate-clang-modules-once -clang-build-session-file /tmp/counting-sheep-search-build/ModuleCache.noindex/Session.modulevalidation -Xcc -I/tmp/counting-sheep-search-build/Build/Intermediates.noindex/PhoneInTheOtherRoom.build/Debug-watchsimulator/PhoneInTheOtherRoomWatchApp.build/swift-overrides.hmap -emit-const-values -Xfrontend -const-gather-protocols-file -Xfrontend /tmp/counting-sheep-search-build/Build/Intermediates.noindex/PhoneInTheOtherRoom.build/Debug-watchsimulator/PhoneInTheOtherRoomWatchApp.build/Objects-normal/arm64/PhoneInTheOtherRoomWatchApp_const_extract_protocols.json -Xcc -iquote -Xcc /tmp/counting-sheep-search-build/Build/Intermediates.noindex/PhoneInTheOtherRoom.build/Debug-watchsimulator/PhoneInTheOtherRoomWatchApp.build/Counting\ Sheep\ Watch-generated-files.hmap -Xcc -I/tmp/counting-sheep-search-build/Build/Intermediates.noindex/PhoneInTheOtherRoom.build/Debug-watchsimulator/PhoneInTheOtherRoomWatchApp.build/Counting\ Sheep\ Watch-own-target-headers.hmap -Xcc -I/tmp/counting-sheep-search-build/Build/Intermediates.noindex/PhoneInTheOtherRoom.build/Debug-watchsimulator/PhoneInTheOtherRoomWatchApp.build/Counting\ Sheep\ Watch-all-non-framework-target-headers.hmap -Xcc -ivfsoverlay -Xcc /tmp/counting-sheep-search-build/Build/Intermediates.noindex/PhoneInTheOtherRoom.build/Debug-watchsimulator/PhoneInTheOtherRoom-d9a00fb94435e678319518e524e23875-VFS-watchsimulator/all-product-headers.yaml -Xcc -iquote -Xcc /tmp/counting-sheep-search-build/Build/Intermediates.noindex/PhoneInTheOtherRoom.build/Debug-watchsimulator/PhoneInTheOtherRoomWatchApp.build/Counting\ Sheep\ Watch-project-headers.hmap -Xcc -I/tmp/counting-sheep-search-build/Build/Products/Debug-watchsimulator/include -Xcc -I/tmp/counting-sheep-search-build/Build/Intermediates.noindex/PhoneInTheOtherRoom.build/Debug-watchsimulator/PhoneInTheOtherRoomWatchApp.build/DerivedSources-normal/arm64 -Xcc -I/tmp/counting-sheep-search-build/Build/Intermediates.noindex/PhoneInTheOtherRoom.build/Debug-watchsimulator/PhoneInTheOtherRoomWatchApp.build/DerivedSources/arm64 -Xcc -I/tmp/counting-sheep-search-build/Build/Intermediates.noindex/PhoneInTheOtherRoom.build/Debug-watchsimulator/PhoneInTheOtherRoomWatchApp.build/DerivedSources -Xcc -DDEBUG\=1 -emit-objc-header -emit-objc-header-path /tmp/counting-sheep-search-build/Build/Intermediates.noindex/PhoneInTheOtherRoom.build/Debug-watchsimulator/PhoneInTheOtherRoomWatchApp.build/Objects-normal/arm64/Counting_Sheep_Watch-Swift.h -working-directory /Users/ngawangchime/Desktop/Developer\ Projects/Phone\ in\ the\ Other\ Room -experimental-emit-module-separately -disable-cmo

SwiftDriver\ Compilation\ Requirements XCTestDynamicOverlay normal arm64 com.apple.xcode.tools.swift.compiler (in target 'XCTestDynamicOverlay' from project 'xctest-dynamic-overlay')
    cd /Users/ngawangchime/Desktop/Developer\ Projects/Phone\ in\ the\ Other\ Room/PhoneInTheOtherRoom.xcodeproj
    builtin-Swift-Compilation-Requirements -- /Applications/Xcode.app/Contents/Developer/Toolchains/XcodeDefault.xctoolchain/usr/bin/swiftc -module-name XCTestDynamicOverlay -Onone @/tmp/counting-sheep-search-build/Build/Intermediates.noindex/xctest-dynamic-overlay.build/Debug-iphonesimulator/XCTestDynamicOverlay.build/Objects-normal/arm64/XCTestDynamicOverlay.SwiftFileList -DSWIFT_PACKAGE -DDEBUG -DSWIFT_MODULE_RESOURCE_BUNDLE_UNAVAILABLE -DXcode -enable-upcoming-feature ExistentialAny -enable-upcoming-feature ImmutableWeakCaptures -enable-upcoming-feature InferIsolatedConformances -enable-upcoming-feature InternalImportsByDefault -enable-upcoming-feature MemberImportVisibility -enable-upcoming-feature NonisolatedNonsendingByDefault -plugin-path /Applications/Xcode.app/Contents/Developer/Toolchains/XcodeDefault.xctoolchain/usr/lib/swift/host/plugins/testing -enable-experimental-feature DebugDescriptionMacro -sdk /Applications/Xcode.app/Contents/Developer/Platforms/iPhoneSimulator.platform/Developer/SDKs/iPhoneSimulator26.5.sdk -target arm64-apple-ios13.0-simulator -g -module-cache-path /tmp/counting-sheep-search-build/ModuleCache.noindex -Xfrontend -serialize-debugging-options -enable-testing -suppress-warnings -index-store-path /tmp/counting-sheep-search-build/Index.noindex/DataStore -Xcc -D_LIBCPP_HARDENING_MODE\=_LIBCPP_HARDENING_MODE_DEBUG -swift-version 6 -I /tmp/counting-sheep-search-build/Build/Products/Debug-iphonesimulator -Isystem /Applications/Xcode.app/Contents/Developer/Platforms/iPhoneSimulator.platform/Developer/usr/lib -F /tmp/counting-sheep-search-build/Build/Products/Debug-iphonesimulator/PackageFrameworks -F /tmp/counting-sheep-search-build/Build/Products/Debug-iphonesimulator -F /Applications/Xcode.app/Contents/Developer/Platforms/iPhoneSimulator.platform/Developer/Library/Frameworks -F /Applications/Xcode.app/Contents/Developer/Platforms/iPhoneSimulator.platform/Developer/SDKs/iPhoneSimulator26.5.sdk/Developer/Library/Frameworks -c -j8 -enable-batch-mode -incremental -Xcc -ivfsstatcache -Xcc /tmp/counting-sheep-search-build/SDKStatCaches.noindex/iphonesimulator26.5-23F81a-6cfe768891a92b912361537c460fe42b.sdkstatcache -output-file-map /tmp/counting-sheep-search-build/Build/Intermediates.noindex/xctest-dynamic-overlay.build/Debug-iphonesimulator/XCTestDynamicOverlay.build/Objects-normal/arm64/XCTestDynamicOverlay-OutputFileMap.json -use-frontend-parseable-output -save-temps -no-color-diagnostics -explicit-module-build -module-cache-path /tmp/counting-sheep-search-build/Build/Intermediates.noindex/SwiftExplicitPrecompiledModules -clang-scanner-module-cache-path /tmp/counting-sheep-search-build/ModuleCache.noindex -sdk-module-cache-path /tmp/counting-sheep-search-build/ModuleCache.noindex -serialize-diagnostics -emit-dependencies -emit-module -emit-module-path /tmp/counting-sheep-search-build/Build/Intermediates.noindex/xctest-dynamic-overlay.build/Debug-iphonesimulator/XCTestDynamicOverlay.build/Objects-normal/arm64/XCTestDynamicOverlay.swiftmodule -user-module-version 1.11.0 -validate-clang-modules-once -clang-build-session-file /tmp/counting-sheep-search-build/ModuleCache.noindex/Session.modulevalidation -package-name xctest_dynamic_overlay -Xcc -I/tmp/counting-sheep-search-build/Build/Intermediates.noindex/xctest-dynamic-overlay.build/Debug-iphonesimulator/XCTestDynamicOverlay.build/swift-overrides.hmap -emit-const-values -Xfrontend -const-gather-protocols-file -Xfrontend /tmp/counting-sheep-search-build/Build/Intermediates.noindex/xctest-dynamic-overlay.build/Debug-iphonesimulator/XCTestDynamicOverlay.build/Objects-normal/arm64/XCTestDynamicOverlay_const_extract_protocols.json -Xcc -I/tmp/counting-sheep-search-build/Build/Products/Debug-iphonesimulator/include -Xcc -I/tmp/counting-sheep-search-build/Build/Intermediates.noindex/xctest-dynamic-overlay.build/Debug-iphonesimulator/XCTestDynamicOverlay.build/DerivedSources-normal/arm64 -Xcc -I/tmp/counting-sheep-search-build/Build/Intermediates.noindex/xctest-dynamic-overlay.build/Debug-iphonesimulator/XCTestDynamicOverlay.build/DerivedSources/arm64 -Xcc -I/tmp/counting-sheep-search-build/Build/Intermediates.noindex/xctest-dynamic-overlay.build/Debug-iphonesimulator/XCTestDynamicOverlay.build/DerivedSources -Xcc -DSWIFT_PACKAGE -Xcc -DDEBUG\=1 -emit-objc-header -emit-objc-header-path /tmp/counting-sheep-search-build/Build/Intermediates.noindex/xctest-dynamic-overlay.build/Debug-iphonesimulator/XCTestDynamicOverlay.build/Objects-normal/arm64/XCTestDynamicOverlay-Swift.h -working-directory /Users/ngawangchime/Desktop/Developer\ Projects/Phone\ in\ the\ Other\ Room/PhoneInTheOtherRoom.xcodeproj -experimental-emit-module-separately -disable-cmo

SwiftEmitModule normal x86_64 Emitting\ module\ for\ Counting_Sheep_Watch (in target 'PhoneInTheOtherRoomWatchApp' from project 'PhoneInTheOtherRoom')
EmitSwiftModule normal x86_64 (in target 'PhoneInTheOtherRoomWatchApp' from project 'PhoneInTheOtherRoom')
    cd /Users/ngawangchime/Desktop/Developer\ Projects/Phone\ in\ the\ Other\ Room


SwiftDriver PhoneInTheOtherRoomScreenTimeReport normal x86_64 com.apple.xcode.tools.swift.compiler (in target 'PhoneInTheOtherRoomScreenTimeReport' from project 'PhoneInTheOtherRoom')
    cd /Users/ngawangchime/Desktop/Developer\ Projects/Phone\ in\ the\ Other\ Room
    builtin-SwiftDriver -- /Applications/Xcode.app/Contents/Developer/Toolchains/XcodeDefault.xctoolchain/usr/bin/swiftc -module-name Counting_Sheep_Screen_Time_Report -Onone @/tmp/counting-sheep-search-build/Build/Intermediates.noindex/PhoneInTheOtherRoom.build/Debug-iphonesimulator/PhoneInTheOtherRoomScreenTimeReport.build/Objects-normal/x86_64/Counting\ Sheep\ Screen\ Time\ Report.SwiftFileList -DDEBUG -DSCREEN_TIME_REPORTS -enable-bare-slash-regex -enable-experimental-feature DebugDescriptionMacro -sdk /Applications/Xcode.app/Contents/Developer/Platforms/iPhoneSimulator.platform/Developer/SDKs/iPhoneSimulator26.5.sdk -target x86_64-apple-ios17.0-simulator -g -module-cache-path /tmp/counting-sheep-search-build/ModuleCache.noindex -Xfrontend -serialize-debugging-options -application-extension -enable-testing -index-store-path /tmp/counting-sheep-search-build/Index.noindex/DataStore -Xcc -D_LIBCPP_HARDENING_MODE\=_LIBCPP_HARDENING_MODE_DEBUG -swift-version 5 -I /tmp/counting-sheep-search-build/Build/Products/Debug-iphonesimulator -F /tmp/counting-sheep-search-build/Build/Products/Debug-iphonesimulator -c -j8 -enable-batch-mode -incremental -Xcc -ivfsstatcache -Xcc /tmp/counting-sheep-search-build/SDKStatCaches.noindex/iphonesimulator26.5-23F81a-6cfe768891a92b912361537c460fe42b.sdkstatcache -output-file-map /tmp/counting-sheep-search-build/Build/Intermediates.noindex/PhoneInTheOtherRoom.build/Debug-iphonesimulator/PhoneInTheOtherRoomScreenTimeReport.build/Objects-normal/x86_64/PhoneInTheOtherRoomScreenTimeReport-OutputFileMap.json -use-frontend-parseable-output -save-temps -no-color-diagnostics -explicit-module-build -module-cache-path /tmp/counting-sheep-search-build/Build/Intermediates.noindex/SwiftExplicitPrecompiledModules -clang-scanner-module-cache-path /tmp/counting-sheep-search-build/ModuleCache.noindex -sdk-module-cache-path /tmp/counting-sheep-search-build/ModuleCache.noindex -serialize-diagnostics -emit-dependencies -emit-module -emit-module-path /tmp/counting-sheep-search-build/Build/Intermediates.noindex/PhoneInTheOtherRoom.build/Debug-iphonesimulator/PhoneInTheOtherRoomScreenTimeReport.build/Objects-normal/x86_64/Counting_Sheep_Screen_Time_Report.swiftmodule -validate-clang-modules-once -clang-build-session-file /tmp/counting-sheep-search-build/ModuleCache.noindex/Session.modulevalidation -Xcc -I/tmp/counting-sheep-search-build/Build/Intermediates.noindex/PhoneInTheOtherRoom.build/Debug-iphonesimulator/PhoneInTheOtherRoomScreenTimeReport.build/swift-overrides.hmap -emit-const-values -Xfrontend -const-gather-protocols-file -Xfrontend /tmp/counting-sheep-search-build/Build/Intermediates.noindex/PhoneInTheOtherRoom.build/Debug-iphonesimulator/PhoneInTheOtherRoomScreenTimeReport.build/Objects-normal/x86_64/PhoneInTheOtherRoomScreenTimeReport_const_extract_protocols.json -Xcc -iquote -Xcc /tmp/counting-sheep-search-build/Build/Intermediates.noindex/PhoneInTheOtherRoom.build/Debug-iphonesimulator/PhoneInTheOtherRoomScreenTimeReport.build/Counting\ Sheep\ Screen\ Time\ Report-generated-files.hmap -Xcc -I/tmp/counting-sheep-search-build/Build/Intermediates.noindex/PhoneInTheOtherRoom.build/Debug-iphonesimulator/PhoneInTheOtherRoomScreenTimeReport.build/Counting\ Sheep\ Screen\ Time\ Report-own-target-headers.hmap -Xcc -I/tmp/counting-sheep-search-build/Build/Intermediates.noindex/PhoneInTheOtherRoom.build/Debug-iphonesimulator/PhoneInTheOtherRoomScreenTimeReport.build/Counting\ Sheep\ Screen\ Time\ Report-all-non-framework-target-headers.hmap -Xcc -ivfsoverlay -Xcc /tmp/counting-sheep-search-build/Build/Intermediates.noindex/PhoneInTheOtherRoom.build/Debug-iphonesimulator/PhoneInTheOtherRoom-d9a00fb94435e678319518e524e23875-VFS-iphonesimulator/all-product-headers.yaml -Xcc -iquote -Xcc /tmp/counting-sheep-search-build/Build/Intermediates.noindex/PhoneInTheOtherRoom.build/Debug-iphonesimulator/PhoneInTheOtherRoomScreenTimeReport.build/Counting\ Sheep\ Screen\ Time\ Report-project-headers.hmap -Xcc -I/tmp/counting-sheep-search-build/Build/Products/Debug-iphonesimulator/include -Xcc -I/tmp/counting-sheep-search-build/Build/Intermediates.noindex/PhoneInTheOtherRoom.build/Debug-iphonesimulator/PhoneInTheOtherRoomScreenTimeReport.build/DerivedSources-normal/x86_64 -Xcc -I/tmp/counting-sheep-search-build/Build/Intermediates.noindex/PhoneInTheOtherRoom.build/Debug-iphonesimulator/PhoneInTheOtherRoomScreenTimeReport.build/DerivedSources/x86_64 -Xcc -I/tmp/counting-sheep-search-build/Build/Intermediates.noindex/PhoneInTheOtherRoom.build/Debug-iphonesimulator/PhoneInTheOtherRoomScreenTimeReport.build/DerivedSources -Xcc -DDEBUG\=1 -emit-objc-header -emit-objc-header-path /tmp/counting-sheep-search-build/Build/Intermediates.noindex/PhoneInTheOtherRoom.build/Debug-iphonesimulator/PhoneInTheOtherRoomScreenTimeReport.build/Objects-normal/x86_64/Counting_Sheep_Screen_Time_Report-Swift.h -working-directory /Users/ngawangchime/Desktop/Developer\ Projects/Phone\ in\ the\ Other\ Room -experimental-emit-module-separately -disable-cmo

SwiftEmitModule normal arm64 Emitting\ module\ for\ Counting_Sheep_Watch (in target 'PhoneInTheOtherRoomWatchApp' from project 'PhoneInTheOtherRoom')
EmitSwiftModule normal arm64 (in target 'PhoneInTheOtherRoomWatchApp' from project 'PhoneInTheOtherRoom')
    cd /Users/ngawangchime/Desktop/Developer\ Projects/Phone\ in\ the\ Other\ Room


SwiftEmitModule normal x86_64 Emitting\ module\ for\ Counting_Sheep_Screen_Time_Report (in target 'PhoneInTheOtherRoomScreenTimeReport' from project 'PhoneInTheOtherRoom')
EmitSwiftModule normal x86_64 (in target 'PhoneInTheOtherRoomScreenTimeReport' from project 'PhoneInTheOtherRoom')
    cd /Users/ngawangchime/Desktop/Developer\ Projects/Phone\ in\ the\ Other\ Room


SwiftDriver PhoneInTheOtherRoomScreenTimeReport normal arm64 com.apple.xcode.tools.swift.compiler (in target 'PhoneInTheOtherRoomScreenTimeReport' from project 'PhoneInTheOtherRoom')
    cd /Users/ngawangchime/Desktop/Developer\ Projects/Phone\ in\ the\ Other\ Room
    builtin-SwiftDriver -- /Applications/Xcode.app/Contents/Developer/Toolchains/XcodeDefault.xctoolchain/usr/bin/swiftc -module-name Counting_Sheep_Screen_Time_Report -Onone @/tmp/counting-sheep-search-build/Build/Intermediates.noindex/PhoneInTheOtherRoom.build/Debug-iphonesimulator/PhoneInTheOtherRoomScreenTimeReport.build/Objects-normal/arm64/Counting\ Sheep\ Screen\ Time\ Report.SwiftFileList -DDEBUG -DSCREEN_TIME_REPORTS -enable-bare-slash-regex -enable-experimental-feature DebugDescriptionMacro -sdk /Applications/Xcode.app/Contents/Developer/Platforms/iPhoneSimulator.platform/Developer/SDKs/iPhoneSimulator26.5.sdk -target arm64-apple-ios17.0-simulator -g -module-cache-path /tmp/counting-sheep-search-build/ModuleCache.noindex -Xfrontend -serialize-debugging-options -application-extension -enable-testing -index-store-path /tmp/counting-sheep-search-build/Index.noindex/DataStore -Xcc -D_LIBCPP_HARDENING_MODE\=_LIBCPP_HARDENING_MODE_DEBUG -swift-version 5 -I /tmp/counting-sheep-search-build/Build/Products/Debug-iphonesimulator -F /tmp/counting-sheep-search-build/Build/Products/Debug-iphonesimulator -c -j8 -enable-batch-mode -incremental -Xcc -ivfsstatcache -Xcc /tmp/counting-sheep-search-build/SDKStatCaches.noindex/iphonesimulator26.5-23F81a-6cfe768891a92b912361537c460fe42b.sdkstatcache -output-file-map /tmp/counting-sheep-search-build/Build/Intermediates.noindex/PhoneInTheOtherRoom.build/Debug-iphonesimulator/PhoneInTheOtherRoomScreenTimeReport.build/Objects-normal/arm64/PhoneInTheOtherRoomScreenTimeReport-OutputFileMap.json -use-frontend-parseable-output -save-temps -no-color-diagnostics -explicit-module-build -module-cache-path /tmp/counting-sheep-search-build/Build/Intermediates.noindex/SwiftExplicitPrecompiledModules -clang-scanner-module-cache-path /tmp/counting-sheep-search-build/ModuleCache.noindex -sdk-module-cache-path /tmp/counting-sheep-search-build/ModuleCache.noindex -serialize-diagnostics -emit-dependencies -emit-module -emit-module-path /tmp/counting-sheep-search-build/Build/Intermediates.noindex/PhoneInTheOtherRoom.build/Debug-iphonesimulator/PhoneInTheOtherRoomScreenTimeReport.build/Objects-normal/arm64/Counting_Sheep_Screen_Time_Report.swiftmodule -validate-clang-modules-once -clang-build-session-file /tmp/counting-sheep-search-build/ModuleCache.noindex/Session.modulevalidation -Xcc -I/tmp/counting-sheep-search-build/Build/Intermediates.noindex/PhoneInTheOtherRoom.build/Debug-iphonesimulator/PhoneInTheOtherRoomScreenTimeReport.build/swift-overrides.hmap -emit-const-values -Xfrontend -const-gather-protocols-file -Xfrontend /tmp/counting-sheep-search-build/Build/Intermediates.noindex/PhoneInTheOtherRoom.build/Debug-iphonesimulator/PhoneInTheOtherRoomScreenTimeReport.build/Objects-normal/arm64/PhoneInTheOtherRoomScreenTimeReport_const_extract_protocols.json -Xcc -iquote -Xcc /tmp/counting-sheep-search-build/Build/Intermediates.noindex/PhoneInTheOtherRoom.build/Debug-iphonesimulator/PhoneInTheOtherRoomScreenTimeReport.build/Counting\ Sheep\ Screen\ Time\ Report-generated-files.hmap -Xcc -I/tmp/counting-sheep-search-build/Build/Intermediates.noindex/PhoneInTheOtherRoom.build/Debug-iphonesimulator/PhoneInTheOtherRoomScreenTimeReport.build/Counting\ Sheep\ Screen\ Time\ Report-own-target-headers.hmap -Xcc -I/tmp/counting-sheep-search-build/Build/Intermediates.noindex/PhoneInTheOtherRoom.build/Debug-iphonesimulator/PhoneInTheOtherRoomScreenTimeReport.build/Counting\ Sheep\ Screen\ Time\ Report-all-non-framework-target-headers.hmap -Xcc -ivfsoverlay -Xcc /tmp/counting-sheep-search-build/Build/Intermediates.noindex/PhoneInTheOtherRoom.build/Debug-iphonesimulator/PhoneInTheOtherRoom-d9a00fb94435e678319518e524e23875-VFS-iphonesimulator/all-product-headers.yaml -Xcc -iquote -Xcc /tmp/counting-sheep-search-build/Build/Intermediates.noindex/PhoneInTheOtherRoom.build/Debug-iphonesimulator/PhoneInTheOtherRoomScreenTimeReport.build/Counting\ Sheep\ Screen\ Time\ Report-project-headers.hmap -Xcc -I/tmp/counting-sheep-search-build/Build/Products/Debug-iphonesimulator/include -Xcc -I/tmp/counting-sheep-search-build/Build/Intermediates.noindex/PhoneInTheOtherRoom.build/Debug-iphonesimulator/PhoneInTheOtherRoomScreenTimeReport.build/DerivedSources-normal/arm64 -Xcc -I/tmp/counting-sheep-search-build/Build/Intermediates.noindex/PhoneInTheOtherRoom.build/Debug-iphonesimulator/PhoneInTheOtherRoomScreenTimeReport.build/DerivedSources/arm64 -Xcc -I/tmp/counting-sheep-search-build/Build/Intermediates.noindex/PhoneInTheOtherRoom.build/Debug-iphonesimulator/PhoneInTheOtherRoomScreenTimeReport.build/DerivedSources -Xcc -DDEBUG\=1 -emit-objc-header -emit-objc-header-path /tmp/counting-sheep-search-build/Build/Intermediates.noindex/PhoneInTheOtherRoom.build/Debug-iphonesimulator/PhoneInTheOtherRoomScreenTimeReport.build/Objects-normal/arm64/Counting_Sheep_Screen_Time_Report-Swift.h -working-directory /Users/ngawangchime/Desktop/Developer\ Projects/Phone\ in\ the\ Other\ Room -experimental-emit-module-separately -disable-cmo

SwiftDriverJobDiscovery normal arm64 Emitting module for Counting_Sheep_Watch (in target 'PhoneInTheOtherRoomWatchApp' from project 'PhoneInTheOtherRoom')

SwiftDriver\ Compilation\ Requirements PhoneInTheOtherRoomWatchApp normal arm64 com.apple.xcode.tools.swift.compiler (in target 'PhoneInTheOtherRoomWatchApp' from project 'PhoneInTheOtherRoom')
    cd /Users/ngawangchime/Desktop/Developer\ Projects/Phone\ in\ the\ Other\ Room
    builtin-Swift-Compilation-Requirements -- /Applications/Xcode.app/Contents/Developer/Toolchains/XcodeDefault.xctoolchain/usr/bin/swiftc -module-name Counting_Sheep_Watch -Onone @/tmp/counting-sheep-search-build/Build/Intermediates.noindex/PhoneInTheOtherRoom.build/Debug-watchsimulator/PhoneInTheOtherRoomWatchApp.build/Objects-normal/arm64/Counting\ Sheep\ Watch.SwiftFileList -DDEBUG -enable-bare-slash-regex -enable-experimental-feature DebugDescriptionMacro -sdk /Applications/Xcode.app/Contents/Developer/Platforms/WatchSimulator.platform/Developer/SDKs/WatchSimulator26.5.sdk -target arm64-apple-watchos10.0-simulator -g -module-cache-path /tmp/counting-sheep-search-build/ModuleCache.noindex -Xfrontend -serialize-debugging-options -enable-testing -index-store-path /tmp/counting-sheep-search-build/Index.noindex/DataStore -Xcc -D_LIBCPP_HARDENING_MODE\=_LIBCPP_HARDENING_MODE_DEBUG -swift-version 5 -I /tmp/counting-sheep-search-build/Build/Products/Debug-watchsimulator -F /tmp/counting-sheep-search-build/Build/Products/Debug-watchsimulator -c -j8 -enable-batch-mode -incremental -Xcc -ivfsstatcache -Xcc /tmp/counting-sheep-search-build/SDKStatCaches.noindex/watchsimulator26.5-23T570-1651579a441f1322ae888f0ed545cb80.sdkstatcache -output-file-map /tmp/counting-sheep-search-build/Build/Intermediates.noindex/PhoneInTheOtherRoom.build/Debug-watchsimulator/PhoneInTheOtherRoomWatchApp.build/Objects-normal/arm64/PhoneInTheOtherRoomWatchApp-OutputFileMap.json -use-frontend-parseable-output -save-temps -no-color-diagnostics -explicit-module-build -module-cache-path /tmp/counting-sheep-search-build/Build/Intermediates.noindex/SwiftExplicitPrecompiledModules -clang-scanner-module-cache-path /tmp/counting-sheep-search-build/ModuleCache.noindex -sdk-module-cache-path /tmp/counting-sheep-search-build/ModuleCache.noindex -serialize-diagnostics -emit-dependencies -emit-module -emit-module-path /tmp/counting-sheep-search-build/Build/Intermediates.noindex/PhoneInTheOtherRoom.build/Debug-watchsimulator/PhoneInTheOtherRoomWatchApp.build/Objects-normal/arm64/Counting_Sheep_Watch.swiftmodule -validate-clang-modules-once -clang-build-session-file /tmp/counting-sheep-search-build/ModuleCache.noindex/Session.modulevalidation -Xcc -I/tmp/counting-sheep-search-build/Build/Intermediates.noindex/PhoneInTheOtherRoom.build/Debug-watchsimulator/PhoneInTheOtherRoomWatchApp.build/swift-overrides.hmap -emit-const-values -Xfrontend -const-gather-protocols-file -Xfrontend /tmp/counting-sheep-search-build/Build/Intermediates.noindex/PhoneInTheOtherRoom.build/Debug-watchsimulator/PhoneInTheOtherRoomWatchApp.build/Objects-normal/arm64/PhoneInTheOtherRoomWatchApp_const_extract_protocols.json -Xcc -iquote -Xcc /tmp/counting-sheep-search-build/Build/Intermediates.noindex/PhoneInTheOtherRoom.build/Debug-watchsimulator/PhoneInTheOtherRoomWatchApp.build/Counting\ Sheep\ Watch-generated-files.hmap -Xcc -I/tmp/counting-sheep-search-build/Build/Intermediates.noindex/PhoneInTheOtherRoom.build/Debug-watchsimulator/PhoneInTheOtherRoomWatchApp.build/Counting\ Sheep\ Watch-own-target-headers.hmap -Xcc -I/tmp/counting-sheep-search-build/Build/Intermediates.noindex/PhoneInTheOtherRoom.build/Debug-watchsimulator/PhoneInTheOtherRoomWatchApp.build/Counting\ Sheep\ Watch-all-non-framework-target-headers.hmap -Xcc -ivfsoverlay -Xcc /tmp/counting-sheep-search-build/Build/Intermediates.noindex/PhoneInTheOtherRoom.build/Debug-watchsimulator/PhoneInTheOtherRoom-d9a00fb94435e678319518e524e23875-VFS-watchsimulator/all-product-headers.yaml -Xcc -iquote -Xcc /tmp/counting-sheep-search-build/Build/Intermediates.noindex/PhoneInTheOtherRoom.build/Debug-watchsimulator/PhoneInTheOtherRoomWatchApp.build/Counting\ Sheep\ Watch-project-headers.hmap -Xcc -I/tmp/counting-sheep-search-build/Build/Products/Debug-watchsimulator/include -Xcc -I/tmp/counting-sheep-search-build/Build/Intermediates.noindex/PhoneInTheOtherRoom.build/Debug-watchsimulator/PhoneInTheOtherRoomWatchApp.build/DerivedSources-normal/arm64 -Xcc -I/tmp/counting-sheep-search-build/Build/Intermediates.noindex/PhoneInTheOtherRoom.build/Debug-watchsimulator/PhoneInTheOtherRoomWatchApp.build/DerivedSources/arm64 -Xcc -I/tmp/counting-sheep-search-build/Build/Intermediates.noindex/PhoneInTheOtherRoom.build/Debug-watchsimulator/PhoneInTheOtherRoomWatchApp.build/DerivedSources -Xcc -DDEBUG\=1 -emit-objc-header -emit-objc-header-path /tmp/counting-sheep-search-build/Build/Intermediates.noindex/PhoneInTheOtherRoom.build/Debug-watchsimulator/PhoneInTheOtherRoomWatchApp.build/Objects-normal/arm64/Counting_Sheep_Watch-Swift.h -working-directory /Users/ngawangchime/Desktop/Developer\ Projects/Phone\ in\ the\ Other\ Room -experimental-emit-module-separately -disable-cmo

SwiftEmitModule normal arm64 Emitting\ module\ for\ Counting_Sheep_Screen_Time_Report (in target 'PhoneInTheOtherRoomScreenTimeReport' from project 'PhoneInTheOtherRoom')
EmitSwiftModule normal arm64 (in target 'PhoneInTheOtherRoomScreenTimeReport' from project 'PhoneInTheOtherRoom')
    cd /Users/ngawangchime/Desktop/Developer\ Projects/Phone\ in\ the\ Other\ Room


Copy /tmp/counting-sheep-search-build/Build/Products/Debug-watchsimulator/Counting_Sheep_Watch.swiftmodule/Project/arm64-apple-watchos-simulator.swiftsourceinfo /tmp/counting-sheep-search-build/Build/Intermediates.noindex/PhoneInTheOtherRoom.build/Debug-watchsimulator/PhoneInTheOtherRoomWatchApp.build/Objects-normal/arm64/Counting_Sheep_Watch.swiftsourceinfo (in target 'PhoneInTheOtherRoomWatchApp' from project 'PhoneInTheOtherRoom')
    cd /Users/ngawangchime/Desktop/Developer\ Projects/Phone\ in\ the\ Other\ Room
    builtin-copy -exclude .DS_Store -exclude CVS -exclude .svn -exclude .git -exclude .hg -resolve-src-symlinks -rename /tmp/counting-sheep-search-build/Build/Intermediates.noindex/PhoneInTheOtherRoom.build/Debug-watchsimulator/PhoneInTheOtherRoomWatchApp.build/Objects-normal/arm64/Counting_Sheep_Watch.swiftsourceinfo /tmp/counting-sheep-search-build/Build/Products/Debug-watchsimulator/Counting_Sheep_Watch.swiftmodule/Project/arm64-apple-watchos-simulator.swiftsourceinfo

SwiftDriver PhoneInTheOtherRoomLiveActivity normal arm64 com.apple.xcode.tools.swift.compiler (in target 'PhoneInTheOtherRoomLiveActivity' from project 'PhoneInTheOtherRoom')
    cd /Users/ngawangchime/Desktop/Developer\ Projects/Phone\ in\ the\ Other\ Room
    builtin-SwiftDriver -- /Applications/Xcode.app/Contents/Developer/Toolchains/XcodeDefault.xctoolchain/usr/bin/swiftc -module-name Counting_Sheep_Live_Activity -Onone @/tmp/counting-sheep-search-build/Build/Intermediates.noindex/PhoneInTheOtherRoom.build/Debug-iphonesimulator/PhoneInTheOtherRoomLiveActivity.build/Objects-normal/arm64/Counting\ Sheep\ Live\ Activity.SwiftFileList -DDEBUG -enable-bare-slash-regex -enable-experimental-feature DebugDescriptionMacro -sdk /Applications/Xcode.app/Contents/Developer/Platforms/iPhoneSimulator.platform/Developer/SDKs/iPhoneSimulator26.5.sdk -target arm64-apple-ios17.0-simulator -g -module-cache-path /tmp/counting-sheep-search-build/ModuleCache.noindex -Xfrontend -serialize-debugging-options -application-extension -enable-testing -index-store-path /tmp/counting-sheep-search-build/Index.noindex/DataStore -Xcc -D_LIBCPP_HARDENING_MODE\=_LIBCPP_HARDENING_MODE_DEBUG -swift-version 5 -I /tmp/counting-sheep-search-build/Build/Products/Debug-iphonesimulator -F /tmp/counting-sheep-search-build/Build/Products/Debug-iphonesimulator -c -j8 -enable-batch-mode -incremental -Xcc -ivfsstatcache -Xcc /tmp/counting-sheep-search-build/SDKStatCaches.noindex/iphonesimulator26.5-23F81a-6cfe768891a92b912361537c460fe42b.sdkstatcache -output-file-map /tmp/counting-sheep-search-build/Build/Intermediates.noindex/PhoneInTheOtherRoom.build/Debug-iphonesimulator/PhoneInTheOtherRoomLiveActivity.build/Objects-normal/arm64/PhoneInTheOtherRoomLiveActivity-OutputFileMap.json -use-frontend-parseable-output -save-temps -no-color-diagnostics -explicit-module-build -module-cache-path /tmp/counting-sheep-search-build/Build/Intermediates.noindex/SwiftExplicitPrecompiledModules -clang-scanner-module-cache-path /tmp/counting-sheep-search-build/ModuleCache.noindex -sdk-module-cache-path /tmp/counting-sheep-search-build/ModuleCache.noindex -serialize-diagnostics -emit-dependencies -emit-module -emit-module-path /tmp/counting-sheep-search-build/Build/Intermediates.noindex/PhoneInTheOtherRoom.build/Debug-iphonesimulator/PhoneInTheOtherRoomLiveActivity.build/Objects-normal/arm64/Counting_Sheep_Live_Activity.swiftmodule -validate-clang-modules-once -clang-build-session-file /tmp/counting-sheep-search-build/ModuleCache.noindex/Session.modulevalidation -Xcc -I/tmp/counting-sheep-search-build/Build/Intermediates.noindex/PhoneInTheOtherRoom.build/Debug-iphonesimulator/PhoneInTheOtherRoomLiveActivity.build/swift-overrides.hmap -emit-const-values -Xfrontend -const-gather-protocols-file -Xfrontend /tmp/counting-sheep-search-build/Build/Intermediates.noindex/PhoneInTheOtherRoom.build/Debug-iphonesimulator/PhoneInTheOtherRoomLiveActivity.build/Objects-normal/arm64/PhoneInTheOtherRoomLiveActivity_const_extract_protocols.json -Xcc -iquote -Xcc /tmp/counting-sheep-search-build/Build/Intermediates.noindex/PhoneInTheOtherRoom.build/Debug-iphonesimulator/PhoneInTheOtherRoomLiveActivity.build/Counting\ Sheep\ Live\ Activity-generated-files.hmap -Xcc -I/tmp/counting-sheep-search-build/Build/Intermediates.noindex/PhoneInTheOtherRoom.build/Debug-iphonesimulator/PhoneInTheOtherRoomLiveActivity.build/Counting\ Sheep\ Live\ Activity-own-target-headers.hmap -Xcc -I/tmp/counting-sheep-search-build/Build/Intermediates.noindex/PhoneInTheOtherRoom.build/Debug-iphonesimulator/PhoneInTheOtherRoomLiveActivity.build/Counting\ Sheep\ Live\ Activity-all-non-framework-target-headers.hmap -Xcc -ivfsoverlay -Xcc /tmp/counting-sheep-search-build/Build/Intermediates.noindex/PhoneInTheOtherRoom.build/Debug-iphonesimulator/PhoneInTheOtherRoom-d9a00fb94435e678319518e524e23875-VFS-iphonesimulator/all-product-headers.yaml -Xcc -iquote -Xcc /tmp/counting-sheep-search-build/Build/Intermediates.noindex/PhoneInTheOtherRoom.build/Debug-iphonesimulator/PhoneInTheOtherRoomLiveActivity.build/Counting\ Sheep\ Live\ Activity-project-headers.hmap -Xcc -I/tmp/counting-sheep-search-build/Build/Products/Debug-iphonesimulator/include -Xcc -I/tmp/counting-sheep-search-build/Build/Intermediates.noindex/PhoneInTheOtherRoom.build/Debug-iphonesimulator/PhoneInTheOtherRoomLiveActivity.build/DerivedSources-normal/arm64 -Xcc -I/tmp/counting-sheep-search-build/Build/Intermediates.noindex/PhoneInTheOtherRoom.build/Debug-iphonesimulator/PhoneInTheOtherRoomLiveActivity.build/DerivedSources/arm64 -Xcc -I/tmp/counting-sheep-search-build/Build/Intermediates.noindex/PhoneInTheOtherRoom.build/Debug-iphonesimulator/PhoneInTheOtherRoomLiveActivity.build/DerivedSources -Xcc -DDEBUG\=1 -emit-objc-header -emit-objc-header-path /tmp/counting-sheep-search-build/Build/Intermediates.noindex/PhoneInTheOtherRoom.build/Debug-iphonesimulator/PhoneInTheOtherRoomLiveActivity.build/Objects-normal/arm64/Counting_Sheep_Live_Activity-Swift.h -working-directory /Users/ngawangchime/Desktop/Developer\ Projects/Phone\ in\ the\ Other\ Room -experimental-emit-module-separately -disable-cmo

SwiftDriverJobDiscovery normal x86_64 Emitting module for Counting_Sheep_Watch (in target 'PhoneInTheOtherRoomWatchApp' from project 'PhoneInTheOtherRoom')

SwiftDriver\ Compilation\ Requirements PhoneInTheOtherRoomWatchApp normal x86_64 com.apple.xcode.tools.swift.compiler (in target 'PhoneInTheOtherRoomWatchApp' from project 'PhoneInTheOtherRoom')
    cd /Users/ngawangchime/Desktop/Developer\ Projects/Phone\ in\ the\ Other\ Room
    builtin-Swift-Compilation-Requirements -- /Applications/Xcode.app/Contents/Developer/Toolchains/XcodeDefault.xctoolchain/usr/bin/swiftc -module-name Counting_Sheep_Watch -Onone @/tmp/counting-sheep-search-build/Build/Intermediates.noindex/PhoneInTheOtherRoom.build/Debug-watchsimulator/PhoneInTheOtherRoomWatchApp.build/Objects-normal/x86_64/Counting\ Sheep\ Watch.SwiftFileList -DDEBUG -enable-bare-slash-regex -enable-experimental-feature DebugDescriptionMacro -sdk /Applications/Xcode.app/Contents/Developer/Platforms/WatchSimulator.platform/Developer/SDKs/WatchSimulator26.5.sdk -target x86_64-apple-watchos10.0-simulator -g -module-cache-path /tmp/counting-sheep-search-build/ModuleCache.noindex -Xfrontend -serialize-debugging-options -enable-testing -index-store-path /tmp/counting-sheep-search-build/Index.noindex/DataStore -Xcc -D_LIBCPP_HARDENING_MODE\=_LIBCPP_HARDENING_MODE_DEBUG -swift-version 5 -I /tmp/counting-sheep-search-build/Build/Products/Debug-watchsimulator -F /tmp/counting-sheep-search-build/Build/Products/Debug-watchsimulator -c -j8 -enable-batch-mode -incremental -Xcc -ivfsstatcache -Xcc /tmp/counting-sheep-search-build/SDKStatCaches.noindex/watchsimulator26.5-23T570-1651579a441f1322ae888f0ed545cb80.sdkstatcache -output-file-map /tmp/counting-sheep-search-build/Build/Intermediates.noindex/PhoneInTheOtherRoom.build/Debug-watchsimulator/PhoneInTheOtherRoomWatchApp.build/Objects-normal/x86_64/PhoneInTheOtherRoomWatchApp-OutputFileMap.json -use-frontend-parseable-output -save-temps -no-color-diagnostics -explicit-module-build -module-cache-path /tmp/counting-sheep-search-build/Build/Intermediates.noindex/SwiftExplicitPrecompiledModules -clang-scanner-module-cache-path /tmp/counting-sheep-search-build/ModuleCache.noindex -sdk-module-cache-path /tmp/counting-sheep-search-build/ModuleCache.noindex -serialize-diagnostics -emit-dependencies -emit-module -emit-module-path /tmp/counting-sheep-search-build/Build/Intermediates.noindex/PhoneInTheOtherRoom.build/Debug-watchsimulator/PhoneInTheOtherRoomWatchApp.build/Objects-normal/x86_64/Counting_Sheep_Watch.swiftmodule -validate-clang-modules-once -clang-build-session-file /tmp/counting-sheep-search-build/ModuleCache.noindex/Session.modulevalidation -Xcc -I/tmp/counting-sheep-search-build/Build/Intermediates.noindex/PhoneInTheOtherRoom.build/Debug-watchsimulator/PhoneInTheOtherRoomWatchApp.build/swift-overrides.hmap -emit-const-values -Xfrontend -const-gather-protocols-file -Xfrontend /tmp/counting-sheep-search-build/Build/Intermediates.noindex/PhoneInTheOtherRoom.build/Debug-watchsimulator/PhoneInTheOtherRoomWatchApp.build/Objects-normal/x86_64/PhoneInTheOtherRoomWatchApp_const_extract_protocols.json -Xcc -iquote -Xcc /tmp/counting-sheep-search-build/Build/Intermediates.noindex/PhoneInTheOtherRoom.build/Debug-watchsimulator/PhoneInTheOtherRoomWatchApp.build/Counting\ Sheep\ Watch-generated-files.hmap -Xcc -I/tmp/counting-sheep-search-build/Build/Intermediates.noindex/PhoneInTheOtherRoom.build/Debug-watchsimulator/PhoneInTheOtherRoomWatchApp.build/Counting\ Sheep\ Watch-own-target-headers.hmap -Xcc -I/tmp/counting-sheep-search-build/Build/Intermediates.noindex/PhoneInTheOtherRoom.build/Debug-watchsimulator/PhoneInTheOtherRoomWatchApp.build/Counting\ Sheep\ Watch-all-non-framework-target-headers.hmap -Xcc -ivfsoverlay -Xcc /tmp/counting-sheep-search-build/Build/Intermediates.noindex/PhoneInTheOtherRoom.build/Debug-watchsimulator/PhoneInTheOtherRoom-d9a00fb94435e678319518e524e23875-VFS-watchsimulator/all-product-headers.yaml -Xcc -iquote -Xcc /tmp/counting-sheep-search-build/Build/Intermediates.noindex/PhoneInTheOtherRoom.build/Debug-watchsimulator/PhoneInTheOtherRoomWatchApp.build/Counting\ Sheep\ Watch-project-headers.hmap -Xcc -I/tmp/counting-sheep-search-build/Build/Products/Debug-watchsimulator/include -Xcc -I/tmp/counting-sheep-search-build/Build/Intermediates.noindex/PhoneInTheOtherRoom.build/Debug-watchsimulator/PhoneInTheOtherRoomWatchApp.build/DerivedSources-normal/x86_64 -Xcc -I/tmp/counting-sheep-search-build/Build/Intermediates.noindex/PhoneInTheOtherRoom.build/Debug-watchsimulator/PhoneInTheOtherRoomWatchApp.build/DerivedSources/x86_64 -Xcc -I/tmp/counting-sheep-search-build/Build/Intermediates.noindex/PhoneInTheOtherRoom.build/Debug-watchsimulator/PhoneInTheOtherRoomWatchApp.build/DerivedSources -Xcc -DDEBUG\=1 -emit-objc-header -emit-objc-header-path /tmp/counting-sheep-search-build/Build/Intermediates.noindex/PhoneInTheOtherRoom.build/Debug-watchsimulator/PhoneInTheOtherRoomWatchApp.build/Objects-normal/x86_64/Counting_Sheep_Watch-Swift.h -working-directory /Users/ngawangchime/Desktop/Developer\ Projects/Phone\ in\ the\ Other\ Room -experimental-emit-module-separately -disable-cmo

Copy /tmp/counting-sheep-search-build/Build/Products/Debug-watchsimulator/Counting_Sheep_Watch.swiftmodule/arm64-apple-watchos-simulator.swiftmodule /tmp/counting-sheep-search-build/Build/Intermediates.noindex/PhoneInTheOtherRoom.build/Debug-watchsimulator/PhoneInTheOtherRoomWatchApp.build/Objects-normal/arm64/Counting_Sheep_Watch.swiftmodule (in target 'PhoneInTheOtherRoomWatchApp' from project 'PhoneInTheOtherRoom')
    cd /Users/ngawangchime/Desktop/Developer\ Projects/Phone\ in\ the\ Other\ Room
    builtin-copy -exclude .DS_Store -exclude CVS -exclude .svn -exclude .git -exclude .hg -resolve-src-symlinks -rename /tmp/counting-sheep-search-build/Build/Intermediates.noindex/PhoneInTheOtherRoom.build/Debug-watchsimulator/PhoneInTheOtherRoomWatchApp.build/Objects-normal/arm64/Counting_Sheep_Watch.swiftmodule /tmp/counting-sheep-search-build/Build/Products/Debug-watchsimulator/Counting_Sheep_Watch.swiftmodule/arm64-apple-watchos-simulator.swiftmodule

Copy /tmp/counting-sheep-search-build/Build/Products/Debug-watchsimulator/Counting_Sheep_Watch.swiftmodule/x86_64-apple-watchos-simulator.swiftmodule /tmp/counting-sheep-search-build/Build/Intermediates.noindex/PhoneInTheOtherRoom.build/Debug-watchsimulator/PhoneInTheOtherRoomWatchApp.build/Objects-normal/x86_64/Counting_Sheep_Watch.swiftmodule (in target 'PhoneInTheOtherRoomWatchApp' from project 'PhoneInTheOtherRoom')
    cd /Users/ngawangchime/Desktop/Developer\ Projects/Phone\ in\ the\ Other\ Room
    builtin-copy -exclude .DS_Store -exclude CVS -exclude .svn -exclude .git -exclude .hg -resolve-src-symlinks -rename /tmp/counting-sheep-search-build/Build/Intermediates.noindex/PhoneInTheOtherRoom.build/Debug-watchsimulator/PhoneInTheOtherRoomWatchApp.build/Objects-normal/x86_64/Counting_Sheep_Watch.swiftmodule /tmp/counting-sheep-search-build/Build/Products/Debug-watchsimulator/Counting_Sheep_Watch.swiftmodule/x86_64-apple-watchos-simulator.swiftmodule

Copy /tmp/counting-sheep-search-build/Build/Products/Debug-watchsimulator/Counting_Sheep_Watch.swiftmodule/x86_64-apple-watchos-simulator.abi.json /tmp/counting-sheep-search-build/Build/Intermediates.noindex/PhoneInTheOtherRoom.build/Debug-watchsimulator/PhoneInTheOtherRoomWatchApp.build/Objects-normal/x86_64/Counting_Sheep_Watch.abi.json (in target 'PhoneInTheOtherRoomWatchApp' from project 'PhoneInTheOtherRoom')
    cd /Users/ngawangchime/Desktop/Developer\ Projects/Phone\ in\ the\ Other\ Room
    builtin-copy -exclude .DS_Store -exclude CVS -exclude .svn -exclude .git -exclude .hg -resolve-src-symlinks -rename /tmp/counting-sheep-search-build/Build/Intermediates.noindex/PhoneInTheOtherRoom.build/Debug-watchsimulator/PhoneInTheOtherRoomWatchApp.build/Objects-normal/x86_64/Counting_Sheep_Watch.abi.json /tmp/counting-sheep-search-build/Build/Products/Debug-watchsimulator/Counting_Sheep_Watch.swiftmodule/x86_64-apple-watchos-simulator.abi.json

Copy /tmp/counting-sheep-search-build/Build/Products/Debug-watchsimulator/Counting_Sheep_Watch.swiftmodule/arm64-apple-watchos-simulator.abi.json /tmp/counting-sheep-search-build/Build/Intermediates.noindex/PhoneInTheOtherRoom.build/Debug-watchsimulator/PhoneInTheOtherRoomWatchApp.build/Objects-normal/arm64/Counting_Sheep_Watch.abi.json (in target 'PhoneInTheOtherRoomWatchApp' from project 'PhoneInTheOtherRoom')
    cd /Users/ngawangchime/Desktop/Developer\ Projects/Phone\ in\ the\ Other\ Room
    builtin-copy -exclude .DS_Store -exclude CVS -exclude .svn -exclude .git -exclude .hg -resolve-src-symlinks -rename /tmp/counting-sheep-search-build/Build/Intermediates.noindex/PhoneInTheOtherRoom.build/Debug-watchsimulator/PhoneInTheOtherRoomWatchApp.build/Objects-normal/arm64/Counting_Sheep_Watch.abi.json /tmp/counting-sheep-search-build/Build/Products/Debug-watchsimulator/Counting_Sheep_Watch.swiftmodule/arm64-apple-watchos-simulator.abi.json

Copy /tmp/counting-sheep-search-build/Build/Products/Debug-watchsimulator/Counting_Sheep_Watch.swiftmodule/Project/x86_64-apple-watchos-simulator.swiftsourceinfo /tmp/counting-sheep-search-build/Build/Intermediates.noindex/PhoneInTheOtherRoom.build/Debug-watchsimulator/PhoneInTheOtherRoomWatchApp.build/Objects-normal/x86_64/Counting_Sheep_Watch.swiftsourceinfo (in target 'PhoneInTheOtherRoomWatchApp' from project 'PhoneInTheOtherRoom')
    cd /Users/ngawangchime/Desktop/Developer\ Projects/Phone\ in\ the\ Other\ Room
    builtin-copy -exclude .DS_Store -exclude CVS -exclude .svn -exclude .git -exclude .hg -resolve-src-symlinks -rename /tmp/counting-sheep-search-build/Build/Intermediates.noindex/PhoneInTheOtherRoom.build/Debug-watchsimulator/PhoneInTheOtherRoomWatchApp.build/Objects-normal/x86_64/Counting_Sheep_Watch.swiftsourceinfo /tmp/counting-sheep-search-build/Build/Products/Debug-watchsimulator/Counting_Sheep_Watch.swiftmodule/Project/x86_64-apple-watchos-simulator.swiftsourceinfo

SwiftEmitModule normal arm64 Emitting\ module\ for\ Counting_Sheep_Live_Activity (in target 'PhoneInTheOtherRoomLiveActivity' from project 'PhoneInTheOtherRoom')
EmitSwiftModule normal arm64 (in target 'PhoneInTheOtherRoomLiveActivity' from project 'PhoneInTheOtherRoom')
    cd /Users/ngawangchime/Desktop/Developer\ Projects/Phone\ in\ the\ Other\ Room


SwiftDriver PhoneInTheOtherRoomLiveActivity normal x86_64 com.apple.xcode.tools.swift.compiler (in target 'PhoneInTheOtherRoomLiveActivity' from project 'PhoneInTheOtherRoom')
    cd /Users/ngawangchime/Desktop/Developer\ Projects/Phone\ in\ the\ Other\ Room
    builtin-SwiftDriver -- /Applications/Xcode.app/Contents/Developer/Toolchains/XcodeDefault.xctoolchain/usr/bin/swiftc -module-name Counting_Sheep_Live_Activity -Onone @/tmp/counting-sheep-search-build/Build/Intermediates.noindex/PhoneInTheOtherRoom.build/Debug-iphonesimulator/PhoneInTheOtherRoomLiveActivity.build/Objects-normal/x86_64/Counting\ Sheep\ Live\ Activity.SwiftFileList -DDEBUG -enable-bare-slash-regex -enable-experimental-feature DebugDescriptionMacro -sdk /Applications/Xcode.app/Contents/Developer/Platforms/iPhoneSimulator.platform/Developer/SDKs/iPhoneSimulator26.5.sdk -target x86_64-apple-ios17.0-simulator -g -module-cache-path /tmp/counting-sheep-search-build/ModuleCache.noindex -Xfrontend -serialize-debugging-options -application-extension -enable-testing -index-store-path /tmp/counting-sheep-search-build/Index.noindex/DataStore -Xcc -D_LIBCPP_HARDENING_MODE\=_LIBCPP_HARDENING_MODE_DEBUG -swift-version 5 -I /tmp/counting-sheep-search-build/Build/Products/Debug-iphonesimulator -F /tmp/counting-sheep-search-build/Build/Products/Debug-iphonesimulator -c -j8 -enable-batch-mode -incremental -Xcc -ivfsstatcache -Xcc /tmp/counting-sheep-search-build/SDKStatCaches.noindex/iphonesimulator26.5-23F81a-6cfe768891a92b912361537c460fe42b.sdkstatcache -output-file-map /tmp/counting-sheep-search-build/Build/Intermediates.noindex/PhoneInTheOtherRoom.build/Debug-iphonesimulator/PhoneInTheOtherRoomLiveActivity.build/Objects-normal/x86_64/PhoneInTheOtherRoomLiveActivity-OutputFileMap.json -use-frontend-parseable-output -save-temps -no-color-diagnostics -explicit-module-build -module-cache-path /tmp/counting-sheep-search-build/Build/Intermediates.noindex/SwiftExplicitPrecompiledModules -clang-scanner-module-cache-path /tmp/counting-sheep-search-build/ModuleCache.noindex -sdk-module-cache-path /tmp/counting-sheep-search-build/ModuleCache.noindex -serialize-diagnostics -emit-dependencies -emit-module -emit-module-path /tmp/counting-sheep-search-build/Build/Intermediates.noindex/PhoneInTheOtherRoom.build/Debug-iphonesimulator/PhoneInTheOtherRoomLiveActivity.build/Objects-normal/x86_64/Counting_Sheep_Live_Activity.swiftmodule -validate-clang-modules-once -clang-build-session-file /tmp/counting-sheep-search-build/ModuleCache.noindex/Session.modulevalidation -Xcc -I/tmp/counting-sheep-search-build/Build/Intermediates.noindex/PhoneInTheOtherRoom.build/Debug-iphonesimulator/PhoneInTheOtherRoomLiveActivity.build/swift-overrides.hmap -emit-const-values -Xfrontend -const-gather-protocols-file -Xfrontend /tmp/counting-sheep-search-build/Build/Intermediates.noindex/PhoneInTheOtherRoom.build/Debug-iphonesimulator/PhoneInTheOtherRoomLiveActivity.build/Objects-normal/x86_64/PhoneInTheOtherRoomLiveActivity_const_extract_protocols.json -Xcc -iquote -Xcc /tmp/counting-sheep-search-build/Build/Intermediates.noindex/PhoneInTheOtherRoom.build/Debug-iphonesimulator/PhoneInTheOtherRoomLiveActivity.build/Counting\ Sheep\ Live\ Activity-generated-files.hmap -Xcc -I/tmp/counting-sheep-search-build/Build/Intermediates.noindex/PhoneInTheOtherRoom.build/Debug-iphonesimulator/PhoneInTheOtherRoomLiveActivity.build/Counting\ Sheep\ Live\ Activity-own-target-headers.hmap -Xcc -I/tmp/counting-sheep-search-build/Build/Intermediates.noindex/PhoneInTheOtherRoom.build/Debug-iphonesimulator/PhoneInTheOtherRoomLiveActivity.build/Counting\ Sheep\ Live\ Activity-all-non-framework-target-headers.hmap -Xcc -ivfsoverlay -Xcc /tmp/counting-sheep-search-build/Build/Intermediates.noindex/PhoneInTheOtherRoom.build/Debug-iphonesimulator/PhoneInTheOtherRoom-d9a00fb94435e678319518e524e23875-VFS-iphonesimulator/all-product-headers.yaml -Xcc -iquote -Xcc /tmp/counting-sheep-search-build/Build/Intermediates.noindex/PhoneInTheOtherRoom.build/Debug-iphonesimulator/PhoneInTheOtherRoomLiveActivity.build/Counting\ Sheep\ Live\ Activity-project-headers.hmap -Xcc -I/tmp/counting-sheep-search-build/Build/Products/Debug-iphonesimulator/include -Xcc -I/tmp/counting-sheep-search-build/Build/Intermediates.noindex/PhoneInTheOtherRoom.build/Debug-iphonesimulator/PhoneInTheOtherRoomLiveActivity.build/DerivedSources-normal/x86_64 -Xcc -I/tmp/counting-sheep-search-build/Build/Intermediates.noindex/PhoneInTheOtherRoom.build/Debug-iphonesimulator/PhoneInTheOtherRoomLiveActivity.build/DerivedSources/x86_64 -Xcc -I/tmp/counting-sheep-search-build/Build/Intermediates.noindex/PhoneInTheOtherRoom.build/Debug-iphonesimulator/PhoneInTheOtherRoomLiveActivity.build/DerivedSources -Xcc -DDEBUG\=1 -emit-objc-header -emit-objc-header-path /tmp/counting-sheep-search-build/Build/Intermediates.noindex/PhoneInTheOtherRoom.build/Debug-iphonesimulator/PhoneInTheOtherRoomLiveActivity.build/Objects-normal/x86_64/Counting_Sheep_Live_Activity-Swift.h -working-directory /Users/ngawangchime/Desktop/Developer\ Projects/Phone\ in\ the\ Other\ Room -experimental-emit-module-separately -disable-cmo

SwiftDriver PhoneInTheOtherRoomDeviceActivityMonitor normal arm64 com.apple.xcode.tools.swift.compiler (in target 'PhoneInTheOtherRoomDeviceActivityMonitor' from project 'PhoneInTheOtherRoom')
    cd /Users/ngawangchime/Desktop/Developer\ Projects/Phone\ in\ the\ Other\ Room
    builtin-SwiftDriver -- /Applications/Xcode.app/Contents/Developer/Toolchains/XcodeDefault.xctoolchain/usr/bin/swiftc -module-name Counting_Sheep_Wind_Down_Monitor -Onone @/tmp/counting-sheep-search-build/Build/Intermediates.noindex/PhoneInTheOtherRoom.build/Debug-iphonesimulator/PhoneInTheOtherRoomDeviceActivityMonitor.build/Objects-normal/arm64/Counting\ Sheep\ Wind\ Down\ Monitor.SwiftFileList -DDEBUG -DSCREEN_TIME_REPORTS -enable-bare-slash-regex -enable-experimental-feature DebugDescriptionMacro -sdk /Applications/Xcode.app/Contents/Developer/Platforms/iPhoneSimulator.platform/Developer/SDKs/iPhoneSimulator26.5.sdk -target arm64-apple-ios17.0-simulator -g -module-cache-path /tmp/counting-sheep-search-build/ModuleCache.noindex -Xfrontend -serialize-debugging-options -application-extension -enable-testing -index-store-path /tmp/counting-sheep-search-build/Index.noindex/DataStore -Xcc -D_LIBCPP_HARDENING_MODE\=_LIBCPP_HARDENING_MODE_DEBUG -swift-version 5 -I /tmp/counting-sheep-search-build/Build/Products/Debug-iphonesimulator -F /tmp/counting-sheep-search-build/Build/Products/Debug-iphonesimulator -c -j8 -enable-batch-mode -incremental -Xcc -ivfsstatcache -Xcc /tmp/counting-sheep-search-build/SDKStatCaches.noindex/iphonesimulator26.5-23F81a-6cfe768891a92b912361537c460fe42b.sdkstatcache -output-file-map /tmp/counting-sheep-search-build/Build/Intermediates.noindex/PhoneInTheOtherRoom.build/Debug-iphonesimulator/PhoneInTheOtherRoomDeviceActivityMonitor.build/Objects-normal/arm64/PhoneInTheOtherRoomDeviceActivityMonitor-OutputFileMap.json -use-frontend-parseable-output -save-temps -no-color-diagnostics -explicit-module-build -module-cache-path /tmp/counting-sheep-search-build/Build/Intermediates.noindex/SwiftExplicitPrecompiledModules -clang-scanner-module-cache-path /tmp/counting-sheep-search-build/ModuleCache.noindex -sdk-module-cache-path /tmp/counting-sheep-search-build/ModuleCache.noindex -serialize-diagnostics -emit-dependencies -emit-module -emit-module-path /tmp/counting-sheep-search-build/Build/Intermediates.noindex/PhoneInTheOtherRoom.build/Debug-iphonesimulator/PhoneInTheOtherRoomDeviceActivityMonitor.build/Objects-normal/arm64/Counting_Sheep_Wind_Down_Monitor.swiftmodule -validate-clang-modules-once -clang-build-session-file /tmp/counting-sheep-search-build/ModuleCache.noindex/Session.modulevalidation -Xcc -I/tmp/counting-sheep-search-build/Build/Intermediates.noindex/PhoneInTheOtherRoom.build/Debug-iphonesimulator/PhoneInTheOtherRoomDeviceActivityMonitor.build/swift-overrides.hmap -emit-const-values -Xfrontend -const-gather-protocols-file -Xfrontend /tmp/counting-sheep-search-build/Build/Intermediates.noindex/PhoneInTheOtherRoom.build/Debug-iphonesimulator/PhoneInTheOtherRoomDeviceActivityMonitor.build/Objects-normal/arm64/PhoneInTheOtherRoomDeviceActivityMonitor_const_extract_protocols.json -Xcc -iquote -Xcc /tmp/counting-sheep-search-build/Build/Intermediates.noindex/PhoneInTheOtherRoom.build/Debug-iphonesimulator/PhoneInTheOtherRoomDeviceActivityMonitor.build/Counting\ Sheep\ Wind\ Down\ Monitor-generated-files.hmap -Xcc -I/tmp/counting-sheep-search-build/Build/Intermediates.noindex/PhoneInTheOtherRoom.build/Debug-iphonesimulator/PhoneInTheOtherRoomDeviceActivityMonitor.build/Counting\ Sheep\ Wind\ Down\ Monitor-own-target-headers.hmap -Xcc -I/tmp/counting-sheep-search-build/Build/Intermediates.noindex/PhoneInTheOtherRoom.build/Debug-iphonesimulator/PhoneInTheOtherRoomDeviceActivityMonitor.build/Counting\ Sheep\ Wind\ Down\ Monitor-all-non-framework-target-headers.hmap -Xcc -ivfsoverlay -Xcc /tmp/counting-sheep-search-build/Build/Intermediates.noindex/PhoneInTheOtherRoom.build/Debug-iphonesimulator/PhoneInTheOtherRoom-d9a00fb94435e678319518e524e23875-VFS-iphonesimulator/all-product-headers.yaml -Xcc -iquote -Xcc /tmp/counting-sheep-search-build/Build/Intermediates.noindex/PhoneInTheOtherRoom.build/Debug-iphonesimulator/PhoneInTheOtherRoomDeviceActivityMonitor.build/Counting\ Sheep\ Wind\ Down\ Monitor-project-headers.hmap -Xcc -I/tmp/counting-sheep-search-build/Build/Products/Debug-iphonesimulator/include -Xcc -I/tmp/counting-sheep-search-build/Build/Intermediates.noindex/PhoneInTheOtherRoom.build/Debug-iphonesimulator/PhoneInTheOtherRoomDeviceActivityMonitor.build/DerivedSources-normal/arm64 -Xcc -I/tmp/counting-sheep-search-build/Build/Intermediates.noindex/PhoneInTheOtherRoom.build/Debug-iphonesimulator/PhoneInTheOtherRoomDeviceActivityMonitor.build/DerivedSources/arm64 -Xcc -I/tmp/counting-sheep-search-build/Build/Intermediates.noindex/PhoneInTheOtherRoom.build/Debug-iphonesimulator/PhoneInTheOtherRoomDeviceActivityMonitor.build/DerivedSources -Xcc -DDEBUG\=1 -emit-objc-header -emit-objc-header-path /tmp/counting-sheep-search-build/Build/Intermediates.noindex/PhoneInTheOtherRoom.build/Debug-iphonesimulator/PhoneInTheOtherRoomDeviceActivityMonitor.build/Objects-normal/arm64/Counting_Sheep_Wind_Down_Monitor-Swift.h -working-directory /Users/ngawangchime/Desktop/Developer\ Projects/Phone\ in\ the\ Other\ Room -experimental-emit-module-separately -disable-cmo

SwiftEmitModule normal x86_64 Emitting\ module\ for\ Counting_Sheep_Live_Activity (in target 'PhoneInTheOtherRoomLiveActivity' from project 'PhoneInTheOtherRoom')
EmitSwiftModule normal x86_64 (in target 'PhoneInTheOtherRoomLiveActivity' from project 'PhoneInTheOtherRoom')
    cd /Users/ngawangchime/Desktop/Developer\ Projects/Phone\ in\ the\ Other\ Room


SwiftEmitModule normal arm64 Emitting\ module\ for\ Counting_Sheep_Wind_Down_Monitor (in target 'PhoneInTheOtherRoomDeviceActivityMonitor' from project 'PhoneInTheOtherRoom')
EmitSwiftModule normal arm64 (in target 'PhoneInTheOtherRoomDeviceActivityMonitor' from project 'PhoneInTheOtherRoom')
    cd /Users/ngawangchime/Desktop/Developer\ Projects/Phone\ in\ the\ Other\ Room


SwiftDriver PhoneInTheOtherRoomDeviceActivityMonitor normal x86_64 com.apple.xcode.tools.swift.compiler (in target 'PhoneInTheOtherRoomDeviceActivityMonitor' from project 'PhoneInTheOtherRoom')
    cd /Users/ngawangchime/Desktop/Developer\ Projects/Phone\ in\ the\ Other\ Room
    builtin-SwiftDriver -- /Applications/Xcode.app/Contents/Developer/Toolchains/XcodeDefault.xctoolchain/usr/bin/swiftc -module-name Counting_Sheep_Wind_Down_Monitor -Onone @/tmp/counting-sheep-search-build/Build/Intermediates.noindex/PhoneInTheOtherRoom.build/Debug-iphonesimulator/PhoneInTheOtherRoomDeviceActivityMonitor.build/Objects-normal/x86_64/Counting\ Sheep\ Wind\ Down\ Monitor.SwiftFileList -DDEBUG -DSCREEN_TIME_REPORTS -enable-bare-slash-regex -enable-experimental-feature DebugDescriptionMacro -sdk /Applications/Xcode.app/Contents/Developer/Platforms/iPhoneSimulator.platform/Developer/SDKs/iPhoneSimulator26.5.sdk -target x86_64-apple-ios17.0-simulator -g -module-cache-path /tmp/counting-sheep-search-build/ModuleCache.noindex -Xfrontend -serialize-debugging-options -application-extension -enable-testing -index-store-path /tmp/counting-sheep-search-build/Index.noindex/DataStore -Xcc -D_LIBCPP_HARDENING_MODE\=_LIBCPP_HARDENING_MODE_DEBUG -swift-version 5 -I /tmp/counting-sheep-search-build/Build/Products/Debug-iphonesimulator -F /tmp/counting-sheep-search-build/Build/Products/Debug-iphonesimulator -c -j8 -enable-batch-mode -incremental -Xcc -ivfsstatcache -Xcc /tmp/counting-sheep-search-build/SDKStatCaches.noindex/iphonesimulator26.5-23F81a-6cfe768891a92b912361537c460fe42b.sdkstatcache -output-file-map /tmp/counting-sheep-search-build/Build/Intermediates.noindex/PhoneInTheOtherRoom.build/Debug-iphonesimulator/PhoneInTheOtherRoomDeviceActivityMonitor.build/Objects-normal/x86_64/PhoneInTheOtherRoomDeviceActivityMonitor-OutputFileMap.json -use-frontend-parseable-output -save-temps -no-color-diagnostics -explicit-module-build -module-cache-path /tmp/counting-sheep-search-build/Build/Intermediates.noindex/SwiftExplicitPrecompiledModules -clang-scanner-module-cache-path /tmp/counting-sheep-search-build/ModuleCache.noindex -sdk-module-cache-path /tmp/counting-sheep-search-build/ModuleCache.noindex -serialize-diagnostics -emit-dependencies -emit-module -emit-module-path /tmp/counting-sheep-search-build/Build/Intermediates.noindex/PhoneInTheOtherRoom.build/Debug-iphonesimulator/PhoneInTheOtherRoomDeviceActivityMonitor.build/Objects-normal/x86_64/Counting_Sheep_Wind_Down_Monitor.swiftmodule -validate-clang-modules-once -clang-build-session-file /tmp/counting-sheep-search-build/ModuleCache.noindex/Session.modulevalidation -Xcc -I/tmp/counting-sheep-search-build/Build/Intermediates.noindex/PhoneInTheOtherRoom.build/Debug-iphonesimulator/PhoneInTheOtherRoomDeviceActivityMonitor.build/swift-overrides.hmap -emit-const-values -Xfrontend -const-gather-protocols-file -Xfrontend /tmp/counting-sheep-search-build/Build/Intermediates.noindex/PhoneInTheOtherRoom.build/Debug-iphonesimulator/PhoneInTheOtherRoomDeviceActivityMonitor.build/Objects-normal/x86_64/PhoneInTheOtherRoomDeviceActivityMonitor_const_extract_protocols.json -Xcc -iquote -Xcc /tmp/counting-sheep-search-build/Build/Intermediates.noindex/PhoneInTheOtherRoom.build/Debug-iphonesimulator/PhoneInTheOtherRoomDeviceActivityMonitor.build/Counting\ Sheep\ Wind\ Down\ Monitor-generated-files.hmap -Xcc -I/tmp/counting-sheep-search-build/Build/Intermediates.noindex/PhoneInTheOtherRoom.build/Debug-iphonesimulator/PhoneInTheOtherRoomDeviceActivityMonitor.build/Counting\ Sheep\ Wind\ Down\ Monitor-own-target-headers.hmap -Xcc -I/tmp/counting-sheep-search-build/Build/Intermediates.noindex/PhoneInTheOtherRoom.build/Debug-iphonesimulator/PhoneInTheOtherRoomDeviceActivityMonitor.build/Counting\ Sheep\ Wind\ Down\ Monitor-all-non-framework-target-headers.hmap -Xcc -ivfsoverlay -Xcc /tmp/counting-sheep-search-build/Build/Intermediates.noindex/PhoneInTheOtherRoom.build/Debug-iphonesimulator/PhoneInTheOtherRoom-d9a00fb94435e678319518e524e23875-VFS-iphonesimulator/all-product-headers.yaml -Xcc -iquote -Xcc /tmp/counting-sheep-search-build/Build/Intermediates.noindex/PhoneInTheOtherRoom.build/Debug-iphonesimulator/PhoneInTheOtherRoomDeviceActivityMonitor.build/Counting\ Sheep\ Wind\ Down\ Monitor-project-headers.hmap -Xcc -I/tmp/counting-sheep-search-build/Build/Products/Debug-iphonesimulator/include -Xcc -I/tmp/counting-sheep-search-build/Build/Intermediates.noindex/PhoneInTheOtherRoom.build/Debug-iphonesimulator/PhoneInTheOtherRoomDeviceActivityMonitor.build/DerivedSources-normal/x86_64 -Xcc -I/tmp/counting-sheep-search-build/Build/Intermediates.noindex/PhoneInTheOtherRoom.build/Debug-iphonesimulator/PhoneInTheOtherRoomDeviceActivityMonitor.build/DerivedSources/x86_64 -Xcc -I/tmp/counting-sheep-search-build/Build/Intermediates.noindex/PhoneInTheOtherRoom.build/Debug-iphonesimulator/PhoneInTheOtherRoomDeviceActivityMonitor.build/DerivedSources -Xcc -DDEBUG\=1 -emit-objc-header -emit-objc-header-path /tmp/counting-sheep-search-build/Build/Intermediates.noindex/PhoneInTheOtherRoom.build/Debug-iphonesimulator/PhoneInTheOtherRoomDeviceActivityMonitor.build/Objects-normal/x86_64/Counting_Sheep_Wind_Down_Monitor-Swift.h -working-directory /Users/ngawangchime/Desktop/Developer\ Projects/Phone\ in\ the\ Other\ Room -experimental-emit-module-separately -disable-cmo

SwiftCompile normal arm64 Compiling\ CampfireProfile.swift /Users/ngawangchime/Desktop/Developer\ Projects/Phone\ in\ the\ Other\ Room/Shared/CampfireProfile.swift (in target 'PhoneInTheOtherRoomWatchApp' from project 'PhoneInTheOtherRoom')
SwiftCompile normal arm64 /Users/ngawangchime/Desktop/Developer\ Projects/Phone\ in\ the\ Other\ Room/Shared/CampfireProfile.swift (in target 'PhoneInTheOtherRoomWatchApp' from project 'PhoneInTheOtherRoom')
    cd /Users/ngawangchime/Desktop/Developer\ Projects/Phone\ in\ the\ Other\ Room


SwiftCompile normal x86_64 Compiling\ CampfireProfile.swift /Users/ngawangchime/Desktop/Developer\ Projects/Phone\ in\ the\ Other\ Room/Shared/CampfireProfile.swift (in target 'PhoneInTheOtherRoomWatchApp' from project 'PhoneInTheOtherRoom')
SwiftCompile normal x86_64 /Users/ngawangchime/Desktop/Developer\ Projects/Phone\ in\ the\ Other\ Room/Shared/CampfireProfile.swift (in target 'PhoneInTheOtherRoomWatchApp' from project 'PhoneInTheOtherRoom')
    cd /Users/ngawangchime/Desktop/Developer\ Projects/Phone\ in\ the\ Other\ Room


SwiftEmitModule normal x86_64 Emitting\ module\ for\ Counting_Sheep_Wind_Down_Monitor (in target 'PhoneInTheOtherRoomDeviceActivityMonitor' from project 'PhoneInTheOtherRoom')
EmitSwiftModule normal x86_64 (in target 'PhoneInTheOtherRoomDeviceActivityMonitor' from project 'PhoneInTheOtherRoom')
    cd /Users/ngawangchime/Desktop/Developer\ Projects/Phone\ in\ the\ Other\ Room


SwiftDriverJobDiscovery normal arm64 Compiling CampfireProfile.swift (in target 'PhoneInTheOtherRoomWatchApp' from project 'PhoneInTheOtherRoom')

SwiftDriverJobDiscovery normal x86_64 Compiling CampfireProfile.swift (in target 'PhoneInTheOtherRoomWatchApp' from project 'PhoneInTheOtherRoom')

SwiftCompile normal arm64 Compiling\ CampfireVisibility.swift /Users/ngawangchime/Desktop/Developer\ Projects/Phone\ in\ the\ Other\ Room/Shared/CampfireVisibility.swift (in target 'PhoneInTheOtherRoomWatchApp' from project 'PhoneInTheOtherRoom')

SwiftCompile normal arm64 /Users/ngawangchime/Desktop/Developer\ Projects/Phone\ in\ the\ Other\ Room/Shared/CampfireVisibility.swift (in target 'PhoneInTheOtherRoomWatchApp' from project 'PhoneInTheOtherRoom')
    cd /Users/ngawangchime/Desktop/Developer\ Projects/Phone\ in\ the\ Other\ Room


SwiftDriverJobDiscovery normal x86_64 Emitting module for Counting_Sheep_Screen_Time_Report (in target 'PhoneInTheOtherRoomScreenTimeReport' from project 'PhoneInTheOtherRoom')

SwiftDriver\ Compilation\ Requirements PhoneInTheOtherRoomScreenTimeReport normal x86_64 com.apple.xcode.tools.swift.compiler (in target 'PhoneInTheOtherRoomScreenTimeReport' from project 'PhoneInTheOtherRoom')
    cd /Users/ngawangchime/Desktop/Developer\ Projects/Phone\ in\ the\ Other\ Room
    builtin-Swift-Compilation-Requirements -- /Applications/Xcode.app/Contents/Developer/Toolchains/XcodeDefault.xctoolchain/usr/bin/swiftc -module-name Counting_Sheep_Screen_Time_Report -Onone @/tmp/counting-sheep-search-build/Build/Intermediates.noindex/PhoneInTheOtherRoom.build/Debug-iphonesimulator/PhoneInTheOtherRoomScreenTimeReport.build/Objects-normal/x86_64/Counting\ Sheep\ Screen\ Time\ Report.SwiftFileList -DDEBUG -DSCREEN_TIME_REPORTS -enable-bare-slash-regex -enable-experimental-feature DebugDescriptionMacro -sdk /Applications/Xcode.app/Contents/Developer/Platforms/iPhoneSimulator.platform/Developer/SDKs/iPhoneSimulator26.5.sdk -target x86_64-apple-ios17.0-simulator -g -module-cache-path /tmp/counting-sheep-search-build/ModuleCache.noindex -Xfrontend -serialize-debugging-options -application-extension -enable-testing -index-store-path /tmp/counting-sheep-search-build/Index.noindex/DataStore -Xcc -D_LIBCPP_HARDENING_MODE\=_LIBCPP_HARDENING_MODE_DEBUG -swift-version 5 -I /tmp/counting-sheep-search-build/Build/Products/Debug-iphonesimulator -F /tmp/counting-sheep-search-build/Build/Products/Debug-iphonesimulator -c -j8 -enable-batch-mode -incremental -Xcc -ivfsstatcache -Xcc /tmp/counting-sheep-search-build/SDKStatCaches.noindex/iphonesimulator26.5-23F81a-6cfe768891a92b912361537c460fe42b.sdkstatcache -output-file-map /tmp/counting-sheep-search-build/Build/Intermediates.noindex/PhoneInTheOtherRoom.build/Debug-iphonesimulator/PhoneInTheOtherRoomScreenTimeReport.build/Objects-normal/x86_64/PhoneInTheOtherRoomScreenTimeReport-OutputFileMap.json -use-frontend-parseable-output -save-temps -no-color-diagnostics -explicit-module-build -module-cache-path /tmp/counting-sheep-search-build/Build/Intermediates.noindex/SwiftExplicitPrecompiledModules -clang-scanner-module-cache-path /tmp/counting-sheep-search-build/ModuleCache.noindex -sdk-module-cache-path /tmp/counting-sheep-search-build/ModuleCache.noindex -serialize-diagnostics -emit-dependencies -emit-module -emit-module-path /tmp/counting-sheep-search-build/Build/Intermediates.noindex/PhoneInTheOtherRoom.build/Debug-iphonesimulator/PhoneInTheOtherRoomScreenTimeReport.build/Objects-normal/x86_64/Counting_Sheep_Screen_Time_Report.swiftmodule -validate-clang-modules-once -clang-build-session-file /tmp/counting-sheep-search-build/ModuleCache.noindex/Session.modulevalidation -Xcc -I/tmp/counting-sheep-search-build/Build/Intermediates.noindex/PhoneInTheOtherRoom.build/Debug-iphonesimulator/PhoneInTheOtherRoomScreenTimeReport.build/swift-overrides.hmap -emit-const-values -Xfrontend -const-gather-protocols-file -Xfrontend /tmp/counting-sheep-search-build/Build/Intermediates.noindex/PhoneInTheOtherRoom.build/Debug-iphonesimulator/PhoneInTheOtherRoomScreenTimeReport.build/Objects-normal/x86_64/PhoneInTheOtherRoomScreenTimeReport_const_extract_protocols.json -Xcc -iquote -Xcc /tmp/counting-sheep-search-build/Build/Intermediates.noindex/PhoneInTheOtherRoom.build/Debug-iphonesimulator/PhoneInTheOtherRoomScreenTimeReport.build/Counting\ Sheep\ Screen\ Time\ Report-generated-files.hmap -Xcc -I/tmp/counting-sheep-search-build/Build/Intermediates.noindex/PhoneInTheOtherRoom.build/Debug-iphonesimulator/PhoneInTheOtherRoomScreenTimeReport.build/Counting\ Sheep\ Screen\ Time\ Report-own-target-headers.hmap -Xcc -I/tmp/counting-sheep-search-build/Build/Intermediates.noindex/PhoneInTheOtherRoom.build/Debug-iphonesimulator/PhoneInTheOtherRoomScreenTimeReport.build/Counting\ Sheep\ Screen\ Time\ Report-all-non-framework-target-headers.hmap -Xcc -ivfsoverlay -Xcc /tmp/counting-sheep-search-build/Build/Intermediates.noindex/PhoneInTheOtherRoom.build/Debug-iphonesimulator/PhoneInTheOtherRoom-d9a00fb94435e678319518e524e23875-VFS-iphonesimulator/all-product-headers.yaml -Xcc -iquote -Xcc /tmp/counting-sheep-search-build/Build/Intermediates.noindex/PhoneInTheOtherRoom.build/Debug-iphonesimulator/PhoneInTheOtherRoomScreenTimeReport.build/Counting\ Sheep\ Screen\ Time\ Report-project-headers.hmap -Xcc -I/tmp/counting-sheep-search-build/Build/Products/Debug-iphonesimulator/include -Xcc -I/tmp/counting-sheep-search-build/Build/Intermediates.noindex/PhoneInTheOtherRoom.build/Debug-iphonesimulator/PhoneInTheOtherRoomScreenTimeReport.build/DerivedSources-normal/x86_64 -Xcc -I/tmp/counting-sheep-search-build/Build/Intermediates.noindex/PhoneInTheOtherRoom.build/Debug-iphonesimulator/PhoneInTheOtherRoomScreenTimeReport.build/DerivedSources/x86_64 -Xcc -I/tmp/counting-sheep-search-build/Build/Intermediates.noindex/PhoneInTheOtherRoom.build/Debug-iphonesimulator/PhoneInTheOtherRoomScreenTimeReport.build/DerivedSources -Xcc -DDEBUG\=1 -emit-objc-header -emit-objc-header-path /tmp/counting-sheep-search-build/Build/Intermediates.noindex/PhoneInTheOtherRoom.build/Debug-iphonesimulator/PhoneInTheOtherRoomScreenTimeReport.build/Objects-normal/x86_64/Counting_Sheep_Screen_Time_Report-Swift.h -working-directory /Users/ngawangchime/Desktop/Developer\ Projects/Phone\ in\ the\ Other\ Room -experimental-emit-module-separately -disable-cmo

SwiftDriverJobDiscovery normal arm64 Compiling CampfireVisibility.swift (in target 'PhoneInTheOtherRoomWatchApp' from project 'PhoneInTheOtherRoom')

ProcessInfoPlistFile /tmp/counting-sheep-search-build/Build/Products/Debug-watchsimulator/Counting\ Sheep\ Watch.app/Info.plist /tmp/counting-sheep-search-build/Build/Intermediates.noindex/PhoneInTheOtherRoom.build/Debug-watchsimulator/PhoneInTheOtherRoomWatchApp.build/empty-Counting\ Sheep\ Watch.plist (in target 'PhoneInTheOtherRoomWatchApp' from project 'PhoneInTheOtherRoom')
    cd /Users/ngawangchime/Desktop/Developer\ Projects/Phone\ in\ the\ Other\ Room
    builtin-infoPlistUtility /tmp/counting-sheep-search-build/Build/Intermediates.noindex/PhoneInTheOtherRoom.build/Debug-watchsimulator/PhoneInTheOtherRoomWatchApp.build/empty-Counting\ Sheep\ Watch.plist -producttype com.apple.product-type.application -genpkginfo /tmp/counting-sheep-search-build/Build/Products/Debug-watchsimulator/Counting\ Sheep\ Watch.app/PkgInfo -expandbuildsettings -format binary -platform watchsimulator -additionalcontentfile /tmp/counting-sheep-search-build/Build/Intermediates.noindex/PhoneInTheOtherRoom.build/Debug-watchsimulator/PhoneInTheOtherRoomWatchApp.build/assetcatalog_generated_info.plist -o /tmp/counting-sheep-search-build/Build/Products/Debug-watchsimulator/Counting\ Sheep\ Watch.app/Info.plist

SwiftDriverJobDiscovery normal arm64 Emitting module for Counting_Sheep_Screen_Time_Report (in target 'PhoneInTheOtherRoomScreenTimeReport' from project 'PhoneInTheOtherRoom')

SwiftDriver\ Compilation\ Requirements PhoneInTheOtherRoomScreenTimeReport normal arm64 com.apple.xcode.tools.swift.compiler (in target 'PhoneInTheOtherRoomScreenTimeReport' from project 'PhoneInTheOtherRoom')
    cd /Users/ngawangchime/Desktop/Developer\ Projects/Phone\ in\ the\ Other\ Room
    builtin-Swift-Compilation-Requirements -- /Applications/Xcode.app/Contents/Developer/Toolchains/XcodeDefault.xctoolchain/usr/bin/swiftc -module-name Counting_Sheep_Screen_Time_Report -Onone @/tmp/counting-sheep-search-build/Build/Intermediates.noindex/PhoneInTheOtherRoom.build/Debug-iphonesimulator/PhoneInTheOtherRoomScreenTimeReport.build/Objects-normal/arm64/Counting\ Sheep\ Screen\ Time\ Report.SwiftFileList -DDEBUG -DSCREEN_TIME_REPORTS -enable-bare-slash-regex -enable-experimental-feature DebugDescriptionMacro -sdk /Applications/Xcode.app/Contents/Developer/Platforms/iPhoneSimulator.platform/Developer/SDKs/iPhoneSimulator26.5.sdk -target arm64-apple-ios17.0-simulator -g -module-cache-path /tmp/counting-sheep-search-build/ModuleCache.noindex -Xfrontend -serialize-debugging-options -application-extension -enable-testing -index-store-path /tmp/counting-sheep-search-build/Index.noindex/DataStore -Xcc -D_LIBCPP_HARDENING_MODE\=_LIBCPP_HARDENING_MODE_DEBUG -swift-version 5 -I /tmp/counting-sheep-search-build/Build/Products/Debug-iphonesimulator -F /tmp/counting-sheep-search-build/Build/Products/Debug-iphonesimulator -c -j8 -enable-batch-mode -incremental -Xcc -ivfsstatcache -Xcc /tmp/counting-sheep-search-build/SDKStatCaches.noindex/iphonesimulator26.5-23F81a-6cfe768891a92b912361537c460fe42b.sdkstatcache -output-file-map /tmp/counting-sheep-search-build/Build/Intermediates.noindex/PhoneInTheOtherRoom.build/Debug-iphonesimulator/PhoneInTheOtherRoomScreenTimeReport.build/Objects-normal/arm64/PhoneInTheOtherRoomScreenTimeReport-OutputFileMap.json -use-frontend-parseable-output -save-temps -no-color-diagnostics -explicit-module-build -module-cache-path /tmp/counting-sheep-search-build/Build/Intermediates.noindex/SwiftExplicitPrecompiledModules -clang-scanner-module-cache-path /tmp/counting-sheep-search-build/ModuleCache.noindex -sdk-module-cache-path /tmp/counting-sheep-search-build/ModuleCache.noindex -serialize-diagnostics -emit-dependencies -emit-module -emit-module-path /tmp/counting-sheep-search-build/Build/Intermediates.noindex/PhoneInTheOtherRoom.build/Debug-iphonesimulator/PhoneInTheOtherRoomScreenTimeReport.build/Objects-normal/arm64/Counting_Sheep_Screen_Time_Report.swiftmodule -validate-clang-modules-once -clang-build-session-file /tmp/counting-sheep-search-build/ModuleCache.noindex/Session.modulevalidation -Xcc -I/tmp/counting-sheep-search-build/Build/Intermediates.noindex/PhoneInTheOtherRoom.build/Debug-iphonesimulator/PhoneInTheOtherRoomScreenTimeReport.build/swift-overrides.hmap -emit-const-values -Xfrontend -const-gather-protocols-file -Xfrontend /tmp/counting-sheep-search-build/Build/Intermediates.noindex/PhoneInTheOtherRoom.build/Debug-iphonesimulator/PhoneInTheOtherRoomScreenTimeReport.build/Objects-normal/arm64/PhoneInTheOtherRoomScreenTimeReport_const_extract_protocols.json -Xcc -iquote -Xcc /tmp/counting-sheep-search-build/Build/Intermediates.noindex/PhoneInTheOtherRoom.build/Debug-iphonesimulator/PhoneInTheOtherRoomScreenTimeReport.build/Counting\ Sheep\ Screen\ Time\ Report-generated-files.hmap -Xcc -I/tmp/counting-sheep-search-build/Build/Intermediates.noindex/PhoneInTheOtherRoom.build/Debug-iphonesimulator/PhoneInTheOtherRoomScreenTimeReport.build/Counting\ Sheep\ Screen\ Time\ Report-own-target-headers.hmap -Xcc -I/tmp/counting-sheep-search-build/Build/Intermediates.noindex/PhoneInTheOtherRoom.build/Debug-iphonesimulator/PhoneInTheOtherRoomScreenTimeReport.build/Counting\ Sheep\ Screen\ Time\ Report-all-non-framework-target-headers.hmap -Xcc -ivfsoverlay -Xcc /tmp/counting-sheep-search-build/Build/Intermediates.noindex/PhoneInTheOtherRoom.build/Debug-iphonesimulator/PhoneInTheOtherRoom-d9a00fb94435e678319518e524e23875-VFS-iphonesimulator/all-product-headers.yaml -Xcc -iquote -Xcc /tmp/counting-sheep-search-build/Build/Intermediates.noindex/PhoneInTheOtherRoom.build/Debug-iphonesimulator/PhoneInTheOtherRoomScreenTimeReport.build/Counting\ Sheep\ Screen\ Time\ Report-project-headers.hmap -Xcc -I/tmp/counting-sheep-search-build/Build/Products/Debug-iphonesimulator/include -Xcc -I/tmp/counting-sheep-search-build/Build/Intermediates.noindex/PhoneInTheOtherRoom.build/Debug-iphonesimulator/PhoneInTheOtherRoomScreenTimeReport.build/DerivedSources-normal/arm64 -Xcc -I/tmp/counting-sheep-search-build/Build/Intermediates.noindex/PhoneInTheOtherRoom.build/Debug-iphonesimulator/PhoneInTheOtherRoomScreenTimeReport.build/DerivedSources/arm64 -Xcc -I/tmp/counting-sheep-search-build/Build/Intermediates.noindex/PhoneInTheOtherRoom.build/Debug-iphonesimulator/PhoneInTheOtherRoomScreenTimeReport.build/DerivedSources -Xcc -DDEBUG\=1 -emit-objc-header -emit-objc-header-path /tmp/counting-sheep-search-build/Build/Intermediates.noindex/PhoneInTheOtherRoom.build/Debug-iphonesimulator/PhoneInTheOtherRoomScreenTimeReport.build/Objects-normal/arm64/Counting_Sheep_Screen_Time_Report-Swift.h -working-directory /Users/ngawangchime/Desktop/Developer\ Projects/Phone\ in\ the\ Other\ Room -experimental-emit-module-separately -disable-cmo

SwiftDriver\ Compilation PhoneInTheOtherRoomWatchApp normal arm64 com.apple.xcode.tools.swift.compiler (in target 'PhoneInTheOtherRoomWatchApp' from project 'PhoneInTheOtherRoom')
    cd /Users/ngawangchime/Desktop/Developer\ Projects/Phone\ in\ the\ Other\ Room
    builtin-Swift-Compilation -- /Applications/Xcode.app/Contents/Developer/Toolchains/XcodeDefault.xctoolchain/usr/bin/swiftc -module-name Counting_Sheep_Watch -Onone @/tmp/counting-sheep-search-build/Build/Intermediates.noindex/PhoneInTheOtherRoom.build/Debug-watchsimulator/PhoneInTheOtherRoomWatchApp.build/Objects-normal/arm64/Counting\ Sheep\ Watch.SwiftFileList -DDEBUG -enable-bare-slash-regex -enable-experimental-feature DebugDescriptionMacro -sdk /Applications/Xcode.app/Contents/Developer/Platforms/WatchSimulator.platform/Developer/SDKs/WatchSimulator26.5.sdk -target arm64-apple-watchos10.0-simulator -g -module-cache-path /tmp/counting-sheep-search-build/ModuleCache.noindex -Xfrontend -serialize-debugging-options -enable-testing -index-store-path /tmp/counting-sheep-search-build/Index.noindex/DataStore -Xcc -D_LIBCPP_HARDENING_MODE\=_LIBCPP_HARDENING_MODE_DEBUG -swift-version 5 -I /tmp/counting-sheep-search-build/Build/Products/Debug-watchsimulator -F /tmp/counting-sheep-search-build/Build/Products/Debug-watchsimulator -c -j8 -enable-batch-mode -incremental -Xcc -ivfsstatcache -Xcc /tmp/counting-sheep-search-build/SDKStatCaches.noindex/watchsimulator26.5-23T570-1651579a441f1322ae888f0ed545cb80.sdkstatcache -output-file-map /tmp/counting-sheep-search-build/Build/Intermediates.noindex/PhoneInTheOtherRoom.build/Debug-watchsimulator/PhoneInTheOtherRoomWatchApp.build/Objects-normal/arm64/PhoneInTheOtherRoomWatchApp-OutputFileMap.json -use-frontend-parseable-output -save-temps -no-color-diagnostics -explicit-module-build -module-cache-path /tmp/counting-sheep-search-build/Build/Intermediates.noindex/SwiftExplicitPrecompiledModules -clang-scanner-module-cache-path /tmp/counting-sheep-search-build/ModuleCache.noindex -sdk-module-cache-path /tmp/counting-sheep-search-build/ModuleCache.noindex -serialize-diagnostics -emit-dependencies -emit-module -emit-module-path /tmp/counting-sheep-search-build/Build/Intermediates.noindex/PhoneInTheOtherRoom.build/Debug-watchsimulator/PhoneInTheOtherRoomWatchApp.build/Objects-normal/arm64/Counting_Sheep_Watch.swiftmodule -validate-clang-modules-once -clang-build-session-file /tmp/counting-sheep-search-build/ModuleCache.noindex/Session.modulevalidation -Xcc -I/tmp/counting-sheep-search-build/Build/Intermediates.noindex/PhoneInTheOtherRoom.build/Debug-watchsimulator/PhoneInTheOtherRoomWatchApp.build/swift-overrides.hmap -emit-const-values -Xfrontend -const-gather-protocols-file -Xfrontend /tmp/counting-sheep-search-build/Build/Intermediates.noindex/PhoneInTheOtherRoom.build/Debug-watchsimulator/PhoneInTheOtherRoomWatchApp.build/Objects-normal/arm64/PhoneInTheOtherRoomWatchApp_const_extract_protocols.json -Xcc -iquote -Xcc /tmp/counting-sheep-search-build/Build/Intermediates.noindex/PhoneInTheOtherRoom.build/Debug-watchsimulator/PhoneInTheOtherRoomWatchApp.build/Counting\ Sheep\ Watch-generated-files.hmap -Xcc -I/tmp/counting-sheep-search-build/Build/Intermediates.noindex/PhoneInTheOtherRoom.build/Debug-watchsimulator/PhoneInTheOtherRoomWatchApp.build/Counting\ Sheep\ Watch-own-target-headers.hmap -Xcc -I/tmp/counting-sheep-search-build/Build/Intermediates.noindex/PhoneInTheOtherRoom.build/Debug-watchsimulator/PhoneInTheOtherRoomWatchApp.build/Counting\ Sheep\ Watch-all-non-framework-target-headers.hmap -Xcc -ivfsoverlay -Xcc /tmp/counting-sheep-search-build/Build/Intermediates.noindex/PhoneInTheOtherRoom.build/Debug-watchsimulator/PhoneInTheOtherRoom-d9a00fb94435e678319518e524e23875-VFS-watchsimulator/all-product-headers.yaml -Xcc -iquote -Xcc /tmp/counting-sheep-search-build/Build/Intermediates.noindex/PhoneInTheOtherRoom.build/Debug-watchsimulator/PhoneInTheOtherRoomWatchApp.build/Counting\ Sheep\ Watch-project-headers.hmap -Xcc -I/tmp/counting-sheep-search-build/Build/Products/Debug-watchsimulator/include -Xcc -I/tmp/counting-sheep-search-build/Build/Intermediates.noindex/PhoneInTheOtherRoom.build/Debug-watchsimulator/PhoneInTheOtherRoomWatchApp.build/DerivedSources-normal/arm64 -Xcc -I/tmp/counting-sheep-search-build/Build/Intermediates.noindex/PhoneInTheOtherRoom.build/Debug-watchsimulator/PhoneInTheOtherRoomWatchApp.build/DerivedSources/arm64 -Xcc -I/tmp/counting-sheep-search-build/Build/Intermediates.noindex/PhoneInTheOtherRoom.build/Debug-watchsimulator/PhoneInTheOtherRoomWatchApp.build/DerivedSources -Xcc -DDEBUG\=1 -emit-objc-header -emit-objc-header-path /tmp/counting-sheep-search-build/Build/Intermediates.noindex/PhoneInTheOtherRoom.build/Debug-watchsimulator/PhoneInTheOtherRoomWatchApp.build/Objects-normal/arm64/Counting_Sheep_Watch-Swift.h -working-directory /Users/ngawangchime/Desktop/Developer\ Projects/Phone\ in\ the\ Other\ Room -experimental-emit-module-separately -disable-cmo

Copy /tmp/counting-sheep-search-build/Build/Products/Debug-iphonesimulator/Counting_Sheep_Screen_Time_Report.swiftmodule/x86_64-apple-ios-simulator.swiftmodule /tmp/counting-sheep-search-build/Build/Intermediates.noindex/PhoneInTheOtherRoom.build/Debug-iphonesimulator/PhoneInTheOtherRoomScreenTimeReport.build/Objects-normal/x86_64/Counting_Sheep_Screen_Time_Report.swiftmodule (in target 'PhoneInTheOtherRoomScreenTimeReport' from project 'PhoneInTheOtherRoom')
    cd /Users/ngawangchime/Desktop/Developer\ Projects/Phone\ in\ the\ Other\ Room
    builtin-copy -exclude .DS_Store -exclude CVS -exclude .svn -exclude .git -exclude .hg -resolve-src-symlinks -rename /tmp/counting-sheep-search-build/Build/Intermediates.noindex/PhoneInTheOtherRoom.build/Debug-iphonesimulator/PhoneInTheOtherRoomScreenTimeReport.build/Objects-normal/x86_64/Counting_Sheep_Screen_Time_Report.swiftmodule /tmp/counting-sheep-search-build/Build/Products/Debug-iphonesimulator/Counting_Sheep_Screen_Time_Report.swiftmodule/x86_64-apple-ios-simulator.swiftmodule

Copy /tmp/counting-sheep-search-build/Build/Products/Debug-iphonesimulator/Counting_Sheep_Screen_Time_Report.swiftmodule/x86_64-apple-ios-simulator.abi.json /tmp/counting-sheep-search-build/Build/Intermediates.noindex/PhoneInTheOtherRoom.build/Debug-iphonesimulator/PhoneInTheOtherRoomScreenTimeReport.build/Objects-normal/x86_64/Counting_Sheep_Screen_Time_Report.abi.json (in target 'PhoneInTheOtherRoomScreenTimeReport' from project 'PhoneInTheOtherRoom')
    cd /Users/ngawangchime/Desktop/Developer\ Projects/Phone\ in\ the\ Other\ Room
    builtin-copy -exclude .DS_Store -exclude CVS -exclude .svn -exclude .git -exclude .hg -resolve-src-symlinks -rename /tmp/counting-sheep-search-build/Build/Intermediates.noindex/PhoneInTheOtherRoom.build/Debug-iphonesimulator/PhoneInTheOtherRoomScreenTimeReport.build/Objects-normal/x86_64/Counting_Sheep_Screen_Time_Report.abi.json /tmp/counting-sheep-search-build/Build/Products/Debug-iphonesimulator/Counting_Sheep_Screen_Time_Report.swiftmodule/x86_64-apple-ios-simulator.abi.json

Copy /tmp/counting-sheep-search-build/Build/Products/Debug-iphonesimulator/Counting_Sheep_Screen_Time_Report.swiftmodule/arm64-apple-ios-simulator.swiftmodule /tmp/counting-sheep-search-build/Build/Intermediates.noindex/PhoneInTheOtherRoom.build/Debug-iphonesimulator/PhoneInTheOtherRoomScreenTimeReport.build/Objects-normal/arm64/Counting_Sheep_Screen_Time_Report.swiftmodule (in target 'PhoneInTheOtherRoomScreenTimeReport' from project 'PhoneInTheOtherRoom')
    cd /Users/ngawangchime/Desktop/Developer\ Projects/Phone\ in\ the\ Other\ Room
    builtin-copy -exclude .DS_Store -exclude CVS -exclude .svn -exclude .git -exclude .hg -resolve-src-symlinks -rename /tmp/counting-sheep-search-build/Build/Intermediates.noindex/PhoneInTheOtherRoom.build/Debug-iphonesimulator/PhoneInTheOtherRoomScreenTimeReport.build/Objects-normal/arm64/Counting_Sheep_Screen_Time_Report.swiftmodule /tmp/counting-sheep-search-build/Build/Products/Debug-iphonesimulator/Counting_Sheep_Screen_Time_Report.swiftmodule/arm64-apple-ios-simulator.swiftmodule

Copy /tmp/counting-sheep-search-build/Build/Products/Debug-iphonesimulator/Counting_Sheep_Screen_Time_Report.swiftmodule/arm64-apple-ios-simulator.abi.json /tmp/counting-sheep-search-build/Build/Intermediates.noindex/PhoneInTheOtherRoom.build/Debug-iphonesimulator/PhoneInTheOtherRoomScreenTimeReport.build/Objects-normal/arm64/Counting_Sheep_Screen_Time_Report.abi.json (in target 'PhoneInTheOtherRoomScreenTimeReport' from project 'PhoneInTheOtherRoom')
    cd /Users/ngawangchime/Desktop/Developer\ Projects/Phone\ in\ the\ Other\ Room
    builtin-copy -exclude .DS_Store -exclude CVS -exclude .svn -exclude .git -exclude .hg -resolve-src-symlinks -rename /tmp/counting-sheep-search-build/Build/Intermediates.noindex/PhoneInTheOtherRoom.build/Debug-iphonesimulator/PhoneInTheOtherRoomScreenTimeReport.build/Objects-normal/arm64/Counting_Sheep_Screen_Time_Report.abi.json /tmp/counting-sheep-search-build/Build/Products/Debug-iphonesimulator/Counting_Sheep_Screen_Time_Report.swiftmodule/arm64-apple-ios-simulator.abi.json

Copy /tmp/counting-sheep-search-build/Build/Products/Debug-iphonesimulator/Counting_Sheep_Screen_Time_Report.swiftmodule/Project/x86_64-apple-ios-simulator.swiftsourceinfo /tmp/counting-sheep-search-build/Build/Intermediates.noindex/PhoneInTheOtherRoom.build/Debug-iphonesimulator/PhoneInTheOtherRoomScreenTimeReport.build/Objects-normal/x86_64/Counting_Sheep_Screen_Time_Report.swiftsourceinfo (in target 'PhoneInTheOtherRoomScreenTimeReport' from project 'PhoneInTheOtherRoom')
    cd /Users/ngawangchime/Desktop/Developer\ Projects/Phone\ in\ the\ Other\ Room
    builtin-copy -exclude .DS_Store -exclude CVS -exclude .svn -exclude .git -exclude .hg -resolve-src-symlinks -rename /tmp/counting-sheep-search-build/Build/Intermediates.noindex/PhoneInTheOtherRoom.build/Debug-iphonesimulator/PhoneInTheOtherRoomScreenTimeReport.build/Objects-normal/x86_64/Counting_Sheep_Screen_Time_Report.swiftsourceinfo /tmp/counting-sheep-search-build/Build/Products/Debug-iphonesimulator/Counting_Sheep_Screen_Time_Report.swiftmodule/Project/x86_64-apple-ios-simulator.swiftsourceinfo

Copy /tmp/counting-sheep-search-build/Build/Products/Debug-iphonesimulator/Counting_Sheep_Screen_Time_Report.swiftmodule/Project/arm64-apple-ios-simulator.swiftsourceinfo /tmp/counting-sheep-search-build/Build/Intermediates.noindex/PhoneInTheOtherRoom.build/Debug-iphonesimulator/PhoneInTheOtherRoomScreenTimeReport.build/Objects-normal/arm64/Counting_Sheep_Screen_Time_Report.swiftsourceinfo (in target 'PhoneInTheOtherRoomScreenTimeReport' from project 'PhoneInTheOtherRoom')
    cd /Users/ngawangchime/Desktop/Developer\ Projects/Phone\ in\ the\ Other\ Room
    builtin-copy -exclude .DS_Store -exclude CVS -exclude .svn -exclude .git -exclude .hg -resolve-src-symlinks -rename /tmp/counting-sheep-search-build/Build/Intermediates.noindex/PhoneInTheOtherRoom.build/Debug-iphonesimulator/PhoneInTheOtherRoomScreenTimeReport.build/Objects-normal/arm64/Counting_Sheep_Screen_Time_Report.swiftsourceinfo /tmp/counting-sheep-search-build/Build/Products/Debug-iphonesimulator/Counting_Sheep_Screen_Time_Report.swiftmodule/Project/arm64-apple-ios-simulator.swiftsourceinfo

SwiftCompile normal x86_64 Compiling\ CampfireVisibility.swift /Users/ngawangchime/Desktop/Developer\ Projects/Phone\ in\ the\ Other\ Room/Shared/CampfireVisibility.swift (in target 'PhoneInTheOtherRoomWatchApp' from project 'PhoneInTheOtherRoom')
SwiftCompile normal x86_64 /Users/ngawangchime/Desktop/Developer\ Projects/Phone\ in\ the\ Other\ Room/Shared/CampfireVisibility.swift (in target 'PhoneInTheOtherRoomWatchApp' from project 'PhoneInTheOtherRoom')
    cd /Users/ngawangchime/Desktop/Developer\ Projects/Phone\ in\ the\ Other\ Room


SwiftCompile normal x86_64 Compiling\ CampfireProfile.swift /Users/ngawangchime/Desktop/Developer\ Projects/Phone\ in\ the\ Other\ Room/Shared/CampfireProfile.swift (in target 'PhoneInTheOtherRoomScreenTimeReport' from project 'PhoneInTheOtherRoom')

SwiftCompile normal x86_64 /Users/ngawangchime/Desktop/Developer\ Projects/Phone\ in\ the\ Other\ Room/Shared/CampfireProfile.swift (in target 'PhoneInTheOtherRoomScreenTimeReport' from project 'PhoneInTheOtherRoom')
    cd /Users/ngawangchime/Desktop/Developer\ Projects/Phone\ in\ the\ Other\ Room


ProcessInfoPlistFile /tmp/counting-sheep-search-build/Build/Products/Debug-iphonesimulator/Counting\ Sheep\ Wind\ Down\ Shield.appex/Info.plist /Users/ngawangchime/Desktop/Developer\ Projects/Phone\ in\ the\ Other\ Room/PhoneInTheOtherRoomShieldConfiguration/Info.plist (in target 'PhoneInTheOtherRoomShieldConfiguration' from project 'PhoneInTheOtherRoom')
    cd /Users/ngawangchime/Desktop/Developer\ Projects/Phone\ in\ the\ Other\ Room
    builtin-infoPlistUtility /Users/ngawangchime/Desktop/Developer\ Projects/Phone\ in\ the\ Other\ Room/PhoneInTheOtherRoomShieldConfiguration/Info.plist -producttype com.apple.product-type.app-extension -expandbuildsettings -format binary -platform iphonesimulator -additionalcontentfile /tmp/counting-sheep-search-build/Build/Intermediates.noindex/PhoneInTheOtherRoom.build/Debug-iphonesimulator/PhoneInTheOtherRoomShieldConfiguration.build/assetcatalog_generated_info.plist -o /tmp/counting-sheep-search-build/Build/Products/Debug-iphonesimulator/Counting\ Sheep\ Wind\ Down\ Shield.appex/Info.plist

SwiftDriverJobDiscovery normal x86_64 Compiling CampfireProfile.swift (in target 'PhoneInTheOtherRoomScreenTimeReport' from project 'PhoneInTheOtherRoom')

SwiftCompile normal arm64 Compiling\ CampfireProfile.swift /Users/ngawangchime/Desktop/Developer\ Projects/Phone\ in\ the\ Other\ Room/Shared/CampfireProfile.swift (in target 'PhoneInTheOtherRoomScreenTimeReport' from project 'PhoneInTheOtherRoom')
SwiftCompile normal arm64 /Users/ngawangchime/Desktop/Developer\ Projects/Phone\ in\ the\ Other\ Room/Shared/CampfireProfile.swift (in target 'PhoneInTheOtherRoomScreenTimeReport' from project 'PhoneInTheOtherRoom')
    cd /Users/ngawangchime/Desktop/Developer\ Projects/Phone\ in\ the\ Other\ Room


SwiftCompile normal x86_64 Compiling\ CampfireVisibility.swift /Users/ngawangchime/Desktop/Developer\ Projects/Phone\ in\ the\ Other\ Room/Shared/CampfireVisibility.swift (in target 'PhoneInTheOtherRoomScreenTimeReport' from project 'PhoneInTheOtherRoom')
SwiftCompile normal x86_64 /Users/ngawangchime/Desktop/Developer\ Projects/Phone\ in\ the\ Other\ Room/Shared/CampfireVisibility.swift (in target 'PhoneInTheOtherRoomScreenTimeReport' from project 'PhoneInTheOtherRoom')
    cd /Users/ngawangchime/Desktop/Developer\ Projects/Phone\ in\ the\ Other\ Room


SwiftDriverJobDiscovery normal x86_64 Compiling CampfireVisibility.swift (in target 'PhoneInTheOtherRoomWatchApp' from project 'PhoneInTheOtherRoom')

SwiftDriverJobDiscovery normal arm64 Emitting module for Counting_Sheep_Live_Activity (in target 'PhoneInTheOtherRoomLiveActivity' from project 'PhoneInTheOtherRoom')

SwiftDriver\ Compilation\ Requirements PhoneInTheOtherRoomLiveActivity normal arm64 com.apple.xcode.tools.swift.compiler (in target 'PhoneInTheOtherRoomLiveActivity' from project 'PhoneInTheOtherRoom')
    cd /Users/ngawangchime/Desktop/Developer\ Projects/Phone\ in\ the\ Other\ Room
    builtin-Swift-Compilation-Requirements -- /Applications/Xcode.app/Contents/Developer/Toolchains/XcodeDefault.xctoolchain/usr/bin/swiftc -module-name Counting_Sheep_Live_Activity -Onone @/tmp/counting-sheep-search-build/Build/Intermediates.noindex/PhoneInTheOtherRoom.build/Debug-iphonesimulator/PhoneInTheOtherRoomLiveActivity.build/Objects-normal/arm64/Counting\ Sheep\ Live\ Activity.SwiftFileList -DDEBUG -enable-bare-slash-regex -enable-experimental-feature DebugDescriptionMacro -sdk /Applications/Xcode.app/Contents/Developer/Platforms/iPhoneSimulator.platform/Developer/SDKs/iPhoneSimulator26.5.sdk -target arm64-apple-ios17.0-simulator -g -module-cache-path /tmp/counting-sheep-search-build/ModuleCache.noindex -Xfrontend -serialize-debugging-options -application-extension -enable-testing -index-store-path /tmp/counting-sheep-search-build/Index.noindex/DataStore -Xcc -D_LIBCPP_HARDENING_MODE\=_LIBCPP_HARDENING_MODE_DEBUG -swift-version 5 -I /tmp/counting-sheep-search-build/Build/Products/Debug-iphonesimulator -F /tmp/counting-sheep-search-build/Build/Products/Debug-iphonesimulator -c -j8 -enable-batch-mode -incremental -Xcc -ivfsstatcache -Xcc /tmp/counting-sheep-search-build/SDKStatCaches.noindex/iphonesimulator26.5-23F81a-6cfe768891a92b912361537c460fe42b.sdkstatcache -output-file-map /tmp/counting-sheep-search-build/Build/Intermediates.noindex/PhoneInTheOtherRoom.build/Debug-iphonesimulator/PhoneInTheOtherRoomLiveActivity.build/Objects-normal/arm64/PhoneInTheOtherRoomLiveActivity-OutputFileMap.json -use-frontend-parseable-output -save-temps -no-color-diagnostics -explicit-module-build -module-cache-path /tmp/counting-sheep-search-build/Build/Intermediates.noindex/SwiftExplicitPrecompiledModules -clang-scanner-module-cache-path /tmp/counting-sheep-search-build/ModuleCache.noindex -sdk-module-cache-path /tmp/counting-sheep-search-build/ModuleCache.noindex -serialize-diagnostics -emit-dependencies -emit-module -emit-module-path /tmp/counting-sheep-search-build/Build/Intermediates.noindex/PhoneInTheOtherRoom.build/Debug-iphonesimulator/PhoneInTheOtherRoomLiveActivity.build/Objects-normal/arm64/Counting_Sheep_Live_Activity.swiftmodule -validate-clang-modules-once -clang-build-session-file /tmp/counting-sheep-search-build/ModuleCache.noindex/Session.modulevalidation -Xcc -I/tmp/counting-sheep-search-build/Build/Intermediates.noindex/PhoneInTheOtherRoom.build/Debug-iphonesimulator/PhoneInTheOtherRoomLiveActivity.build/swift-overrides.hmap -emit-const-values -Xfrontend -const-gather-protocols-file -Xfrontend /tmp/counting-sheep-search-build/Build/Intermediates.noindex/PhoneInTheOtherRoom.build/Debug-iphonesimulator/PhoneInTheOtherRoomLiveActivity.build/Objects-normal/arm64/PhoneInTheOtherRoomLiveActivity_const_extract_protocols.json -Xcc -iquote -Xcc /tmp/counting-sheep-search-build/Build/Intermediates.noindex/PhoneInTheOtherRoom.build/Debug-iphonesimulator/PhoneInTheOtherRoomLiveActivity.build/Counting\ Sheep\ Live\ Activity-generated-files.hmap -Xcc -I/tmp/counting-sheep-search-build/Build/Intermediates.noindex/PhoneInTheOtherRoom.build/Debug-iphonesimulator/PhoneInTheOtherRoomLiveActivity.build/Counting\ Sheep\ Live\ Activity-own-target-headers.hmap -Xcc -I/tmp/counting-sheep-search-build/Build/Intermediates.noindex/PhoneInTheOtherRoom.build/Debug-iphonesimulator/PhoneInTheOtherRoomLiveActivity.build/Counting\ Sheep\ Live\ Activity-all-non-framework-target-headers.hmap -Xcc -ivfsoverlay -Xcc /tmp/counting-sheep-search-build/Build/Intermediates.noindex/PhoneInTheOtherRoom.build/Debug-iphonesimulator/PhoneInTheOtherRoom-d9a00fb94435e678319518e524e23875-VFS-iphonesimulator/all-product-headers.yaml -Xcc -iquote -Xcc /tmp/counting-sheep-search-build/Build/Intermediates.noindex/PhoneInTheOtherRoom.build/Debug-iphonesimulator/PhoneInTheOtherRoomLiveActivity.build/Counting\ Sheep\ Live\ Activity-project-headers.hmap -Xcc -I/tmp/counting-sheep-search-build/Build/Products/Debug-iphonesimulator/include -Xcc -I/tmp/counting-sheep-search-build/Build/Intermediates.noindex/PhoneInTheOtherRoom.build/Debug-iphonesimulator/PhoneInTheOtherRoomLiveActivity.build/DerivedSources-normal/arm64 -Xcc -I/tmp/counting-sheep-search-build/Build/Intermediates.noindex/PhoneInTheOtherRoom.build/Debug-iphonesimulator/PhoneInTheOtherRoomLiveActivity.build/DerivedSources/arm64 -Xcc -I/tmp/counting-sheep-search-build/Build/Intermediates.noindex/PhoneInTheOtherRoom.build/Debug-iphonesimulator/PhoneInTheOtherRoomLiveActivity.build/DerivedSources -Xcc -DDEBUG\=1 -emit-objc-header -emit-objc-header-path /tmp/counting-sheep-search-build/Build/Intermediates.noindex/PhoneInTheOtherRoom.build/Debug-iphonesimulator/PhoneInTheOtherRoomLiveActivity.build/Objects-normal/arm64/Counting_Sheep_Live_Activity-Swift.h -working-directory /Users/ngawangchime/Desktop/Developer\ Projects/Phone\ in\ the\ Other\ Room -experimental-emit-module-separately -disable-cmo

SwiftDriverJobDiscovery normal arm64 Compiling CampfireProfile.swift (in target 'PhoneInTheOtherRoomScreenTimeReport' from project 'PhoneInTheOtherRoom')

SwiftDriver\ Compilation PhoneInTheOtherRoomWatchApp normal x86_64 com.apple.xcode.tools.swift.compiler (in target 'PhoneInTheOtherRoomWatchApp' from project 'PhoneInTheOtherRoom')
    cd /Users/ngawangchime/Desktop/Developer\ Projects/Phone\ in\ the\ Other\ Room
    builtin-Swift-Compilation -- /Applications/Xcode.app/Contents/Developer/Toolchains/XcodeDefault.xctoolchain/usr/bin/swiftc -module-name Counting_Sheep_Watch -Onone @/tmp/counting-sheep-search-build/Build/Intermediates.noindex/PhoneInTheOtherRoom.build/Debug-watchsimulator/PhoneInTheOtherRoomWatchApp.build/Objects-normal/x86_64/Counting\ Sheep\ Watch.SwiftFileList -DDEBUG -enable-bare-slash-regex -enable-experimental-feature DebugDescriptionMacro -sdk /Applications/Xcode.app/Contents/Developer/Platforms/WatchSimulator.platform/Developer/SDKs/WatchSimulator26.5.sdk -target x86_64-apple-watchos10.0-simulator -g -module-cache-path /tmp/counting-sheep-search-build/ModuleCache.noindex -Xfrontend -serialize-debugging-options -enable-testing -index-store-path /tmp/counting-sheep-search-build/Index.noindex/DataStore -Xcc -D_LIBCPP_HARDENING_MODE\=_LIBCPP_HARDENING_MODE_DEBUG -swift-version 5 -I /tmp/counting-sheep-search-build/Build/Products/Debug-watchsimulator -F /tmp/counting-sheep-search-build/Build/Products/Debug-watchsimulator -c -j8 -enable-batch-mode -incremental -Xcc -ivfsstatcache -Xcc /tmp/counting-sheep-search-build/SDKStatCaches.noindex/watchsimulator26.5-23T570-1651579a441f1322ae888f0ed545cb80.sdkstatcache -output-file-map /tmp/counting-sheep-search-build/Build/Intermediates.noindex/PhoneInTheOtherRoom.build/Debug-watchsimulator/PhoneInTheOtherRoomWatchApp.build/Objects-normal/x86_64/PhoneInTheOtherRoomWatchApp-OutputFileMap.json -use-frontend-parseable-output -save-temps -no-color-diagnostics -explicit-module-build -module-cache-path /tmp/counting-sheep-search-build/Build/Intermediates.noindex/SwiftExplicitPrecompiledModules -clang-scanner-module-cache-path /tmp/counting-sheep-search-build/ModuleCache.noindex -sdk-module-cache-path /tmp/counting-sheep-search-build/ModuleCache.noindex -serialize-diagnostics -emit-dependencies -emit-module -emit-module-path /tmp/counting-sheep-search-build/Build/Intermediates.noindex/PhoneInTheOtherRoom.build/Debug-watchsimulator/PhoneInTheOtherRoomWatchApp.build/Objects-normal/x86_64/Counting_Sheep_Watch.swiftmodule -validate-clang-modules-once -clang-build-session-file /tmp/counting-sheep-search-build/ModuleCache.noindex/Session.modulevalidation -Xcc -I/tmp/counting-sheep-search-build/Build/Intermediates.noindex/PhoneInTheOtherRoom.build/Debug-watchsimulator/PhoneInTheOtherRoomWatchApp.build/swift-overrides.hmap -emit-const-values -Xfrontend -const-gather-protocols-file -Xfrontend /tmp/counting-sheep-search-build/Build/Intermediates.noindex/PhoneInTheOtherRoom.build/Debug-watchsimulator/PhoneInTheOtherRoomWatchApp.build/Objects-normal/x86_64/PhoneInTheOtherRoomWatchApp_const_extract_protocols.json -Xcc -iquote -Xcc /tmp/counting-sheep-search-build/Build/Intermediates.noindex/PhoneInTheOtherRoom.build/Debug-watchsimulator/PhoneInTheOtherRoomWatchApp.build/Counting\ Sheep\ Watch-generated-files.hmap -Xcc -I/tmp/counting-sheep-search-build/Build/Intermediates.noindex/PhoneInTheOtherRoom.build/Debug-watchsimulator/PhoneInTheOtherRoomWatchApp.build/Counting\ Sheep\ Watch-own-target-headers.hmap -Xcc -I/tmp/counting-sheep-search-build/Build/Intermediates.noindex/PhoneInTheOtherRoom.build/Debug-watchsimulator/PhoneInTheOtherRoomWatchApp.build/Counting\ Sheep\ Watch-all-non-framework-target-headers.hmap -Xcc -ivfsoverlay -Xcc /tmp/counting-sheep-search-build/Build/Intermediates.noindex/PhoneInTheOtherRoom.build/Debug-watchsimulator/PhoneInTheOtherRoom-d9a00fb94435e678319518e524e23875-VFS-watchsimulator/all-product-headers.yaml -Xcc -iquote -Xcc /tmp/counting-sheep-search-build/Build/Intermediates.noindex/PhoneInTheOtherRoom.build/Debug-watchsimulator/PhoneInTheOtherRoomWatchApp.build/Counting\ Sheep\ Watch-project-headers.hmap -Xcc -I/tmp/counting-sheep-search-build/Build/Products/Debug-watchsimulator/include -Xcc -I/tmp/counting-sheep-search-build/Build/Intermediates.noindex/PhoneInTheOtherRoom.build/Debug-watchsimulator/PhoneInTheOtherRoomWatchApp.build/DerivedSources-normal/x86_64 -Xcc -I/tmp/counting-sheep-search-build/Build/Intermediates.noindex/PhoneInTheOtherRoom.build/Debug-watchsimulator/PhoneInTheOtherRoomWatchApp.build/DerivedSources/x86_64 -Xcc -I/tmp/counting-sheep-search-build/Build/Intermediates.noindex/PhoneInTheOtherRoom.build/Debug-watchsimulator/PhoneInTheOtherRoomWatchApp.build/DerivedSources -Xcc -DDEBUG\=1 -emit-objc-header -emit-objc-header-path /tmp/counting-sheep-search-build/Build/Intermediates.noindex/PhoneInTheOtherRoom.build/Debug-watchsimulator/PhoneInTheOtherRoomWatchApp.build/Objects-normal/x86_64/Counting_Sheep_Watch-Swift.h -working-directory /Users/ngawangchime/Desktop/Developer\ Projects/Phone\ in\ the\ Other\ Room -experimental-emit-module-separately -disable-cmo

SwiftDriverJobDiscovery normal x86_64 Emitting module for Counting_Sheep_Live_Activity (in target 'PhoneInTheOtherRoomLiveActivity' from project 'PhoneInTheOtherRoom')

SwiftDriver\ Compilation\ Requirements PhoneInTheOtherRoomLiveActivity normal x86_64 com.apple.xcode.tools.swift.compiler (in target 'PhoneInTheOtherRoomLiveActivity' from project 'PhoneInTheOtherRoom')
    cd /Users/ngawangchime/Desktop/Developer\ Projects/Phone\ in\ the\ Other\ Room
    builtin-Swift-Compilation-Requirements -- /Applications/Xcode.app/Contents/Developer/Toolchains/XcodeDefault.xctoolchain/usr/bin/swiftc -module-name Counting_Sheep_Live_Activity -Onone @/tmp/counting-sheep-search-build/Build/Intermediates.noindex/PhoneInTheOtherRoom.build/Debug-iphonesimulator/PhoneInTheOtherRoomLiveActivity.build/Objects-normal/x86_64/Counting\ Sheep\ Live\ Activity.SwiftFileList -DDEBUG -enable-bare-slash-regex -enable-experimental-feature DebugDescriptionMacro -sdk /Applications/Xcode.app/Contents/Developer/Platforms/iPhoneSimulator.platform/Developer/SDKs/iPhoneSimulator26.5.sdk -target x86_64-apple-ios17.0-simulator -g -module-cache-path /tmp/counting-sheep-search-build/ModuleCache.noindex -Xfrontend -serialize-debugging-options -application-extension -enable-testing -index-store-path /tmp/counting-sheep-search-build/Index.noindex/DataStore -Xcc -D_LIBCPP_HARDENING_MODE\=_LIBCPP_HARDENING_MODE_DEBUG -swift-version 5 -I /tmp/counting-sheep-search-build/Build/Products/Debug-iphonesimulator -F /tmp/counting-sheep-search-build/Build/Products/Debug-iphonesimulator -c -j8 -enable-batch-mode -incremental -Xcc -ivfsstatcache -Xcc /tmp/counting-sheep-search-build/SDKStatCaches.noindex/iphonesimulator26.5-23F81a-6cfe768891a92b912361537c460fe42b.sdkstatcache -output-file-map /tmp/counting-sheep-search-build/Build/Intermediates.noindex/PhoneInTheOtherRoom.build/Debug-iphonesimulator/PhoneInTheOtherRoomLiveActivity.build/Objects-normal/x86_64/PhoneInTheOtherRoomLiveActivity-OutputFileMap.json -use-frontend-parseable-output -save-temps -no-color-diagnostics -explicit-module-build -module-cache-path /tmp/counting-sheep-search-build/Build/Intermediates.noindex/SwiftExplicitPrecompiledModules -clang-scanner-module-cache-path /tmp/counting-sheep-search-build/ModuleCache.noindex -sdk-module-cache-path /tmp/counting-sheep-search-build/ModuleCache.noindex -serialize-diagnostics -emit-dependencies -emit-module -emit-module-path /tmp/counting-sheep-search-build/Build/Intermediates.noindex/PhoneInTheOtherRoom.build/Debug-iphonesimulator/PhoneInTheOtherRoomLiveActivity.build/Objects-normal/x86_64/Counting_Sheep_Live_Activity.swiftmodule -validate-clang-modules-once -clang-build-session-file /tmp/counting-sheep-search-build/ModuleCache.noindex/Session.modulevalidation -Xcc -I/tmp/counting-sheep-search-build/Build/Intermediates.noindex/PhoneInTheOtherRoom.build/Debug-iphonesimulator/PhoneInTheOtherRoomLiveActivity.build/swift-overrides.hmap -emit-const-values -Xfrontend -const-gather-protocols-file -Xfrontend /tmp/counting-sheep-search-build/Build/Intermediates.noindex/PhoneInTheOtherRoom.build/Debug-iphonesimulator/PhoneInTheOtherRoomLiveActivity.build/Objects-normal/x86_64/PhoneInTheOtherRoomLiveActivity_const_extract_protocols.json -Xcc -iquote -Xcc /tmp/counting-sheep-search-build/Build/Intermediates.noindex/PhoneInTheOtherRoom.build/Debug-iphonesimulator/PhoneInTheOtherRoomLiveActivity.build/Counting\ Sheep\ Live\ Activity-generated-files.hmap -Xcc -I/tmp/counting-sheep-search-build/Build/Intermediates.noindex/PhoneInTheOtherRoom.build/Debug-iphonesimulator/PhoneInTheOtherRoomLiveActivity.build/Counting\ Sheep\ Live\ Activity-own-target-headers.hmap -Xcc -I/tmp/counting-sheep-search-build/Build/Intermediates.noindex/PhoneInTheOtherRoom.build/Debug-iphonesimulator/PhoneInTheOtherRoomLiveActivity.build/Counting\ Sheep\ Live\ Activity-all-non-framework-target-headers.hmap -Xcc -ivfsoverlay -Xcc /tmp/counting-sheep-search-build/Build/Intermediates.noindex/PhoneInTheOtherRoom.build/Debug-iphonesimulator/PhoneInTheOtherRoom-d9a00fb94435e678319518e524e23875-VFS-iphonesimulator/all-product-headers.yaml -Xcc -iquote -Xcc /tmp/counting-sheep-search-build/Build/Intermediates.noindex/PhoneInTheOtherRoom.build/Debug-iphonesimulator/PhoneInTheOtherRoomLiveActivity.build/Counting\ Sheep\ Live\ Activity-project-headers.hmap -Xcc -I/tmp/counting-sheep-search-build/Build/Products/Debug-iphonesimulator/include -Xcc -I/tmp/counting-sheep-search-build/Build/Intermediates.noindex/PhoneInTheOtherRoom.build/Debug-iphonesimulator/PhoneInTheOtherRoomLiveActivity.build/DerivedSources-normal/x86_64 -Xcc -I/tmp/counting-sheep-search-build/Build/Intermediates.noindex/PhoneInTheOtherRoom.build/Debug-iphonesimulator/PhoneInTheOtherRoomLiveActivity.build/DerivedSources/x86_64 -Xcc -I/tmp/counting-sheep-search-build/Build/Intermediates.noindex/PhoneInTheOtherRoom.build/Debug-iphonesimulator/PhoneInTheOtherRoomLiveActivity.build/DerivedSources -Xcc -DDEBUG\=1 -emit-objc-header -emit-objc-header-path /tmp/counting-sheep-search-build/Build/Intermediates.noindex/PhoneInTheOtherRoom.build/Debug-iphonesimulator/PhoneInTheOtherRoomLiveActivity.build/Objects-normal/x86_64/Counting_Sheep_Live_Activity-Swift.h -working-directory /Users/ngawangchime/Desktop/Developer\ Projects/Phone\ in\ the\ Other\ Room -experimental-emit-module-separately -disable-cmo

SwiftCompile normal arm64 Compiling\ CampfireVisibility.swift /Users/ngawangchime/Desktop/Developer\ Projects/Phone\ in\ the\ Other\ Room/Shared/CampfireVisibility.swift (in target 'PhoneInTheOtherRoomScreenTimeReport' from project 'PhoneInTheOtherRoom')
SwiftCompile normal arm64 /Users/ngawangchime/Desktop/Developer\ Projects/Phone\ in\ the\ Other\ Room/Shared/CampfireVisibility.swift (in target 'PhoneInTheOtherRoomScreenTimeReport' from project 'PhoneInTheOtherRoom')
    cd /Users/ngawangchime/Desktop/Developer\ Projects/Phone\ in\ the\ Other\ Room


Copy /tmp/counting-sheep-search-build/Build/Products/Debug-iphonesimulator/Counting_Sheep_Live_Activity.swiftmodule/x86_64-apple-ios-simulator.swiftmodule /tmp/counting-sheep-search-build/Build/Intermediates.noindex/PhoneInTheOtherRoom.build/Debug-iphonesimulator/PhoneInTheOtherRoomLiveActivity.build/Objects-normal/x86_64/Counting_Sheep_Live_Activity.swiftmodule (in target 'PhoneInTheOtherRoomLiveActivity' from project 'PhoneInTheOtherRoom')
    cd /Users/ngawangchime/Desktop/Developer\ Projects/Phone\ in\ the\ Other\ Room
    builtin-copy -exclude .DS_Store -exclude CVS -exclude .svn -exclude .git -exclude .hg -resolve-src-symlinks -rename /tmp/counting-sheep-search-build/Build/Intermediates.noindex/PhoneInTheOtherRoom.build/Debug-iphonesimulator/PhoneInTheOtherRoomLiveActivity.build/Objects-normal/x86_64/Counting_Sheep_Live_Activity.swiftmodule /tmp/counting-sheep-search-build/Build/Products/Debug-iphonesimulator/Counting_Sheep_Live_Activity.swiftmodule/x86_64-apple-ios-simulator.swiftmodule

SwiftDriverJobDiscovery normal x86_64 Compiling CampfireVisibility.swift (in target 'PhoneInTheOtherRoomScreenTimeReport' from project 'PhoneInTheOtherRoom')

Copy /tmp/counting-sheep-search-build/Build/Products/Debug-iphonesimulator/Counting_Sheep_Live_Activity.swiftmodule/x86_64-apple-ios-simulator.abi.json /tmp/counting-sheep-search-build/Build/Intermediates.noindex/PhoneInTheOtherRoom.build/Debug-iphonesimulator/PhoneInTheOtherRoomLiveActivity.build/Objects-normal/x86_64/Counting_Sheep_Live_Activity.abi.json (in target 'PhoneInTheOtherRoomLiveActivity' from project 'PhoneInTheOtherRoom')
    cd /Users/ngawangchime/Desktop/Developer\ Projects/Phone\ in\ the\ Other\ Room
    builtin-copy -exclude .DS_Store -exclude CVS -exclude .svn -exclude .git -exclude .hg -resolve-src-symlinks -rename /tmp/counting-sheep-search-build/Build/Intermediates.noindex/PhoneInTheOtherRoom.build/Debug-iphonesimulator/PhoneInTheOtherRoomLiveActivity.build/Objects-normal/x86_64/Counting_Sheep_Live_Activity.abi.json /tmp/counting-sheep-search-build/Build/Products/Debug-iphonesimulator/Counting_Sheep_Live_Activity.swiftmodule/x86_64-apple-ios-simulator.abi.json

Copy /tmp/counting-sheep-search-build/Build/Products/Debug-iphonesimulator/Counting_Sheep_Live_Activity.swiftmodule/arm64-apple-ios-simulator.swiftmodule /tmp/counting-sheep-search-build/Build/Intermediates.noindex/PhoneInTheOtherRoom.build/Debug-iphonesimulator/PhoneInTheOtherRoomLiveActivity.build/Objects-normal/arm64/Counting_Sheep_Live_Activity.swiftmodule (in target 'PhoneInTheOtherRoomLiveActivity' from project 'PhoneInTheOtherRoom')
    cd /Users/ngawangchime/Desktop/Developer\ Projects/Phone\ in\ the\ Other\ Room
    builtin-copy -exclude .DS_Store -exclude CVS -exclude .svn -exclude .git -exclude .hg -resolve-src-symlinks -rename /tmp/counting-sheep-search-build/Build/Intermediates.noindex/PhoneInTheOtherRoom.build/Debug-iphonesimulator/PhoneInTheOtherRoomLiveActivity.build/Objects-normal/arm64/Counting_Sheep_Live_Activity.swiftmodule /tmp/counting-sheep-search-build/Build/Products/Debug-iphonesimulator/Counting_Sheep_Live_Activity.swiftmodule/arm64-apple-ios-simulator.swiftmodule

Copy /tmp/counting-sheep-search-build/Build/Products/Debug-iphonesimulator/Counting_Sheep_Live_Activity.swiftmodule/arm64-apple-ios-simulator.abi.json /tmp/counting-sheep-search-build/Build/Intermediates.noindex/PhoneInTheOtherRoom.build/Debug-iphonesimulator/PhoneInTheOtherRoomLiveActivity.build/Objects-normal/arm64/Counting_Sheep_Live_Activity.abi.json (in target 'PhoneInTheOtherRoomLiveActivity' from project 'PhoneInTheOtherRoom')
    cd /Users/ngawangchime/Desktop/Developer\ Projects/Phone\ in\ the\ Other\ Room
    builtin-copy -exclude .DS_Store -exclude CVS -exclude .svn -exclude .git -exclude .hg -resolve-src-symlinks -rename /tmp/counting-sheep-search-build/Build/Intermediates.noindex/PhoneInTheOtherRoom.build/Debug-iphonesimulator/PhoneInTheOtherRoomLiveActivity.build/Objects-normal/arm64/Counting_Sheep_Live_Activity.abi.json /tmp/counting-sheep-search-build/Build/Products/Debug-iphonesimulator/Counting_Sheep_Live_Activity.swiftmodule/arm64-apple-ios-simulator.abi.json

Copy /tmp/counting-sheep-search-build/Build/Products/Debug-iphonesimulator/Counting_Sheep_Live_Activity.swiftmodule/Project/x86_64-apple-ios-simulator.swiftsourceinfo /tmp/counting-sheep-search-build/Build/Intermediates.noindex/PhoneInTheOtherRoom.build/Debug-iphonesimulator/PhoneInTheOtherRoomLiveActivity.build/Objects-normal/x86_64/Counting_Sheep_Live_Activity.swiftsourceinfo (in target 'PhoneInTheOtherRoomLiveActivity' from project 'PhoneInTheOtherRoom')
    cd /Users/ngawangchime/Desktop/Developer\ Projects/Phone\ in\ the\ Other\ Room
    builtin-copy -exclude .DS_Store -exclude CVS -exclude .svn -exclude .git -exclude .hg -resolve-src-symlinks -rename /tmp/counting-sheep-search-build/Build/Intermediates.noindex/PhoneInTheOtherRoom.build/Debug-iphonesimulator/PhoneInTheOtherRoomLiveActivity.build/Objects-normal/x86_64/Counting_Sheep_Live_Activity.swiftsourceinfo /tmp/counting-sheep-search-build/Build/Products/Debug-iphonesimulator/Counting_Sheep_Live_Activity.swiftmodule/Project/x86_64-apple-ios-simulator.swiftsourceinfo

Copy /tmp/counting-sheep-search-build/Build/Products/Debug-iphonesimulator/Counting_Sheep_Live_Activity.swiftmodule/Project/arm64-apple-ios-simulator.swiftsourceinfo /tmp/counting-sheep-search-build/Build/Intermediates.noindex/PhoneInTheOtherRoom.build/Debug-iphonesimulator/PhoneInTheOtherRoomLiveActivity.build/Objects-normal/arm64/Counting_Sheep_Live_Activity.swiftsourceinfo (in target 'PhoneInTheOtherRoomLiveActivity' from project 'PhoneInTheOtherRoom')
    cd /Users/ngawangchime/Desktop/Developer\ Projects/Phone\ in\ the\ Other\ Room
    builtin-copy -exclude .DS_Store -exclude CVS -exclude .svn -exclude .git -exclude .hg -resolve-src-symlinks -rename /tmp/counting-sheep-search-build/Build/Intermediates.noindex/PhoneInTheOtherRoom.build/Debug-iphonesimulator/PhoneInTheOtherRoomLiveActivity.build/Objects-normal/arm64/Counting_Sheep_Live_Activity.swiftsourceinfo /tmp/counting-sheep-search-build/Build/Products/Debug-iphonesimulator/Counting_Sheep_Live_Activity.swiftmodule/Project/arm64-apple-ios-simulator.swiftsourceinfo

SwiftDriver\ Compilation PhoneInTheOtherRoomScreenTimeReport normal x86_64 com.apple.xcode.tools.swift.compiler (in target 'PhoneInTheOtherRoomScreenTimeReport' from project 'PhoneInTheOtherRoom')
    cd /Users/ngawangchime/Desktop/Developer\ Projects/Phone\ in\ the\ Other\ Room
    builtin-Swift-Compilation -- /Applications/Xcode.app/Contents/Developer/Toolchains/XcodeDefault.xctoolchain/usr/bin/swiftc -module-name Counting_Sheep_Screen_Time_Report -Onone @/tmp/counting-sheep-search-build/Build/Intermediates.noindex/PhoneInTheOtherRoom.build/Debug-iphonesimulator/PhoneInTheOtherRoomScreenTimeReport.build/Objects-normal/x86_64/Counting\ Sheep\ Screen\ Time\ Report.SwiftFileList -DDEBUG -DSCREEN_TIME_REPORTS -enable-bare-slash-regex -enable-experimental-feature DebugDescriptionMacro -sdk /Applications/Xcode.app/Contents/Developer/Platforms/iPhoneSimulator.platform/Developer/SDKs/iPhoneSimulator26.5.sdk -target x86_64-apple-ios17.0-simulator -g -module-cache-path /tmp/counting-sheep-search-build/ModuleCache.noindex -Xfrontend -serialize-debugging-options -application-extension -enable-testing -index-store-path /tmp/counting-sheep-search-build/Index.noindex/DataStore -Xcc -D_LIBCPP_HARDENING_MODE\=_LIBCPP_HARDENING_MODE_DEBUG -swift-version 5 -I /tmp/counting-sheep-search-build/Build/Products/Debug-iphonesimulator -F /tmp/counting-sheep-search-build/Build/Products/Debug-iphonesimulator -c -j8 -enable-batch-mode -incremental -Xcc -ivfsstatcache -Xcc /tmp/counting-sheep-search-build/SDKStatCaches.noindex/iphonesimulator26.5-23F81a-6cfe768891a92b912361537c460fe42b.sdkstatcache -output-file-map /tmp/counting-sheep-search-build/Build/Intermediates.noindex/PhoneInTheOtherRoom.build/Debug-iphonesimulator/PhoneInTheOtherRoomScreenTimeReport.build/Objects-normal/x86_64/PhoneInTheOtherRoomScreenTimeReport-OutputFileMap.json -use-frontend-parseable-output -save-temps -no-color-diagnostics -explicit-module-build -module-cache-path /tmp/counting-sheep-search-build/Build/Intermediates.noindex/SwiftExplicitPrecompiledModules -clang-scanner-module-cache-path /tmp/counting-sheep-search-build/ModuleCache.noindex -sdk-module-cache-path /tmp/counting-sheep-search-build/ModuleCache.noindex -serialize-diagnostics -emit-dependencies -emit-module -emit-module-path /tmp/counting-sheep-search-build/Build/Intermediates.noindex/PhoneInTheOtherRoom.build/Debug-iphonesimulator/PhoneInTheOtherRoomScreenTimeReport.build/Objects-normal/x86_64/Counting_Sheep_Screen_Time_Report.swiftmodule -validate-clang-modules-once -clang-build-session-file /tmp/counting-sheep-search-build/ModuleCache.noindex/Session.modulevalidation -Xcc -I/tmp/counting-sheep-search-build/Build/Intermediates.noindex/PhoneInTheOtherRoom.build/Debug-iphonesimulator/PhoneInTheOtherRoomScreenTimeReport.build/swift-overrides.hmap -emit-const-values -Xfrontend -const-gather-protocols-file -Xfrontend /tmp/counting-sheep-search-build/Build/Intermediates.noindex/PhoneInTheOtherRoom.build/Debug-iphonesimulator/PhoneInTheOtherRoomScreenTimeReport.build/Objects-normal/x86_64/PhoneInTheOtherRoomScreenTimeReport_const_extract_protocols.json -Xcc -iquote -Xcc /tmp/counting-sheep-search-build/Build/Intermediates.noindex/PhoneInTheOtherRoom.build/Debug-iphonesimulator/PhoneInTheOtherRoomScreenTimeReport.build/Counting\ Sheep\ Screen\ Time\ Report-generated-files.hmap -Xcc -I/tmp/counting-sheep-search-build/Build/Intermediates.noindex/PhoneInTheOtherRoom.build/Debug-iphonesimulator/PhoneInTheOtherRoomScreenTimeReport.build/Counting\ Sheep\ Screen\ Time\ Report-own-target-headers.hmap -Xcc -I/tmp/counting-sheep-search-build/Build/Intermediates.noindex/PhoneInTheOtherRoom.build/Debug-iphonesimulator/PhoneInTheOtherRoomScreenTimeReport.build/Counting\ Sheep\ Screen\ Time\ Report-all-non-framework-target-headers.hmap -Xcc -ivfsoverlay -Xcc /tmp/counting-sheep-search-build/Build/Intermediates.noindex/PhoneInTheOtherRoom.build/Debug-iphonesimulator/PhoneInTheOtherRoom-d9a00fb94435e678319518e524e23875-VFS-iphonesimulator/all-product-headers.yaml -Xcc -iquote -Xcc /tmp/counting-sheep-search-build/Build/Intermediates.noindex/PhoneInTheOtherRoom.build/Debug-iphonesimulator/PhoneInTheOtherRoomScreenTimeReport.build/Counting\ Sheep\ Screen\ Time\ Report-project-headers.hmap -Xcc -I/tmp/counting-sheep-search-build/Build/Products/Debug-iphonesimulator/include -Xcc -I/tmp/counting-sheep-search-build/Build/Intermediates.noindex/PhoneInTheOtherRoom.build/Debug-iphonesimulator/PhoneInTheOtherRoomScreenTimeReport.build/DerivedSources-normal/x86_64 -Xcc -I/tmp/counting-sheep-search-build/Build/Intermediates.noindex/PhoneInTheOtherRoom.build/Debug-iphonesimulator/PhoneInTheOtherRoomScreenTimeReport.build/DerivedSources/x86_64 -Xcc -I/tmp/counting-sheep-search-build/Build/Intermediates.noindex/PhoneInTheOtherRoom.build/Debug-iphonesimulator/PhoneInTheOtherRoomScreenTimeReport.build/DerivedSources -Xcc -DDEBUG\=1 -emit-objc-header -emit-objc-header-path /tmp/counting-sheep-search-build/Build/Intermediates.noindex/PhoneInTheOtherRoom.build/Debug-iphonesimulator/PhoneInTheOtherRoomScreenTimeReport.build/Objects-normal/x86_64/Counting_Sheep_Screen_Time_Report-Swift.h -working-directory /Users/ngawangchime/Desktop/Developer\ Projects/Phone\ in\ the\ Other\ Room -experimental-emit-module-separately -disable-cmo

SwiftCompile normal arm64 Compiling\ CampfireProfile.swift /Users/ngawangchime/Desktop/Developer\ Projects/Phone\ in\ the\ Other\ Room/Shared/CampfireProfile.swift (in target 'PhoneInTheOtherRoomLiveActivity' from project 'PhoneInTheOtherRoom')
SwiftCompile normal arm64 /Users/ngawangchime/Desktop/Developer\ Projects/Phone\ in\ the\ Other\ Room/Shared/CampfireProfile.swift (in target 'PhoneInTheOtherRoomLiveActivity' from project 'PhoneInTheOtherRoom')
    cd /Users/ngawangchime/Desktop/Developer\ Projects/Phone\ in\ the\ Other\ Room


SwiftDriverJobDiscovery normal x86_64 Emitting module for Counting_Sheep_Wind_Down_Monitor (in target 'PhoneInTheOtherRoomDeviceActivityMonitor' from project 'PhoneInTheOtherRoom')

SwiftDriver\ Compilation\ Requirements PhoneInTheOtherRoomDeviceActivityMonitor normal x86_64 com.apple.xcode.tools.swift.compiler (in target 'PhoneInTheOtherRoomDeviceActivityMonitor' from project 'PhoneInTheOtherRoom')
    cd /Users/ngawangchime/Desktop/Developer\ Projects/Phone\ in\ the\ Other\ Room
    builtin-Swift-Compilation-Requirements -- /Applications/Xcode.app/Contents/Developer/Toolchains/XcodeDefault.xctoolchain/usr/bin/swiftc -module-name Counting_Sheep_Wind_Down_Monitor -Onone @/tmp/counting-sheep-search-build/Build/Intermediates.noindex/PhoneInTheOtherRoom.build/Debug-iphonesimulator/PhoneInTheOtherRoomDeviceActivityMonitor.build/Objects-normal/x86_64/Counting\ Sheep\ Wind\ Down\ Monitor.SwiftFileList -DDEBUG -DSCREEN_TIME_REPORTS -enable-bare-slash-regex -enable-experimental-feature DebugDescriptionMacro -sdk /Applications/Xcode.app/Contents/Developer/Platforms/iPhoneSimulator.platform/Developer/SDKs/iPhoneSimulator26.5.sdk -target x86_64-apple-ios17.0-simulator -g -module-cache-path /tmp/counting-sheep-search-build/ModuleCache.noindex -Xfrontend -serialize-debugging-options -application-extension -enable-testing -index-store-path /tmp/counting-sheep-search-build/Index.noindex/DataStore -Xcc -D_LIBCPP_HARDENING_MODE\=_LIBCPP_HARDENING_MODE_DEBUG -swift-version 5 -I /tmp/counting-sheep-search-build/Build/Products/Debug-iphonesimulator -F /tmp/counting-sheep-search-build/Build/Products/Debug-iphonesimulator -c -j8 -enable-batch-mode -incremental -Xcc -ivfsstatcache -Xcc /tmp/counting-sheep-search-build/SDKStatCaches.noindex/iphonesimulator26.5-23F81a-6cfe768891a92b912361537c460fe42b.sdkstatcache -output-file-map /tmp/counting-sheep-search-build/Build/Intermediates.noindex/PhoneInTheOtherRoom.build/Debug-iphonesimulator/PhoneInTheOtherRoomDeviceActivityMonitor.build/Objects-normal/x86_64/PhoneInTheOtherRoomDeviceActivityMonitor-OutputFileMap.json -use-frontend-parseable-output -save-temps -no-color-diagnostics -explicit-module-build -module-cache-path /tmp/counting-sheep-search-build/Build/Intermediates.noindex/SwiftExplicitPrecompiledModules -clang-scanner-module-cache-path /tmp/counting-sheep-search-build/ModuleCache.noindex -sdk-module-cache-path /tmp/counting-sheep-search-build/ModuleCache.noindex -serialize-diagnostics -emit-dependencies -emit-module -emit-module-path /tmp/counting-sheep-search-build/Build/Intermediates.noindex/PhoneInTheOtherRoom.build/Debug-iphonesimulator/PhoneInTheOtherRoomDeviceActivityMonitor.build/Objects-normal/x86_64/Counting_Sheep_Wind_Down_Monitor.swiftmodule -validate-clang-modules-once -clang-build-session-file /tmp/counting-sheep-search-build/ModuleCache.noindex/Session.modulevalidation -Xcc -I/tmp/counting-sheep-search-build/Build/Intermediates.noindex/PhoneInTheOtherRoom.build/Debug-iphonesimulator/PhoneInTheOtherRoomDeviceActivityMonitor.build/swift-overrides.hmap -emit-const-values -Xfrontend -const-gather-protocols-file -Xfrontend /tmp/counting-sheep-search-build/Build/Intermediates.noindex/PhoneInTheOtherRoom.build/Debug-iphonesimulator/PhoneInTheOtherRoomDeviceActivityMonitor.build/Objects-normal/x86_64/PhoneInTheOtherRoomDeviceActivityMonitor_const_extract_protocols.json -Xcc -iquote -Xcc /tmp/counting-sheep-search-build/Build/Intermediates.noindex/PhoneInTheOtherRoom.build/Debug-iphonesimulator/PhoneInTheOtherRoomDeviceActivityMonitor.build/Counting\ Sheep\ Wind\ Down\ Monitor-generated-files.hmap -Xcc -I/tmp/counting-sheep-search-build/Build/Intermediates.noindex/PhoneInTheOtherRoom.build/Debug-iphonesimulator/PhoneInTheOtherRoomDeviceActivityMonitor.build/Counting\ Sheep\ Wind\ Down\ Monitor-own-target-headers.hmap -Xcc -I/tmp/counting-sheep-search-build/Build/Intermediates.noindex/PhoneInTheOtherRoom.build/Debug-iphonesimulator/PhoneInTheOtherRoomDeviceActivityMonitor.build/Counting\ Sheep\ Wind\ Down\ Monitor-all-non-framework-target-headers.hmap -Xcc -ivfsoverlay -Xcc /tmp/counting-sheep-search-build/Build/Intermediates.noindex/PhoneInTheOtherRoom.build/Debug-iphonesimulator/PhoneInTheOtherRoom-d9a00fb94435e678319518e524e23875-VFS-iphonesimulator/all-product-headers.yaml -Xcc -iquote -Xcc /tmp/counting-sheep-search-build/Build/Intermediates.noindex/PhoneInTheOtherRoom.build/Debug-iphonesimulator/PhoneInTheOtherRoomDeviceActivityMonitor.build/Counting\ Sheep\ Wind\ Down\ Monitor-project-headers.hmap -Xcc -I/tmp/counting-sheep-search-build/Build/Products/Debug-iphonesimulator/include -Xcc -I/tmp/counting-sheep-search-build/Build/Intermediates.noindex/PhoneInTheOtherRoom.build/Debug-iphonesimulator/PhoneInTheOtherRoomDeviceActivityMonitor.build/DerivedSources-normal/x86_64 -Xcc -I/tmp/counting-sheep-search-build/Build/Intermediates.noindex/PhoneInTheOtherRoom.build/Debug-iphonesimulator/PhoneInTheOtherRoomDeviceActivityMonitor.build/DerivedSources/x86_64 -Xcc -I/tmp/counting-sheep-search-build/Build/Intermediates.noindex/PhoneInTheOtherRoom.build/Debug-iphonesimulator/PhoneInTheOtherRoomDeviceActivityMonitor.build/DerivedSources -Xcc -DDEBUG\=1 -emit-objc-header -emit-objc-header-path /tmp/counting-sheep-search-build/Build/Intermediates.noindex/PhoneInTheOtherRoom.build/Debug-iphonesimulator/PhoneInTheOtherRoomDeviceActivityMonitor.build/Objects-normal/x86_64/Counting_Sheep_Wind_Down_Monitor-Swift.h -working-directory /Users/ngawangchime/Desktop/Developer\ Projects/Phone\ in\ the\ Other\ Room -experimental-emit-module-separately -disable-cmo

SwiftDriverJobDiscovery normal arm64 Compiling CampfireVisibility.swift (in target 'PhoneInTheOtherRoomScreenTimeReport' from project 'PhoneInTheOtherRoom')

ProcessInfoPlistFile /tmp/counting-sheep-search-build/Build/Products/Debug-iphonesimulator/Counting\ Sheep\ Live\ Activity.appex/Info.plist /Users/ngawangchime/Desktop/Developer\ Projects/Phone\ in\ the\ Other\ Room/PhoneInTheOtherRoomLiveActivity/Info.plist (in target 'PhoneInTheOtherRoomLiveActivity' from project 'PhoneInTheOtherRoom')
    cd /Users/ngawangchime/Desktop/Developer\ Projects/Phone\ in\ the\ Other\ Room
    builtin-infoPlistUtility /Users/ngawangchime/Desktop/Developer\ Projects/Phone\ in\ the\ Other\ Room/PhoneInTheOtherRoomLiveActivity/Info.plist -producttype com.apple.product-type.app-extension -expandbuildsettings -format binary -platform iphonesimulator -additionalcontentfile /tmp/counting-sheep-search-build/Build/Intermediates.noindex/PhoneInTheOtherRoom.build/Debug-iphonesimulator/PhoneInTheOtherRoomLiveActivity.build/assetcatalog_generated_info.plist -o /tmp/counting-sheep-search-build/Build/Products/Debug-iphonesimulator/Counting\ Sheep\ Live\ Activity.appex/Info.plist

SwiftDriverJobDiscovery normal arm64 Emitting module for Counting_Sheep_Wind_Down_Monitor (in target 'PhoneInTheOtherRoomDeviceActivityMonitor' from project 'PhoneInTheOtherRoom')

SwiftDriver\ Compilation\ Requirements PhoneInTheOtherRoomDeviceActivityMonitor normal arm64 com.apple.xcode.tools.swift.compiler (in target 'PhoneInTheOtherRoomDeviceActivityMonitor' from project 'PhoneInTheOtherRoom')
    cd /Users/ngawangchime/Desktop/Developer\ Projects/Phone\ in\ the\ Other\ Room
    builtin-Swift-Compilation-Requirements -- /Applications/Xcode.app/Contents/Developer/Toolchains/XcodeDefault.xctoolchain/usr/bin/swiftc -module-name Counting_Sheep_Wind_Down_Monitor -Onone @/tmp/counting-sheep-search-build/Build/Intermediates.noindex/PhoneInTheOtherRoom.build/Debug-iphonesimulator/PhoneInTheOtherRoomDeviceActivityMonitor.build/Objects-normal/arm64/Counting\ Sheep\ Wind\ Down\ Monitor.SwiftFileList -DDEBUG -DSCREEN_TIME_REPORTS -enable-bare-slash-regex -enable-experimental-feature DebugDescriptionMacro -sdk /Applications/Xcode.app/Contents/Developer/Platforms/iPhoneSimulator.platform/Developer/SDKs/iPhoneSimulator26.5.sdk -target arm64-apple-ios17.0-simulator -g -module-cache-path /tmp/counting-sheep-search-build/ModuleCache.noindex -Xfrontend -serialize-debugging-options -application-extension -enable-testing -index-store-path /tmp/counting-sheep-search-build/Index.noindex/DataStore -Xcc -D_LIBCPP_HARDENING_MODE\=_LIBCPP_HARDENING_MODE_DEBUG -swift-version 5 -I /tmp/counting-sheep-search-build/Build/Products/Debug-iphonesimulator -F /tmp/counting-sheep-search-build/Build/Products/Debug-iphonesimulator -c -j8 -enable-batch-mode -incremental -Xcc -ivfsstatcache -Xcc /tmp/counting-sheep-search-build/SDKStatCaches.noindex/iphonesimulator26.5-23F81a-6cfe768891a92b912361537c460fe42b.sdkstatcache -output-file-map /tmp/counting-sheep-search-build/Build/Intermediates.noindex/PhoneInTheOtherRoom.build/Debug-iphonesimulator/PhoneInTheOtherRoomDeviceActivityMonitor.build/Objects-normal/arm64/PhoneInTheOtherRoomDeviceActivityMonitor-OutputFileMap.json -use-frontend-parseable-output -save-temps -no-color-diagnostics -explicit-module-build -module-cache-path /tmp/counting-sheep-search-build/Build/Intermediates.noindex/SwiftExplicitPrecompiledModules -clang-scanner-module-cache-path /tmp/counting-sheep-search-build/ModuleCache.noindex -sdk-module-cache-path /tmp/counting-sheep-search-build/ModuleCache.noindex -serialize-diagnostics -emit-dependencies -emit-module -emit-module-path /tmp/counting-sheep-search-build/Build/Intermediates.noindex/PhoneInTheOtherRoom.build/Debug-iphonesimulator/PhoneInTheOtherRoomDeviceActivityMonitor.build/Objects-normal/arm64/Counting_Sheep_Wind_Down_Monitor.swiftmodule -validate-clang-modules-once -clang-build-session-file /tmp/counting-sheep-search-build/ModuleCache.noindex/Session.modulevalidation -Xcc -I/tmp/counting-sheep-search-build/Build/Intermediates.noindex/PhoneInTheOtherRoom.build/Debug-iphonesimulator/PhoneInTheOtherRoomDeviceActivityMonitor.build/swift-overrides.hmap -emit-const-values -Xfrontend -const-gather-protocols-file -Xfrontend /tmp/counting-sheep-search-build/Build/Intermediates.noindex/PhoneInTheOtherRoom.build/Debug-iphonesimulator/PhoneInTheOtherRoomDeviceActivityMonitor.build/Objects-normal/arm64/PhoneInTheOtherRoomDeviceActivityMonitor_const_extract_protocols.json -Xcc -iquote -Xcc /tmp/counting-sheep-search-build/Build/Intermediates.noindex/PhoneInTheOtherRoom.build/Debug-iphonesimulator/PhoneInTheOtherRoomDeviceActivityMonitor.build/Counting\ Sheep\ Wind\ Down\ Monitor-generated-files.hmap -Xcc -I/tmp/counting-sheep-search-build/Build/Intermediates.noindex/PhoneInTheOtherRoom.build/Debug-iphonesimulator/PhoneInTheOtherRoomDeviceActivityMonitor.build/Counting\ Sheep\ Wind\ Down\ Monitor-own-target-headers.hmap -Xcc -I/tmp/counting-sheep-search-build/Build/Intermediates.noindex/PhoneInTheOtherRoom.build/Debug-iphonesimulator/PhoneInTheOtherRoomDeviceActivityMonitor.build/Counting\ Sheep\ Wind\ Down\ Monitor-all-non-framework-target-headers.hmap -Xcc -ivfsoverlay -Xcc /tmp/counting-sheep-search-build/Build/Intermediates.noindex/PhoneInTheOtherRoom.build/Debug-iphonesimulator/PhoneInTheOtherRoom-d9a00fb94435e678319518e524e23875-VFS-iphonesimulator/all-product-headers.yaml -Xcc -iquote -Xcc /tmp/counting-sheep-search-build/Build/Intermediates.noindex/PhoneInTheOtherRoom.build/Debug-iphonesimulator/PhoneInTheOtherRoomDeviceActivityMonitor.build/Counting\ Sheep\ Wind\ Down\ Monitor-project-headers.hmap -Xcc -I/tmp/counting-sheep-search-build/Build/Products/Debug-iphonesimulator/include -Xcc -I/tmp/counting-sheep-search-build/Build/Intermediates.noindex/PhoneInTheOtherRoom.build/Debug-iphonesimulator/PhoneInTheOtherRoomDeviceActivityMonitor.build/DerivedSources-normal/arm64 -Xcc -I/tmp/counting-sheep-search-build/Build/Intermediates.noindex/PhoneInTheOtherRoom.build/Debug-iphonesimulator/PhoneInTheOtherRoomDeviceActivityMonitor.build/DerivedSources/arm64 -Xcc -I/tmp/counting-sheep-search-build/Build/Intermediates.noindex/PhoneInTheOtherRoom.build/Debug-iphonesimulator/PhoneInTheOtherRoomDeviceActivityMonitor.build/DerivedSources -Xcc -DDEBUG\=1 -emit-objc-header -emit-objc-header-path /tmp/counting-sheep-search-build/Build/Intermediates.noindex/PhoneInTheOtherRoom.build/Debug-iphonesimulator/PhoneInTheOtherRoomDeviceActivityMonitor.build/Objects-normal/arm64/Counting_Sheep_Wind_Down_Monitor-Swift.h -working-directory /Users/ngawangchime/Desktop/Developer\ Projects/Phone\ in\ the\ Other\ Room -experimental-emit-module-separately -disable-cmo

SwiftDriver\ Compilation PhoneInTheOtherRoomScreenTimeReport normal arm64 com.apple.xcode.tools.swift.compiler (in target 'PhoneInTheOtherRoomScreenTimeReport' from project 'PhoneInTheOtherRoom')
    cd /Users/ngawangchime/Desktop/Developer\ Projects/Phone\ in\ the\ Other\ Room
    builtin-Swift-Compilation -- /Applications/Xcode.app/Contents/Developer/Toolchains/XcodeDefault.xctoolchain/usr/bin/swiftc -module-name Counting_Sheep_Screen_Time_Report -Onone @/tmp/counting-sheep-search-build/Build/Intermediates.noindex/PhoneInTheOtherRoom.build/Debug-iphonesimulator/PhoneInTheOtherRoomScreenTimeReport.build/Objects-normal/arm64/Counting\ Sheep\ Screen\ Time\ Report.SwiftFileList -DDEBUG -DSCREEN_TIME_REPORTS -enable-bare-slash-regex -enable-experimental-feature DebugDescriptionMacro -sdk /Applications/Xcode.app/Contents/Developer/Platforms/iPhoneSimulator.platform/Developer/SDKs/iPhoneSimulator26.5.sdk -target arm64-apple-ios17.0-simulator -g -module-cache-path /tmp/counting-sheep-search-build/ModuleCache.noindex -Xfrontend -serialize-debugging-options -application-extension -enable-testing -index-store-path /tmp/counting-sheep-search-build/Index.noindex/DataStore -Xcc -D_LIBCPP_HARDENING_MODE\=_LIBCPP_HARDENING_MODE_DEBUG -swift-version 5 -I /tmp/counting-sheep-search-build/Build/Products/Debug-iphonesimulator -F /tmp/counting-sheep-search-build/Build/Products/Debug-iphonesimulator -c -j8 -enable-batch-mode -incremental -Xcc -ivfsstatcache -Xcc /tmp/counting-sheep-search-build/SDKStatCaches.noindex/iphonesimulator26.5-23F81a-6cfe768891a92b912361537c460fe42b.sdkstatcache -output-file-map /tmp/counting-sheep-search-build/Build/Intermediates.noindex/PhoneInTheOtherRoom.build/Debug-iphonesimulator/PhoneInTheOtherRoomScreenTimeReport.build/Objects-normal/arm64/PhoneInTheOtherRoomScreenTimeReport-OutputFileMap.json -use-frontend-parseable-output -save-temps -no-color-diagnostics -explicit-module-build -module-cache-path /tmp/counting-sheep-search-build/Build/Intermediates.noindex/SwiftExplicitPrecompiledModules -clang-scanner-module-cache-path /tmp/counting-sheep-search-build/ModuleCache.noindex -sdk-module-cache-path /tmp/counting-sheep-search-build/ModuleCache.noindex -serialize-diagnostics -emit-dependencies -emit-module -emit-module-path /tmp/counting-sheep-search-build/Build/Intermediates.noindex/PhoneInTheOtherRoom.build/Debug-iphonesimulator/PhoneInTheOtherRoomScreenTimeReport.build/Objects-normal/arm64/Counting_Sheep_Screen_Time_Report.swiftmodule -validate-clang-modules-once -clang-build-session-file /tmp/counting-sheep-search-build/ModuleCache.noindex/Session.modulevalidation -Xcc -I/tmp/counting-sheep-search-build/Build/Intermediates.noindex/PhoneInTheOtherRoom.build/Debug-iphonesimulator/PhoneInTheOtherRoomScreenTimeReport.build/swift-overrides.hmap -emit-const-values -Xfrontend -const-gather-protocols-file -Xfrontend /tmp/counting-sheep-search-build/Build/Intermediates.noindex/PhoneInTheOtherRoom.build/Debug-iphonesimulator/PhoneInTheOtherRoomScreenTimeReport.build/Objects-normal/arm64/PhoneInTheOtherRoomScreenTimeReport_const_extract_protocols.json -Xcc -iquote -Xcc /tmp/counting-sheep-search-build/Build/Intermediates.noindex/PhoneInTheOtherRoom.build/Debug-iphonesimulator/PhoneInTheOtherRoomScreenTimeReport.build/Counting\ Sheep\ Screen\ Time\ Report-generated-files.hmap -Xcc -I/tmp/counting-sheep-search-build/Build/Intermediates.noindex/PhoneInTheOtherRoom.build/Debug-iphonesimulator/PhoneInTheOtherRoomScreenTimeReport.build/Counting\ Sheep\ Screen\ Time\ Report-own-target-headers.hmap -Xcc -I/tmp/counting-sheep-search-build/Build/Intermediates.noindex/PhoneInTheOtherRoom.build/Debug-iphonesimulator/PhoneInTheOtherRoomScreenTimeReport.build/Counting\ Sheep\ Screen\ Time\ Report-all-non-framework-target-headers.hmap -Xcc -ivfsoverlay -Xcc /tmp/counting-sheep-search-build/Build/Intermediates.noindex/PhoneInTheOtherRoom.build/Debug-iphonesimulator/PhoneInTheOtherRoom-d9a00fb94435e678319518e524e23875-VFS-iphonesimulator/all-product-headers.yaml -Xcc -iquote -Xcc /tmp/counting-sheep-search-build/Build/Intermediates.noindex/PhoneInTheOtherRoom.build/Debug-iphonesimulator/PhoneInTheOtherRoomScreenTimeReport.build/Counting\ Sheep\ Screen\ Time\ Report-project-headers.hmap -Xcc -I/tmp/counting-sheep-search-build/Build/Products/Debug-iphonesimulator/include -Xcc -I/tmp/counting-sheep-search-build/Build/Intermediates.noindex/PhoneInTheOtherRoom.build/Debug-iphonesimulator/PhoneInTheOtherRoomScreenTimeReport.build/DerivedSources-normal/arm64 -Xcc -I/tmp/counting-sheep-search-build/Build/Intermediates.noindex/PhoneInTheOtherRoom.build/Debug-iphonesimulator/PhoneInTheOtherRoomScreenTimeReport.build/DerivedSources/arm64 -Xcc -I/tmp/counting-sheep-search-build/Build/Intermediates.noindex/PhoneInTheOtherRoom.build/Debug-iphonesimulator/PhoneInTheOtherRoomScreenTimeReport.build/DerivedSources -Xcc -DDEBUG\=1 -emit-objc-header -emit-objc-header-path /tmp/counting-sheep-search-build/Build/Intermediates.noindex/PhoneInTheOtherRoom.build/Debug-iphonesimulator/PhoneInTheOtherRoomScreenTimeReport.build/Objects-normal/arm64/Counting_Sheep_Screen_Time_Report-Swift.h -working-directory /Users/ngawangchime/Desktop/Developer\ Projects/Phone\ in\ the\ Other\ Room -experimental-emit-module-separately -disable-cmo

Copy /tmp/counting-sheep-search-build/Build/Products/Debug-iphonesimulator/Counting_Sheep_Wind_Down_Monitor.swiftmodule/x86_64-apple-ios-simulator.swiftmodule /tmp/counting-sheep-search-build/Build/Intermediates.noindex/PhoneInTheOtherRoom.build/Debug-iphonesimulator/PhoneInTheOtherRoomDeviceActivityMonitor.build/Objects-normal/x86_64/Counting_Sheep_Wind_Down_Monitor.swiftmodule (in target 'PhoneInTheOtherRoomDeviceActivityMonitor' from project 'PhoneInTheOtherRoom')
    cd /Users/ngawangchime/Desktop/Developer\ Projects/Phone\ in\ the\ Other\ Room
    builtin-copy -exclude .DS_Store -exclude CVS -exclude .svn -exclude .git -exclude .hg -resolve-src-symlinks -rename /tmp/counting-sheep-search-build/Build/Intermediates.noindex/PhoneInTheOtherRoom.build/Debug-iphonesimulator/PhoneInTheOtherRoomDeviceActivityMonitor.build/Objects-normal/x86_64/Counting_Sheep_Wind_Down_Monitor.swiftmodule /tmp/counting-sheep-search-build/Build/Products/Debug-iphonesimulator/Counting_Sheep_Wind_Down_Monitor.swiftmodule/x86_64-apple-ios-simulator.swiftmodule

Copy /tmp/counting-sheep-search-build/Build/Products/Debug-iphonesimulator/Counting_Sheep_Wind_Down_Monitor.swiftmodule/x86_64-apple-ios-simulator.abi.json /tmp/counting-sheep-search-build/Build/Intermediates.noindex/PhoneInTheOtherRoom.build/Debug-iphonesimulator/PhoneInTheOtherRoomDeviceActivityMonitor.build/Objects-normal/x86_64/Counting_Sheep_Wind_Down_Monitor.abi.json (in target 'PhoneInTheOtherRoomDeviceActivityMonitor' from project 'PhoneInTheOtherRoom')
    cd /Users/ngawangchime/Desktop/Developer\ Projects/Phone\ in\ the\ Other\ Room
    builtin-copy -exclude .DS_Store -exclude CVS -exclude .svn -exclude .git -exclude .hg -resolve-src-symlinks -rename /tmp/counting-sheep-search-build/Build/Intermediates.noindex/PhoneInTheOtherRoom.build/Debug-iphonesimulator/PhoneInTheOtherRoomDeviceActivityMonitor.build/Objects-normal/x86_64/Counting_Sheep_Wind_Down_Monitor.abi.json /tmp/counting-sheep-search-build/Build/Products/Debug-iphonesimulator/Counting_Sheep_Wind_Down_Monitor.swiftmodule/x86_64-apple-ios-simulator.abi.json

Copy /tmp/counting-sheep-search-build/Build/Products/Debug-iphonesimulator/Counting_Sheep_Wind_Down_Monitor.swiftmodule/arm64-apple-ios-simulator.swiftmodule /tmp/counting-sheep-search-build/Build/Intermediates.noindex/PhoneInTheOtherRoom.build/Debug-iphonesimulator/PhoneInTheOtherRoomDeviceActivityMonitor.build/Objects-normal/arm64/Counting_Sheep_Wind_Down_Monitor.swiftmodule (in target 'PhoneInTheOtherRoomDeviceActivityMonitor' from project 'PhoneInTheOtherRoom')
    cd /Users/ngawangchime/Desktop/Developer\ Projects/Phone\ in\ the\ Other\ Room
    builtin-copy -exclude .DS_Store -exclude CVS -exclude .svn -exclude .git -exclude .hg -resolve-src-symlinks -rename /tmp/counting-sheep-search-build/Build/Intermediates.noindex/PhoneInTheOtherRoom.build/Debug-iphonesimulator/PhoneInTheOtherRoomDeviceActivityMonitor.build/Objects-normal/arm64/Counting_Sheep_Wind_Down_Monitor.swiftmodule /tmp/counting-sheep-search-build/Build/Products/Debug-iphonesimulator/Counting_Sheep_Wind_Down_Monitor.swiftmodule/arm64-apple-ios-simulator.swiftmodule

Copy /tmp/counting-sheep-search-build/Build/Products/Debug-iphonesimulator/Counting_Sheep_Wind_Down_Monitor.swiftmodule/arm64-apple-ios-simulator.abi.json /tmp/counting-sheep-search-build/Build/Intermediates.noindex/PhoneInTheOtherRoom.build/Debug-iphonesimulator/PhoneInTheOtherRoomDeviceActivityMonitor.build/Objects-normal/arm64/Counting_Sheep_Wind_Down_Monitor.abi.json (in target 'PhoneInTheOtherRoomDeviceActivityMonitor' from project 'PhoneInTheOtherRoom')
    cd /Users/ngawangchime/Desktop/Developer\ Projects/Phone\ in\ the\ Other\ Room
    builtin-copy -exclude .DS_Store -exclude CVS -exclude .svn -exclude .git -exclude .hg -resolve-src-symlinks -rename /tmp/counting-sheep-search-build/Build/Intermediates.noindex/PhoneInTheOtherRoom.build/Debug-iphonesimulator/PhoneInTheOtherRoomDeviceActivityMonitor.build/Objects-normal/arm64/Counting_Sheep_Wind_Down_Monitor.abi.json /tmp/counting-sheep-search-build/Build/Products/Debug-iphonesimulator/Counting_Sheep_Wind_Down_Monitor.swiftmodule/arm64-apple-ios-simulator.abi.json

Copy /tmp/counting-sheep-search-build/Build/Products/Debug-iphonesimulator/Counting_Sheep_Wind_Down_Monitor.swiftmodule/Project/x86_64-apple-ios-simulator.swiftsourceinfo /tmp/counting-sheep-search-build/Build/Intermediates.noindex/PhoneInTheOtherRoom.build/Debug-iphonesimulator/PhoneInTheOtherRoomDeviceActivityMonitor.build/Objects-normal/x86_64/Counting_Sheep_Wind_Down_Monitor.swiftsourceinfo (in target 'PhoneInTheOtherRoomDeviceActivityMonitor' from project 'PhoneInTheOtherRoom')
    cd /Users/ngawangchime/Desktop/Developer\ Projects/Phone\ in\ the\ Other\ Room
    builtin-copy -exclude .DS_Store -exclude CVS -exclude .svn -exclude .git -exclude .hg -resolve-src-symlinks -rename /tmp/counting-sheep-search-build/Build/Intermediates.noindex/PhoneInTheOtherRoom.build/Debug-iphonesimulator/PhoneInTheOtherRoomDeviceActivityMonitor.build/Objects-normal/x86_64/Counting_Sheep_Wind_Down_Monitor.swiftsourceinfo /tmp/counting-sheep-search-build/Build/Products/Debug-iphonesimulator/Counting_Sheep_Wind_Down_Monitor.swiftmodule/Project/x86_64-apple-ios-simulator.swiftsourceinfo

Copy /tmp/counting-sheep-search-build/Build/Products/Debug-iphonesimulator/Counting_Sheep_Wind_Down_Monitor.swiftmodule/Project/arm64-apple-ios-simulator.swiftsourceinfo /tmp/counting-sheep-search-build/Build/Intermediates.noindex/PhoneInTheOtherRoom.build/Debug-iphonesimulator/PhoneInTheOtherRoomDeviceActivityMonitor.build/Objects-normal/arm64/Counting_Sheep_Wind_Down_Monitor.swiftsourceinfo (in target 'PhoneInTheOtherRoomDeviceActivityMonitor' from project 'PhoneInTheOtherRoom')
    cd /Users/ngawangchime/Desktop/Developer\ Projects/Phone\ in\ the\ Other\ Room
    builtin-copy -exclude .DS_Store -exclude CVS -exclude .svn -exclude .git -exclude .hg -resolve-src-symlinks -rename /tmp/counting-sheep-search-build/Build/Intermediates.noindex/PhoneInTheOtherRoom.build/Debug-iphonesimulator/PhoneInTheOtherRoomDeviceActivityMonitor.build/Objects-normal/arm64/Counting_Sheep_Wind_Down_Monitor.swiftsourceinfo /tmp/counting-sheep-search-build/Build/Products/Debug-iphonesimulator/Counting_Sheep_Wind_Down_Monitor.swiftmodule/Project/arm64-apple-ios-simulator.swiftsourceinfo

ProcessInfoPlistFile /tmp/counting-sheep-search-build/Build/Products/Debug-iphonesimulator/Counting\ Sheep\ Screen\ Time\ Report.appex/Info.plist /Users/ngawangchime/Desktop/Developer\ Projects/Phone\ in\ the\ Other\ Room/PhoneInTheOtherRoomScreenTimeReport/Info.plist (in target 'PhoneInTheOtherRoomScreenTimeReport' from project 'PhoneInTheOtherRoom')
    cd /Users/ngawangchime/Desktop/Developer\ Projects/Phone\ in\ the\ Other\ Room
    builtin-infoPlistUtility /Users/ngawangchime/Desktop/Developer\ Projects/Phone\ in\ the\ Other\ Room/PhoneInTheOtherRoomScreenTimeReport/Info.plist -producttype com.apple.product-type.extensionkit-extension -expandbuildsettings -format binary -platform iphonesimulator -additionalcontentfile /tmp/counting-sheep-search-build/Build/Intermediates.noindex/PhoneInTheOtherRoom.build/Debug-iphonesimulator/PhoneInTheOtherRoomScreenTimeReport.build/PhoneInTheOtherRoomScreenTimeReport-appextension-generated-info.plist -o /tmp/counting-sheep-search-build/Build/Products/Debug-iphonesimulator/Counting\ Sheep\ Screen\ Time\ Report.appex/Info.plist

SwiftCompile normal x86_64 Compiling\ CampfireProfile.swift /Users/ngawangchime/Desktop/Developer\ Projects/Phone\ in\ the\ Other\ Room/Shared/CampfireProfile.swift (in target 'PhoneInTheOtherRoomLiveActivity' from project 'PhoneInTheOtherRoom')

SwiftCompile normal x86_64 /Users/ngawangchime/Desktop/Developer\ Projects/Phone\ in\ the\ Other\ Room/Shared/CampfireProfile.swift (in target 'PhoneInTheOtherRoomLiveActivity' from project 'PhoneInTheOtherRoom')
    cd /Users/ngawangchime/Desktop/Developer\ Projects/Phone\ in\ the\ Other\ Room


SwiftCompile normal arm64 Compiling\ CampfireProfile.swift /Users/ngawangchime/Desktop/Developer\ Projects/Phone\ in\ the\ Other\ Room/Shared/CampfireProfile.swift (in target 'PhoneInTheOtherRoomDeviceActivityMonitor' from project 'PhoneInTheOtherRoom')

SwiftCompile normal arm64 /Users/ngawangchime/Desktop/Developer\ Projects/Phone\ in\ the\ Other\ Room/Shared/CampfireProfile.swift (in target 'PhoneInTheOtherRoomDeviceActivityMonitor' from project 'PhoneInTheOtherRoom')
    cd /Users/ngawangchime/Desktop/Developer\ Projects/Phone\ in\ the\ Other\ Room


SwiftDriverJobDiscovery normal arm64 Compiling CampfireProfile.swift (in target 'PhoneInTheOtherRoomLiveActivity' from project 'PhoneInTheOtherRoom')

SwiftCompile normal arm64 Compiling\ CampfireVisibility.swift /Users/ngawangchime/Desktop/Developer\ Projects/Phone\ in\ the\ Other\ Room/Shared/CampfireVisibility.swift (in target 'PhoneInTheOtherRoomLiveActivity' from project 'PhoneInTheOtherRoom')

SwiftCompile normal arm64 /Users/ngawangchime/Desktop/Developer\ Projects/Phone\ in\ the\ Other\ Room/Shared/CampfireVisibility.swift (in target 'PhoneInTheOtherRoomLiveActivity' from project 'PhoneInTheOtherRoom')
    cd /Users/ngawangchime/Desktop/Developer\ Projects/Phone\ in\ the\ Other\ Room


SwiftDriverJobDiscovery normal arm64 Compiling CampfireProfile.swift (in target 'PhoneInTheOtherRoomDeviceActivityMonitor' from project 'PhoneInTheOtherRoom')

ProcessInfoPlistFile /tmp/counting-sheep-search-build/Build/Products/Debug-iphonesimulator/Counting\ Sheep\ Wind\ Down\ Monitor.appex/Info.plist /Users/ngawangchime/Desktop/Developer\ Projects/Phone\ in\ the\ Other\ Room/PhoneInTheOtherRoomDeviceActivityMonitor/Info.plist (in target 'PhoneInTheOtherRoomDeviceActivityMonitor' from project 'PhoneInTheOtherRoom')
    cd /Users/ngawangchime/Desktop/Developer\ Projects/Phone\ in\ the\ Other\ Room
    builtin-infoPlistUtility /Users/ngawangchime/Desktop/Developer\ Projects/Phone\ in\ the\ Other\ Room/PhoneInTheOtherRoomDeviceActivityMonitor/Info.plist -producttype com.apple.product-type.app-extension -expandbuildsettings -format binary -platform iphonesimulator -o /tmp/counting-sheep-search-build/Build/Products/Debug-iphonesimulator/Counting\ Sheep\ Wind\ Down\ Monitor.appex/Info.plist

SwiftDriverJobDiscovery normal x86_64 Compiling CampfireProfile.swift (in target 'PhoneInTheOtherRoomLiveActivity' from project 'PhoneInTheOtherRoom')

SwiftCompile normal arm64 Compiling\ CampfireVisibility.swift /Users/ngawangchime/Desktop/Developer\ Projects/Phone\ in\ the\ Other\ Room/Shared/CampfireVisibility.swift (in target 'PhoneInTheOtherRoomDeviceActivityMonitor' from project 'PhoneInTheOtherRoom')
SwiftCompile normal arm64 /Users/ngawangchime/Desktop/Developer\ Projects/Phone\ in\ the\ Other\ Room/Shared/CampfireVisibility.swift (in target 'PhoneInTheOtherRoomDeviceActivityMonitor' from project 'PhoneInTheOtherRoom')
    cd /Users/ngawangchime/Desktop/Developer\ Projects/Phone\ in\ the\ Other\ Room


SwiftDriver PhoneInTheOtherRoom normal arm64 com.apple.xcode.tools.swift.compiler (in target 'PhoneInTheOtherRoom' from project 'PhoneInTheOtherRoom')
    cd /Users/ngawangchime/Desktop/Developer\ Projects/Phone\ in\ the\ Other\ Room
    builtin-SwiftDriver -- /Applications/Xcode.app/Contents/Developer/Toolchains/XcodeDefault.xctoolchain/usr/bin/swiftc -module-name Counting_Sheep -Onone @/tmp/counting-sheep-search-build/Build/Intermediates.noindex/PhoneInTheOtherRoom.build/Debug-iphonesimulator/PhoneInTheOtherRoom.build/Objects-normal/arm64/Counting\ Sheep.SwiftFileList -DDEBUG -DSCREEN_TIME_REPORTS -enable-bare-slash-regex -enable-experimental-feature DebugDescriptionMacro -sdk /Applications/Xcode.app/Contents/Developer/Platforms/iPhoneSimulator.platform/Developer/SDKs/iPhoneSimulator26.5.sdk -target arm64-apple-ios17.0-simulator -g -module-cache-path /tmp/counting-sheep-search-build/ModuleCache.noindex -Xfrontend -serialize-debugging-options -enable-testing -index-store-path /tmp/counting-sheep-search-build/Index.noindex/DataStore -Xcc -D_LIBCPP_HARDENING_MODE\=_LIBCPP_HARDENING_MODE_DEBUG -swift-version 5 -I /tmp/counting-sheep-search-build/Build/Products/Debug-iphonesimulator -F /tmp/counting-sheep-search-build/Build/Products/Debug-iphonesimulator/PackageFrameworks -F /tmp/counting-sheep-search-build/Build/Products/Debug-iphonesimulator/PackageFrameworks -F /tmp/counting-sheep-search-build/Build/Products/Debug-iphonesimulator/PackageFrameworks -F /tmp/counting-sheep-search-build/Build/Products/Debug-iphonesimulator/PackageFrameworks -F /tmp/counting-sheep-search-build/Build/Products/Debug-iphonesimulator/PackageFrameworks -F /tmp/counting-sheep-search-build/Build/Products/Debug-iphonesimulator/PackageFrameworks -F /tmp/counting-sheep-search-build/Build/Products/Debug-iphonesimulator/PackageFrameworks -F /tmp/counting-sheep-search-build/Build/Products/Debug-iphonesimulator/PackageFrameworks -F /tmp/counting-sheep-search-build/Build/Products/Debug-iphonesimulator/PackageFrameworks -F /tmp/counting-sheep-search-build/Build/Products/Debug-iphonesimulator/PackageFrameworks -F /tmp/counting-sheep-search-build/Build/Products/Debug-iphonesimulator/PackageFrameworks -F /tmp/counting-sheep-search-build/Build/Products/Debug-iphonesimulator/PackageFrameworks -F /tmp/counting-sheep-search-build/Build/Products/Debug-iphonesimulator/PackageFrameworks -F /tmp/counting-sheep-search-build/Build/Products/Debug-iphonesimulator/PackageFrameworks -F /tmp/counting-sheep-search-build/Build/Products/Debug-iphonesimulator -c -j8 -enable-batch-mode -incremental -Xcc -ivfsstatcache -Xcc /tmp/counting-sheep-search-build/SDKStatCaches.noindex/iphonesimulator26.5-23F81a-6cfe768891a92b912361537c460fe42b.sdkstatcache -output-file-map /tmp/counting-sheep-search-build/Build/Intermediates.noindex/PhoneInTheOtherRoom.build/Debug-iphonesimulator/PhoneInTheOtherRoom.build/Objects-normal/arm64/PhoneInTheOtherRoom-OutputFileMap.json -use-frontend-parseable-output -save-temps -no-color-diagnostics -explicit-module-build -module-cache-path /tmp/counting-sheep-search-build/Build/Intermediates.noindex/SwiftExplicitPrecompiledModules -clang-scanner-module-cache-path /tmp/counting-sheep-search-build/ModuleCache.noindex -sdk-module-cache-path /tmp/counting-sheep-search-build/ModuleCache.noindex -serialize-diagnostics -emit-dependencies -emit-module -emit-module-path /tmp/counting-sheep-search-build/Build/Intermediates.noindex/PhoneInTheOtherRoom.build/Debug-iphonesimulator/PhoneInTheOtherRoom.build/Objects-normal/arm64/Counting_Sheep.swiftmodule -validate-clang-modules-once -clang-build-session-file /tmp/counting-sheep-search-build/ModuleCache.noindex/Session.modulevalidation -Xcc -I/tmp/counting-sheep-search-build/Build/Intermediates.noindex/PhoneInTheOtherRoom.build/Debug-iphonesimulator/PhoneInTheOtherRoom.build/swift-overrides.hmap -emit-const-values -Xfrontend -const-gather-protocols-file -Xfrontend /tmp/counting-sheep-search-build/Build/Intermediates.noindex/PhoneInTheOtherRoom.build/Debug-iphonesimulator/PhoneInTheOtherRoom.build/Objects-normal/arm64/PhoneInTheOtherRoom_const_extract_protocols.json -Xcc -iquote -Xcc /tmp/counting-sheep-search-build/Build/Intermediates.noindex/PhoneInTheOtherRoom.build/Debug-iphonesimulator/PhoneInTheOtherRoom.build/Counting\ Sheep-generated-files.hmap -Xcc -I/tmp/counting-sheep-search-build/Build/Intermediates.noindex/PhoneInTheOtherRoom.build/Debug-iphonesimulator/PhoneInTheOtherRoom.build/Counting\ Sheep-own-target-headers.hmap -Xcc -I/tmp/counting-sheep-search-build/Build/Intermediates.noindex/PhoneInTheOtherRoom.build/Debug-iphonesimulator/PhoneInTheOtherRoom.build/Counting\ Sheep-all-non-framework-target-headers.hmap -Xcc -ivfsoverlay -Xcc /tmp/counting-sheep-search-build/Build/Intermediates.noindex/PhoneInTheOtherRoom.build/Debug-iphonesimulator/PhoneInTheOtherRoom-d9a00fb94435e678319518e524e23875-VFS-iphonesimulator/all-product-headers.yaml -Xcc -iquote -Xcc /tmp/counting-sheep-search-build/Build/Intermediates.noindex/PhoneInTheOtherRoom.build/Debug-iphonesimulator/PhoneInTheOtherRoom.build/Counting\ Sheep-project-headers.hmap -Xcc -I/tmp/counting-sheep-search-build/Build/Products/Debug-iphonesimulator/include -Xcc -I/tmp/counting-sheep-search-build/Build/Intermediates.noindex/PhoneInTheOtherRoom.build/Debug-iphonesimulator/PhoneInTheOtherRoom.build/DerivedSources-normal/arm64 -Xcc -I/tmp/counting-sheep-search-build/Build/Intermediates.noindex/PhoneInTheOtherRoom.build/Debug-iphonesimulator/PhoneInTheOtherRoom.build/DerivedSources/arm64 -Xcc -I/tmp/counting-sheep-search-build/Build/Intermediates.noindex/PhoneInTheOtherRoom.build/Debug-iphonesimulator/PhoneInTheOtherRoom.build/DerivedSources -Xcc -DDEBUG\=1 -emit-objc-header -emit-objc-header-path /tmp/counting-sheep-search-build/Build/Intermediates.noindex/PhoneInTheOtherRoom.build/Debug-iphonesimulator/PhoneInTheOtherRoom.build/Objects-normal/arm64/Counting_Sheep-Swift.h -working-directory /Users/ngawangchime/Desktop/Developer\ Projects/Phone\ in\ the\ Other\ Room -experimental-emit-module-separately -disable-cmo

SwiftDriverJobDiscovery normal arm64 Compiling CampfireVisibility.swift (in target 'PhoneInTheOtherRoomLiveActivity' from project 'PhoneInTheOtherRoom')

SwiftDriver PhoneInTheOtherRoom normal x86_64 com.apple.xcode.tools.swift.compiler (in target 'PhoneInTheOtherRoom' from project 'PhoneInTheOtherRoom')
    cd /Users/ngawangchime/Desktop/Developer\ Projects/Phone\ in\ the\ Other\ Room
    builtin-SwiftDriver -- /Applications/Xcode.app/Contents/Developer/Toolchains/XcodeDefault.xctoolchain/usr/bin/swiftc -module-name Counting_Sheep -Onone @/tmp/counting-sheep-search-build/Build/Intermediates.noindex/PhoneInTheOtherRoom.build/Debug-iphonesimulator/PhoneInTheOtherRoom.build/Objects-normal/x86_64/Counting\ Sheep.SwiftFileList -DDEBUG -DSCREEN_TIME_REPORTS -enable-bare-slash-regex -enable-experimental-feature DebugDescriptionMacro -sdk /Applications/Xcode.app/Contents/Developer/Platforms/iPhoneSimulator.platform/Developer/SDKs/iPhoneSimulator26.5.sdk -target x86_64-apple-ios17.0-simulator -g -module-cache-path /tmp/counting-sheep-search-build/ModuleCache.noindex -Xfrontend -serialize-debugging-options -enable-testing -index-store-path /tmp/counting-sheep-search-build/Index.noindex/DataStore -Xcc -D_LIBCPP_HARDENING_MODE\=_LIBCPP_HARDENING_MODE_DEBUG -swift-version 5 -I /tmp/counting-sheep-search-build/Build/Products/Debug-iphonesimulator -F /tmp/counting-sheep-search-build/Build/Products/Debug-iphonesimulator/PackageFrameworks -F /tmp/counting-sheep-search-build/Build/Products/Debug-iphonesimulator/PackageFrameworks -F /tmp/counting-sheep-search-build/Build/Products/Debug-iphonesimulator/PackageFrameworks -F /tmp/counting-sheep-search-build/Build/Products/Debug-iphonesimulator/PackageFrameworks -F /tmp/counting-sheep-search-build/Build/Products/Debug-iphonesimulator/PackageFrameworks -F /tmp/counting-sheep-search-build/Build/Products/Debug-iphonesimulator/PackageFrameworks -F /tmp/counting-sheep-search-build/Build/Products/Debug-iphonesimulator/PackageFrameworks -F /tmp/counting-sheep-search-build/Build/Products/Debug-iphonesimulator/PackageFrameworks -F /tmp/counting-sheep-search-build/Build/Products/Debug-iphonesimulator/PackageFrameworks -F /tmp/counting-sheep-search-build/Build/Products/Debug-iphonesimulator/PackageFrameworks -F /tmp/counting-sheep-search-build/Build/Products/Debug-iphonesimulator/PackageFrameworks -F /tmp/counting-sheep-search-build/Build/Products/Debug-iphonesimulator/PackageFrameworks -F /tmp/counting-sheep-search-build/Build/Products/Debug-iphonesimulator/PackageFrameworks -F /tmp/counting-sheep-search-build/Build/Products/Debug-iphonesimulator/PackageFrameworks -F /tmp/counting-sheep-search-build/Build/Products/Debug-iphonesimulator -c -j8 -enable-batch-mode -incremental -Xcc -ivfsstatcache -Xcc /tmp/counting-sheep-search-build/SDKStatCaches.noindex/iphonesimulator26.5-23F81a-6cfe768891a92b912361537c460fe42b.sdkstatcache -output-file-map /tmp/counting-sheep-search-build/Build/Intermediates.noindex/PhoneInTheOtherRoom.build/Debug-iphonesimulator/PhoneInTheOtherRoom.build/Objects-normal/x86_64/PhoneInTheOtherRoom-OutputFileMap.json -use-frontend-parseable-output -save-temps -no-color-diagnostics -explicit-module-build -module-cache-path /tmp/counting-sheep-search-build/Build/Intermediates.noindex/SwiftExplicitPrecompiledModules -clang-scanner-module-cache-path /tmp/counting-sheep-search-build/ModuleCache.noindex -sdk-module-cache-path /tmp/counting-sheep-search-build/ModuleCache.noindex -serialize-diagnostics -emit-dependencies -emit-module -emit-module-path /tmp/counting-sheep-search-build/Build/Intermediates.noindex/PhoneInTheOtherRoom.build/Debug-iphonesimulator/PhoneInTheOtherRoom.build/Objects-normal/x86_64/Counting_Sheep.swiftmodule -validate-clang-modules-once -clang-build-session-file /tmp/counting-sheep-search-build/ModuleCache.noindex/Session.modulevalidation -Xcc -I/tmp/counting-sheep-search-build/Build/Intermediates.noindex/PhoneInTheOtherRoom.build/Debug-iphonesimulator/PhoneInTheOtherRoom.build/swift-overrides.hmap -emit-const-values -Xfrontend -const-gather-protocols-file -Xfrontend /tmp/counting-sheep-search-build/Build/Intermediates.noindex/PhoneInTheOtherRoom.build/Debug-iphonesimulator/PhoneInTheOtherRoom.build/Objects-normal/x86_64/PhoneInTheOtherRoom_const_extract_protocols.json -Xcc -iquote -Xcc /tmp/counting-sheep-search-build/Build/Intermediates.noindex/PhoneInTheOtherRoom.build/Debug-iphonesimulator/PhoneInTheOtherRoom.build/Counting\ Sheep-generated-files.hmap -Xcc -I/tmp/counting-sheep-search-build/Build/Intermediates.noindex/PhoneInTheOtherRoom.build/Debug-iphonesimulator/PhoneInTheOtherRoom.build/Counting\ Sheep-own-target-headers.hmap -Xcc -I/tmp/counting-sheep-search-build/Build/Intermediates.noindex/PhoneInTheOtherRoom.build/Debug-iphonesimulator/PhoneInTheOtherRoom.build/Counting\ Sheep-all-non-framework-target-headers.hmap -Xcc -ivfsoverlay -Xcc /tmp/counting-sheep-search-build/Build/Intermediates.noindex/PhoneInTheOtherRoom.build/Debug-iphonesimulator/PhoneInTheOtherRoom-d9a00fb94435e678319518e524e23875-VFS-iphonesimulator/all-product-headers.yaml -Xcc -iquote -Xcc /tmp/counting-sheep-search-build/Build/Intermediates.noindex/PhoneInTheOtherRoom.build/Debug-iphonesimulator/PhoneInTheOtherRoom.build/Counting\ Sheep-project-headers.hmap -Xcc -I/tmp/counting-sheep-search-build/Build/Products/Debug-iphonesimulator/include -Xcc -I/tmp/counting-sheep-search-build/Build/Intermediates.noindex/PhoneInTheOtherRoom.build/Debug-iphonesimulator/PhoneInTheOtherRoom.build/DerivedSources-normal/x86_64 -Xcc -I/tmp/counting-sheep-search-build/Build/Intermediates.noindex/PhoneInTheOtherRoom.build/Debug-iphonesimulator/PhoneInTheOtherRoom.build/DerivedSources/x86_64 -Xcc -I/tmp/counting-sheep-search-build/Build/Intermediates.noindex/PhoneInTheOtherRoom.build/Debug-iphonesimulator/PhoneInTheOtherRoom.build/DerivedSources -Xcc -DDEBUG\=1 -emit-objc-header -emit-objc-header-path /tmp/counting-sheep-search-build/Build/Intermediates.noindex/PhoneInTheOtherRoom.build/Debug-iphonesimulator/PhoneInTheOtherRoom.build/Objects-normal/x86_64/Counting_Sheep-Swift.h -working-directory /Users/ngawangchime/Desktop/Developer\ Projects/Phone\ in\ the\ Other\ Room -experimental-emit-module-separately -disable-cmo

SwiftDriverJobDiscovery normal arm64 Compiling CampfireVisibility.swift (in target 'PhoneInTheOtherRoomDeviceActivityMonitor' from project 'PhoneInTheOtherRoom')

SwiftDriver\ Compilation PhoneInTheOtherRoomLiveActivity normal arm64 com.apple.xcode.tools.swift.compiler (in target 'PhoneInTheOtherRoomLiveActivity' from project 'PhoneInTheOtherRoom')
    cd /Users/ngawangchime/Desktop/Developer\ Projects/Phone\ in\ the\ Other\ Room
    builtin-Swift-Compilation -- /Applications/Xcode.app/Contents/Developer/Toolchains/XcodeDefault.xctoolchain/usr/bin/swiftc -module-name Counting_Sheep_Live_Activity -Onone @/tmp/counting-sheep-search-build/Build/Intermediates.noindex/PhoneInTheOtherRoom.build/Debug-iphonesimulator/PhoneInTheOtherRoomLiveActivity.build/Objects-normal/arm64/Counting\ Sheep\ Live\ Activity.SwiftFileList -DDEBUG -enable-bare-slash-regex -enable-experimental-feature DebugDescriptionMacro -sdk /Applications/Xcode.app/Contents/Developer/Platforms/iPhoneSimulator.platform/Developer/SDKs/iPhoneSimulator26.5.sdk -target arm64-apple-ios17.0-simulator -g -module-cache-path /tmp/counting-sheep-search-build/ModuleCache.noindex -Xfrontend -serialize-debugging-options -application-extension -enable-testing -index-store-path /tmp/counting-sheep-search-build/Index.noindex/DataStore -Xcc -D_LIBCPP_HARDENING_MODE\=_LIBCPP_HARDENING_MODE_DEBUG -swift-version 5 -I /tmp/counting-sheep-search-build/Build/Products/Debug-iphonesimulator -F /tmp/counting-sheep-search-build/Build/Products/Debug-iphonesimulator -c -j8 -enable-batch-mode -incremental -Xcc -ivfsstatcache -Xcc /tmp/counting-sheep-search-build/SDKStatCaches.noindex/iphonesimulator26.5-23F81a-6cfe768891a92b912361537c460fe42b.sdkstatcache -output-file-map /tmp/counting-sheep-search-build/Build/Intermediates.noindex/PhoneInTheOtherRoom.build/Debug-iphonesimulator/PhoneInTheOtherRoomLiveActivity.build/Objects-normal/arm64/PhoneInTheOtherRoomLiveActivity-OutputFileMap.json -use-frontend-parseable-output -save-temps -no-color-diagnostics -explicit-module-build -module-cache-path /tmp/counting-sheep-search-build/Build/Intermediates.noindex/SwiftExplicitPrecompiledModules -clang-scanner-module-cache-path /tmp/counting-sheep-search-build/ModuleCache.noindex -sdk-module-cache-path /tmp/counting-sheep-search-build/ModuleCache.noindex -serialize-diagnostics -emit-dependencies -emit-module -emit-module-path /tmp/counting-sheep-search-build/Build/Intermediates.noindex/PhoneInTheOtherRoom.build/Debug-iphonesimulator/PhoneInTheOtherRoomLiveActivity.build/Objects-normal/arm64/Counting_Sheep_Live_Activity.swiftmodule -validate-clang-modules-once -clang-build-session-file /tmp/counting-sheep-search-build/ModuleCache.noindex/Session.modulevalidation -Xcc -I/tmp/counting-sheep-search-build/Build/Intermediates.noindex/PhoneInTheOtherRoom.build/Debug-iphonesimulator/PhoneInTheOtherRoomLiveActivity.build/swift-overrides.hmap -emit-const-values -Xfrontend -const-gather-protocols-file -Xfrontend /tmp/counting-sheep-search-build/Build/Intermediates.noindex/PhoneInTheOtherRoom.build/Debug-iphonesimulator/PhoneInTheOtherRoomLiveActivity.build/Objects-normal/arm64/PhoneInTheOtherRoomLiveActivity_const_extract_protocols.json -Xcc -iquote -Xcc /tmp/counting-sheep-search-build/Build/Intermediates.noindex/PhoneInTheOtherRoom.build/Debug-iphonesimulator/PhoneInTheOtherRoomLiveActivity.build/Counting\ Sheep\ Live\ Activity-generated-files.hmap -Xcc -I/tmp/counting-sheep-search-build/Build/Intermediates.noindex/PhoneInTheOtherRoom.build/Debug-iphonesimulator/PhoneInTheOtherRoomLiveActivity.build/Counting\ Sheep\ Live\ Activity-own-target-headers.hmap -Xcc -I/tmp/counting-sheep-search-build/Build/Intermediates.noindex/PhoneInTheOtherRoom.build/Debug-iphonesimulator/PhoneInTheOtherRoomLiveActivity.build/Counting\ Sheep\ Live\ Activity-all-non-framework-target-headers.hmap -Xcc -ivfsoverlay -Xcc /tmp/counting-sheep-search-build/Build/Intermediates.noindex/PhoneInTheOtherRoom.build/Debug-iphonesimulator/PhoneInTheOtherRoom-d9a00fb94435e678319518e524e23875-VFS-iphonesimulator/all-product-headers.yaml -Xcc -iquote -Xcc /tmp/counting-sheep-search-build/Build/Intermediates.noindex/PhoneInTheOtherRoom.build/Debug-iphonesimulator/PhoneInTheOtherRoomLiveActivity.build/Counting\ Sheep\ Live\ Activity-project-headers.hmap -Xcc -I/tmp/counting-sheep-search-build/Build/Products/Debug-iphonesimulator/include -Xcc -I/tmp/counting-sheep-search-build/Build/Intermediates.noindex/PhoneInTheOtherRoom.build/Debug-iphonesimulator/PhoneInTheOtherRoomLiveActivity.build/DerivedSources-normal/arm64 -Xcc -I/tmp/counting-sheep-search-build/Build/Intermediates.noindex/PhoneInTheOtherRoom.build/Debug-iphonesimulator/PhoneInTheOtherRoomLiveActivity.build/DerivedSources/arm64 -Xcc -I/tmp/counting-sheep-search-build/Build/Intermediates.noindex/PhoneInTheOtherRoom.build/Debug-iphonesimulator/PhoneInTheOtherRoomLiveActivity.build/DerivedSources -Xcc -DDEBUG\=1 -emit-objc-header -emit-objc-header-path /tmp/counting-sheep-search-build/Build/Intermediates.noindex/PhoneInTheOtherRoom.build/Debug-iphonesimulator/PhoneInTheOtherRoomLiveActivity.build/Objects-normal/arm64/Counting_Sheep_Live_Activity-Swift.h -working-directory /Users/ngawangchime/Desktop/Developer\ Projects/Phone\ in\ the\ Other\ Room -experimental-emit-module-separately -disable-cmo

SwiftCompile normal x86_64 Compiling\ CampfireVisibility.swift /Users/ngawangchime/Desktop/Developer\ Projects/Phone\ in\ the\ Other\ Room/Shared/CampfireVisibility.swift (in target 'PhoneInTheOtherRoomLiveActivity' from project 'PhoneInTheOtherRoom')
SwiftCompile normal x86_64 /Users/ngawangchime/Desktop/Developer\ Projects/Phone\ in\ the\ Other\ Room/Shared/CampfireVisibility.swift (in target 'PhoneInTheOtherRoomLiveActivity' from project 'PhoneInTheOtherRoom')
    cd /Users/ngawangchime/Desktop/Developer\ Projects/Phone\ in\ the\ Other\ Room


SwiftEmitModule normal arm64 Emitting\ module\ for\ Counting_Sheep (in target 'PhoneInTheOtherRoom' from project 'PhoneInTheOtherRoom')
EmitSwiftModule normal arm64 (in target 'PhoneInTheOtherRoom' from project 'PhoneInTheOtherRoom')
    cd /Users/ngawangchime/Desktop/Developer\ Projects/Phone\ in\ the\ Other\ Room

/Users/ngawangchime/Desktop/Developer Projects/Phone in the Other Room/PhoneInTheOtherRoomApp/Services/FarmBackupService.swift:57:25: warning: 'init(url:schema:headers:fetch:encoder:decoder:)' is deprecated: Replace usages of this initializer with new init(url:schema:headers:logger:fetch:encoder:decoder:)
        let transport = PostgrestClient(url: configuration.url.appendingPathComponent("rest/v1"),
                        ^

SwiftEmitModule normal x86_64 Emitting\ module\ for\ Counting_Sheep (in target 'PhoneInTheOtherRoom' from project 'PhoneInTheOtherRoom')
EmitSwiftModule normal x86_64 (in target 'PhoneInTheOtherRoom' from project 'PhoneInTheOtherRoom')
    cd /Users/ngawangchime/Desktop/Developer\ Projects/Phone\ in\ the\ Other\ Room

/Users/ngawangchime/Desktop/Developer Projects/Phone in the Other Room/PhoneInTheOtherRoomApp/Services/FarmBackupService.swift:57:25: warning: 'init(url:schema:headers:fetch:encoder:decoder:)' is deprecated: Replace usages of this initializer with new init(url:schema:headers:logger:fetch:encoder:decoder:)
        let transport = PostgrestClient(url: configuration.url.appendingPathComponent("rest/v1"),
                        ^

SwiftDriverJobDiscovery normal x86_64 Compiling CampfireVisibility.swift (in target 'PhoneInTheOtherRoomLiveActivity' from project 'PhoneInTheOtherRoom')

SwiftDriverJobDiscovery normal arm64 Emitting module for Counting_Sheep (in target 'PhoneInTheOtherRoom' from project 'PhoneInTheOtherRoom')

SwiftDriver\ Compilation PhoneInTheOtherRoomLiveActivity normal x86_64 com.apple.xcode.tools.swift.compiler (in target 'PhoneInTheOtherRoomLiveActivity' from project 'PhoneInTheOtherRoom')
    cd /Users/ngawangchime/Desktop/Developer\ Projects/Phone\ in\ the\ Other\ Room
    builtin-Swift-Compilation -- /Applications/Xcode.app/Contents/Developer/Toolchains/XcodeDefault.xctoolchain/usr/bin/swiftc -module-name Counting_Sheep_Live_Activity -Onone @/tmp/counting-sheep-search-build/Build/Intermediates.noindex/PhoneInTheOtherRoom.build/Debug-iphonesimulator/PhoneInTheOtherRoomLiveActivity.build/Objects-normal/x86_64/Counting\ Sheep\ Live\ Activity.SwiftFileList -DDEBUG -enable-bare-slash-regex -enable-experimental-feature DebugDescriptionMacro -sdk /Applications/Xcode.app/Contents/Developer/Platforms/iPhoneSimulator.platform/Developer/SDKs/iPhoneSimulator26.5.sdk -target x86_64-apple-ios17.0-simulator -g -module-cache-path /tmp/counting-sheep-search-build/ModuleCache.noindex -Xfrontend -serialize-debugging-options -application-extension -enable-testing -index-store-path /tmp/counting-sheep-search-build/Index.noindex/DataStore -Xcc -D_LIBCPP_HARDENING_MODE\=_LIBCPP_HARDENING_MODE_DEBUG -swift-version 5 -I /tmp/counting-sheep-search-build/Build/Products/Debug-iphonesimulator -F /tmp/counting-sheep-search-build/Build/Products/Debug-iphonesimulator -c -j8 -enable-batch-mode -incremental -Xcc -ivfsstatcache -Xcc /tmp/counting-sheep-search-build/SDKStatCaches.noindex/iphonesimulator26.5-23F81a-6cfe768891a92b912361537c460fe42b.sdkstatcache -output-file-map /tmp/counting-sheep-search-build/Build/Intermediates.noindex/PhoneInTheOtherRoom.build/Debug-iphonesimulator/PhoneInTheOtherRoomLiveActivity.build/Objects-normal/x86_64/PhoneInTheOtherRoomLiveActivity-OutputFileMap.json -use-frontend-parseable-output -save-temps -no-color-diagnostics -explicit-module-build -module-cache-path /tmp/counting-sheep-search-build/Build/Intermediates.noindex/SwiftExplicitPrecompiledModules -clang-scanner-module-cache-path /tmp/counting-sheep-search-build/ModuleCache.noindex -sdk-module-cache-path /tmp/counting-sheep-search-build/ModuleCache.noindex -serialize-diagnostics -emit-dependencies -emit-module -emit-module-path /tmp/counting-sheep-search-build/Build/Intermediates.noindex/PhoneInTheOtherRoom.build/Debug-iphonesimulator/PhoneInTheOtherRoomLiveActivity.build/Objects-normal/x86_64/Counting_Sheep_Live_Activity.swiftmodule -validate-clang-modules-once -clang-build-session-file /tmp/counting-sheep-search-build/ModuleCache.noindex/Session.modulevalidation -Xcc -I/tmp/counting-sheep-search-build/Build/Intermediates.noindex/PhoneInTheOtherRoom.build/Debug-iphonesimulator/PhoneInTheOtherRoomLiveActivity.build/swift-overrides.hmap -emit-const-values -Xfrontend -const-gather-protocols-file -Xfrontend /tmp/counting-sheep-search-build/Build/Intermediates.noindex/PhoneInTheOtherRoom.build/Debug-iphonesimulator/PhoneInTheOtherRoomLiveActivity.build/Objects-normal/x86_64/PhoneInTheOtherRoomLiveActivity_const_extract_protocols.json -Xcc -iquote -Xcc /tmp/counting-sheep-search-build/Build/Intermediates.noindex/PhoneInTheOtherRoom.build/Debug-iphonesimulator/PhoneInTheOtherRoomLiveActivity.build/Counting\ Sheep\ Live\ Activity-generated-files.hmap -Xcc -I/tmp/counting-sheep-search-build/Build/Intermediates.noindex/PhoneInTheOtherRoom.build/Debug-iphonesimulator/PhoneInTheOtherRoomLiveActivity.build/Counting\ Sheep\ Live\ Activity-own-target-headers.hmap -Xcc -I/tmp/counting-sheep-search-build/Build/Intermediates.noindex/PhoneInTheOtherRoom.build/Debug-iphonesimulator/PhoneInTheOtherRoomLiveActivity.build/Counting\ Sheep\ Live\ Activity-all-non-framework-target-headers.hmap -Xcc -ivfsoverlay -Xcc /tmp/counting-sheep-search-build/Build/Intermediates.noindex/PhoneInTheOtherRoom.build/Debug-iphonesimulator/PhoneInTheOtherRoom-d9a00fb94435e678319518e524e23875-VFS-iphonesimulator/all-product-headers.yaml -Xcc -iquote -Xcc /tmp/counting-sheep-search-build/Build/Intermediates.noindex/PhoneInTheOtherRoom.build/Debug-iphonesimulator/PhoneInTheOtherRoomLiveActivity.build/Counting\ Sheep\ Live\ Activity-project-headers.hmap -Xcc -I/tmp/counting-sheep-search-build/Build/Products/Debug-iphonesimulator/include -Xcc -I/tmp/counting-sheep-search-build/Build/Intermediates.noindex/PhoneInTheOtherRoom.build/Debug-iphonesimulator/PhoneInTheOtherRoomLiveActivity.build/DerivedSources-normal/x86_64 -Xcc -I/tmp/counting-sheep-search-build/Build/Intermediates.noindex/PhoneInTheOtherRoom.build/Debug-iphonesimulator/PhoneInTheOtherRoomLiveActivity.build/DerivedSources/x86_64 -Xcc -I/tmp/counting-sheep-search-build/Build/Intermediates.noindex/PhoneInTheOtherRoom.build/Debug-iphonesimulator/PhoneInTheOtherRoomLiveActivity.build/DerivedSources -Xcc -DDEBUG\=1 -emit-objc-header -emit-objc-header-path /tmp/counting-sheep-search-build/Build/Intermediates.noindex/PhoneInTheOtherRoom.build/Debug-iphonesimulator/PhoneInTheOtherRoomLiveActivity.build/Objects-normal/x86_64/Counting_Sheep_Live_Activity-Swift.h -working-directory /Users/ngawangchime/Desktop/Developer\ Projects/Phone\ in\ the\ Other\ Room -experimental-emit-module-separately -disable-cmo

SwiftDriver\ Compilation\ Requirements PhoneInTheOtherRoom normal arm64 com.apple.xcode.tools.swift.compiler (in target 'PhoneInTheOtherRoom' from project 'PhoneInTheOtherRoom')
    cd /Users/ngawangchime/Desktop/Developer\ Projects/Phone\ in\ the\ Other\ Room
    builtin-Swift-Compilation-Requirements -- /Applications/Xcode.app/Contents/Developer/Toolchains/XcodeDefault.xctoolchain/usr/bin/swiftc -module-name Counting_Sheep -Onone @/tmp/counting-sheep-search-build/Build/Intermediates.noindex/PhoneInTheOtherRoom.build/Debug-iphonesimulator/PhoneInTheOtherRoom.build/Objects-normal/arm64/Counting\ Sheep.SwiftFileList -DDEBUG -DSCREEN_TIME_REPORTS -enable-bare-slash-regex -enable-experimental-feature DebugDescriptionMacro -sdk /Applications/Xcode.app/Contents/Developer/Platforms/iPhoneSimulator.platform/Developer/SDKs/iPhoneSimulator26.5.sdk -target arm64-apple-ios17.0-simulator -g -module-cache-path /tmp/counting-sheep-search-build/ModuleCache.noindex -Xfrontend -serialize-debugging-options -enable-testing -index-store-path /tmp/counting-sheep-search-build/Index.noindex/DataStore -Xcc -D_LIBCPP_HARDENING_MODE\=_LIBCPP_HARDENING_MODE_DEBUG -swift-version 5 -I /tmp/counting-sheep-search-build/Build/Products/Debug-iphonesimulator -F /tmp/counting-sheep-search-build/Build/Products/Debug-iphonesimulator/PackageFrameworks -F /tmp/counting-sheep-search-build/Build/Products/Debug-iphonesimulator/PackageFrameworks -F /tmp/counting-sheep-search-build/Build/Products/Debug-iphonesimulator/PackageFrameworks -F /tmp/counting-sheep-search-build/Build/Products/Debug-iphonesimulator/PackageFrameworks -F /tmp/counting-sheep-search-build/Build/Products/Debug-iphonesimulator/PackageFrameworks -F /tmp/counting-sheep-search-build/Build/Products/Debug-iphonesimulator/PackageFrameworks -F /tmp/counting-sheep-search-build/Build/Products/Debug-iphonesimulator/PackageFrameworks -F /tmp/counting-sheep-search-build/Build/Products/Debug-iphonesimulator/PackageFrameworks -F /tmp/counting-sheep-search-build/Build/Products/Debug-iphonesimulator/PackageFrameworks -F /tmp/counting-sheep-search-build/Build/Products/Debug-iphonesimulator/PackageFrameworks -F /tmp/counting-sheep-search-build/Build/Products/Debug-iphonesimulator/PackageFrameworks -F /tmp/counting-sheep-search-build/Build/Products/Debug-iphonesimulator/PackageFrameworks -F /tmp/counting-sheep-search-build/Build/Products/Debug-iphonesimulator/PackageFrameworks -F /tmp/counting-sheep-search-build/Build/Products/Debug-iphonesimulator/PackageFrameworks -F /tmp/counting-sheep-search-build/Build/Products/Debug-iphonesimulator -c -j8 -enable-batch-mode -incremental -Xcc -ivfsstatcache -Xcc /tmp/counting-sheep-search-build/SDKStatCaches.noindex/iphonesimulator26.5-23F81a-6cfe768891a92b912361537c460fe42b.sdkstatcache -output-file-map /tmp/counting-sheep-search-build/Build/Intermediates.noindex/PhoneInTheOtherRoom.build/Debug-iphonesimulator/PhoneInTheOtherRoom.build/Objects-normal/arm64/PhoneInTheOtherRoom-OutputFileMap.json -use-frontend-parseable-output -save-temps -no-color-diagnostics -explicit-module-build -module-cache-path /tmp/counting-sheep-search-build/Build/Intermediates.noindex/SwiftExplicitPrecompiledModules -clang-scanner-module-cache-path /tmp/counting-sheep-search-build/ModuleCache.noindex -sdk-module-cache-path /tmp/counting-sheep-search-build/ModuleCache.noindex -serialize-diagnostics -emit-dependencies -emit-module -emit-module-path /tmp/counting-sheep-search-build/Build/Intermediates.noindex/PhoneInTheOtherRoom.build/Debug-iphonesimulator/PhoneInTheOtherRoom.build/Objects-normal/arm64/Counting_Sheep.swiftmodule -validate-clang-modules-once -clang-build-session-file /tmp/counting-sheep-search-build/ModuleCache.noindex/Session.modulevalidation -Xcc -I/tmp/counting-sheep-search-build/Build/Intermediates.noindex/PhoneInTheOtherRoom.build/Debug-iphonesimulator/PhoneInTheOtherRoom.build/swift-overrides.hmap -emit-const-values -Xfrontend -const-gather-protocols-file -Xfrontend /tmp/counting-sheep-search-build/Build/Intermediates.noindex/PhoneInTheOtherRoom.build/Debug-iphonesimulator/PhoneInTheOtherRoom.build/Objects-normal/arm64/PhoneInTheOtherRoom_const_extract_protocols.json -Xcc -iquote -Xcc /tmp/counting-sheep-search-build/Build/Intermediates.noindex/PhoneInTheOtherRoom.build/Debug-iphonesimulator/PhoneInTheOtherRoom.build/Counting\ Sheep-generated-files.hmap -Xcc -I/tmp/counting-sheep-search-build/Build/Intermediates.noindex/PhoneInTheOtherRoom.build/Debug-iphonesimulator/PhoneInTheOtherRoom.build/Counting\ Sheep-own-target-headers.hmap -Xcc -I/tmp/counting-sheep-search-build/Build/Intermediates.noindex/PhoneInTheOtherRoom.build/Debug-iphonesimulator/PhoneInTheOtherRoom.build/Counting\ Sheep-all-non-framework-target-headers.hmap -Xcc -ivfsoverlay -Xcc /tmp/counting-sheep-search-build/Build/Intermediates.noindex/PhoneInTheOtherRoom.build/Debug-iphonesimulator/PhoneInTheOtherRoom-d9a00fb94435e678319518e524e23875-VFS-iphonesimulator/all-product-headers.yaml -Xcc -iquote -Xcc /tmp/counting-sheep-search-build/Build/Intermediates.noindex/PhoneInTheOtherRoom.build/Debug-iphonesimulator/PhoneInTheOtherRoom.build/Counting\ Sheep-project-headers.hmap -Xcc -I/tmp/counting-sheep-search-build/Build/Products/Debug-iphonesimulator/include -Xcc -I/tmp/counting-sheep-search-build/Build/Intermediates.noindex/PhoneInTheOtherRoom.build/Debug-iphonesimulator/PhoneInTheOtherRoom.build/DerivedSources-normal/arm64 -Xcc -I/tmp/counting-sheep-search-build/Build/Intermediates.noindex/PhoneInTheOtherRoom.build/Debug-iphonesimulator/PhoneInTheOtherRoom.build/DerivedSources/arm64 -Xcc -I/tmp/counting-sheep-search-build/Build/Intermediates.noindex/PhoneInTheOtherRoom.build/Debug-iphonesimulator/PhoneInTheOtherRoom.build/DerivedSources -Xcc -DDEBUG\=1 -emit-objc-header -emit-objc-header-path /tmp/counting-sheep-search-build/Build/Intermediates.noindex/PhoneInTheOtherRoom.build/Debug-iphonesimulator/PhoneInTheOtherRoom.build/Objects-normal/arm64/Counting_Sheep-Swift.h -working-directory /Users/ngawangchime/Desktop/Developer\ Projects/Phone\ in\ the\ Other\ Room -experimental-emit-module-separately -disable-cmo

SwiftDriver\ Compilation PhoneInTheOtherRoomDeviceActivityMonitor normal arm64 com.apple.xcode.tools.swift.compiler (in target 'PhoneInTheOtherRoomDeviceActivityMonitor' from project 'PhoneInTheOtherRoom')
    cd /Users/ngawangchime/Desktop/Developer\ Projects/Phone\ in\ the\ Other\ Room
    builtin-Swift-Compilation -- /Applications/Xcode.app/Contents/Developer/Toolchains/XcodeDefault.xctoolchain/usr/bin/swiftc -module-name Counting_Sheep_Wind_Down_Monitor -Onone @/tmp/counting-sheep-search-build/Build/Intermediates.noindex/PhoneInTheOtherRoom.build/Debug-iphonesimulator/PhoneInTheOtherRoomDeviceActivityMonitor.build/Objects-normal/arm64/Counting\ Sheep\ Wind\ Down\ Monitor.SwiftFileList -DDEBUG -DSCREEN_TIME_REPORTS -enable-bare-slash-regex -enable-experimental-feature DebugDescriptionMacro -sdk /Applications/Xcode.app/Contents/Developer/Platforms/iPhoneSimulator.platform/Developer/SDKs/iPhoneSimulator26.5.sdk -target arm64-apple-ios17.0-simulator -g -module-cache-path /tmp/counting-sheep-search-build/ModuleCache.noindex -Xfrontend -serialize-debugging-options -application-extension -enable-testing -index-store-path /tmp/counting-sheep-search-build/Index.noindex/DataStore -Xcc -D_LIBCPP_HARDENING_MODE\=_LIBCPP_HARDENING_MODE_DEBUG -swift-version 5 -I /tmp/counting-sheep-search-build/Build/Products/Debug-iphonesimulator -F /tmp/counting-sheep-search-build/Build/Products/Debug-iphonesimulator -c -j8 -enable-batch-mode -incremental -Xcc -ivfsstatcache -Xcc /tmp/counting-sheep-search-build/SDKStatCaches.noindex/iphonesimulator26.5-23F81a-6cfe768891a92b912361537c460fe42b.sdkstatcache -output-file-map /tmp/counting-sheep-search-build/Build/Intermediates.noindex/PhoneInTheOtherRoom.build/Debug-iphonesimulator/PhoneInTheOtherRoomDeviceActivityMonitor.build/Objects-normal/arm64/PhoneInTheOtherRoomDeviceActivityMonitor-OutputFileMap.json -use-frontend-parseable-output -save-temps -no-color-diagnostics -explicit-module-build -module-cache-path /tmp/counting-sheep-search-build/Build/Intermediates.noindex/SwiftExplicitPrecompiledModules -clang-scanner-module-cache-path /tmp/counting-sheep-search-build/ModuleCache.noindex -sdk-module-cache-path /tmp/counting-sheep-search-build/ModuleCache.noindex -serialize-diagnostics -emit-dependencies -emit-module -emit-module-path /tmp/counting-sheep-search-build/Build/Intermediates.noindex/PhoneInTheOtherRoom.build/Debug-iphonesimulator/PhoneInTheOtherRoomDeviceActivityMonitor.build/Objects-normal/arm64/Counting_Sheep_Wind_Down_Monitor.swiftmodule -validate-clang-modules-once -clang-build-session-file /tmp/counting-sheep-search-build/ModuleCache.noindex/Session.modulevalidation -Xcc -I/tmp/counting-sheep-search-build/Build/Intermediates.noindex/PhoneInTheOtherRoom.build/Debug-iphonesimulator/PhoneInTheOtherRoomDeviceActivityMonitor.build/swift-overrides.hmap -emit-const-values -Xfrontend -const-gather-protocols-file -Xfrontend /tmp/counting-sheep-search-build/Build/Intermediates.noindex/PhoneInTheOtherRoom.build/Debug-iphonesimulator/PhoneInTheOtherRoomDeviceActivityMonitor.build/Objects-normal/arm64/PhoneInTheOtherRoomDeviceActivityMonitor_const_extract_protocols.json -Xcc -iquote -Xcc /tmp/counting-sheep-search-build/Build/Intermediates.noindex/PhoneInTheOtherRoom.build/Debug-iphonesimulator/PhoneInTheOtherRoomDeviceActivityMonitor.build/Counting\ Sheep\ Wind\ Down\ Monitor-generated-files.hmap -Xcc -I/tmp/counting-sheep-search-build/Build/Intermediates.noindex/PhoneInTheOtherRoom.build/Debug-iphonesimulator/PhoneInTheOtherRoomDeviceActivityMonitor.build/Counting\ Sheep\ Wind\ Down\ Monitor-own-target-headers.hmap -Xcc -I/tmp/counting-sheep-search-build/Build/Intermediates.noindex/PhoneInTheOtherRoom.build/Debug-iphonesimulator/PhoneInTheOtherRoomDeviceActivityMonitor.build/Counting\ Sheep\ Wind\ Down\ Monitor-all-non-framework-target-headers.hmap -Xcc -ivfsoverlay -Xcc /tmp/counting-sheep-search-build/Build/Intermediates.noindex/PhoneInTheOtherRoom.build/Debug-iphonesimulator/PhoneInTheOtherRoom-d9a00fb94435e678319518e524e23875-VFS-iphonesimulator/all-product-headers.yaml -Xcc -iquote -Xcc /tmp/counting-sheep-search-build/Build/Intermediates.noindex/PhoneInTheOtherRoom.build/Debug-iphonesimulator/PhoneInTheOtherRoomDeviceActivityMonitor.build/Counting\ Sheep\ Wind\ Down\ Monitor-project-headers.hmap -Xcc -I/tmp/counting-sheep-search-build/Build/Products/Debug-iphonesimulator/include -Xcc -I/tmp/counting-sheep-search-build/Build/Intermediates.noindex/PhoneInTheOtherRoom.build/Debug-iphonesimulator/PhoneInTheOtherRoomDeviceActivityMonitor.build/DerivedSources-normal/arm64 -Xcc -I/tmp/counting-sheep-search-build/Build/Intermediates.noindex/PhoneInTheOtherRoom.build/Debug-iphonesimulator/PhoneInTheOtherRoomDeviceActivityMonitor.build/DerivedSources/arm64 -Xcc -I/tmp/counting-sheep-search-build/Build/Intermediates.noindex/PhoneInTheOtherRoom.build/Debug-iphonesimulator/PhoneInTheOtherRoomDeviceActivityMonitor.build/DerivedSources -Xcc -DDEBUG\=1 -emit-objc-header -emit-objc-header-path /tmp/counting-sheep-search-build/Build/Intermediates.noindex/PhoneInTheOtherRoom.build/Debug-iphonesimulator/PhoneInTheOtherRoomDeviceActivityMonitor.build/Objects-normal/arm64/Counting_Sheep_Wind_Down_Monitor-Swift.h -working-directory /Users/ngawangchime/Desktop/Developer\ Projects/Phone\ in\ the\ Other\ Room -experimental-emit-module-separately -disable-cmo

Copy /tmp/counting-sheep-search-build/Build/Products/Debug-iphonesimulator/Counting_Sheep.swiftmodule/arm64-apple-ios-simulator.swiftmodule /tmp/counting-sheep-search-build/Build/Intermediates.noindex/PhoneInTheOtherRoom.build/Debug-iphonesimulator/PhoneInTheOtherRoom.build/Objects-normal/arm64/Counting_Sheep.swiftmodule (in target 'PhoneInTheOtherRoom' from project 'PhoneInTheOtherRoom')
    cd /Users/ngawangchime/Desktop/Developer\ Projects/Phone\ in\ the\ Other\ Room
    builtin-copy -exclude .DS_Store -exclude CVS -exclude .svn -exclude .git -exclude .hg -resolve-src-symlinks -rename /tmp/counting-sheep-search-build/Build/Intermediates.noindex/PhoneInTheOtherRoom.build/Debug-iphonesimulator/PhoneInTheOtherRoom.build/Objects-normal/arm64/Counting_Sheep.swiftmodule /tmp/counting-sheep-search-build/Build/Products/Debug-iphonesimulator/Counting_Sheep.swiftmodule/arm64-apple-ios-simulator.swiftmodule

Copy /tmp/counting-sheep-search-build/Build/Products/Debug-iphonesimulator/Counting_Sheep.swiftmodule/arm64-apple-ios-simulator.abi.json /tmp/counting-sheep-search-build/Build/Intermediates.noindex/PhoneInTheOtherRoom.build/Debug-iphonesimulator/PhoneInTheOtherRoom.build/Objects-normal/arm64/Counting_Sheep.abi.json (in target 'PhoneInTheOtherRoom' from project 'PhoneInTheOtherRoom')
    cd /Users/ngawangchime/Desktop/Developer\ Projects/Phone\ in\ the\ Other\ Room
    builtin-copy -exclude .DS_Store -exclude CVS -exclude .svn -exclude .git -exclude .hg -resolve-src-symlinks -rename /tmp/counting-sheep-search-build/Build/Intermediates.noindex/PhoneInTheOtherRoom.build/Debug-iphonesimulator/PhoneInTheOtherRoom.build/Objects-normal/arm64/Counting_Sheep.abi.json /tmp/counting-sheep-search-build/Build/Products/Debug-iphonesimulator/Counting_Sheep.swiftmodule/arm64-apple-ios-simulator.abi.json

Copy /tmp/counting-sheep-search-build/Build/Products/Debug-iphonesimulator/Counting_Sheep.swiftmodule/Project/arm64-apple-ios-simulator.swiftsourceinfo /tmp/counting-sheep-search-build/Build/Intermediates.noindex/PhoneInTheOtherRoom.build/Debug-iphonesimulator/PhoneInTheOtherRoom.build/Objects-normal/arm64/Counting_Sheep.swiftsourceinfo (in target 'PhoneInTheOtherRoom' from project 'PhoneInTheOtherRoom')
    cd /Users/ngawangchime/Desktop/Developer\ Projects/Phone\ in\ the\ Other\ Room
    builtin-copy -exclude .DS_Store -exclude CVS -exclude .svn -exclude .git -exclude .hg -resolve-src-symlinks -rename /tmp/counting-sheep-search-build/Build/Intermediates.noindex/PhoneInTheOtherRoom.build/Debug-iphonesimulator/PhoneInTheOtherRoom.build/Objects-normal/arm64/Counting_Sheep.swiftsourceinfo /tmp/counting-sheep-search-build/Build/Products/Debug-iphonesimulator/Counting_Sheep.swiftmodule/Project/arm64-apple-ios-simulator.swiftsourceinfo

SwiftCompile normal x86_64 Compiling\ CampfireProfile.swift /Users/ngawangchime/Desktop/Developer\ Projects/Phone\ in\ the\ Other\ Room/Shared/CampfireProfile.swift (in target 'PhoneInTheOtherRoomDeviceActivityMonitor' from project 'PhoneInTheOtherRoom')
SwiftCompile normal x86_64 /Users/ngawangchime/Desktop/Developer\ Projects/Phone\ in\ the\ Other\ Room/Shared/CampfireProfile.swift (in target 'PhoneInTheOtherRoomDeviceActivityMonitor' from project 'PhoneInTheOtherRoom')
    cd /Users/ngawangchime/Desktop/Developer\ Projects/Phone\ in\ the\ Other\ Room


SwiftCompile normal x86_64 Compiling\ SharedPastureControls.swift,\ SlumberPartyFriendCardView.swift,\ SlumberPartyGroupStreamView.swift,\ SlumberPartyPastureView.swift,\ SlumberPartyReceivedCheersSection.swift,\ SlumberPartySharedFarmFixtures.swift,\ SlumberPartySharedFarmView.swift /Users/ngawangchime/Desktop/Developer\ Projects/Phone\ in\ the\ Other\ Room/PhoneInTheOtherRoomApp/Views/NightFlock/SharedPastureControls.swift /Users/ngawangchime/Desktop/Developer\ Projects/Phone\ in\ the\ Other\ Room/PhoneInTheOtherRoomApp/Views/NightFlock/SlumberPartyFriendCardView.swift /Users/ngawangchime/Desktop/Developer\ Projects/Phone\ in\ the\ Other\ Room/PhoneInTheOtherRoomApp/Views/NightFlock/SlumberPartyGroupStreamView.swift /Users/ngawangchime/Desktop/Developer\ Projects/Phone\ in\ the\ Other\ Room/PhoneInTheOtherRoomApp/Views/NightFlock/SlumberPartyPastureView.swift /Users/ngawangchime/Desktop/Developer\ Projects/Phone\ in\ the\ Other\ Room/PhoneInTheOtherRoomApp/Views/NightFlock/SlumberPartyReceivedCheersSection.swift /Users/ngawangchime/Desktop/Developer\ Projects/Phone\ in\ the\ Other\ Room/PhoneInTheOtherRoomApp/Views/NightFlock/SlumberPartySharedFarmFixtures.swift /Users/ngawangchime/Desktop/Developer\ Projects/Phone\ in\ the\ Other\ Room/PhoneInTheOtherRoomApp/Views/NightFlock/SlumberPartySharedFarmView.swift (in target 'PhoneInTheOtherRoom' from project 'PhoneInTheOtherRoom')

SwiftCompile normal x86_64 /Users/ngawangchime/Desktop/Developer\ Projects/Phone\ in\ the\ Other\ Room/PhoneInTheOtherRoomApp/Views/NightFlock/SharedPastureControls.swift (in target 'PhoneInTheOtherRoom' from project 'PhoneInTheOtherRoom')
    cd /Users/ngawangchime/Desktop/Developer\ Projects/Phone\ in\ the\ Other\ Room


SwiftCompile normal x86_64 /Users/ngawangchime/Desktop/Developer\ Projects/Phone\ in\ the\ Other\ Room/PhoneInTheOtherRoomApp/Views/NightFlock/SlumberPartyFriendCardView.swift (in target 'PhoneInTheOtherRoom' from project 'PhoneInTheOtherRoom')
    cd /Users/ngawangchime/Desktop/Developer\ Projects/Phone\ in\ the\ Other\ Room


SwiftCompile normal x86_64 /Users/ngawangchime/Desktop/Developer\ Projects/Phone\ in\ the\ Other\ Room/PhoneInTheOtherRoomApp/Views/NightFlock/SlumberPartyGroupStreamView.swift (in target 'PhoneInTheOtherRoom' from project 'PhoneInTheOtherRoom')
    cd /Users/ngawangchime/Desktop/Developer\ Projects/Phone\ in\ the\ Other\ Room


SwiftCompile normal x86_64 /Users/ngawangchime/Desktop/Developer\ Projects/Phone\ in\ the\ Other\ Room/PhoneInTheOtherRoomApp/Views/NightFlock/SlumberPartyPastureView.swift (in target 'PhoneInTheOtherRoom' from project 'PhoneInTheOtherRoom')
    cd /Users/ngawangchime/Desktop/Developer\ Projects/Phone\ in\ the\ Other\ Room


SwiftCompile normal x86_64 /Users/ngawangchime/Desktop/Developer\ Projects/Phone\ in\ the\ Other\ Room/PhoneInTheOtherRoomApp/Views/NightFlock/SlumberPartyReceivedCheersSection.swift (in target 'PhoneInTheOtherRoom' from project 'PhoneInTheOtherRoom')
    cd /Users/ngawangchime/Desktop/Developer\ Projects/Phone\ in\ the\ Other\ Room


SwiftCompile normal x86_64 /Users/ngawangchime/Desktop/Developer\ Projects/Phone\ in\ the\ Other\ Room/PhoneInTheOtherRoomApp/Views/NightFlock/SlumberPartySharedFarmFixtures.swift (in target 'PhoneInTheOtherRoom' from project 'PhoneInTheOtherRoom')
    cd /Users/ngawangchime/Desktop/Developer\ Projects/Phone\ in\ the\ Other\ Room


SwiftCompile normal x86_64 /Users/ngawangchime/Desktop/Developer\ Projects/Phone\ in\ the\ Other\ Room/PhoneInTheOtherRoomApp/Views/NightFlock/SlumberPartySharedFarmView.swift (in target 'PhoneInTheOtherRoom' from project 'PhoneInTheOtherRoom')
    cd /Users/ngawangchime/Desktop/Developer\ Projects/Phone\ in\ the\ Other\ Room


SwiftDriverJobDiscovery normal x86_64 Emitting module for Counting_Sheep (in target 'PhoneInTheOtherRoom' from project 'PhoneInTheOtherRoom')

SwiftDriver\ Compilation\ Requirements PhoneInTheOtherRoom normal x86_64 com.apple.xcode.tools.swift.compiler (in target 'PhoneInTheOtherRoom' from project 'PhoneInTheOtherRoom')
    cd /Users/ngawangchime/Desktop/Developer\ Projects/Phone\ in\ the\ Other\ Room
    builtin-Swift-Compilation-Requirements -- /Applications/Xcode.app/Contents/Developer/Toolchains/XcodeDefault.xctoolchain/usr/bin/swiftc -module-name Counting_Sheep -Onone @/tmp/counting-sheep-search-build/Build/Intermediates.noindex/PhoneInTheOtherRoom.build/Debug-iphonesimulator/PhoneInTheOtherRoom.build/Objects-normal/x86_64/Counting\ Sheep.SwiftFileList -DDEBUG -DSCREEN_TIME_REPORTS -enable-bare-slash-regex -enable-experimental-feature DebugDescriptionMacro -sdk /Applications/Xcode.app/Contents/Developer/Platforms/iPhoneSimulator.platform/Developer/SDKs/iPhoneSimulator26.5.sdk -target x86_64-apple-ios17.0-simulator -g -module-cache-path /tmp/counting-sheep-search-build/ModuleCache.noindex -Xfrontend -serialize-debugging-options -enable-testing -index-store-path /tmp/counting-sheep-search-build/Index.noindex/DataStore -Xcc -D_LIBCPP_HARDENING_MODE\=_LIBCPP_HARDENING_MODE_DEBUG -swift-version 5 -I /tmp/counting-sheep-search-build/Build/Products/Debug-iphonesimulator -F /tmp/counting-sheep-search-build/Build/Products/Debug-iphonesimulator/PackageFrameworks -F /tmp/counting-sheep-search-build/Build/Products/Debug-iphonesimulator/PackageFrameworks -F /tmp/counting-sheep-search-build/Build/Products/Debug-iphonesimulator/PackageFrameworks -F /tmp/counting-sheep-search-build/Build/Products/Debug-iphonesimulator/PackageFrameworks -F /tmp/counting-sheep-search-build/Build/Products/Debug-iphonesimulator/PackageFrameworks -F /tmp/counting-sheep-search-build/Build/Products/Debug-iphonesimulator/PackageFrameworks -F /tmp/counting-sheep-search-build/Build/Products/Debug-iphonesimulator/PackageFrameworks -F /tmp/counting-sheep-search-build/Build/Products/Debug-iphonesimulator/PackageFrameworks -F /tmp/counting-sheep-search-build/Build/Products/Debug-iphonesimulator/PackageFrameworks -F /tmp/counting-sheep-search-build/Build/Products/Debug-iphonesimulator/PackageFrameworks -F /tmp/counting-sheep-search-build/Build/Products/Debug-iphonesimulator/PackageFrameworks -F /tmp/counting-sheep-search-build/Build/Products/Debug-iphonesimulator/PackageFrameworks -F /tmp/counting-sheep-search-build/Build/Products/Debug-iphonesimulator/PackageFrameworks -F /tmp/counting-sheep-search-build/Build/Products/Debug-iphonesimulator/PackageFrameworks -F /tmp/counting-sheep-search-build/Build/Products/Debug-iphonesimulator -c -j8 -enable-batch-mode -incremental -Xcc -ivfsstatcache -Xcc /tmp/counting-sheep-search-build/SDKStatCaches.noindex/iphonesimulator26.5-23F81a-6cfe768891a92b912361537c460fe42b.sdkstatcache -output-file-map /tmp/counting-sheep-search-build/Build/Intermediates.noindex/PhoneInTheOtherRoom.build/Debug-iphonesimulator/PhoneInTheOtherRoom.build/Objects-normal/x86_64/PhoneInTheOtherRoom-OutputFileMap.json -use-frontend-parseable-output -save-temps -no-color-diagnostics -explicit-module-build -module-cache-path /tmp/counting-sheep-search-build/Build/Intermediates.noindex/SwiftExplicitPrecompiledModules -clang-scanner-module-cache-path /tmp/counting-sheep-search-build/ModuleCache.noindex -sdk-module-cache-path /tmp/counting-sheep-search-build/ModuleCache.noindex -serialize-diagnostics -emit-dependencies -emit-module -emit-module-path /tmp/counting-sheep-search-build/Build/Intermediates.noindex/PhoneInTheOtherRoom.build/Debug-iphonesimulator/PhoneInTheOtherRoom.build/Objects-normal/x86_64/Counting_Sheep.swiftmodule -validate-clang-modules-once -clang-build-session-file /tmp/counting-sheep-search-build/ModuleCache.noindex/Session.modulevalidation -Xcc -I/tmp/counting-sheep-search-build/Build/Intermediates.noindex/PhoneInTheOtherRoom.build/Debug-iphonesimulator/PhoneInTheOtherRoom.build/swift-overrides.hmap -emit-const-values -Xfrontend -const-gather-protocols-file -Xfrontend /tmp/counting-sheep-search-build/Build/Intermediates.noindex/PhoneInTheOtherRoom.build/Debug-iphonesimulator/PhoneInTheOtherRoom.build/Objects-normal/x86_64/PhoneInTheOtherRoom_const_extract_protocols.json -Xcc -iquote -Xcc /tmp/counting-sheep-search-build/Build/Intermediates.noindex/PhoneInTheOtherRoom.build/Debug-iphonesimulator/PhoneInTheOtherRoom.build/Counting\ Sheep-generated-files.hmap -Xcc -I/tmp/counting-sheep-search-build/Build/Intermediates.noindex/PhoneInTheOtherRoom.build/Debug-iphonesimulator/PhoneInTheOtherRoom.build/Counting\ Sheep-own-target-headers.hmap -Xcc -I/tmp/counting-sheep-search-build/Build/Intermediates.noindex/PhoneInTheOtherRoom.build/Debug-iphonesimulator/PhoneInTheOtherRoom.build/Counting\ Sheep-all-non-framework-target-headers.hmap -Xcc -ivfsoverlay -Xcc /tmp/counting-sheep-search-build/Build/Intermediates.noindex/PhoneInTheOtherRoom.build/Debug-iphonesimulator/PhoneInTheOtherRoom-d9a00fb94435e678319518e524e23875-VFS-iphonesimulator/all-product-headers.yaml -Xcc -iquote -Xcc /tmp/counting-sheep-search-build/Build/Intermediates.noindex/PhoneInTheOtherRoom.build/Debug-iphonesimulator/PhoneInTheOtherRoom.build/Counting\ Sheep-project-headers.hmap -Xcc -I/tmp/counting-sheep-search-build/Build/Products/Debug-iphonesimulator/include -Xcc -I/tmp/counting-sheep-search-build/Build/Intermediates.noindex/PhoneInTheOtherRoom.build/Debug-iphonesimulator/PhoneInTheOtherRoom.build/DerivedSources-normal/x86_64 -Xcc -I/tmp/counting-sheep-search-build/Build/Intermediates.noindex/PhoneInTheOtherRoom.build/Debug-iphonesimulator/PhoneInTheOtherRoom.build/DerivedSources/x86_64 -Xcc -I/tmp/counting-sheep-search-build/Build/Intermediates.noindex/PhoneInTheOtherRoom.build/Debug-iphonesimulator/PhoneInTheOtherRoom.build/DerivedSources -Xcc -DDEBUG\=1 -emit-objc-header -emit-objc-header-path /tmp/counting-sheep-search-build/Build/Intermediates.noindex/PhoneInTheOtherRoom.build/Debug-iphonesimulator/PhoneInTheOtherRoom.build/Objects-normal/x86_64/Counting_Sheep-Swift.h -working-directory /Users/ngawangchime/Desktop/Developer\ Projects/Phone\ in\ the\ Other\ Room -experimental-emit-module-separately -disable-cmo

SwiftDriverJobDiscovery normal x86_64 Compiling CampfireProfile.swift (in target 'PhoneInTheOtherRoomDeviceActivityMonitor' from project 'PhoneInTheOtherRoom')

SwiftCompile normal arm64 Compiling\ CampfireBedtimeNativeFixture.swift,\ CampfireBuddiesNativeFixture.swift,\ CampfireBuddyViews.swift,\ CampfireInvitationSettings.swift,\ CampfirePanel.swift,\ CampfirePersonViews.swift,\ CampfireProfile.swift,\ CampfireProfileView.swift /Users/ngawangchime/Desktop/Developer\ Projects/Phone\ in\ the\ Other\ Room/PhoneInTheOtherRoomApp/Views/NightFlock/CampfireBedtimeNativeFixture.swift /Users/ngawangchime/Desktop/Developer\ Projects/Phone\ in\ the\ Other\ Room/PhoneInTheOtherRoomApp/Views/NightFlock/CampfireBuddiesNativeFixture.swift /Users/ngawangchime/Desktop/Developer\ Projects/Phone\ in\ the\ Other\ Room/PhoneInTheOtherRoomApp/Views/NightFlock/CampfireBuddyViews.swift /Users/ngawangchime/Desktop/Developer\ Projects/Phone\ in\ the\ Other\ Room/PhoneInTheOtherRoomApp/Views/NightFlock/CampfireInvitationSettings.swift /Users/ngawangchime/Desktop/Developer\ Projects/Phone\ in\ the\ Other\ Room/PhoneInTheOtherRoomApp/Views/NightFlock/CampfirePanel.swift /Users/ngawangchime/Desktop/Developer\ Projects/Phone\ in\ the\ Other\ Room/PhoneInTheOtherRoomApp/Views/NightFlock/CampfirePersonViews.swift /Users/ngawangchime/Desktop/Developer\ Projects/Phone\ in\ the\ Other\ Room/Shared/CampfireProfile.swift /Users/ngawangchime/Desktop/Developer\ Projects/Phone\ in\ the\ Other\ Room/PhoneInTheOtherRoomApp/Views/NightFlock/CampfireProfileView.swift (in target 'PhoneInTheOtherRoom' from project 'PhoneInTheOtherRoom')

SwiftCompile normal arm64 /Users/ngawangchime/Desktop/Developer\ Projects/Phone\ in\ the\ Other\ Room/PhoneInTheOtherRoomApp/Views/NightFlock/CampfireBedtimeNativeFixture.swift (in target 'PhoneInTheOtherRoom' from project 'PhoneInTheOtherRoom')
    cd /Users/ngawangchime/Desktop/Developer\ Projects/Phone\ in\ the\ Other\ Room


SwiftCompile normal arm64 /Users/ngawangchime/Desktop/Developer\ Projects/Phone\ in\ the\ Other\ Room/PhoneInTheOtherRoomApp/Views/NightFlock/CampfireBuddiesNativeFixture.swift (in target 'PhoneInTheOtherRoom' from project 'PhoneInTheOtherRoom')
    cd /Users/ngawangchime/Desktop/Developer\ Projects/Phone\ in\ the\ Other\ Room


SwiftCompile normal arm64 /Users/ngawangchime/Desktop/Developer\ Projects/Phone\ in\ the\ Other\ Room/PhoneInTheOtherRoomApp/Views/NightFlock/CampfireBuddyViews.swift (in target 'PhoneInTheOtherRoom' from project 'PhoneInTheOtherRoom')
    cd /Users/ngawangchime/Desktop/Developer\ Projects/Phone\ in\ the\ Other\ Room


SwiftCompile normal arm64 /Users/ngawangchime/Desktop/Developer\ Projects/Phone\ in\ the\ Other\ Room/PhoneInTheOtherRoomApp/Views/NightFlock/CampfireInvitationSettings.swift (in target 'PhoneInTheOtherRoom' from project 'PhoneInTheOtherRoom')
    cd /Users/ngawangchime/Desktop/Developer\ Projects/Phone\ in\ the\ Other\ Room


SwiftCompile normal arm64 /Users/ngawangchime/Desktop/Developer\ Projects/Phone\ in\ the\ Other\ Room/PhoneInTheOtherRoomApp/Views/NightFlock/CampfirePanel.swift (in target 'PhoneInTheOtherRoom' from project 'PhoneInTheOtherRoom')
    cd /Users/ngawangchime/Desktop/Developer\ Projects/Phone\ in\ the\ Other\ Room


SwiftCompile normal arm64 /Users/ngawangchime/Desktop/Developer\ Projects/Phone\ in\ the\ Other\ Room/PhoneInTheOtherRoomApp/Views/NightFlock/CampfirePersonViews.swift (in target 'PhoneInTheOtherRoom' from project 'PhoneInTheOtherRoom')
    cd /Users/ngawangchime/Desktop/Developer\ Projects/Phone\ in\ the\ Other\ Room


SwiftCompile normal arm64 /Users/ngawangchime/Desktop/Developer\ Projects/Phone\ in\ the\ Other\ Room/Shared/CampfireProfile.swift (in target 'PhoneInTheOtherRoom' from project 'PhoneInTheOtherRoom')
    cd /Users/ngawangchime/Desktop/Developer\ Projects/Phone\ in\ the\ Other\ Room


SwiftCompile normal arm64 /Users/ngawangchime/Desktop/Developer\ Projects/Phone\ in\ the\ Other\ Room/PhoneInTheOtherRoomApp/Views/NightFlock/CampfireProfileView.swift (in target 'PhoneInTheOtherRoom' from project 'PhoneInTheOtherRoom')
    cd /Users/ngawangchime/Desktop/Developer\ Projects/Phone\ in\ the\ Other\ Room


Copy /tmp/counting-sheep-search-build/Build/Products/Debug-iphonesimulator/Counting_Sheep.swiftmodule/x86_64-apple-ios-simulator.swiftmodule /tmp/counting-sheep-search-build/Build/Intermediates.noindex/PhoneInTheOtherRoom.build/Debug-iphonesimulator/PhoneInTheOtherRoom.build/Objects-normal/x86_64/Counting_Sheep.swiftmodule (in target 'PhoneInTheOtherRoom' from project 'PhoneInTheOtherRoom')
    cd /Users/ngawangchime/Desktop/Developer\ Projects/Phone\ in\ the\ Other\ Room
    builtin-copy -exclude .DS_Store -exclude CVS -exclude .svn -exclude .git -exclude .hg -resolve-src-symlinks -rename /tmp/counting-sheep-search-build/Build/Intermediates.noindex/PhoneInTheOtherRoom.build/Debug-iphonesimulator/PhoneInTheOtherRoom.build/Objects-normal/x86_64/Counting_Sheep.swiftmodule /tmp/counting-sheep-search-build/Build/Products/Debug-iphonesimulator/Counting_Sheep.swiftmodule/x86_64-apple-ios-simulator.swiftmodule

SwiftDriverJobDiscovery normal arm64 Compiling CampfireBedtimeNativeFixture.swift, CampfireBuddiesNativeFixture.swift, CampfireBuddyViews.swift, CampfireInvitationSettings.swift, CampfirePanel.swift, CampfirePersonViews.swift, CampfireProfile.swift, CampfireProfileView.swift (in target 'PhoneInTheOtherRoom' from project 'PhoneInTheOtherRoom')

Copy /tmp/counting-sheep-search-build/Build/Products/Debug-iphonesimulator/Counting_Sheep.swiftmodule/x86_64-apple-ios-simulator.abi.json /tmp/counting-sheep-search-build/Build/Intermediates.noindex/PhoneInTheOtherRoom.build/Debug-iphonesimulator/PhoneInTheOtherRoom.build/Objects-normal/x86_64/Counting_Sheep.abi.json (in target 'PhoneInTheOtherRoom' from project 'PhoneInTheOtherRoom')
    cd /Users/ngawangchime/Desktop/Developer\ Projects/Phone\ in\ the\ Other\ Room
    builtin-copy -exclude .DS_Store -exclude CVS -exclude .svn -exclude .git -exclude .hg -resolve-src-symlinks -rename /tmp/counting-sheep-search-build/Build/Intermediates.noindex/PhoneInTheOtherRoom.build/Debug-iphonesimulator/PhoneInTheOtherRoom.build/Objects-normal/x86_64/Counting_Sheep.abi.json /tmp/counting-sheep-search-build/Build/Products/Debug-iphonesimulator/Counting_Sheep.swiftmodule/x86_64-apple-ios-simulator.abi.json

Copy /tmp/counting-sheep-search-build/Build/Products/Debug-iphonesimulator/Counting_Sheep.swiftmodule/Project/x86_64-apple-ios-simulator.swiftsourceinfo /tmp/counting-sheep-search-build/Build/Intermediates.noindex/PhoneInTheOtherRoom.build/Debug-iphonesimulator/PhoneInTheOtherRoom.build/Objects-normal/x86_64/Counting_Sheep.swiftsourceinfo (in target 'PhoneInTheOtherRoom' from project 'PhoneInTheOtherRoom')
    cd /Users/ngawangchime/Desktop/Developer\ Projects/Phone\ in\ the\ Other\ Room
    builtin-copy -exclude .DS_Store -exclude CVS -exclude .svn -exclude .git -exclude .hg -resolve-src-symlinks -rename /tmp/counting-sheep-search-build/Build/Intermediates.noindex/PhoneInTheOtherRoom.build/Debug-iphonesimulator/PhoneInTheOtherRoom.build/Objects-normal/x86_64/Counting_Sheep.swiftsourceinfo /tmp/counting-sheep-search-build/Build/Products/Debug-iphonesimulator/Counting_Sheep.swiftmodule/Project/x86_64-apple-ios-simulator.swiftsourceinfo

SwiftCompile normal x86_64 Compiling\ CampfireVisibility.swift /Users/ngawangchime/Desktop/Developer\ Projects/Phone\ in\ the\ Other\ Room/Shared/CampfireVisibility.swift (in target 'PhoneInTheOtherRoomDeviceActivityMonitor' from project 'PhoneInTheOtherRoom')

SwiftCompile normal x86_64 /Users/ngawangchime/Desktop/Developer\ Projects/Phone\ in\ the\ Other\ Room/Shared/CampfireVisibility.swift (in target 'PhoneInTheOtherRoomDeviceActivityMonitor' from project 'PhoneInTheOtherRoom')
    cd /Users/ngawangchime/Desktop/Developer\ Projects/Phone\ in\ the\ Other\ Room


SwiftCompile normal arm64 Compiling\ OnboardingComponents.swift,\ OnboardingFlowView.swift,\ OnboardingPersonalizationView.swift,\ OnboardingProfileStepView.swift,\ OnboardingProtectionStepView.swift,\ OnboardingQuietStepView.swift,\ OnboardingReadyStepView.swift,\ OnboardingRecommendationStepView.swift,\ OnboardingScheduleStepView.swift,\ OnboardingWelcomeStepView.swift,\ OrientationTourOverlay.swift,\ PaperFarmObjectView.swift /Users/ngawangchime/Desktop/Developer\ Projects/Phone\ in\ the\ Other\ Room/PhoneInTheOtherRoomApp/Views/Onboarding/OnboardingComponents.swift /Users/ngawangchime/Desktop/Developer\ Projects/Phone\ in\ the\ Other\ Room/PhoneInTheOtherRoomApp/Views/Onboarding/OnboardingFlowView.swift /Users/ngawangchime/Desktop/Developer\ Projects/Phone\ in\ the\ Other\ Room/PhoneInTheOtherRoomApp/Views/Onboarding/OnboardingPersonalizationView.swift /Users/ngawangchime/Desktop/Developer\ Projects/Phone\ in\ the\ Other\ Room/PhoneInTheOtherRoomApp/Views/Onboarding/OnboardingProfileStepView.swift /Users/ngawangchime/Desktop/Developer\ Projects/Phone\ in\ the\ Other\ Room/PhoneInTheOtherRoomApp/Views/Onboarding/OnboardingProtectionStepView.swift /Users/ngawangchime/Desktop/Developer\ Projects/Phone\ in\ the\ Other\ Room/PhoneInTheOtherRoomApp/Views/Onboarding/OnboardingQuietStepView.swift /Users/ngawangchime/Desktop/Developer\ Projects/Phone\ in\ the\ Other\ Room/PhoneInTheOtherRoomApp/Views/Onboarding/OnboardingReadyStepView.swift /Users/ngawangchime/Desktop/Developer\ Projects/Phone\ in\ the\ Other\ Room/PhoneInTheOtherRoomApp/Views/Onboarding/OnboardingRecommendationStepView.swift /Users/ngawangchime/Desktop/Developer\ Projects/Phone\ in\ the\ Other\ Room/PhoneInTheOtherRoomApp/Views/Onboarding/OnboardingScheduleStepView.swift /Users/ngawangchime/Desktop/Developer\ Projects/Phone\ in\ the\ Other\ Room/PhoneInTheOtherRoomApp/Views/Onboarding/OnboardingWelcomeStepView.swift /Users/ngawangchime/Desktop/Developer\ Projects/Phone\ in\ the\ Other\ Room/PhoneInTheOtherRoomApp/Views/Components/OrientationTourOverlay.swift /Users/ngawangchime/Desktop/Developer\ Projects/Phone\ in\ the\ Other\ Room/PhoneInTheOtherRoomApp/Views/Components/PaperFarmObjectView.swift (in target 'PhoneInTheOtherRoom' from project 'PhoneInTheOtherRoom')
SwiftCompile normal arm64 /Users/ngawangchime/Desktop/Developer\ Projects/Phone\ in\ the\ Other\ Room/PhoneInTheOtherRoomApp/Views/Onboarding/OnboardingComponents.swift (in target 'PhoneInTheOtherRoom' from project 'PhoneInTheOtherRoom')
    cd /Users/ngawangchime/Desktop/Developer\ Projects/Phone\ in\ the\ Other\ Room


SwiftCompile normal arm64 /Users/ngawangchime/Desktop/Developer\ Projects/Phone\ in\ the\ Other\ Room/PhoneInTheOtherRoomApp/Views/Onboarding/OnboardingFlowView.swift (in target 'PhoneInTheOtherRoom' from project 'PhoneInTheOtherRoom')
    cd /Users/ngawangchime/Desktop/Developer\ Projects/Phone\ in\ the\ Other\ Room


SwiftCompile normal arm64 /Users/ngawangchime/Desktop/Developer\ Projects/Phone\ in\ the\ Other\ Room/PhoneInTheOtherRoomApp/Views/Onboarding/OnboardingPersonalizationView.swift (in target 'PhoneInTheOtherRoom' from project 'PhoneInTheOtherRoom')
    cd /Users/ngawangchime/Desktop/Developer\ Projects/Phone\ in\ the\ Other\ Room


SwiftCompile normal arm64 /Users/ngawangchime/Desktop/Developer\ Projects/Phone\ in\ the\ Other\ Room/PhoneInTheOtherRoomApp/Views/Onboarding/OnboardingProfileStepView.swift (in target 'PhoneInTheOtherRoom' from project 'PhoneInTheOtherRoom')
    cd /Users/ngawangchime/Desktop/Developer\ Projects/Phone\ in\ the\ Other\ Room


SwiftCompile normal arm64 /Users/ngawangchime/Desktop/Developer\ Projects/Phone\ in\ the\ Other\ Room/PhoneInTheOtherRoomApp/Views/Onboarding/OnboardingProtectionStepView.swift (in target 'PhoneInTheOtherRoom' from project 'PhoneInTheOtherRoom')
    cd /Users/ngawangchime/Desktop/Developer\ Projects/Phone\ in\ the\ Other\ Room


SwiftCompile normal arm64 /Users/ngawangchime/Desktop/Developer\ Projects/Phone\ in\ the\ Other\ Room/PhoneInTheOtherRoomApp/Views/Onboarding/OnboardingQuietStepView.swift (in target 'PhoneInTheOtherRoom' from project 'PhoneInTheOtherRoom')
    cd /Users/ngawangchime/Desktop/Developer\ Projects/Phone\ in\ the\ Other\ Room


SwiftCompile normal arm64 /Users/ngawangchime/Desktop/Developer\ Projects/Phone\ in\ the\ Other\ Room/PhoneInTheOtherRoomApp/Views/Onboarding/OnboardingReadyStepView.swift (in target 'PhoneInTheOtherRoom' from project 'PhoneInTheOtherRoom')
    cd /Users/ngawangchime/Desktop/Developer\ Projects/Phone\ in\ the\ Other\ Room


SwiftCompile normal arm64 /Users/ngawangchime/Desktop/Developer\ Projects/Phone\ in\ the\ Other\ Room/PhoneInTheOtherRoomApp/Views/Onboarding/OnboardingRecommendationStepView.swift (in target 'PhoneInTheOtherRoom' from project 'PhoneInTheOtherRoom')
    cd /Users/ngawangchime/Desktop/Developer\ Projects/Phone\ in\ the\ Other\ Room


SwiftCompile normal arm64 /Users/ngawangchime/Desktop/Developer\ Projects/Phone\ in\ the\ Other\ Room/PhoneInTheOtherRoomApp/Views/Onboarding/OnboardingScheduleStepView.swift (in target 'PhoneInTheOtherRoom' from project 'PhoneInTheOtherRoom')
    cd /Users/ngawangchime/Desktop/Developer\ Projects/Phone\ in\ the\ Other\ Room


SwiftCompile normal arm64 /Users/ngawangchime/Desktop/Developer\ Projects/Phone\ in\ the\ Other\ Room/PhoneInTheOtherRoomApp/Views/Onboarding/OnboardingWelcomeStepView.swift (in target 'PhoneInTheOtherRoom' from project 'PhoneInTheOtherRoom')
    cd /Users/ngawangchime/Desktop/Developer\ Projects/Phone\ in\ the\ Other\ Room


SwiftCompile normal arm64 /Users/ngawangchime/Desktop/Developer\ Projects/Phone\ in\ the\ Other\ Room/PhoneInTheOtherRoomApp/Views/Components/OrientationTourOverlay.swift (in target 'PhoneInTheOtherRoom' from project 'PhoneInTheOtherRoom')
    cd /Users/ngawangchime/Desktop/Developer\ Projects/Phone\ in\ the\ Other\ Room


SwiftCompile normal arm64 /Users/ngawangchime/Desktop/Developer\ Projects/Phone\ in\ the\ Other\ Room/PhoneInTheOtherRoomApp/Views/Components/PaperFarmObjectView.swift (in target 'PhoneInTheOtherRoom' from project 'PhoneInTheOtherRoom')
    cd /Users/ngawangchime/Desktop/Developer\ Projects/Phone\ in\ the\ Other\ Room


SwiftDriverJobDiscovery normal x86_64 Compiling CampfireVisibility.swift (in target 'PhoneInTheOtherRoomDeviceActivityMonitor' from project 'PhoneInTheOtherRoom')

SwiftDriverJobDiscovery normal x86_64 Compiling SharedPastureControls.swift, SlumberPartyFriendCardView.swift, SlumberPartyGroupStreamView.swift, SlumberPartyPastureView.swift, SlumberPartyReceivedCheersSection.swift, SlumberPartySharedFarmFixtures.swift, SlumberPartySharedFarmView.swift (in target 'PhoneInTheOtherRoom' from project 'PhoneInTheOtherRoom')

SwiftDriver\ Compilation PhoneInTheOtherRoomDeviceActivityMonitor normal x86_64 com.apple.xcode.tools.swift.compiler (in target 'PhoneInTheOtherRoomDeviceActivityMonitor' from project 'PhoneInTheOtherRoom')
    cd /Users/ngawangchime/Desktop/Developer\ Projects/Phone\ in\ the\ Other\ Room
    builtin-Swift-Compilation -- /Applications/Xcode.app/Contents/Developer/Toolchains/XcodeDefault.xctoolchain/usr/bin/swiftc -module-name Counting_Sheep_Wind_Down_Monitor -Onone @/tmp/counting-sheep-search-build/Build/Intermediates.noindex/PhoneInTheOtherRoom.build/Debug-iphonesimulator/PhoneInTheOtherRoomDeviceActivityMonitor.build/Objects-normal/x86_64/Counting\ Sheep\ Wind\ Down\ Monitor.SwiftFileList -DDEBUG -DSCREEN_TIME_REPORTS -enable-bare-slash-regex -enable-experimental-feature DebugDescriptionMacro -sdk /Applications/Xcode.app/Contents/Developer/Platforms/iPhoneSimulator.platform/Developer/SDKs/iPhoneSimulator26.5.sdk -target x86_64-apple-ios17.0-simulator -g -module-cache-path /tmp/counting-sheep-search-build/ModuleCache.noindex -Xfrontend -serialize-debugging-options -application-extension -enable-testing -index-store-path /tmp/counting-sheep-search-build/Index.noindex/DataStore -Xcc -D_LIBCPP_HARDENING_MODE\=_LIBCPP_HARDENING_MODE_DEBUG -swift-version 5 -I /tmp/counting-sheep-search-build/Build/Products/Debug-iphonesimulator -F /tmp/counting-sheep-search-build/Build/Products/Debug-iphonesimulator -c -j8 -enable-batch-mode -incremental -Xcc -ivfsstatcache -Xcc /tmp/counting-sheep-search-build/SDKStatCaches.noindex/iphonesimulator26.5-23F81a-6cfe768891a92b912361537c460fe42b.sdkstatcache -output-file-map /tmp/counting-sheep-search-build/Build/Intermediates.noindex/PhoneInTheOtherRoom.build/Debug-iphonesimulator/PhoneInTheOtherRoomDeviceActivityMonitor.build/Objects-normal/x86_64/PhoneInTheOtherRoomDeviceActivityMonitor-OutputFileMap.json -use-frontend-parseable-output -save-temps -no-color-diagnostics -explicit-module-build -module-cache-path /tmp/counting-sheep-search-build/Build/Intermediates.noindex/SwiftExplicitPrecompiledModules -clang-scanner-module-cache-path /tmp/counting-sheep-search-build/ModuleCache.noindex -sdk-module-cache-path /tmp/counting-sheep-search-build/ModuleCache.noindex -serialize-diagnostics -emit-dependencies -emit-module -emit-module-path /tmp/counting-sheep-search-build/Build/Intermediates.noindex/PhoneInTheOtherRoom.build/Debug-iphonesimulator/PhoneInTheOtherRoomDeviceActivityMonitor.build/Objects-normal/x86_64/Counting_Sheep_Wind_Down_Monitor.swiftmodule -validate-clang-modules-once -clang-build-session-file /tmp/counting-sheep-search-build/ModuleCache.noindex/Session.modulevalidation -Xcc -I/tmp/counting-sheep-search-build/Build/Intermediates.noindex/PhoneInTheOtherRoom.build/Debug-iphonesimulator/PhoneInTheOtherRoomDeviceActivityMonitor.build/swift-overrides.hmap -emit-const-values -Xfrontend -const-gather-protocols-file -Xfrontend /tmp/counting-sheep-search-build/Build/Intermediates.noindex/PhoneInTheOtherRoom.build/Debug-iphonesimulator/PhoneInTheOtherRoomDeviceActivityMonitor.build/Objects-normal/x86_64/PhoneInTheOtherRoomDeviceActivityMonitor_const_extract_protocols.json -Xcc -iquote -Xcc /tmp/counting-sheep-search-build/Build/Intermediates.noindex/PhoneInTheOtherRoom.build/Debug-iphonesimulator/PhoneInTheOtherRoomDeviceActivityMonitor.build/Counting\ Sheep\ Wind\ Down\ Monitor-generated-files.hmap -Xcc -I/tmp/counting-sheep-search-build/Build/Intermediates.noindex/PhoneInTheOtherRoom.build/Debug-iphonesimulator/PhoneInTheOtherRoomDeviceActivityMonitor.build/Counting\ Sheep\ Wind\ Down\ Monitor-own-target-headers.hmap -Xcc -I/tmp/counting-sheep-search-build/Build/Intermediates.noindex/PhoneInTheOtherRoom.build/Debug-iphonesimulator/PhoneInTheOtherRoomDeviceActivityMonitor.build/Counting\ Sheep\ Wind\ Down\ Monitor-all-non-framework-target-headers.hmap -Xcc -ivfsoverlay -Xcc /tmp/counting-sheep-search-build/Build/Intermediates.noindex/PhoneInTheOtherRoom.build/Debug-iphonesimulator/PhoneInTheOtherRoom-d9a00fb94435e678319518e524e23875-VFS-iphonesimulator/all-product-headers.yaml -Xcc -iquote -Xcc /tmp/counting-sheep-search-build/Build/Intermediates.noindex/PhoneInTheOtherRoom.build/Debug-iphonesimulator/PhoneInTheOtherRoomDeviceActivityMonitor.build/Counting\ Sheep\ Wind\ Down\ Monitor-project-headers.hmap -Xcc -I/tmp/counting-sheep-search-build/Build/Products/Debug-iphonesimulator/include -Xcc -I/tmp/counting-sheep-search-build/Build/Intermediates.noindex/PhoneInTheOtherRoom.build/Debug-iphonesimulator/PhoneInTheOtherRoomDeviceActivityMonitor.build/DerivedSources-normal/x86_64 -Xcc -I/tmp/counting-sheep-search-build/Build/Intermediates.noindex/PhoneInTheOtherRoom.build/Debug-iphonesimulator/PhoneInTheOtherRoomDeviceActivityMonitor.build/DerivedSources/x86_64 -Xcc -I/tmp/counting-sheep-search-build/Build/Intermediates.noindex/PhoneInTheOtherRoom.build/Debug-iphonesimulator/PhoneInTheOtherRoomDeviceActivityMonitor.build/DerivedSources -Xcc -DDEBUG\=1 -emit-objc-header -emit-objc-header-path /tmp/counting-sheep-search-build/Build/Intermediates.noindex/PhoneInTheOtherRoom.build/Debug-iphonesimulator/PhoneInTheOtherRoomDeviceActivityMonitor.build/Objects-normal/x86_64/Counting_Sheep_Wind_Down_Monitor-Swift.h -working-directory /Users/ngawangchime/Desktop/Developer\ Projects/Phone\ in\ the\ Other\ Room -experimental-emit-module-separately -disable-cmo

SwiftCompile normal arm64 Compiling\ PersonalShieldSheetView.swift,\ PhoneBedTagEditorViews.swift,\ PixelHomeDashboard.swift,\ QuietTimeEditorView.swift,\ QuietWindowDurationEditor.swift,\ RewardShelfView.swift,\ RitualPlanEditors.swift,\ ScreenFreeMorningView.swift,\ ScreenTimeBookendCard.swift,\ ScreenbookRootView.swift,\ SettingsDetailViews.swift,\ SettingsHelpGuideView.swift /Users/ngawangchime/Desktop/Developer\ Projects/Phone\ in\ the\ Other\ Room/PhoneInTheOtherRoomApp/Views/Components/PersonalShieldSheetView.swift /Users/ngawangchime/Desktop/Developer\ Projects/Phone\ in\ the\ Other\ Room/PhoneInTheOtherRoomApp/Views/Components/PhoneBedTagEditorViews.swift /Users/ngawangchime/Desktop/Developer\ Projects/Phone\ in\ the\ Other\ Room/PhoneInTheOtherRoomApp/Views/PixelHomeDashboard.swift /Users/ngawangchime/Desktop/Developer\ Projects/Phone\ in\ the\ Other\ Room/PhoneInTheOtherRoomApp/Views/QuietTimeEditorView.swift /Users/ngawangchime/Desktop/Developer\ Projects/Phone\ in\ the\ Other\ Room/PhoneInTheOtherRoomApp/Views/Components/QuietWindowDurationEditor.swift /Users/ngawangchime/Desktop/Developer\ Projects/Phone\ in\ the\ Other\ Room/PhoneInTheOtherRoomApp/Views/RewardShelfView.swift /Users/ngawangchime/Desktop/Developer\ Projects/Phone\ in\ the\ Other\ Room/PhoneInTheOtherRoomApp/Views/Components/RitualPlanEditors.swift /Users/ngawangchime/Desktop/Developer\ Projects/Phone\ in\ the\ Other\ Room/PhoneInTheOtherRoomApp/Views/ScreenFreeMorningView.swift /Users/ngawangchime/Desktop/Developer\ Projects/Phone\ in\ the\ Other\ Room/PhoneInTheOtherRoomApp/Views/Components/ScreenTimeBookendCard.swift /Users/ngawangchime/Desktop/Developer\ Projects/Phone\ in\ the\ Other\ Room/PhoneInTheOtherRoomApp/Screenbook/ScreenbookRootView.swift /Users/ngawangchime/Desktop/Developer\ Projects/Phone\ in\ the\ Other\ Room/PhoneInTheOtherRoomApp/Views/SettingsDetailViews.swift /Users/ngawangchime/Desktop/Developer\ Projects/Phone\ in\ the\ Other\ Room/PhoneInTheOtherRoomApp/Views/SettingsHelpGuideView.swift (in target 'PhoneInTheOtherRoom' from project 'PhoneInTheOtherRoom')
SwiftCompile normal arm64 /Users/ngawangchime/Desktop/Developer\ Projects/Phone\ in\ the\ Other\ Room/PhoneInTheOtherRoomApp/Views/Components/PersonalShieldSheetView.swift (in target 'PhoneInTheOtherRoom' from project 'PhoneInTheOtherRoom')
    cd /Users/ngawangchime/Desktop/Developer\ Projects/Phone\ in\ the\ Other\ Room


SwiftCompile normal arm64 /Users/ngawangchime/Desktop/Developer\ Projects/Phone\ in\ the\ Other\ Room/PhoneInTheOtherRoomApp/Views/Components/PhoneBedTagEditorViews.swift (in target 'PhoneInTheOtherRoom' from project 'PhoneInTheOtherRoom')
    cd /Users/ngawangchime/Desktop/Developer\ Projects/Phone\ in\ the\ Other\ Room


SwiftCompile normal arm64 /Users/ngawangchime/Desktop/Developer\ Projects/Phone\ in\ the\ Other\ Room/PhoneInTheOtherRoomApp/Views/PixelHomeDashboard.swift (in target 'PhoneInTheOtherRoom' from project 'PhoneInTheOtherRoom')
    cd /Users/ngawangchime/Desktop/Developer\ Projects/Phone\ in\ the\ Other\ Room


SwiftCompile normal arm64 /Users/ngawangchime/Desktop/Developer\ Projects/Phone\ in\ the\ Other\ Room/PhoneInTheOtherRoomApp/Views/QuietTimeEditorView.swift (in target 'PhoneInTheOtherRoom' from project 'PhoneInTheOtherRoom')
    cd /Users/ngawangchime/Desktop/Developer\ Projects/Phone\ in\ the\ Other\ Room


SwiftCompile normal arm64 /Users/ngawangchime/Desktop/Developer\ Projects/Phone\ in\ the\ Other\ Room/PhoneInTheOtherRoomApp/Views/Components/QuietWindowDurationEditor.swift (in target 'PhoneInTheOtherRoom' from project 'PhoneInTheOtherRoom')
    cd /Users/ngawangchime/Desktop/Developer\ Projects/Phone\ in\ the\ Other\ Room


SwiftCompile normal arm64 /Users/ngawangchime/Desktop/Developer\ Projects/Phone\ in\ the\ Other\ Room/PhoneInTheOtherRoomApp/Views/RewardShelfView.swift (in target 'PhoneInTheOtherRoom' from project 'PhoneInTheOtherRoom')
    cd /Users/ngawangchime/Desktop/Developer\ Projects/Phone\ in\ the\ Other\ Room


SwiftCompile normal arm64 /Users/ngawangchime/Desktop/Developer\ Projects/Phone\ in\ the\ Other\ Room/PhoneInTheOtherRoomApp/Views/Components/RitualPlanEditors.swift (in target 'PhoneInTheOtherRoom' from project 'PhoneInTheOtherRoom')
    cd /Users/ngawangchime/Desktop/Developer\ Projects/Phone\ in\ the\ Other\ Room


SwiftCompile normal arm64 /Users/ngawangchime/Desktop/Developer\ Projects/Phone\ in\ the\ Other\ Room/PhoneInTheOtherRoomApp/Views/ScreenFreeMorningView.swift (in target 'PhoneInTheOtherRoom' from project 'PhoneInTheOtherRoom')
    cd /Users/ngawangchime/Desktop/Developer\ Projects/Phone\ in\ the\ Other\ Room


SwiftCompile normal arm64 /Users/ngawangchime/Desktop/Developer\ Projects/Phone\ in\ the\ Other\ Room/PhoneInTheOtherRoomApp/Views/Components/ScreenTimeBookendCard.swift (in target 'PhoneInTheOtherRoom' from project 'PhoneInTheOtherRoom')
    cd /Users/ngawangchime/Desktop/Developer\ Projects/Phone\ in\ the\ Other\ Room


SwiftCompile normal arm64 /Users/ngawangchime/Desktop/Developer\ Projects/Phone\ in\ the\ Other\ Room/PhoneInTheOtherRoomApp/Screenbook/ScreenbookRootView.swift (in target 'PhoneInTheOtherRoom' from project 'PhoneInTheOtherRoom')
    cd /Users/ngawangchime/Desktop/Developer\ Projects/Phone\ in\ the\ Other\ Room


SwiftCompile normal arm64 /Users/ngawangchime/Desktop/Developer\ Projects/Phone\ in\ the\ Other\ Room/PhoneInTheOtherRoomApp/Views/SettingsDetailViews.swift (in target 'PhoneInTheOtherRoom' from project 'PhoneInTheOtherRoom')
    cd /Users/ngawangchime/Desktop/Developer\ Projects/Phone\ in\ the\ Other\ Room


SwiftCompile normal arm64 /Users/ngawangchime/Desktop/Developer\ Projects/Phone\ in\ the\ Other\ Room/PhoneInTheOtherRoomApp/Views/SettingsHelpGuideView.swift (in target 'PhoneInTheOtherRoom' from project 'PhoneInTheOtherRoom')
    cd /Users/ngawangchime/Desktop/Developer\ Projects/Phone\ in\ the\ Other\ Room


SwiftCompile normal x86_64 Compiling\ NightFlockService.swift,\ NightFlockSharedPastureView.swift,\ NightFlockSharingAccountView.swift,\ NightFlockTipCallout.swift,\ NightFlockViewModel+Campfire.swift,\ NightFlockViewModel+CampfireBuddies.swift,\ NightFlockViewModel+CampfireNotifications.swift,\ NightFlockViewModel+CampfireVisibility.swift /Users/ngawangchime/Desktop/Developer\ Projects/Phone\ in\ the\ Other\ Room/PhoneInTheOtherRoomApp/Services/NightFlockService.swift /Users/ngawangchime/Desktop/Developer\ Projects/Phone\ in\ the\ Other\ Room/PhoneInTheOtherRoomApp/Views/NightFlock/NightFlockSharedPastureView.swift /Users/ngawangchime/Desktop/Developer\ Projects/Phone\ in\ the\ Other\ Room/PhoneInTheOtherRoomApp/Views/NightFlock/NightFlockSharingAccountView.swift /Users/ngawangchime/Desktop/Developer\ Projects/Phone\ in\ the\ Other\ Room/PhoneInTheOtherRoomApp/Views/NightFlock/NightFlockTipCallout.swift /Users/ngawangchime/Desktop/Developer\ Projects/Phone\ in\ the\ Other\ Room/PhoneInTheOtherRoomApp/ViewModels/NightFlockViewModel+Campfire.swift /Users/ngawangchime/Desktop/Developer\ Projects/Phone\ in\ the\ Other\ Room/PhoneInTheOtherRoomApp/ViewModels/NightFlockViewModel+CampfireBuddies.swift /Users/ngawangchime/Desktop/Developer\ Projects/Phone\ in\ the\ Other\ Room/PhoneInTheOtherRoomApp/ViewModels/NightFlockViewModel+CampfireNotifications.swift /Users/ngawangchime/Desktop/Developer\ Projects/Phone\ in\ the\ Other\ Room/PhoneInTheOtherRoomApp/ViewModels/NightFlockViewModel+CampfireVisibility.swift (in target 'PhoneInTheOtherRoom' from project 'PhoneInTheOtherRoom')
SwiftCompile normal x86_64 /Users/ngawangchime/Desktop/Developer\ Projects/Phone\ in\ the\ Other\ Room/PhoneInTheOtherRoomApp/Services/NightFlockService.swift (in target 'PhoneInTheOtherRoom' from project 'PhoneInTheOtherRoom')
    cd /Users/ngawangchime/Desktop/Developer\ Projects/Phone\ in\ the\ Other\ Room


SwiftCompile normal x86_64 /Users/ngawangchime/Desktop/Developer\ Projects/Phone\ in\ the\ Other\ Room/PhoneInTheOtherRoomApp/Views/NightFlock/NightFlockSharedPastureView.swift (in target 'PhoneInTheOtherRoom' from project 'PhoneInTheOtherRoom')
    cd /Users/ngawangchime/Desktop/Developer\ Projects/Phone\ in\ the\ Other\ Room


SwiftCompile normal x86_64 /Users/ngawangchime/Desktop/Developer\ Projects/Phone\ in\ the\ Other\ Room/PhoneInTheOtherRoomApp/Views/NightFlock/NightFlockSharingAccountView.swift (in target 'PhoneInTheOtherRoom' from project 'PhoneInTheOtherRoom')
    cd /Users/ngawangchime/Desktop/Developer\ Projects/Phone\ in\ the\ Other\ Room


SwiftCompile normal x86_64 /Users/ngawangchime/Desktop/Developer\ Projects/Phone\ in\ the\ Other\ Room/PhoneInTheOtherRoomApp/Views/NightFlock/NightFlockTipCallout.swift (in target 'PhoneInTheOtherRoom' from project 'PhoneInTheOtherRoom')
    cd /Users/ngawangchime/Desktop/Developer\ Projects/Phone\ in\ the\ Other\ Room


SwiftCompile normal x86_64 /Users/ngawangchime/Desktop/Developer\ Projects/Phone\ in\ the\ Other\ Room/PhoneInTheOtherRoomApp/ViewModels/NightFlockViewModel+Campfire.swift (in target 'PhoneInTheOtherRoom' from project 'PhoneInTheOtherRoom')
    cd /Users/ngawangchime/Desktop/Developer\ Projects/Phone\ in\ the\ Other\ Room


SwiftCompile normal x86_64 /Users/ngawangchime/Desktop/Developer\ Projects/Phone\ in\ the\ Other\ Room/PhoneInTheOtherRoomApp/ViewModels/NightFlockViewModel+CampfireBuddies.swift (in target 'PhoneInTheOtherRoom' from project 'PhoneInTheOtherRoom')
    cd /Users/ngawangchime/Desktop/Developer\ Projects/Phone\ in\ the\ Other\ Room


SwiftCompile normal x86_64 /Users/ngawangchime/Desktop/Developer\ Projects/Phone\ in\ the\ Other\ Room/PhoneInTheOtherRoomApp/ViewModels/NightFlockViewModel+CampfireNotifications.swift (in target 'PhoneInTheOtherRoom' from project 'PhoneInTheOtherRoom')
    cd /Users/ngawangchime/Desktop/Developer\ Projects/Phone\ in\ the\ Other\ Room


SwiftCompile normal x86_64 /Users/ngawangchime/Desktop/Developer\ Projects/Phone\ in\ the\ Other\ Room/PhoneInTheOtherRoomApp/ViewModels/NightFlockViewModel+CampfireVisibility.swift (in target 'PhoneInTheOtherRoom' from project 'PhoneInTheOtherRoom')
    cd /Users/ngawangchime/Desktop/Developer\ Projects/Phone\ in\ the\ Other\ Room


SwiftDriverJobDiscovery normal arm64 Compiling OnboardingComponents.swift, OnboardingFlowView.swift, OnboardingPersonalizationView.swift, OnboardingProfileStepView.swift, OnboardingProtectionStepView.swift, OnboardingQuietStepView.swift, OnboardingReadyStepView.swift, OnboardingRecommendationStepView.swift, OnboardingScheduleStepView.swift, OnboardingWelcomeStepView.swift, OrientationTourOverlay.swift, PaperFarmObjectView.swift (in target 'PhoneInTheOtherRoom' from project 'PhoneInTheOtherRoom')

SwiftCompile normal x86_64 Compiling\ CampfireBedtimeNativeFixture.swift,\ CampfireBuddiesNativeFixture.swift,\ CampfireBuddyViews.swift,\ CampfireInvitationSettings.swift,\ CampfirePanel.swift,\ CampfirePersonViews.swift,\ CampfireProfile.swift,\ CampfireProfileView.swift /Users/ngawangchime/Desktop/Developer\ Projects/Phone\ in\ the\ Other\ Room/PhoneInTheOtherRoomApp/Views/NightFlock/CampfireBedtimeNativeFixture.swift /Users/ngawangchime/Desktop/Developer\ Projects/Phone\ in\ the\ Other\ Room/PhoneInTheOtherRoomApp/Views/NightFlock/CampfireBuddiesNativeFixture.swift /Users/ngawangchime/Desktop/Developer\ Projects/Phone\ in\ the\ Other\ Room/PhoneInTheOtherRoomApp/Views/NightFlock/CampfireBuddyViews.swift /Users/ngawangchime/Desktop/Developer\ Projects/Phone\ in\ the\ Other\ Room/PhoneInTheOtherRoomApp/Views/NightFlock/CampfireInvitationSettings.swift /Users/ngawangchime/Desktop/Developer\ Projects/Phone\ in\ the\ Other\ Room/PhoneInTheOtherRoomApp/Views/NightFlock/CampfirePanel.swift /Users/ngawangchime/Desktop/Developer\ Projects/Phone\ in\ the\ Other\ Room/PhoneInTheOtherRoomApp/Views/NightFlock/CampfirePersonViews.swift /Users/ngawangchime/Desktop/Developer\ Projects/Phone\ in\ the\ Other\ Room/Shared/CampfireProfile.swift /Users/ngawangchime/Desktop/Developer\ Projects/Phone\ in\ the\ Other\ Room/PhoneInTheOtherRoomApp/Views/NightFlock/CampfireProfileView.swift (in target 'PhoneInTheOtherRoom' from project 'PhoneInTheOtherRoom')
SwiftCompile normal x86_64 /Users/ngawangchime/Desktop/Developer\ Projects/Phone\ in\ the\ Other\ Room/PhoneInTheOtherRoomApp/Views/NightFlock/CampfireBedtimeNativeFixture.swift (in target 'PhoneInTheOtherRoom' from project 'PhoneInTheOtherRoom')
    cd /Users/ngawangchime/Desktop/Developer\ Projects/Phone\ in\ the\ Other\ Room


SwiftCompile normal x86_64 /Users/ngawangchime/Desktop/Developer\ Projects/Phone\ in\ the\ Other\ Room/PhoneInTheOtherRoomApp/Views/NightFlock/CampfireBuddiesNativeFixture.swift (in target 'PhoneInTheOtherRoom' from project 'PhoneInTheOtherRoom')
    cd /Users/ngawangchime/Desktop/Developer\ Projects/Phone\ in\ the\ Other\ Room


SwiftCompile normal x86_64 /Users/ngawangchime/Desktop/Developer\ Projects/Phone\ in\ the\ Other\ Room/PhoneInTheOtherRoomApp/Views/NightFlock/CampfireBuddyViews.swift (in target 'PhoneInTheOtherRoom' from project 'PhoneInTheOtherRoom')
    cd /Users/ngawangchime/Desktop/Developer\ Projects/Phone\ in\ the\ Other\ Room


SwiftCompile normal x86_64 /Users/ngawangchime/Desktop/Developer\ Projects/Phone\ in\ the\ Other\ Room/PhoneInTheOtherRoomApp/Views/NightFlock/CampfireInvitationSettings.swift (in target 'PhoneInTheOtherRoom' from project 'PhoneInTheOtherRoom')
    cd /Users/ngawangchime/Desktop/Developer\ Projects/Phone\ in\ the\ Other\ Room


SwiftCompile normal x86_64 /Users/ngawangchime/Desktop/Developer\ Projects/Phone\ in\ the\ Other\ Room/PhoneInTheOtherRoomApp/Views/NightFlock/CampfirePanel.swift (in target 'PhoneInTheOtherRoom' from project 'PhoneInTheOtherRoom')
    cd /Users/ngawangchime/Desktop/Developer\ Projects/Phone\ in\ the\ Other\ Room


SwiftCompile normal x86_64 /Users/ngawangchime/Desktop/Developer\ Projects/Phone\ in\ the\ Other\ Room/PhoneInTheOtherRoomApp/Views/NightFlock/CampfirePersonViews.swift (in target 'PhoneInTheOtherRoom' from project 'PhoneInTheOtherRoom')
    cd /Users/ngawangchime/Desktop/Developer\ Projects/Phone\ in\ the\ Other\ Room


SwiftCompile normal x86_64 /Users/ngawangchime/Desktop/Developer\ Projects/Phone\ in\ the\ Other\ Room/Shared/CampfireProfile.swift (in target 'PhoneInTheOtherRoom' from project 'PhoneInTheOtherRoom')
    cd /Users/ngawangchime/Desktop/Developer\ Projects/Phone\ in\ the\ Other\ Room


SwiftCompile normal x86_64 /Users/ngawangchime/Desktop/Developer\ Projects/Phone\ in\ the\ Other\ Room/PhoneInTheOtherRoomApp/Views/NightFlock/CampfireProfileView.swift (in target 'PhoneInTheOtherRoom' from project 'PhoneInTheOtherRoom')
    cd /Users/ngawangchime/Desktop/Developer\ Projects/Phone\ in\ the\ Other\ Room


SwiftDriverJobDiscovery normal arm64 Compiling PersonalShieldSheetView.swift, PhoneBedTagEditorViews.swift, PixelHomeDashboard.swift, QuietTimeEditorView.swift, QuietWindowDurationEditor.swift, RewardShelfView.swift, RitualPlanEditors.swift, ScreenFreeMorningView.swift, ScreenTimeBookendCard.swift, ScreenbookRootView.swift, SettingsDetailViews.swift, SettingsHelpGuideView.swift (in target 'PhoneInTheOtherRoom' from project 'PhoneInTheOtherRoom')

SwiftCompile normal x86_64 Compiling\ NightFlockViewModel+GlobalCampfire.swift,\ NightFlockViewModel.swift,\ PastureFetch.swift,\ PastureFetchFixture.swift,\ PastureFetchView.swift,\ PastureFetchViewModel.swift,\ SharedFarmForYouSection.swift,\ SharedFarmPrototypeFixtures.swift /Users/ngawangchime/Desktop/Developer\ Projects/Phone\ in\ the\ Other\ Room/PhoneInTheOtherRoomApp/ViewModels/NightFlockViewModel+GlobalCampfire.swift /Users/ngawangchime/Desktop/Developer\ Projects/Phone\ in\ the\ Other\ Room/PhoneInTheOtherRoomApp/ViewModels/NightFlockViewModel.swift /Users/ngawangchime/Desktop/Developer\ Projects/Phone\ in\ the\ Other\ Room/Shared/PastureFetch.swift /Users/ngawangchime/Desktop/Developer\ Projects/Phone\ in\ the\ Other\ Room/PhoneInTheOtherRoomApp/Views/Components/PastureFetchFixture.swift /Users/ngawangchime/Desktop/Developer\ Projects/Phone\ in\ the\ Other\ Room/PhoneInTheOtherRoomApp/Views/Components/PastureFetchView.swift /Users/ngawangchime/Desktop/Developer\ Projects/Phone\ in\ the\ Other\ Room/PhoneInTheOtherRoomApp/ViewModels/PastureFetchViewModel.swift /Users/ngawangchime/Desktop/Developer\ Projects/Phone\ in\ the\ Other\ Room/PhoneInTheOtherRoomApp/Views/NightFlock/SharedFarmForYouSection.swift /Users/ngawangchime/Desktop/Developer\ Projects/Phone\ in\ the\ Other\ Room/PhoneInTheOtherRoomApp/Views/NightFlock/SharedFarmPrototypeFixtures.swift (in target 'PhoneInTheOtherRoom' from project 'PhoneInTheOtherRoom')
SwiftCompile normal x86_64 /Users/ngawangchime/Desktop/Developer\ Projects/Phone\ in\ the\ Other\ Room/PhoneInTheOtherRoomApp/ViewModels/NightFlockViewModel+GlobalCampfire.swift (in target 'PhoneInTheOtherRoom' from project 'PhoneInTheOtherRoom')
    cd /Users/ngawangchime/Desktop/Developer\ Projects/Phone\ in\ the\ Other\ Room


SwiftCompile normal x86_64 /Users/ngawangchime/Desktop/Developer\ Projects/Phone\ in\ the\ Other\ Room/PhoneInTheOtherRoomApp/ViewModels/NightFlockViewModel.swift (in target 'PhoneInTheOtherRoom' from project 'PhoneInTheOtherRoom')
    cd /Users/ngawangchime/Desktop/Developer\ Projects/Phone\ in\ the\ Other\ Room

/Users/ngawangchime/Desktop/Developer Projects/Phone in the Other Room/PhoneInTheOtherRoomApp/ViewModels/NightFlockViewModel.swift:659:23: warning: result of call to 'refreshState(showLoading:)' is unused
                await refreshState(showLoading: false)
                      ^           ~~~~~~~~~~~~~~~~~~~~
/Users/ngawangchime/Desktop/Developer Projects/Phone in the Other Room/PhoneInTheOtherRoomApp/ViewModels/NightFlockViewModel.swift:676:19: warning: result of call to 'refreshState(showLoading:)' is unused
            await refreshState(showLoading: false)
                  ^           ~~~~~~~~~~~~~~~~~~~~
/Users/ngawangchime/Desktop/Developer Projects/Phone in the Other Room/PhoneInTheOtherRoomApp/ViewModels/NightFlockViewModel.swift:1671:15: warning: result of call to 'refreshState(showLoading:)' is unused
        await refreshState(showLoading: true)
              ^           ~~~~~~~~~~~~~~~~~~~

SwiftCompile normal x86_64 /Users/ngawangchime/Desktop/Developer\ Projects/Phone\ in\ the\ Other\ Room/Shared/PastureFetch.swift (in target 'PhoneInTheOtherRoom' from project 'PhoneInTheOtherRoom')
    cd /Users/ngawangchime/Desktop/Developer\ Projects/Phone\ in\ the\ Other\ Room


SwiftCompile normal x86_64 /Users/ngawangchime/Desktop/Developer\ Projects/Phone\ in\ the\ Other\ Room/PhoneInTheOtherRoomApp/Views/Components/PastureFetchFixture.swift (in target 'PhoneInTheOtherRoom' from project 'PhoneInTheOtherRoom')
    cd /Users/ngawangchime/Desktop/Developer\ Projects/Phone\ in\ the\ Other\ Room


SwiftCompile normal x86_64 /Users/ngawangchime/Desktop/Developer\ Projects/Phone\ in\ the\ Other\ Room/PhoneInTheOtherRoomApp/Views/Components/PastureFetchView.swift (in target 'PhoneInTheOtherRoom' from project 'PhoneInTheOtherRoom')
    cd /Users/ngawangchime/Desktop/Developer\ Projects/Phone\ in\ the\ Other\ Room


SwiftCompile normal x86_64 /Users/ngawangchime/Desktop/Developer\ Projects/Phone\ in\ the\ Other\ Room/PhoneInTheOtherRoomApp/ViewModels/PastureFetchViewModel.swift (in target 'PhoneInTheOtherRoom' from project 'PhoneInTheOtherRoom')
    cd /Users/ngawangchime/Desktop/Developer\ Projects/Phone\ in\ the\ Other\ Room


SwiftCompile normal x86_64 /Users/ngawangchime/Desktop/Developer\ Projects/Phone\ in\ the\ Other\ Room/PhoneInTheOtherRoomApp/Views/NightFlock/SharedFarmForYouSection.swift (in target 'PhoneInTheOtherRoom' from project 'PhoneInTheOtherRoom')
    cd /Users/ngawangchime/Desktop/Developer\ Projects/Phone\ in\ the\ Other\ Room


SwiftCompile normal x86_64 /Users/ngawangchime/Desktop/Developer\ Projects/Phone\ in\ the\ Other\ Room/PhoneInTheOtherRoomApp/Views/NightFlock/SharedFarmPrototypeFixtures.swift (in target 'PhoneInTheOtherRoom' from project 'PhoneInTheOtherRoom')
    cd /Users/ngawangchime/Desktop/Developer\ Projects/Phone\ in\ the\ Other\ Room


SwiftDriverJobDiscovery normal x86_64 Compiling NightFlockService.swift, NightFlockSharedPastureView.swift, NightFlockSharingAccountView.swift, NightFlockTipCallout.swift, NightFlockViewModel+Campfire.swift, NightFlockViewModel+CampfireBuddies.swift, NightFlockViewModel+CampfireNotifications.swift, NightFlockViewModel+CampfireVisibility.swift (in target 'PhoneInTheOtherRoom' from project 'PhoneInTheOtherRoom')

SwiftCompile normal x86_64 Compiling\ NightFlockViewModel+SharedHabits.swift,\ NightFlockViewModel+SharedHabitsAgreement.swift,\ NightFlockViewModel+SharedHabitsFence.swift,\ NightFlockViewModel+Social.swift,\ NightFlockViewModel+UpdateCheers.swift,\ NightFlockViewModel+V4.swift,\ NightJourneyView.swift,\ NightWatchReceiptCard.swift,\ NightsDayDetailView.swift,\ NightsWeekSection.swift,\ NotificationMessageEditorView.swift,\ NotificationMessageLibraryView.swift,\ NotificationSchedulePreviewView.swift,\ NotificationSettingsView.swift,\ OllieCompanionSpriteRenderer.swift /Users/ngawangchime/Desktop/Developer\ Projects/Phone\ in\ the\ Other\ Room/PhoneInTheOtherRoomApp/ViewModels/NightFlockViewModel+SharedHabits.swift /Users/ngawangchime/Desktop/Developer\ Projects/Phone\ in\ the\ Other\ Room/PhoneInTheOtherRoomApp/ViewModels/NightFlockViewModel+SharedHabitsAgreement.swift /Users/ngawangchime/Desktop/Developer\ Projects/Phone\ in\ the\ Other\ Room/PhoneInTheOtherRoomApp/ViewModels/NightFlockViewModel+SharedHabitsFence.swift /Users/ngawangchime/Desktop/Developer\ Projects/Phone\ in\ the\ Other\ Room/PhoneInTheOtherRoomApp/ViewModels/NightFlockViewModel+Social.swift /Users/ngawangchime/Desktop/Developer\ Projects/Phone\ in\ the\ Other\ Room/PhoneInTheOtherRoomApp/ViewModels/NightFlockViewModel+UpdateCheers.swift /Users/ngawangchime/Desktop/Developer\ Projects/Phone\ in\ the\ Other\ Room/PhoneInTheOtherRoomApp/ViewModels/NightFlockViewModel+V4.swift /Users/ngawangchime/Desktop/Developer\ Projects/Phone\ in\ the\ Other\ Room/PhoneInTheOtherRoomApp/Views/Components/NightJourneyView.swift /Users/ngawangchime/Desktop/Developer\ Projects/Phone\ in\ the\ Other\ Room/PhoneInTheOtherRoomApp/Views/Components/NightWatchReceiptCard.swift /Users/ngawangchime/Desktop/Developer\ Projects/Phone\ in\ the\ Other\ Room/PhoneInTheOtherRoomApp/Views/NightsDayDetailView.swift /Users/ngawangchime/Desktop/Developer\ Projects/Phone\ in\ the\ Other\ Room/PhoneInTheOtherRoomApp/Views/NightsWeekSection.swift /Users/ngawangchime/Desktop/Developer\ Projects/Phone\ in\ the\ Other\ Room/PhoneInTheOtherRoomApp/Views/NotificationMessageEditorView.swift /Users/ngawangchime/Desktop/Developer\ Projects/Phone\ in\ the\ Other\ Room/PhoneInTheOtherRoomApp/Views/NotificationMessageLibraryView.swift /Users/ngawangchime/Desktop/Developer\ Projects/Phone\ in\ the\ Other\ Room/PhoneInTheOtherRoomApp/Views/NotificationSchedulePreviewView.swift /Users/ngawangchime/Desktop/Developer\ Projects/Phone\ in\ the\ Other\ Room/PhoneInTheOtherRoomApp/Views/NotificationSettingsView.swift /Users/ngawangchime/Desktop/Developer\ Projects/Phone\ in\ the\ Other\ Room/PhoneInTheOtherRoomApp/Views/Components/OllieCompanionSpriteRenderer.swift (in target 'PhoneInTheOtherRoom' from project 'PhoneInTheOtherRoom')
SwiftCompile normal x86_64 /Users/ngawangchime/Desktop/Developer\ Projects/Phone\ in\ the\ Other\ Room/PhoneInTheOtherRoomApp/ViewModels/NightFlockViewModel+SharedHabits.swift (in target 'PhoneInTheOtherRoom' from project 'PhoneInTheOtherRoom')
    cd /Users/ngawangchime/Desktop/Developer\ Projects/Phone\ in\ the\ Other\ Room


SwiftCompile normal x86_64 /Users/ngawangchime/Desktop/Developer\ Projects/Phone\ in\ the\ Other\ Room/PhoneInTheOtherRoomApp/ViewModels/NightFlockViewModel+SharedHabitsAgreement.swift (in target 'PhoneInTheOtherRoom' from project 'PhoneInTheOtherRoom')
    cd /Users/ngawangchime/Desktop/Developer\ Projects/Phone\ in\ the\ Other\ Room


SwiftCompile normal x86_64 /Users/ngawangchime/Desktop/Developer\ Projects/Phone\ in\ the\ Other\ Room/PhoneInTheOtherRoomApp/ViewModels/NightFlockViewModel+SharedHabitsFence.swift (in target 'PhoneInTheOtherRoom' from project 'PhoneInTheOtherRoom')
    cd /Users/ngawangchime/Desktop/Developer\ Projects/Phone\ in\ the\ Other\ Room


SwiftCompile normal x86_64 /Users/ngawangchime/Desktop/Developer\ Projects/Phone\ in\ the\ Other\ Room/PhoneInTheOtherRoomApp/ViewModels/NightFlockViewModel+Social.swift (in target 'PhoneInTheOtherRoom' from project 'PhoneInTheOtherRoom')
    cd /Users/ngawangchime/Desktop/Developer\ Projects/Phone\ in\ the\ Other\ Room

/Users/ngawangchime/Desktop/Developer Projects/Phone in the Other Room/PhoneInTheOtherRoomApp/ViewModels/NightFlockViewModel+Social.swift:34:13: warning: initialization of immutable value 'transportEpoch' was never used; consider replacing with assignment to '_' or removing it
        let transportEpoch = transportRecoveryEpoch
        ~~~~^~~~~~~~~~~~~~
        _

SwiftCompile normal x86_64 /Users/ngawangchime/Desktop/Developer\ Projects/Phone\ in\ the\ Other\ Room/PhoneInTheOtherRoomApp/ViewModels/NightFlockViewModel+UpdateCheers.swift (in target 'PhoneInTheOtherRoom' from project 'PhoneInTheOtherRoom')
    cd /Users/ngawangchime/Desktop/Developer\ Projects/Phone\ in\ the\ Other\ Room


SwiftCompile normal x86_64 /Users/ngawangchime/Desktop/Developer\ Projects/Phone\ in\ the\ Other\ Room/PhoneInTheOtherRoomApp/ViewModels/NightFlockViewModel+V4.swift (in target 'PhoneInTheOtherRoom' from project 'PhoneInTheOtherRoom')
    cd /Users/ngawangchime/Desktop/Developer\ Projects/Phone\ in\ the\ Other\ Room


SwiftCompile normal x86_64 /Users/ngawangchime/Desktop/Developer\ Projects/Phone\ in\ the\ Other\ Room/PhoneInTheOtherRoomApp/Views/Components/NightJourneyView.swift (in target 'PhoneInTheOtherRoom' from project 'PhoneInTheOtherRoom')
    cd /Users/ngawangchime/Desktop/Developer\ Projects/Phone\ in\ the\ Other\ Room


SwiftCompile normal x86_64 /Users/ngawangchime/Desktop/Developer\ Projects/Phone\ in\ the\ Other\ Room/PhoneInTheOtherRoomApp/Views/Components/NightWatchReceiptCard.swift (in target 'PhoneInTheOtherRoom' from project 'PhoneInTheOtherRoom')
    cd /Users/ngawangchime/Desktop/Developer\ Projects/Phone\ in\ the\ Other\ Room


SwiftCompile normal x86_64 /Users/ngawangchime/Desktop/Developer\ Projects/Phone\ in\ the\ Other\ Room/PhoneInTheOtherRoomApp/Views/NightsDayDetailView.swift (in target 'PhoneInTheOtherRoom' from project 'PhoneInTheOtherRoom')
    cd /Users/ngawangchime/Desktop/Developer\ Projects/Phone\ in\ the\ Other\ Room


SwiftCompile normal x86_64 /Users/ngawangchime/Desktop/Developer\ Projects/Phone\ in\ the\ Other\ Room/PhoneInTheOtherRoomApp/Views/NightsWeekSection.swift (in target 'PhoneInTheOtherRoom' from project 'PhoneInTheOtherRoom')
    cd /Users/ngawangchime/Desktop/Developer\ Projects/Phone\ in\ the\ Other\ Room


SwiftCompile normal x86_64 /Users/ngawangchime/Desktop/Developer\ Projects/Phone\ in\ the\ Other\ Room/PhoneInTheOtherRoomApp/Views/NotificationMessageEditorView.swift (in target 'PhoneInTheOtherRoom' from project 'PhoneInTheOtherRoom')
    cd /Users/ngawangchime/Desktop/Developer\ Projects/Phone\ in\ the\ Other\ Room


SwiftCompile normal x86_64 /Users/ngawangchime/Desktop/Developer\ Projects/Phone\ in\ the\ Other\ Room/PhoneInTheOtherRoomApp/Views/NotificationMessageLibraryView.swift (in target 'PhoneInTheOtherRoom' from project 'PhoneInTheOtherRoom')
    cd /Users/ngawangchime/Desktop/Developer\ Projects/Phone\ in\ the\ Other\ Room


SwiftCompile normal x86_64 /Users/ngawangchime/Desktop/Developer\ Projects/Phone\ in\ the\ Other\ Room/PhoneInTheOtherRoomApp/Views/NotificationSchedulePreviewView.swift (in target 'PhoneInTheOtherRoom' from project 'PhoneInTheOtherRoom')
    cd /Users/ngawangchime/Desktop/Developer\ Projects/Phone\ in\ the\ Other\ Room


SwiftCompile normal x86_64 /Users/ngawangchime/Desktop/Developer\ Projects/Phone\ in\ the\ Other\ Room/PhoneInTheOtherRoomApp/Views/NotificationSettingsView.swift (in target 'PhoneInTheOtherRoom' from project 'PhoneInTheOtherRoom')
    cd /Users/ngawangchime/Desktop/Developer\ Projects/Phone\ in\ the\ Other\ Room


SwiftCompile normal x86_64 /Users/ngawangchime/Desktop/Developer\ Projects/Phone\ in\ the\ Other\ Room/PhoneInTheOtherRoomApp/Views/Components/OllieCompanionSpriteRenderer.swift (in target 'PhoneInTheOtherRoom' from project 'PhoneInTheOtherRoom')
    cd /Users/ngawangchime/Desktop/Developer\ Projects/Phone\ in\ the\ Other\ Room


SwiftDriverJobDiscovery normal x86_64 Compiling CampfireBedtimeNativeFixture.swift, CampfireBuddiesNativeFixture.swift, CampfireBuddyViews.swift, CampfireInvitationSettings.swift, CampfirePanel.swift, CampfirePersonViews.swift, CampfireProfile.swift, CampfireProfileView.swift (in target 'PhoneInTheOtherRoom' from project 'PhoneInTheOtherRoom')

SwiftCompile normal arm64 Compiling\ SlumberPartySharedHabitsConsentDisclosure.swift,\ SlumberPartySharedHabitsSummaryViews.swift,\ SlumberPartySharedHabitsViews.swift,\ SlumberPartySharedMeadowView.swift,\ SlumberPartySocialAvatar.swift,\ SlumberPartyUpdateCheerReceiptsView.swift,\ SlumberPartyV4GroupDetailsView.swift /Users/ngawangchime/Desktop/Developer\ Projects/Phone\ in\ the\ Other\ Room/PhoneInTheOtherRoomApp/Views/NightFlock/SlumberPartySharedHabitsConsentDisclosure.swift /Users/ngawangchime/Desktop/Developer\ Projects/Phone\ in\ the\ Other\ Room/PhoneInTheOtherRoomApp/Views/NightFlock/SlumberPartySharedHabitsSummaryViews.swift /Users/ngawangchime/Desktop/Developer\ Projects/Phone\ in\ the\ Other\ Room/PhoneInTheOtherRoomApp/Views/NightFlock/SlumberPartySharedHabitsViews.swift /Users/ngawangchime/Desktop/Developer\ Projects/Phone\ in\ the\ Other\ Room/PhoneInTheOtherRoomApp/Views/NightFlock/SlumberPartySharedMeadowView.swift /Users/ngawangchime/Desktop/Developer\ Projects/Phone\ in\ the\ Other\ Room/PhoneInTheOtherRoomApp/Views/NightFlock/SlumberPartySocialAvatar.swift /Users/ngawangchime/Desktop/Developer\ Projects/Phone\ in\ the\ Other\ Room/PhoneInTheOtherRoomApp/Views/NightFlock/SlumberPartyUpdateCheerReceiptsView.swift /Users/ngawangchime/Desktop/Developer\ Projects/Phone\ in\ the\ Other\ Room/PhoneInTheOtherRoomApp/Views/NightFlock/SlumberPartyV4GroupDetailsView.swift (in target 'PhoneInTheOtherRoom' from project 'PhoneInTheOtherRoom')

SwiftCompile normal arm64 /Users/ngawangchime/Desktop/Developer\ Projects/Phone\ in\ the\ Other\ Room/PhoneInTheOtherRoomApp/Views/NightFlock/SlumberPartySharedHabitsConsentDisclosure.swift (in target 'PhoneInTheOtherRoom' from project 'PhoneInTheOtherRoom')
    cd /Users/ngawangchime/Desktop/Developer\ Projects/Phone\ in\ the\ Other\ Room


SwiftCompile normal arm64 /Users/ngawangchime/Desktop/Developer\ Projects/Phone\ in\ the\ Other\ Room/PhoneInTheOtherRoomApp/Views/NightFlock/SlumberPartySharedHabitsSummaryViews.swift (in target 'PhoneInTheOtherRoom' from project 'PhoneInTheOtherRoom')
    cd /Users/ngawangchime/Desktop/Developer\ Projects/Phone\ in\ the\ Other\ Room


SwiftCompile normal arm64 /Users/ngawangchime/Desktop/Developer\ Projects/Phone\ in\ the\ Other\ Room/PhoneInTheOtherRoomApp/Views/NightFlock/SlumberPartySharedHabitsViews.swift (in target 'PhoneInTheOtherRoom' from project 'PhoneInTheOtherRoom')
    cd /Users/ngawangchime/Desktop/Developer\ Projects/Phone\ in\ the\ Other\ Room


SwiftCompile normal arm64 /Users/ngawangchime/Desktop/Developer\ Projects/Phone\ in\ the\ Other\ Room/PhoneInTheOtherRoomApp/Views/NightFlock/SlumberPartySharedMeadowView.swift (in target 'PhoneInTheOtherRoom' from project 'PhoneInTheOtherRoom')
    cd /Users/ngawangchime/Desktop/Developer\ Projects/Phone\ in\ the\ Other\ Room


SwiftCompile normal arm64 /Users/ngawangchime/Desktop/Developer\ Projects/Phone\ in\ the\ Other\ Room/PhoneInTheOtherRoomApp/Views/NightFlock/SlumberPartySocialAvatar.swift (in target 'PhoneInTheOtherRoom' from project 'PhoneInTheOtherRoom')
    cd /Users/ngawangchime/Desktop/Developer\ Projects/Phone\ in\ the\ Other\ Room


SwiftCompile normal arm64 /Users/ngawangchime/Desktop/Developer\ Projects/Phone\ in\ the\ Other\ Room/PhoneInTheOtherRoomApp/Views/NightFlock/SlumberPartyUpdateCheerReceiptsView.swift (in target 'PhoneInTheOtherRoom' from project 'PhoneInTheOtherRoom')
    cd /Users/ngawangchime/Desktop/Developer\ Projects/Phone\ in\ the\ Other\ Room


SwiftCompile normal arm64 /Users/ngawangchime/Desktop/Developer\ Projects/Phone\ in\ the\ Other\ Room/PhoneInTheOtherRoomApp/Views/NightFlock/SlumberPartyV4GroupDetailsView.swift (in target 'PhoneInTheOtherRoom' from project 'PhoneInTheOtherRoom')
    cd /Users/ngawangchime/Desktop/Developer\ Projects/Phone\ in\ the\ Other\ Room


SwiftDriverJobDiscovery normal x86_64 Compiling NightFlockViewModel+GlobalCampfire.swift, NightFlockViewModel.swift, PastureFetch.swift, PastureFetchFixture.swift, PastureFetchView.swift, PastureFetchViewModel.swift, SharedFarmForYouSection.swift, SharedFarmPrototypeFixtures.swift (in target 'PhoneInTheOtherRoom' from project 'PhoneInTheOtherRoom')

SwiftCompile normal x86_64 Compiling\ ScreenbookRecoveryProbe.swift /Users/ngawangchime/Desktop/Developer\ Projects/Phone\ in\ the\ Other\ Room/PhoneInTheOtherRoomApp/Screenbook/ScreenbookRecoveryProbe.swift (in target 'PhoneInTheOtherRoom' from project 'PhoneInTheOtherRoom')

SwiftCompile normal x86_64 /Users/ngawangchime/Desktop/Developer\ Projects/Phone\ in\ the\ Other\ Room/PhoneInTheOtherRoomApp/Screenbook/ScreenbookRecoveryProbe.swift (in target 'PhoneInTheOtherRoom' from project 'PhoneInTheOtherRoom')
    cd /Users/ngawangchime/Desktop/Developer\ Projects/Phone\ in\ the\ Other\ Room


SwiftDriverJobDiscovery normal arm64 Compiling SlumberPartySharedHabitsConsentDisclosure.swift, SlumberPartySharedHabitsSummaryViews.swift, SlumberPartySharedHabitsViews.swift, SlumberPartySharedMeadowView.swift, SlumberPartySocialAvatar.swift, SlumberPartyUpdateCheerReceiptsView.swift, SlumberPartyV4GroupDetailsView.swift (in target 'PhoneInTheOtherRoom' from project 'PhoneInTheOtherRoom')

SwiftCompile normal x86_64 Compiling\ FocusRunViewModel+SharedHabits.swift,\ FocusStatsContextSections.swift,\ FocusStatsRecordSections.swift,\ FocusStatsView.swift,\ HomeView.swift,\ HomeWelcomeHero.swift,\ HomeWindDownSummary.swift,\ ImpactSharingConsentSheet.swift,\ LockScreenQuietNoteGuideView.swift,\ MonthlyNightsView.swift,\ MoreView.swift,\ MorningCheckInCard.swift,\ NightFlockViewModel+Commitment.swift,\ NightFlockViewModel+Errors.swift,\ NightFlockViewModel+Pasture.swift /Users/ngawangchime/Desktop/Developer\ Projects/Phone\ in\ the\ Other\ Room/PhoneInTheOtherRoomApp/ViewModels/FocusRunViewModel+SharedHabits.swift /Users/ngawangchime/Desktop/Developer\ Projects/Phone\ in\ the\ Other\ Room/PhoneInTheOtherRoomApp/Views/FocusStatsContextSections.swift /Users/ngawangchime/Desktop/Developer\ Projects/Phone\ in\ the\ Other\ Room/PhoneInTheOtherRoomApp/Views/FocusStatsRecordSections.swift /Users/ngawangchime/Desktop/Developer\ Projects/Phone\ in\ the\ Other\ Room/PhoneInTheOtherRoomApp/Views/FocusStatsView.swift /Users/ngawangchime/Desktop/Developer\ Projects/Phone\ in\ the\ Other\ Room/PhoneInTheOtherRoomApp/Views/HomeView.swift /Users/ngawangchime/Desktop/Developer\ Projects/Phone\ in\ the\ Other\ Room/PhoneInTheOtherRoomApp/Views/Components/HomeWelcomeHero.swift /Users/ngawangchime/Desktop/Developer\ Projects/Phone\ in\ the\ Other\ Room/PhoneInTheOtherRoomApp/Views/Components/HomeWindDownSummary.swift /Users/ngawangchime/Desktop/Developer\ Projects/Phone\ in\ the\ Other\ Room/PhoneInTheOtherRoomApp/Views/Components/ImpactSharingConsentSheet.swift /Users/ngawangchime/Desktop/Developer\ Projects/Phone\ in\ the\ Other\ Room/PhoneInTheOtherRoomApp/Views/LockScreenQuietNoteGuideView.swift /Users/ngawangchime/Desktop/Developer\ Projects/Phone\ in\ the\ Other\ Room/PhoneInTheOtherRoomApp/Views/MonthlyNightsView.swift /Users/ngawangchime/Desktop/Developer\ Projects/Phone\ in\ the\ Other\ Room/PhoneInTheOtherRoomApp/Views/MoreView.swift /Users/ngawangchime/Desktop/Developer\ Projects/Phone\ in\ the\ Other\ Room/PhoneInTheOtherRoomApp/Views/Components/MorningCheckInCard.swift /Users/ngawangchime/Desktop/Developer\ Projects/Phone\ in\ the\ Other\ Room/PhoneInTheOtherRoomApp/ViewModels/NightFlockViewModel+Commitment.swift /Users/ngawangchime/Desktop/Developer\ Projects/Phone\ in\ the\ Other\ Room/PhoneInTheOtherRoomApp/ViewModels/NightFlockViewModel+Errors.swift /Users/ngawangchime/Desktop/Developer\ Projects/Phone\ in\ the\ Other\ Room/PhoneInTheOtherRoomApp/ViewModels/NightFlockViewModel+Pasture.swift (in target 'PhoneInTheOtherRoom' from project 'PhoneInTheOtherRoom')
SwiftCompile normal x86_64 /Users/ngawangchime/Desktop/Developer\ Projects/Phone\ in\ the\ Other\ Room/PhoneInTheOtherRoomApp/ViewModels/FocusRunViewModel+SharedHabits.swift (in target 'PhoneInTheOtherRoom' from project 'PhoneInTheOtherRoom')
    cd /Users/ngawangchime/Desktop/Developer\ Projects/Phone\ in\ the\ Other\ Room


SwiftCompile normal x86_64 /Users/ngawangchime/Desktop/Developer\ Projects/Phone\ in\ the\ Other\ Room/PhoneInTheOtherRoomApp/Views/FocusStatsContextSections.swift (in target 'PhoneInTheOtherRoom' from project 'PhoneInTheOtherRoom')
    cd /Users/ngawangchime/Desktop/Developer\ Projects/Phone\ in\ the\ Other\ Room


SwiftCompile normal x86_64 /Users/ngawangchime/Desktop/Developer\ Projects/Phone\ in\ the\ Other\ Room/PhoneInTheOtherRoomApp/Views/FocusStatsRecordSections.swift (in target 'PhoneInTheOtherRoom' from project 'PhoneInTheOtherRoom')
    cd /Users/ngawangchime/Desktop/Developer\ Projects/Phone\ in\ the\ Other\ Room


SwiftCompile normal x86_64 /Users/ngawangchime/Desktop/Developer\ Projects/Phone\ in\ the\ Other\ Room/PhoneInTheOtherRoomApp/Views/FocusStatsView.swift (in target 'PhoneInTheOtherRoom' from project 'PhoneInTheOtherRoom')
    cd /Users/ngawangchime/Desktop/Developer\ Projects/Phone\ in\ the\ Other\ Room


SwiftCompile normal x86_64 /Users/ngawangchime/Desktop/Developer\ Projects/Phone\ in\ the\ Other\ Room/PhoneInTheOtherRoomApp/Views/HomeView.swift (in target 'PhoneInTheOtherRoom' from project 'PhoneInTheOtherRoom')
    cd /Users/ngawangchime/Desktop/Developer\ Projects/Phone\ in\ the\ Other\ Room


SwiftCompile normal x86_64 /Users/ngawangchime/Desktop/Developer\ Projects/Phone\ in\ the\ Other\ Room/PhoneInTheOtherRoomApp/Views/Components/HomeWelcomeHero.swift (in target 'PhoneInTheOtherRoom' from project 'PhoneInTheOtherRoom')
    cd /Users/ngawangchime/Desktop/Developer\ Projects/Phone\ in\ the\ Other\ Room


SwiftCompile normal x86_64 /Users/ngawangchime/Desktop/Developer\ Projects/Phone\ in\ the\ Other\ Room/PhoneInTheOtherRoomApp/Views/Components/HomeWindDownSummary.swift (in target 'PhoneInTheOtherRoom' from project 'PhoneInTheOtherRoom')
    cd /Users/ngawangchime/Desktop/Developer\ Projects/Phone\ in\ the\ Other\ Room


SwiftCompile normal x86_64 /Users/ngawangchime/Desktop/Developer\ Projects/Phone\ in\ the\ Other\ Room/PhoneInTheOtherRoomApp/Views/Components/ImpactSharingConsentSheet.swift (in target 'PhoneInTheOtherRoom' from project 'PhoneInTheOtherRoom')
    cd /Users/ngawangchime/Desktop/Developer\ Projects/Phone\ in\ the\ Other\ Room


SwiftCompile normal x86_64 /Users/ngawangchime/Desktop/Developer\ Projects/Phone\ in\ the\ Other\ Room/PhoneInTheOtherRoomApp/Views/LockScreenQuietNoteGuideView.swift (in target 'PhoneInTheOtherRoom' from project 'PhoneInTheOtherRoom')
    cd /Users/ngawangchime/Desktop/Developer\ Projects/Phone\ in\ the\ Other\ Room


SwiftCompile normal x86_64 /Users/ngawangchime/Desktop/Developer\ Projects/Phone\ in\ the\ Other\ Room/PhoneInTheOtherRoomApp/Views/MonthlyNightsView.swift (in target 'PhoneInTheOtherRoom' from project 'PhoneInTheOtherRoom')
    cd /Users/ngawangchime/Desktop/Developer\ Projects/Phone\ in\ the\ Other\ Room


SwiftCompile normal x86_64 /Users/ngawangchime/Desktop/Developer\ Projects/Phone\ in\ the\ Other\ Room/PhoneInTheOtherRoomApp/Views/MoreView.swift (in target 'PhoneInTheOtherRoom' from project 'PhoneInTheOtherRoom')
    cd /Users/ngawangchime/Desktop/Developer\ Projects/Phone\ in\ the\ Other\ Room


SwiftCompile normal x86_64 /Users/ngawangchime/Desktop/Developer\ Projects/Phone\ in\ the\ Other\ Room/PhoneInTheOtherRoomApp/Views/Components/MorningCheckInCard.swift (in target 'PhoneInTheOtherRoom' from project 'PhoneInTheOtherRoom')
    cd /Users/ngawangchime/Desktop/Developer\ Projects/Phone\ in\ the\ Other\ Room


SwiftCompile normal x86_64 /Users/ngawangchime/Desktop/Developer\ Projects/Phone\ in\ the\ Other\ Room/PhoneInTheOtherRoomApp/ViewModels/NightFlockViewModel+Commitment.swift (in target 'PhoneInTheOtherRoom' from project 'PhoneInTheOtherRoom')
    cd /Users/ngawangchime/Desktop/Developer\ Projects/Phone\ in\ the\ Other\ Room


SwiftCompile normal x86_64 /Users/ngawangchime/Desktop/Developer\ Projects/Phone\ in\ the\ Other\ Room/PhoneInTheOtherRoomApp/ViewModels/NightFlockViewModel+Errors.swift (in target 'PhoneInTheOtherRoom' from project 'PhoneInTheOtherRoom')
    cd /Users/ngawangchime/Desktop/Developer\ Projects/Phone\ in\ the\ Other\ Room


SwiftCompile normal x86_64 /Users/ngawangchime/Desktop/Developer\ Projects/Phone\ in\ the\ Other\ Room/PhoneInTheOtherRoomApp/ViewModels/NightFlockViewModel+Pasture.swift (in target 'PhoneInTheOtherRoom' from project 'PhoneInTheOtherRoom')
    cd /Users/ngawangchime/Desktop/Developer\ Projects/Phone\ in\ the\ Other\ Room


SwiftDriverJobDiscovery normal x86_64 Compiling ScreenbookRecoveryProbe.swift (in target 'PhoneInTheOtherRoom' from project 'PhoneInTheOtherRoom')

SwiftCompile normal arm64 Compiling\ NightFlockDashboard.swift,\ NightFlockHomeCard.swift,\ NightFlockHubView.swift,\ NightFlockIdeasView.swift,\ NightFlockMemberBoardView.swift,\ NightFlockOrientationView.swift,\ NightFlockPreviews.swift,\ NightFlockQADiagnosticsView.swift /Users/ngawangchime/Desktop/Developer\ Projects/Phone\ in\ the\ Other\ Room/PhoneInTheOtherRoomApp/Views/NightFlock/NightFlockDashboard.swift /Users/ngawangchime/Desktop/Developer\ Projects/Phone\ in\ the\ Other\ Room/PhoneInTheOtherRoomApp/Views/NightFlock/NightFlockHomeCard.swift /Users/ngawangchime/Desktop/Developer\ Projects/Phone\ in\ the\ Other\ Room/PhoneInTheOtherRoomApp/Views/NightFlock/NightFlockHubView.swift /Users/ngawangchime/Desktop/Developer\ Projects/Phone\ in\ the\ Other\ Room/PhoneInTheOtherRoomApp/Views/NightFlock/NightFlockIdeasView.swift /Users/ngawangchime/Desktop/Developer\ Projects/Phone\ in\ the\ Other\ Room/PhoneInTheOtherRoomApp/Views/NightFlock/NightFlockMemberBoardView.swift /Users/ngawangchime/Desktop/Developer\ Projects/Phone\ in\ the\ Other\ Room/PhoneInTheOtherRoomApp/Views/NightFlock/NightFlockOrientationView.swift /Users/ngawangchime/Desktop/Developer\ Projects/Phone\ in\ the\ Other\ Room/PhoneInTheOtherRoomApp/Views/NightFlock/NightFlockPreviews.swift /Users/ngawangchime/Desktop/Developer\ Projects/Phone\ in\ the\ Other\ Room/PhoneInTheOtherRoomApp/Views/NightFlock/NightFlockQADiagnosticsView.swift (in target 'PhoneInTheOtherRoom' from project 'PhoneInTheOtherRoom')

SwiftCompile normal arm64 /Users/ngawangchime/Desktop/Developer\ Projects/Phone\ in\ the\ Other\ Room/PhoneInTheOtherRoomApp/Views/NightFlock/NightFlockDashboard.swift (in target 'PhoneInTheOtherRoom' from project 'PhoneInTheOtherRoom')
    cd /Users/ngawangchime/Desktop/Developer\ Projects/Phone\ in\ the\ Other\ Room


SwiftCompile normal arm64 /Users/ngawangchime/Desktop/Developer\ Projects/Phone\ in\ the\ Other\ Room/PhoneInTheOtherRoomApp/Views/NightFlock/NightFlockHomeCard.swift (in target 'PhoneInTheOtherRoom' from project 'PhoneInTheOtherRoom')
    cd /Users/ngawangchime/Desktop/Developer\ Projects/Phone\ in\ the\ Other\ Room


SwiftCompile normal arm64 /Users/ngawangchime/Desktop/Developer\ Projects/Phone\ in\ the\ Other\ Room/PhoneInTheOtherRoomApp/Views/NightFlock/NightFlockHubView.swift (in target 'PhoneInTheOtherRoom' from project 'PhoneInTheOtherRoom')
    cd /Users/ngawangchime/Desktop/Developer\ Projects/Phone\ in\ the\ Other\ Room


SwiftCompile normal arm64 /Users/ngawangchime/Desktop/Developer\ Projects/Phone\ in\ the\ Other\ Room/PhoneInTheOtherRoomApp/Views/NightFlock/NightFlockIdeasView.swift (in target 'PhoneInTheOtherRoom' from project 'PhoneInTheOtherRoom')
    cd /Users/ngawangchime/Desktop/Developer\ Projects/Phone\ in\ the\ Other\ Room


SwiftCompile normal arm64 /Users/ngawangchime/Desktop/Developer\ Projects/Phone\ in\ the\ Other\ Room/PhoneInTheOtherRoomApp/Views/NightFlock/NightFlockMemberBoardView.swift (in target 'PhoneInTheOtherRoom' from project 'PhoneInTheOtherRoom')
    cd /Users/ngawangchime/Desktop/Developer\ Projects/Phone\ in\ the\ Other\ Room


SwiftCompile normal arm64 /Users/ngawangchime/Desktop/Developer\ Projects/Phone\ in\ the\ Other\ Room/PhoneInTheOtherRoomApp/Views/NightFlock/NightFlockOrientationView.swift (in target 'PhoneInTheOtherRoom' from project 'PhoneInTheOtherRoom')
    cd /Users/ngawangchime/Desktop/Developer\ Projects/Phone\ in\ the\ Other\ Room


SwiftCompile normal arm64 /Users/ngawangchime/Desktop/Developer\ Projects/Phone\ in\ the\ Other\ Room/PhoneInTheOtherRoomApp/Views/NightFlock/NightFlockPreviews.swift (in target 'PhoneInTheOtherRoom' from project 'PhoneInTheOtherRoom')
    cd /Users/ngawangchime/Desktop/Developer\ Projects/Phone\ in\ the\ Other\ Room


SwiftCompile normal arm64 /Users/ngawangchime/Desktop/Developer\ Projects/Phone\ in\ the\ Other\ Room/PhoneInTheOtherRoomApp/Views/NightFlock/NightFlockQADiagnosticsView.swift (in target 'PhoneInTheOtherRoom' from project 'PhoneInTheOtherRoom')
    cd /Users/ngawangchime/Desktop/Developer\ Projects/Phone\ in\ the\ Other\ Room


SwiftDriverJobDiscovery normal x86_64 Compiling NightFlockViewModel+SharedHabits.swift, NightFlockViewModel+SharedHabitsAgreement.swift, NightFlockViewModel+SharedHabitsFence.swift, NightFlockViewModel+Social.swift, NightFlockViewModel+UpdateCheers.swift, NightFlockViewModel+V4.swift, NightJourneyView.swift, NightWatchReceiptCard.swift, NightsDayDetailView.swift, NightsWeekSection.swift, NotificationMessageEditorView.swift, NotificationMessageLibraryView.swift, NotificationSchedulePreviewView.swift, NotificationSettingsView.swift, OllieCompanionSpriteRenderer.swift (in target 'PhoneInTheOtherRoom' from project 'PhoneInTheOtherRoom')

SwiftCompile normal x86_64 Compiling\ OrientationTourOverlay.swift,\ PaperFarmObjectView.swift,\ PersonalShieldSheetView.swift,\ PhoneBedTagEditorViews.swift,\ PhoneInTheOtherRoomApp.swift,\ PixelHomeDashboard.swift,\ QuietTimeEditorView.swift,\ QuietWindowDurationEditor.swift,\ RewardShelfView.swift,\ RitualPlanEditors.swift,\ ScreenFreeMorningView.swift,\ ScreenTimeBookendCard.swift,\ ScreenbookFixtures.swift,\ ScreenbookHabitLoopProbe.swift,\ ScreenbookPersonalShieldProbe.swift /Users/ngawangchime/Desktop/Developer\ Projects/Phone\ in\ the\ Other\ Room/PhoneInTheOtherRoomApp/Views/Components/OrientationTourOverlay.swift /Users/ngawangchime/Desktop/Developer\ Projects/Phone\ in\ the\ Other\ Room/PhoneInTheOtherRoomApp/Views/Components/PaperFarmObjectView.swift /Users/ngawangchime/Desktop/Developer\ Projects/Phone\ in\ the\ Other\ Room/PhoneInTheOtherRoomApp/Views/Components/PersonalShieldSheetView.swift /Users/ngawangchime/Desktop/Developer\ Projects/Phone\ in\ the\ Other\ Room/PhoneInTheOtherRoomApp/Views/Components/PhoneBedTagEditorViews.swift /Users/ngawangchime/Desktop/Developer\ Projects/Phone\ in\ the\ Other\ Room/PhoneInTheOtherRoomApp/App/PhoneInTheOtherRoomApp.swift /Users/ngawangchime/Desktop/Developer\ Projects/Phone\ in\ the\ Other\ Room/PhoneInTheOtherRoomApp/Views/PixelHomeDashboard.swift /Users/ngawangchime/Desktop/Developer\ Projects/Phone\ in\ the\ Other\ Room/PhoneInTheOtherRoomApp/Views/QuietTimeEditorView.swift /Users/ngawangchime/Desktop/Developer\ Projects/Phone\ in\ the\ Other\ Room/PhoneInTheOtherRoomApp/Views/Components/QuietWindowDurationEditor.swift /Users/ngawangchime/Desktop/Developer\ Projects/Phone\ in\ the\ Other\ Room/PhoneInTheOtherRoomApp/Views/RewardShelfView.swift /Users/ngawangchime/Desktop/Developer\ Projects/Phone\ in\ the\ Other\ Room/PhoneInTheOtherRoomApp/Views/Components/RitualPlanEditors.swift /Users/ngawangchime/Desktop/Developer\ Projects/Phone\ in\ the\ Other\ Room/PhoneInTheOtherRoomApp/Views/ScreenFreeMorningView.swift /Users/ngawangchime/Desktop/Developer\ Projects/Phone\ in\ the\ Other\ Room/PhoneInTheOtherRoomApp/Views/Components/ScreenTimeBookendCard.swift /Users/ngawangchime/Desktop/Developer\ Projects/Phone\ in\ the\ Other\ Room/PhoneInTheOtherRoomApp/Screenbook/ScreenbookFixtures.swift /Users/ngawangchime/Desktop/Developer\ Projects/Phone\ in\ the\ Other\ Room/PhoneInTheOtherRoomApp/Screenbook/ScreenbookHabitLoopProbe.swift /Users/ngawangchime/Desktop/Developer\ Projects/Phone\ in\ the\ Other\ Room/PhoneInTheOtherRoomApp/Screenbook/ScreenbookPersonalShieldProbe.swift (in target 'PhoneInTheOtherRoom' from project 'PhoneInTheOtherRoom')

SwiftCompile normal x86_64 /Users/ngawangchime/Desktop/Developer\ Projects/Phone\ in\ the\ Other\ Room/PhoneInTheOtherRoomApp/Views/Components/OrientationTourOverlay.swift (in target 'PhoneInTheOtherRoom' from project 'PhoneInTheOtherRoom')
    cd /Users/ngawangchime/Desktop/Developer\ Projects/Phone\ in\ the\ Other\ Room


SwiftCompile normal x86_64 /Users/ngawangchime/Desktop/Developer\ Projects/Phone\ in\ the\ Other\ Room/PhoneInTheOtherRoomApp/Views/Components/PaperFarmObjectView.swift (in target 'PhoneInTheOtherRoom' from project 'PhoneInTheOtherRoom')
    cd /Users/ngawangchime/Desktop/Developer\ Projects/Phone\ in\ the\ Other\ Room


SwiftCompile normal x86_64 /Users/ngawangchime/Desktop/Developer\ Projects/Phone\ in\ the\ Other\ Room/PhoneInTheOtherRoomApp/Views/Components/PersonalShieldSheetView.swift (in target 'PhoneInTheOtherRoom' from project 'PhoneInTheOtherRoom')
    cd /Users/ngawangchime/Desktop/Developer\ Projects/Phone\ in\ the\ Other\ Room


SwiftCompile normal x86_64 /Users/ngawangchime/Desktop/Developer\ Projects/Phone\ in\ the\ Other\ Room/PhoneInTheOtherRoomApp/Views/Components/PhoneBedTagEditorViews.swift (in target 'PhoneInTheOtherRoom' from project 'PhoneInTheOtherRoom')
    cd /Users/ngawangchime/Desktop/Developer\ Projects/Phone\ in\ the\ Other\ Room


SwiftCompile normal x86_64 /Users/ngawangchime/Desktop/Developer\ Projects/Phone\ in\ the\ Other\ Room/PhoneInTheOtherRoomApp/App/PhoneInTheOtherRoomApp.swift (in target 'PhoneInTheOtherRoom' from project 'PhoneInTheOtherRoom')
    cd /Users/ngawangchime/Desktop/Developer\ Projects/Phone\ in\ the\ Other\ Room


SwiftCompile normal x86_64 /Users/ngawangchime/Desktop/Developer\ Projects/Phone\ in\ the\ Other\ Room/PhoneInTheOtherRoomApp/Views/PixelHomeDashboard.swift (in target 'PhoneInTheOtherRoom' from project 'PhoneInTheOtherRoom')
    cd /Users/ngawangchime/Desktop/Developer\ Projects/Phone\ in\ the\ Other\ Room


SwiftCompile normal x86_64 /Users/ngawangchime/Desktop/Developer\ Projects/Phone\ in\ the\ Other\ Room/PhoneInTheOtherRoomApp/Views/QuietTimeEditorView.swift (in target 'PhoneInTheOtherRoom' from project 'PhoneInTheOtherRoom')
    cd /Users/ngawangchime/Desktop/Developer\ Projects/Phone\ in\ the\ Other\ Room


SwiftCompile normal x86_64 /Users/ngawangchime/Desktop/Developer\ Projects/Phone\ in\ the\ Other\ Room/PhoneInTheOtherRoomApp/Views/Components/QuietWindowDurationEditor.swift (in target 'PhoneInTheOtherRoom' from project 'PhoneInTheOtherRoom')
    cd /Users/ngawangchime/Desktop/Developer\ Projects/Phone\ in\ the\ Other\ Room


SwiftCompile normal x86_64 /Users/ngawangchime/Desktop/Developer\ Projects/Phone\ in\ the\ Other\ Room/PhoneInTheOtherRoomApp/Views/RewardShelfView.swift (in target 'PhoneInTheOtherRoom' from project 'PhoneInTheOtherRoom')
    cd /Users/ngawangchime/Desktop/Developer\ Projects/Phone\ in\ the\ Other\ Room


SwiftCompile normal x86_64 /Users/ngawangchime/Desktop/Developer\ Projects/Phone\ in\ the\ Other\ Room/PhoneInTheOtherRoomApp/Views/Components/RitualPlanEditors.swift (in target 'PhoneInTheOtherRoom' from project 'PhoneInTheOtherRoom')
    cd /Users/ngawangchime/Desktop/Developer\ Projects/Phone\ in\ the\ Other\ Room


SwiftCompile normal x86_64 /Users/ngawangchime/Desktop/Developer\ Projects/Phone\ in\ the\ Other\ Room/PhoneInTheOtherRoomApp/Views/ScreenFreeMorningView.swift (in target 'PhoneInTheOtherRoom' from project 'PhoneInTheOtherRoom')
    cd /Users/ngawangchime/Desktop/Developer\ Projects/Phone\ in\ the\ Other\ Room


SwiftCompile normal x86_64 /Users/ngawangchime/Desktop/Developer\ Projects/Phone\ in\ the\ Other\ Room/PhoneInTheOtherRoomApp/Views/Components/ScreenTimeBookendCard.swift (in target 'PhoneInTheOtherRoom' from project 'PhoneInTheOtherRoom')
    cd /Users/ngawangchime/Desktop/Developer\ Projects/Phone\ in\ the\ Other\ Room


SwiftCompile normal x86_64 /Users/ngawangchime/Desktop/Developer\ Projects/Phone\ in\ the\ Other\ Room/PhoneInTheOtherRoomApp/Screenbook/ScreenbookFixtures.swift (in target 'PhoneInTheOtherRoom' from project 'PhoneInTheOtherRoom')
    cd /Users/ngawangchime/Desktop/Developer\ Projects/Phone\ in\ the\ Other\ Room


SwiftCompile normal x86_64 /Users/ngawangchime/Desktop/Developer\ Projects/Phone\ in\ the\ Other\ Room/PhoneInTheOtherRoomApp/Screenbook/ScreenbookHabitLoopProbe.swift (in target 'PhoneInTheOtherRoom' from project 'PhoneInTheOtherRoom')
    cd /Users/ngawangchime/Desktop/Developer\ Projects/Phone\ in\ the\ Other\ Room


SwiftCompile normal x86_64 /Users/ngawangchime/Desktop/Developer\ Projects/Phone\ in\ the\ Other\ Room/PhoneInTheOtherRoomApp/Screenbook/ScreenbookPersonalShieldProbe.swift (in target 'PhoneInTheOtherRoom' from project 'PhoneInTheOtherRoom')
    cd /Users/ngawangchime/Desktop/Developer\ Projects/Phone\ in\ the\ Other\ Room


SwiftDriverJobDiscovery normal arm64 Compiling NightFlockDashboard.swift, NightFlockHomeCard.swift, NightFlockHubView.swift, NightFlockIdeasView.swift, NightFlockMemberBoardView.swift, NightFlockOrientationView.swift, NightFlockPreviews.swift, NightFlockQADiagnosticsView.swift (in target 'PhoneInTheOtherRoom' from project 'PhoneInTheOtherRoom')

SwiftCompile normal x86_64 Compiling\ SlumberPartyV4ListView.swift,\ SlumberPartyV4MemberCard.swift,\ SlumberPartyV4MembershipActivitiesSection.swift,\ SlumberPartyV4PartyDetailView.swift,\ SlumberPartyV4PresentationClock.swift,\ SlumberPartyV4Previews.swift,\ GeneratedAssetSymbols.swift /Users/ngawangchime/Desktop/Developer\ Projects/Phone\ in\ the\ Other\ Room/PhoneInTheOtherRoomApp/Views/NightFlock/SlumberPartyV4ListView.swift /Users/ngawangchime/Desktop/Developer\ Projects/Phone\ in\ the\ Other\ Room/PhoneInTheOtherRoomApp/Views/NightFlock/SlumberPartyV4MemberCard.swift /Users/ngawangchime/Desktop/Developer\ Projects/Phone\ in\ the\ Other\ Room/PhoneInTheOtherRoomApp/Views/NightFlock/SlumberPartyV4MembershipActivitiesSection.swift /Users/ngawangchime/Desktop/Developer\ Projects/Phone\ in\ the\ Other\ Room/PhoneInTheOtherRoomApp/Views/NightFlock/SlumberPartyV4PartyDetailView.swift /Users/ngawangchime/Desktop/Developer\ Projects/Phone\ in\ the\ Other\ Room/PhoneInTheOtherRoomApp/Views/NightFlock/SlumberPartyV4PresentationClock.swift /Users/ngawangchime/Desktop/Developer\ Projects/Phone\ in\ the\ Other\ Room/PhoneInTheOtherRoomApp/Views/NightFlock/SlumberPartyV4Previews.swift /tmp/counting-sheep-search-build/Build/Intermediates.noindex/PhoneInTheOtherRoom.build/Debug-iphonesimulator/PhoneInTheOtherRoom.build/DerivedSources/GeneratedAssetSymbols.swift (in target 'PhoneInTheOtherRoom' from project 'PhoneInTheOtherRoom')
SwiftCompile normal x86_64 /Users/ngawangchime/Desktop/Developer\ Projects/Phone\ in\ the\ Other\ Room/PhoneInTheOtherRoomApp/Views/NightFlock/SlumberPartyV4ListView.swift (in target 'PhoneInTheOtherRoom' from project 'PhoneInTheOtherRoom')
    cd /Users/ngawangchime/Desktop/Developer\ Projects/Phone\ in\ the\ Other\ Room


SwiftCompile normal x86_64 /Users/ngawangchime/Desktop/Developer\ Projects/Phone\ in\ the\ Other\ Room/PhoneInTheOtherRoomApp/Views/NightFlock/SlumberPartyV4MemberCard.swift (in target 'PhoneInTheOtherRoom' from project 'PhoneInTheOtherRoom')
    cd /Users/ngawangchime/Desktop/Developer\ Projects/Phone\ in\ the\ Other\ Room


SwiftCompile normal x86_64 /Users/ngawangchime/Desktop/Developer\ Projects/Phone\ in\ the\ Other\ Room/PhoneInTheOtherRoomApp/Views/NightFlock/SlumberPartyV4MembershipActivitiesSection.swift (in target 'PhoneInTheOtherRoom' from project 'PhoneInTheOtherRoom')
    cd /Users/ngawangchime/Desktop/Developer\ Projects/Phone\ in\ the\ Other\ Room


SwiftCompile normal x86_64 /Users/ngawangchime/Desktop/Developer\ Projects/Phone\ in\ the\ Other\ Room/PhoneInTheOtherRoomApp/Views/NightFlock/SlumberPartyV4PartyDetailView.swift (in target 'PhoneInTheOtherRoom' from project 'PhoneInTheOtherRoom')
    cd /Users/ngawangchime/Desktop/Developer\ Projects/Phone\ in\ the\ Other\ Room


SwiftCompile normal x86_64 /Users/ngawangchime/Desktop/Developer\ Projects/Phone\ in\ the\ Other\ Room/PhoneInTheOtherRoomApp/Views/NightFlock/SlumberPartyV4PresentationClock.swift (in target 'PhoneInTheOtherRoom' from project 'PhoneInTheOtherRoom')
    cd /Users/ngawangchime/Desktop/Developer\ Projects/Phone\ in\ the\ Other\ Room


SwiftCompile normal x86_64 /Users/ngawangchime/Desktop/Developer\ Projects/Phone\ in\ the\ Other\ Room/PhoneInTheOtherRoomApp/Views/NightFlock/SlumberPartyV4Previews.swift (in target 'PhoneInTheOtherRoom' from project 'PhoneInTheOtherRoom')
    cd /Users/ngawangchime/Desktop/Developer\ Projects/Phone\ in\ the\ Other\ Room


SwiftCompile normal x86_64 /tmp/counting-sheep-search-build/Build/Intermediates.noindex/PhoneInTheOtherRoom.build/Debug-iphonesimulator/PhoneInTheOtherRoom.build/DerivedSources/GeneratedAssetSymbols.swift (in target 'PhoneInTheOtherRoom' from project 'PhoneInTheOtherRoom')
    cd /Users/ngawangchime/Desktop/Developer\ Projects/Phone\ in\ the\ Other\ Room


SwiftDriverJobDiscovery normal x86_64 Compiling OrientationTourOverlay.swift, PaperFarmObjectView.swift, PersonalShieldSheetView.swift, PhoneBedTagEditorViews.swift, PhoneInTheOtherRoomApp.swift, PixelHomeDashboard.swift, QuietTimeEditorView.swift, QuietWindowDurationEditor.swift, RewardShelfView.swift, RitualPlanEditors.swift, ScreenFreeMorningView.swift, ScreenTimeBookendCard.swift, ScreenbookFixtures.swift, ScreenbookHabitLoopProbe.swift, ScreenbookPersonalShieldProbe.swift (in target 'PhoneInTheOtherRoom' from project 'PhoneInTheOtherRoom')

SwiftCompile normal arm64 Compiling\ FarmAccountControlsView.swift,\ FarmBackupView.swift,\ FarmPreviewData.swift,\ FarmSaveNotice.swift,\ FarmShopItemDetailView.swift,\ FarmShopOwnedItemAction.swift,\ FarmShopPresentation.swift,\ FarmShopPreviews.swift,\ FarmView.swift,\ FeedbackFormView.swift,\ FirstRunGuideCards.swift,\ FocusRunSetupView.swift /Users/ngawangchime/Desktop/Developer\ Projects/Phone\ in\ the\ Other\ Room/PhoneInTheOtherRoomApp/Views/FarmAccountControlsView.swift /Users/ngawangchime/Desktop/Developer\ Projects/Phone\ in\ the\ Other\ Room/PhoneInTheOtherRoomApp/Views/FarmBackupView.swift /Users/ngawangchime/Desktop/Developer\ Projects/Phone\ in\ the\ Other\ Room/PhoneInTheOtherRoomApp/Views/FarmPreviewData.swift /Users/ngawangchime/Desktop/Developer\ Projects/Phone\ in\ the\ Other\ Room/PhoneInTheOtherRoomApp/Views/Components/FarmSaveNotice.swift /Users/ngawangchime/Desktop/Developer\ Projects/Phone\ in\ the\ Other\ Room/PhoneInTheOtherRoomApp/Views/FarmShopItemDetailView.swift /Users/ngawangchime/Desktop/Developer\ Projects/Phone\ in\ the\ Other\ Room/PhoneInTheOtherRoomApp/Views/FarmShopOwnedItemAction.swift /Users/ngawangchime/Desktop/Developer\ Projects/Phone\ in\ the\ Other\ Room/PhoneInTheOtherRoomApp/Views/FarmShopPresentation.swift /Users/ngawangchime/Desktop/Developer\ Projects/Phone\ in\ the\ Other\ Room/PhoneInTheOtherRoomApp/Views/FarmShopPreviews.swift /Users/ngawangchime/Desktop/Developer\ Projects/Phone\ in\ the\ Other\ Room/PhoneInTheOtherRoomApp/Views/FarmView.swift /Users/ngawangchime/Desktop/Developer\ Projects/Phone\ in\ the\ Other\ Room/PhoneInTheOtherRoomApp/Views/FeedbackFormView.swift /Users/ngawangchime/Desktop/Developer\ Projects/Phone\ in\ the\ Other\ Room/PhoneInTheOtherRoomApp/Views/Components/FirstRunGuideCards.swift /Users/ngawangchime/Desktop/Developer\ Projects/Phone\ in\ the\ Other\ Room/PhoneInTheOtherRoomApp/Views/FocusRunSetupView.swift (in target 'PhoneInTheOtherRoom' from project 'PhoneInTheOtherRoom')
SwiftCompile normal arm64 /Users/ngawangchime/Desktop/Developer\ Projects/Phone\ in\ the\ Other\ Room/PhoneInTheOtherRoomApp/Views/FarmAccountControlsView.swift (in target 'PhoneInTheOtherRoom' from project 'PhoneInTheOtherRoom')
    cd /Users/ngawangchime/Desktop/Developer\ Projects/Phone\ in\ the\ Other\ Room


SwiftCompile normal arm64 /Users/ngawangchime/Desktop/Developer\ Projects/Phone\ in\ the\ Other\ Room/PhoneInTheOtherRoomApp/Views/FarmBackupView.swift (in target 'PhoneInTheOtherRoom' from project 'PhoneInTheOtherRoom')
    cd /Users/ngawangchime/Desktop/Developer\ Projects/Phone\ in\ the\ Other\ Room


SwiftCompile normal arm64 /Users/ngawangchime/Desktop/Developer\ Projects/Phone\ in\ the\ Other\ Room/PhoneInTheOtherRoomApp/Views/FarmPreviewData.swift (in target 'PhoneInTheOtherRoom' from project 'PhoneInTheOtherRoom')
    cd /Users/ngawangchime/Desktop/Developer\ Projects/Phone\ in\ the\ Other\ Room


SwiftCompile normal arm64 /Users/ngawangchime/Desktop/Developer\ Projects/Phone\ in\ the\ Other\ Room/PhoneInTheOtherRoomApp/Views/Components/FarmSaveNotice.swift (in target 'PhoneInTheOtherRoom' from project 'PhoneInTheOtherRoom')
    cd /Users/ngawangchime/Desktop/Developer\ Projects/Phone\ in\ the\ Other\ Room


SwiftCompile normal arm64 /Users/ngawangchime/Desktop/Developer\ Projects/Phone\ in\ the\ Other\ Room/PhoneInTheOtherRoomApp/Views/FarmShopItemDetailView.swift (in target 'PhoneInTheOtherRoom' from project 'PhoneInTheOtherRoom')
    cd /Users/ngawangchime/Desktop/Developer\ Projects/Phone\ in\ the\ Other\ Room


SwiftCompile normal arm64 /Users/ngawangchime/Desktop/Developer\ Projects/Phone\ in\ the\ Other\ Room/PhoneInTheOtherRoomApp/Views/FarmShopOwnedItemAction.swift (in target 'PhoneInTheOtherRoom' from project 'PhoneInTheOtherRoom')
    cd /Users/ngawangchime/Desktop/Developer\ Projects/Phone\ in\ the\ Other\ Room


SwiftCompile normal arm64 /Users/ngawangchime/Desktop/Developer\ Projects/Phone\ in\ the\ Other\ Room/PhoneInTheOtherRoomApp/Views/FarmShopPresentation.swift (in target 'PhoneInTheOtherRoom' from project 'PhoneInTheOtherRoom')
    cd /Users/ngawangchime/Desktop/Developer\ Projects/Phone\ in\ the\ Other\ Room


SwiftCompile normal arm64 /Users/ngawangchime/Desktop/Developer\ Projects/Phone\ in\ the\ Other\ Room/PhoneInTheOtherRoomApp/Views/FarmShopPreviews.swift (in target 'PhoneInTheOtherRoom' from project 'PhoneInTheOtherRoom')
    cd /Users/ngawangchime/Desktop/Developer\ Projects/Phone\ in\ the\ Other\ Room


SwiftCompile normal arm64 /Users/ngawangchime/Desktop/Developer\ Projects/Phone\ in\ the\ Other\ Room/PhoneInTheOtherRoomApp/Views/FarmView.swift (in target 'PhoneInTheOtherRoom' from project 'PhoneInTheOtherRoom')
    cd /Users/ngawangchime/Desktop/Developer\ Projects/Phone\ in\ the\ Other\ Room


SwiftCompile normal arm64 /Users/ngawangchime/Desktop/Developer\ Projects/Phone\ in\ the\ Other\ Room/PhoneInTheOtherRoomApp/Views/FeedbackFormView.swift (in target 'PhoneInTheOtherRoom' from project 'PhoneInTheOtherRoom')
    cd /Users/ngawangchime/Desktop/Developer\ Projects/Phone\ in\ the\ Other\ Room


SwiftCompile normal arm64 /Users/ngawangchime/Desktop/Developer\ Projects/Phone\ in\ the\ Other\ Room/PhoneInTheOtherRoomApp/Views/Components/FirstRunGuideCards.swift (in target 'PhoneInTheOtherRoom' from project 'PhoneInTheOtherRoom')
    cd /Users/ngawangchime/Desktop/Developer\ Projects/Phone\ in\ the\ Other\ Room


SwiftCompile normal arm64 /Users/ngawangchime/Desktop/Developer\ Projects/Phone\ in\ the\ Other\ Room/PhoneInTheOtherRoomApp/Views/FocusRunSetupView.swift (in target 'PhoneInTheOtherRoom' from project 'PhoneInTheOtherRoom')
    cd /Users/ngawangchime/Desktop/Developer\ Projects/Phone\ in\ the\ Other\ Room


SwiftDriverJobDiscovery normal x86_64 Compiling FocusRunViewModel+SharedHabits.swift, FocusStatsContextSections.swift, FocusStatsRecordSections.swift, FocusStatsView.swift, HomeView.swift, HomeWelcomeHero.swift, HomeWindDownSummary.swift, ImpactSharingConsentSheet.swift, LockScreenQuietNoteGuideView.swift, MonthlyNightsView.swift, MoreView.swift, MorningCheckInCard.swift, NightFlockViewModel+Commitment.swift, NightFlockViewModel+Errors.swift, NightFlockViewModel+Pasture.swift (in target 'PhoneInTheOtherRoom' from project 'PhoneInTheOtherRoom')

SwiftCompile normal x86_64 Compiling\ AccountAccessGate.swift,\ AccountCredentialsView.swift,\ AccountScreenbookView.swift,\ ActiveRunView.swift,\ AppRootView.swift,\ AppShieldExplainerSheet.swift,\ AppearancePreferenceCard.swift,\ BarnView.swift,\ CampfireStartChoices.swift,\ CompletionRewardCard.swift,\ CompletionView.swift,\ ConnectionStatusCard.swift,\ ContextualGuideOverlay.swift,\ CumulativeFarmProgressCard.swift,\ EarlyEndView.swift /Users/ngawangchime/Desktop/Developer\ Projects/Phone\ in\ the\ Other\ Room/PhoneInTheOtherRoomApp/Views/AccountAccessGate.swift /Users/ngawangchime/Desktop/Developer\ Projects/Phone\ in\ the\ Other\ Room/PhoneInTheOtherRoomApp/Views/AccountCredentialsView.swift /Users/ngawangchime/Desktop/Developer\ Projects/Phone\ in\ the\ Other\ Room/PhoneInTheOtherRoomApp/Screenbook/AccountScreenbookView.swift /Users/ngawangchime/Desktop/Developer\ Projects/Phone\ in\ the\ Other\ Room/PhoneInTheOtherRoomApp/Views/ActiveRunView.swift /Users/ngawangchime/Desktop/Developer\ Projects/Phone\ in\ the\ Other\ Room/PhoneInTheOtherRoomApp/App/AppRootView.swift /Users/ngawangchime/Desktop/Developer\ Projects/Phone\ in\ the\ Other\ Room/PhoneInTheOtherRoomApp/Views/Components/AppShieldExplainerSheet.swift /Users/ngawangchime/Desktop/Developer\ Projects/Phone\ in\ the\ Other\ Room/PhoneInTheOtherRoomApp/Views/Components/AppearancePreferenceCard.swift /Users/ngawangchime/Desktop/Developer\ Projects/Phone\ in\ the\ Other\ Room/PhoneInTheOtherRoomApp/Views/BarnView.swift /Users/ngawangchime/Desktop/Developer\ Projects/Phone\ in\ the\ Other\ Room/PhoneInTheOtherRoomApp/Views/Components/CampfireStartChoices.swift /Users/ngawangchime/Desktop/Developer\ Projects/Phone\ in\ the\ Other\ Room/PhoneInTheOtherRoomApp/Views/Components/CompletionRewardCard.swift /Users/ngawangchime/Desktop/Developer\ Projects/Phone\ in\ the\ Other\ Room/PhoneInTheOtherRoomApp/Views/CompletionView.swift /Users/ngawangchime/Desktop/Developer\ Projects/Phone\ in\ the\ Other\ Room/PhoneInTheOtherRoomApp/Views/Components/ConnectionStatusCard.swift /Users/ngawangchime/Desktop/Developer\ Projects/Phone\ in\ the\ Other\ Room/PhoneInTheOtherRoomApp/Views/Components/ContextualGuideOverlay.swift /Users/ngawangchime/Desktop/Developer\ Projects/Phone\ in\ the\ Other\ Room/PhoneInTheOtherRoomApp/Views/Components/CumulativeFarmProgressCard.swift /Users/ngawangchime/Desktop/Developer\ Projects/Phone\ in\ the\ Other\ Room/PhoneInTheOtherRoomApp/Views/EarlyEndView.swift (in target 'PhoneInTheOtherRoom' from project 'PhoneInTheOtherRoom')
SwiftCompile normal x86_64 /Users/ngawangchime/Desktop/Developer\ Projects/Phone\ in\ the\ Other\ Room/PhoneInTheOtherRoomApp/Views/AccountAccessGate.swift (in target 'PhoneInTheOtherRoom' from project 'PhoneInTheOtherRoom')
    cd /Users/ngawangchime/Desktop/Developer\ Projects/Phone\ in\ the\ Other\ Room


SwiftCompile normal x86_64 /Users/ngawangchime/Desktop/Developer\ Projects/Phone\ in\ the\ Other\ Room/PhoneInTheOtherRoomApp/Views/AccountCredentialsView.swift (in target 'PhoneInTheOtherRoom' from project 'PhoneInTheOtherRoom')
    cd /Users/ngawangchime/Desktop/Developer\ Projects/Phone\ in\ the\ Other\ Room


SwiftCompile normal x86_64 /Users/ngawangchime/Desktop/Developer\ Projects/Phone\ in\ the\ Other\ Room/PhoneInTheOtherRoomApp/Screenbook/AccountScreenbookView.swift (in target 'PhoneInTheOtherRoom' from project 'PhoneInTheOtherRoom')
    cd /Users/ngawangchime/Desktop/Developer\ Projects/Phone\ in\ the\ Other\ Room


SwiftCompile normal x86_64 /Users/ngawangchime/Desktop/Developer\ Projects/Phone\ in\ the\ Other\ Room/PhoneInTheOtherRoomApp/Views/ActiveRunView.swift (in target 'PhoneInTheOtherRoom' from project 'PhoneInTheOtherRoom')
    cd /Users/ngawangchime/Desktop/Developer\ Projects/Phone\ in\ the\ Other\ Room


SwiftCompile normal x86_64 /Users/ngawangchime/Desktop/Developer\ Projects/Phone\ in\ the\ Other\ Room/PhoneInTheOtherRoomApp/App/AppRootView.swift (in target 'PhoneInTheOtherRoom' from project 'PhoneInTheOtherRoom')
    cd /Users/ngawangchime/Desktop/Developer\ Projects/Phone\ in\ the\ Other\ Room


SwiftCompile normal x86_64 /Users/ngawangchime/Desktop/Developer\ Projects/Phone\ in\ the\ Other\ Room/PhoneInTheOtherRoomApp/Views/Components/AppShieldExplainerSheet.swift (in target 'PhoneInTheOtherRoom' from project 'PhoneInTheOtherRoom')
    cd /Users/ngawangchime/Desktop/Developer\ Projects/Phone\ in\ the\ Other\ Room


SwiftCompile normal x86_64 /Users/ngawangchime/Desktop/Developer\ Projects/Phone\ in\ the\ Other\ Room/PhoneInTheOtherRoomApp/Views/Components/AppearancePreferenceCard.swift (in target 'PhoneInTheOtherRoom' from project 'PhoneInTheOtherRoom')
    cd /Users/ngawangchime/Desktop/Developer\ Projects/Phone\ in\ the\ Other\ Room


SwiftCompile normal x86_64 /Users/ngawangchime/Desktop/Developer\ Projects/Phone\ in\ the\ Other\ Room/PhoneInTheOtherRoomApp/Views/BarnView.swift (in target 'PhoneInTheOtherRoom' from project 'PhoneInTheOtherRoom')
    cd /Users/ngawangchime/Desktop/Developer\ Projects/Phone\ in\ the\ Other\ Room

/Users/ngawangchime/Desktop/Developer Projects/Phone in the Other Room/PhoneInTheOtherRoomApp/Views/BarnView.swift:309:13: warning: initialization of immutable value 'remaining' was never used; consider replacing with assignment to '_' or removing it
        let remaining = FarmEconomyRules.remainingRegrowthNights(for: sheep, protectedNightCount: protectedNights)
        ~~~~^~~~~~~~~
        _
/Users/ngawangchime/Desktop/Developer Projects/Phone in the Other Room/PhoneInTheOtherRoomApp/Views/BarnView.swift:337:29: warning: initialization of immutable value 'remaining' was never used; consider replacing with assignment to '_' or removing it
                        let remaining = FarmEconomyRules.remainingRegrowthNights(
                        ~~~~^~~~~~~~~
                        _

SwiftCompile normal x86_64 /Users/ngawangchime/Desktop/Developer\ Projects/Phone\ in\ the\ Other\ Room/PhoneInTheOtherRoomApp/Views/Components/CampfireStartChoices.swift (in target 'PhoneInTheOtherRoom' from project 'PhoneInTheOtherRoom')
    cd /Users/ngawangchime/Desktop/Developer\ Projects/Phone\ in\ the\ Other\ Room


SwiftCompile normal x86_64 /Users/ngawangchime/Desktop/Developer\ Projects/Phone\ in\ the\ Other\ Room/PhoneInTheOtherRoomApp/Views/Components/CompletionRewardCard.swift (in target 'PhoneInTheOtherRoom' from project 'PhoneInTheOtherRoom')
    cd /Users/ngawangchime/Desktop/Developer\ Projects/Phone\ in\ the\ Other\ Room


SwiftCompile normal x86_64 /Users/ngawangchime/Desktop/Developer\ Projects/Phone\ in\ the\ Other\ Room/PhoneInTheOtherRoomApp/Views/CompletionView.swift (in target 'PhoneInTheOtherRoom' from project 'PhoneInTheOtherRoom')
    cd /Users/ngawangchime/Desktop/Developer\ Projects/Phone\ in\ the\ Other\ Room


SwiftCompile normal x86_64 /Users/ngawangchime/Desktop/Developer\ Projects/Phone\ in\ the\ Other\ Room/PhoneInTheOtherRoomApp/Views/Components/ConnectionStatusCard.swift (in target 'PhoneInTheOtherRoom' from project 'PhoneInTheOtherRoom')
    cd /Users/ngawangchime/Desktop/Developer\ Projects/Phone\ in\ the\ Other\ Room


SwiftCompile normal x86_64 /Users/ngawangchime/Desktop/Developer\ Projects/Phone\ in\ the\ Other\ Room/PhoneInTheOtherRoomApp/Views/Components/ContextualGuideOverlay.swift (in target 'PhoneInTheOtherRoom' from project 'PhoneInTheOtherRoom')
    cd /Users/ngawangchime/Desktop/Developer\ Projects/Phone\ in\ the\ Other\ Room


SwiftCompile normal x86_64 /Users/ngawangchime/Desktop/Developer\ Projects/Phone\ in\ the\ Other\ Room/PhoneInTheOtherRoomApp/Views/Components/CumulativeFarmProgressCard.swift (in target 'PhoneInTheOtherRoom' from project 'PhoneInTheOtherRoom')
    cd /Users/ngawangchime/Desktop/Developer\ Projects/Phone\ in\ the\ Other\ Room


SwiftCompile normal x86_64 /Users/ngawangchime/Desktop/Developer\ Projects/Phone\ in\ the\ Other\ Room/PhoneInTheOtherRoomApp/Views/EarlyEndView.swift (in target 'PhoneInTheOtherRoom' from project 'PhoneInTheOtherRoom')
    cd /Users/ngawangchime/Desktop/Developer\ Projects/Phone\ in\ the\ Other\ Room


SwiftDriverJobDiscovery normal x86_64 Compiling SlumberPartyV4ListView.swift, SlumberPartyV4MemberCard.swift, SlumberPartyV4MembershipActivitiesSection.swift, SlumberPartyV4PartyDetailView.swift, SlumberPartyV4PresentationClock.swift, SlumberPartyV4Previews.swift, GeneratedAssetSymbols.swift (in target 'PhoneInTheOtherRoom' from project 'PhoneInTheOtherRoom')

SwiftCompile normal arm64 Compiling\ CampfireSceneView.swift,\ CampfireShepherdView.swift,\ CampfireViews.swift,\ CampfireVisibility.swift,\ CampfireVisibilityView.swift,\ FarmPastureView.swift,\ FocusRunViewModel+Campfire.swift,\ FocusRunViewModel.swift /Users/ngawangchime/Desktop/Developer\ Projects/Phone\ in\ the\ Other\ Room/PhoneInTheOtherRoomApp/Views/NightFlock/CampfireSceneView.swift /Users/ngawangchime/Desktop/Developer\ Projects/Phone\ in\ the\ Other\ Room/PhoneInTheOtherRoomApp/Views/NightFlock/CampfireShepherdView.swift /Users/ngawangchime/Desktop/Developer\ Projects/Phone\ in\ the\ Other\ Room/PhoneInTheOtherRoomApp/Views/NightFlock/CampfireViews.swift /Users/ngawangchime/Desktop/Developer\ Projects/Phone\ in\ the\ Other\ Room/Shared/CampfireVisibility.swift /Users/ngawangchime/Desktop/Developer\ Projects/Phone\ in\ the\ Other\ Room/PhoneInTheOtherRoomApp/Views/NightFlock/CampfireVisibilityView.swift /Users/ngawangchime/Desktop/Developer\ Projects/Phone\ in\ the\ Other\ Room/PhoneInTheOtherRoomApp/Views/FarmPastureView.swift /Users/ngawangchime/Desktop/Developer\ Projects/Phone\ in\ the\ Other\ Room/PhoneInTheOtherRoomApp/ViewModels/FocusRunViewModel+Campfire.swift /Users/ngawangchime/Desktop/Developer\ Projects/Phone\ in\ the\ Other\ Room/PhoneInTheOtherRoomApp/ViewModels/FocusRunViewModel.swift (in target 'PhoneInTheOtherRoom' from project 'PhoneInTheOtherRoom')
SwiftCompile normal arm64 /Users/ngawangchime/Desktop/Developer\ Projects/Phone\ in\ the\ Other\ Room/PhoneInTheOtherRoomApp/Views/NightFlock/CampfireSceneView.swift (in target 'PhoneInTheOtherRoom' from project 'PhoneInTheOtherRoom')
    cd /Users/ngawangchime/Desktop/Developer\ Projects/Phone\ in\ the\ Other\ Room


SwiftCompile normal arm64 /Users/ngawangchime/Desktop/Developer\ Projects/Phone\ in\ the\ Other\ Room/PhoneInTheOtherRoomApp/Views/NightFlock/CampfireShepherdView.swift (in target 'PhoneInTheOtherRoom' from project 'PhoneInTheOtherRoom')
    cd /Users/ngawangchime/Desktop/Developer\ Projects/Phone\ in\ the\ Other\ Room


SwiftCompile normal arm64 /Users/ngawangchime/Desktop/Developer\ Projects/Phone\ in\ the\ Other\ Room/PhoneInTheOtherRoomApp/Views/NightFlock/CampfireViews.swift (in target 'PhoneInTheOtherRoom' from project 'PhoneInTheOtherRoom')
    cd /Users/ngawangchime/Desktop/Developer\ Projects/Phone\ in\ the\ Other\ Room


SwiftCompile normal arm64 /Users/ngawangchime/Desktop/Developer\ Projects/Phone\ in\ the\ Other\ Room/Shared/CampfireVisibility.swift (in target 'PhoneInTheOtherRoom' from project 'PhoneInTheOtherRoom')
    cd /Users/ngawangchime/Desktop/Developer\ Projects/Phone\ in\ the\ Other\ Room


SwiftCompile normal arm64 /Users/ngawangchime/Desktop/Developer\ Projects/Phone\ in\ the\ Other\ Room/PhoneInTheOtherRoomApp/Views/NightFlock/CampfireVisibilityView.swift (in target 'PhoneInTheOtherRoom' from project 'PhoneInTheOtherRoom')
    cd /Users/ngawangchime/Desktop/Developer\ Projects/Phone\ in\ the\ Other\ Room


SwiftCompile normal arm64 /Users/ngawangchime/Desktop/Developer\ Projects/Phone\ in\ the\ Other\ Room/PhoneInTheOtherRoomApp/Views/FarmPastureView.swift (in target 'PhoneInTheOtherRoom' from project 'PhoneInTheOtherRoom')
    cd /Users/ngawangchime/Desktop/Developer\ Projects/Phone\ in\ the\ Other\ Room


SwiftCompile normal arm64 /Users/ngawangchime/Desktop/Developer\ Projects/Phone\ in\ the\ Other\ Room/PhoneInTheOtherRoomApp/ViewModels/FocusRunViewModel+Campfire.swift (in target 'PhoneInTheOtherRoom' from project 'PhoneInTheOtherRoom')
    cd /Users/ngawangchime/Desktop/Developer\ Projects/Phone\ in\ the\ Other\ Room


SwiftCompile normal arm64 /Users/ngawangchime/Desktop/Developer\ Projects/Phone\ in\ the\ Other\ Room/PhoneInTheOtherRoomApp/ViewModels/FocusRunViewModel.swift (in target 'PhoneInTheOtherRoom' from project 'PhoneInTheOtherRoom')
    cd /Users/ngawangchime/Desktop/Developer\ Projects/Phone\ in\ the\ Other\ Room


SwiftDriverJobDiscovery normal arm64 Compiling FarmAccountControlsView.swift, FarmBackupView.swift, FarmPreviewData.swift, FarmSaveNotice.swift, FarmShopItemDetailView.swift, FarmShopOwnedItemAction.swift, FarmShopPresentation.swift, FarmShopPreviews.swift, FarmView.swift, FeedbackFormView.swift, FirstRunGuideCards.swift, FocusRunSetupView.swift (in target 'PhoneInTheOtherRoom' from project 'PhoneInTheOtherRoom')

SwiftCompile normal arm64 Compiling\ FocusStatsContextSections.swift,\ FocusStatsRecordSections.swift,\ FocusStatsView.swift,\ HomeWelcomeHero.swift,\ HomeWindDownSummary.swift,\ ImpactSharingConsentSheet.swift,\ LockScreenQuietNoteGuideView.swift,\ MonthlyNightsView.swift,\ MoreView.swift,\ MorningCheckInCard.swift,\ NightJourneyView.swift,\ NightWatchReceiptCard.swift /Users/ngawangchime/Desktop/Developer\ Projects/Phone\ in\ the\ Other\ Room/PhoneInTheOtherRoomApp/Views/FocusStatsContextSections.swift /Users/ngawangchime/Desktop/Developer\ Projects/Phone\ in\ the\ Other\ Room/PhoneInTheOtherRoomApp/Views/FocusStatsRecordSections.swift /Users/ngawangchime/Desktop/Developer\ Projects/Phone\ in\ the\ Other\ Room/PhoneInTheOtherRoomApp/Views/FocusStatsView.swift /Users/ngawangchime/Desktop/Developer\ Projects/Phone\ in\ the\ Other\ Room/PhoneInTheOtherRoomApp/Views/Components/HomeWelcomeHero.swift /Users/ngawangchime/Desktop/Developer\ Projects/Phone\ in\ the\ Other\ Room/PhoneInTheOtherRoomApp/Views/Components/HomeWindDownSummary.swift /Users/ngawangchime/Desktop/Developer\ Projects/Phone\ in\ the\ Other\ Room/PhoneInTheOtherRoomApp/Views/Components/ImpactSharingConsentSheet.swift /Users/ngawangchime/Desktop/Developer\ Projects/Phone\ in\ the\ Other\ Room/PhoneInTheOtherRoomApp/Views/LockScreenQuietNoteGuideView.swift /Users/ngawangchime/Desktop/Developer\ Projects/Phone\ in\ the\ Other\ Room/PhoneInTheOtherRoomApp/Views/MonthlyNightsView.swift /Users/ngawangchime/Desktop/Developer\ Projects/Phone\ in\ the\ Other\ Room/PhoneInTheOtherRoomApp/Views/MoreView.swift /Users/ngawangchime/Desktop/Developer\ Projects/Phone\ in\ the\ Other\ Room/PhoneInTheOtherRoomApp/Views/Components/MorningCheckInCard.swift /Users/ngawangchime/Desktop/Developer\ Projects/Phone\ in\ the\ Other\ Room/PhoneInTheOtherRoomApp/Views/Components/NightJourneyView.swift /Users/ngawangchime/Desktop/Developer\ Projects/Phone\ in\ the\ Other\ Room/PhoneInTheOtherRoomApp/Views/Components/NightWatchReceiptCard.swift (in target 'PhoneInTheOtherRoom' from project 'PhoneInTheOtherRoom')

SwiftCompile normal arm64 /Users/ngawangchime/Desktop/Developer\ Projects/Phone\ in\ the\ Other\ Room/PhoneInTheOtherRoomApp/Views/FocusStatsContextSections.swift (in target 'PhoneInTheOtherRoom' from project 'PhoneInTheOtherRoom')
    cd /Users/ngawangchime/Desktop/Developer\ Projects/Phone\ in\ the\ Other\ Room


SwiftCompile normal arm64 /Users/ngawangchime/Desktop/Developer\ Projects/Phone\ in\ the\ Other\ Room/PhoneInTheOtherRoomApp/Views/FocusStatsRecordSections.swift (in target 'PhoneInTheOtherRoom' from project 'PhoneInTheOtherRoom')
    cd /Users/ngawangchime/Desktop/Developer\ Projects/Phone\ in\ the\ Other\ Room


SwiftCompile normal arm64 /Users/ngawangchime/Desktop/Developer\ Projects/Phone\ in\ the\ Other\ Room/PhoneInTheOtherRoomApp/Views/FocusStatsView.swift (in target 'PhoneInTheOtherRoom' from project 'PhoneInTheOtherRoom')
    cd /Users/ngawangchime/Desktop/Developer\ Projects/Phone\ in\ the\ Other\ Room


SwiftCompile normal arm64 /Users/ngawangchime/Desktop/Developer\ Projects/Phone\ in\ the\ Other\ Room/PhoneInTheOtherRoomApp/Views/Components/HomeWelcomeHero.swift (in target 'PhoneInTheOtherRoom' from project 'PhoneInTheOtherRoom')
    cd /Users/ngawangchime/Desktop/Developer\ Projects/Phone\ in\ the\ Other\ Room


SwiftCompile normal arm64 /Users/ngawangchime/Desktop/Developer\ Projects/Phone\ in\ the\ Other\ Room/PhoneInTheOtherRoomApp/Views/Components/HomeWindDownSummary.swift (in target 'PhoneInTheOtherRoom' from project 'PhoneInTheOtherRoom')
    cd /Users/ngawangchime/Desktop/Developer\ Projects/Phone\ in\ the\ Other\ Room


SwiftCompile normal arm64 /Users/ngawangchime/Desktop/Developer\ Projects/Phone\ in\ the\ Other\ Room/PhoneInTheOtherRoomApp/Views/Components/ImpactSharingConsentSheet.swift (in target 'PhoneInTheOtherRoom' from project 'PhoneInTheOtherRoom')
    cd /Users/ngawangchime/Desktop/Developer\ Projects/Phone\ in\ the\ Other\ Room


SwiftCompile normal arm64 /Users/ngawangchime/Desktop/Developer\ Projects/Phone\ in\ the\ Other\ Room/PhoneInTheOtherRoomApp/Views/LockScreenQuietNoteGuideView.swift (in target 'PhoneInTheOtherRoom' from project 'PhoneInTheOtherRoom')
    cd /Users/ngawangchime/Desktop/Developer\ Projects/Phone\ in\ the\ Other\ Room


SwiftCompile normal arm64 /Users/ngawangchime/Desktop/Developer\ Projects/Phone\ in\ the\ Other\ Room/PhoneInTheOtherRoomApp/Views/MonthlyNightsView.swift (in target 'PhoneInTheOtherRoom' from project 'PhoneInTheOtherRoom')
    cd /Users/ngawangchime/Desktop/Developer\ Projects/Phone\ in\ the\ Other\ Room


SwiftCompile normal arm64 /Users/ngawangchime/Desktop/Developer\ Projects/Phone\ in\ the\ Other\ Room/PhoneInTheOtherRoomApp/Views/MoreView.swift (in target 'PhoneInTheOtherRoom' from project 'PhoneInTheOtherRoom')
    cd /Users/ngawangchime/Desktop/Developer\ Projects/Phone\ in\ the\ Other\ Room


SwiftCompile normal arm64 /Users/ngawangchime/Desktop/Developer\ Projects/Phone\ in\ the\ Other\ Room/PhoneInTheOtherRoomApp/Views/Components/MorningCheckInCard.swift (in target 'PhoneInTheOtherRoom' from project 'PhoneInTheOtherRoom')
    cd /Users/ngawangchime/Desktop/Developer\ Projects/Phone\ in\ the\ Other\ Room


SwiftCompile normal arm64 /Users/ngawangchime/Desktop/Developer\ Projects/Phone\ in\ the\ Other\ Room/PhoneInTheOtherRoomApp/Views/Components/NightJourneyView.swift (in target 'PhoneInTheOtherRoom' from project 'PhoneInTheOtherRoom')
    cd /Users/ngawangchime/Desktop/Developer\ Projects/Phone\ in\ the\ Other\ Room


SwiftCompile normal arm64 /Users/ngawangchime/Desktop/Developer\ Projects/Phone\ in\ the\ Other\ Room/PhoneInTheOtherRoomApp/Views/Components/NightWatchReceiptCard.swift (in target 'PhoneInTheOtherRoom' from project 'PhoneInTheOtherRoom')
    cd /Users/ngawangchime/Desktop/Developer\ Projects/Phone\ in\ the\ Other\ Room


SwiftDriverJobDiscovery normal x86_64 Compiling AccountAccessGate.swift, AccountCredentialsView.swift, AccountScreenbookView.swift, ActiveRunView.swift, AppRootView.swift, AppShieldExplainerSheet.swift, AppearancePreferenceCard.swift, BarnView.swift, CampfireStartChoices.swift, CompletionRewardCard.swift, CompletionView.swift, ConnectionStatusCard.swift, ContextualGuideOverlay.swift, CumulativeFarmProgressCard.swift, EarlyEndView.swift (in target 'PhoneInTheOtherRoom' from project 'PhoneInTheOtherRoom')

SwiftDriverJobDiscovery normal arm64 Compiling FocusStatsContextSections.swift, FocusStatsRecordSections.swift, FocusStatsView.swift, HomeWelcomeHero.swift, HomeWindDownSummary.swift, ImpactSharingConsentSheet.swift, LockScreenQuietNoteGuideView.swift, MonthlyNightsView.swift, MoreView.swift, MorningCheckInCard.swift, NightJourneyView.swift, NightWatchReceiptCard.swift (in target 'PhoneInTheOtherRoom' from project 'PhoneInTheOtherRoom')

SwiftCompile normal x86_64 Compiling\ PastureSceneController.swift /Users/ngawangchime/Desktop/Developer\ Projects/Phone\ in\ the\ Other\ Room/PhoneInTheOtherRoomApp/ViewModels/PastureSceneController.swift (in target 'PhoneInTheOtherRoom' from project 'PhoneInTheOtherRoom')

SwiftCompile normal x86_64 /Users/ngawangchime/Desktop/Developer\ Projects/Phone\ in\ the\ Other\ Room/PhoneInTheOtherRoomApp/ViewModels/PastureSceneController.swift (in target 'PhoneInTheOtherRoom' from project 'PhoneInTheOtherRoom')
    cd /Users/ngawangchime/Desktop/Developer\ Projects/Phone\ in\ the\ Other\ Room


SwiftCompile normal arm64 Compiling\ AccountAccessGate.swift,\ AccountCredentialsView.swift,\ ActiveRunView.swift,\ AppRootView.swift,\ AppShieldExplainerSheet.swift,\ AppearancePreferenceCard.swift,\ CompletionRewardCard.swift,\ CompletionView.swift,\ ConnectionStatusCard.swift,\ ContextualGuideOverlay.swift,\ CumulativeFarmProgressCard.swift,\ EarlyWakeSheet.swift /Users/ngawangchime/Desktop/Developer\ Projects/Phone\ in\ the\ Other\ Room/PhoneInTheOtherRoomApp/Views/AccountAccessGate.swift /Users/ngawangchime/Desktop/Developer\ Projects/Phone\ in\ the\ Other\ Room/PhoneInTheOtherRoomApp/Views/AccountCredentialsView.swift /Users/ngawangchime/Desktop/Developer\ Projects/Phone\ in\ the\ Other\ Room/PhoneInTheOtherRoomApp/Views/ActiveRunView.swift /Users/ngawangchime/Desktop/Developer\ Projects/Phone\ in\ the\ Other\ Room/PhoneInTheOtherRoomApp/App/AppRootView.swift /Users/ngawangchime/Desktop/Developer\ Projects/Phone\ in\ the\ Other\ Room/PhoneInTheOtherRoomApp/Views/Components/AppShieldExplainerSheet.swift /Users/ngawangchime/Desktop/Developer\ Projects/Phone\ in\ the\ Other\ Room/PhoneInTheOtherRoomApp/Views/Components/AppearancePreferenceCard.swift /Users/ngawangchime/Desktop/Developer\ Projects/Phone\ in\ the\ Other\ Room/PhoneInTheOtherRoomApp/Views/Components/CompletionRewardCard.swift /Users/ngawangchime/Desktop/Developer\ Projects/Phone\ in\ the\ Other\ Room/PhoneInTheOtherRoomApp/Views/CompletionView.swift /Users/ngawangchime/Desktop/Developer\ Projects/Phone\ in\ the\ Other\ Room/PhoneInTheOtherRoomApp/Views/Components/ConnectionStatusCard.swift /Users/ngawangchime/Desktop/Developer\ Projects/Phone\ in\ the\ Other\ Room/PhoneInTheOtherRoomApp/Views/Components/ContextualGuideOverlay.swift /Users/ngawangchime/Desktop/Developer\ Projects/Phone\ in\ the\ Other\ Room/PhoneInTheOtherRoomApp/Views/Components/CumulativeFarmProgressCard.swift /Users/ngawangchime/Desktop/Developer\ Projects/Phone\ in\ the\ Other\ Room/PhoneInTheOtherRoomApp/Views/Components/EarlyWakeSheet.swift (in target 'PhoneInTheOtherRoom' from project 'PhoneInTheOtherRoom')

SwiftCompile normal arm64 /Users/ngawangchime/Desktop/Developer\ Projects/Phone\ in\ the\ Other\ Room/PhoneInTheOtherRoomApp/Views/AccountAccessGate.swift (in target 'PhoneInTheOtherRoom' from project 'PhoneInTheOtherRoom')
    cd /Users/ngawangchime/Desktop/Developer\ Projects/Phone\ in\ the\ Other\ Room


SwiftCompile normal arm64 /Users/ngawangchime/Desktop/Developer\ Projects/Phone\ in\ the\ Other\ Room/PhoneInTheOtherRoomApp/Views/AccountCredentialsView.swift (in target 'PhoneInTheOtherRoom' from project 'PhoneInTheOtherRoom')
    cd /Users/ngawangchime/Desktop/Developer\ Projects/Phone\ in\ the\ Other\ Room


SwiftCompile normal arm64 /Users/ngawangchime/Desktop/Developer\ Projects/Phone\ in\ the\ Other\ Room/PhoneInTheOtherRoomApp/Views/ActiveRunView.swift (in target 'PhoneInTheOtherRoom' from project 'PhoneInTheOtherRoom')
    cd /Users/ngawangchime/Desktop/Developer\ Projects/Phone\ in\ the\ Other\ Room


SwiftCompile normal arm64 /Users/ngawangchime/Desktop/Developer\ Projects/Phone\ in\ the\ Other\ Room/PhoneInTheOtherRoomApp/App/AppRootView.swift (in target 'PhoneInTheOtherRoom' from project 'PhoneInTheOtherRoom')
    cd /Users/ngawangchime/Desktop/Developer\ Projects/Phone\ in\ the\ Other\ Room


SwiftCompile normal arm64 /Users/ngawangchime/Desktop/Developer\ Projects/Phone\ in\ the\ Other\ Room/PhoneInTheOtherRoomApp/Views/Components/AppShieldExplainerSheet.swift (in target 'PhoneInTheOtherRoom' from project 'PhoneInTheOtherRoom')
    cd /Users/ngawangchime/Desktop/Developer\ Projects/Phone\ in\ the\ Other\ Room


SwiftCompile normal arm64 /Users/ngawangchime/Desktop/Developer\ Projects/Phone\ in\ the\ Other\ Room/PhoneInTheOtherRoomApp/Views/Components/AppearancePreferenceCard.swift (in target 'PhoneInTheOtherRoom' from project 'PhoneInTheOtherRoom')
    cd /Users/ngawangchime/Desktop/Developer\ Projects/Phone\ in\ the\ Other\ Room


SwiftCompile normal arm64 /Users/ngawangchime/Desktop/Developer\ Projects/Phone\ in\ the\ Other\ Room/PhoneInTheOtherRoomApp/Views/Components/CompletionRewardCard.swift (in target 'PhoneInTheOtherRoom' from project 'PhoneInTheOtherRoom')
    cd /Users/ngawangchime/Desktop/Developer\ Projects/Phone\ in\ the\ Other\ Room


SwiftCompile normal arm64 /Users/ngawangchime/Desktop/Developer\ Projects/Phone\ in\ the\ Other\ Room/PhoneInTheOtherRoomApp/Views/CompletionView.swift (in target 'PhoneInTheOtherRoom' from project 'PhoneInTheOtherRoom')
    cd /Users/ngawangchime/Desktop/Developer\ Projects/Phone\ in\ the\ Other\ Room


SwiftCompile normal arm64 /Users/ngawangchime/Desktop/Developer\ Projects/Phone\ in\ the\ Other\ Room/PhoneInTheOtherRoomApp/Views/Components/ConnectionStatusCard.swift (in target 'PhoneInTheOtherRoom' from project 'PhoneInTheOtherRoom')
    cd /Users/ngawangchime/Desktop/Developer\ Projects/Phone\ in\ the\ Other\ Room


SwiftCompile normal arm64 /Users/ngawangchime/Desktop/Developer\ Projects/Phone\ in\ the\ Other\ Room/PhoneInTheOtherRoomApp/Views/Components/ContextualGuideOverlay.swift (in target 'PhoneInTheOtherRoom' from project 'PhoneInTheOtherRoom')
    cd /Users/ngawangchime/Desktop/Developer\ Projects/Phone\ in\ the\ Other\ Room


SwiftCompile normal arm64 /Users/ngawangchime/Desktop/Developer\ Projects/Phone\ in\ the\ Other\ Room/PhoneInTheOtherRoomApp/Views/Components/CumulativeFarmProgressCard.swift (in target 'PhoneInTheOtherRoom' from project 'PhoneInTheOtherRoom')
    cd /Users/ngawangchime/Desktop/Developer\ Projects/Phone\ in\ the\ Other\ Room


SwiftCompile normal arm64 /Users/ngawangchime/Desktop/Developer\ Projects/Phone\ in\ the\ Other\ Room/PhoneInTheOtherRoomApp/Views/Components/EarlyWakeSheet.swift (in target 'PhoneInTheOtherRoom' from project 'PhoneInTheOtherRoom')
    cd /Users/ngawangchime/Desktop/Developer\ Projects/Phone\ in\ the\ Other\ Room


SwiftDriverJobDiscovery normal x86_64 Compiling PastureSceneController.swift (in target 'PhoneInTheOtherRoom' from project 'PhoneInTheOtherRoom')

SwiftCompile normal x86_64 Compiling\ FocusRunViewModel+Personalisation.swift,\ PastureCharacterHitTarget.swift /Users/ngawangchime/Desktop/Developer\ Projects/Phone\ in\ the\ Other\ Room/PhoneInTheOtherRoomApp/ViewModels/FocusRunViewModel+Personalisation.swift /Users/ngawangchime/Desktop/Developer\ Projects/Phone\ in\ the\ Other\ Room/PhoneInTheOtherRoomApp/Views/Components/PastureCharacterHitTarget.swift (in target 'PhoneInTheOtherRoom' from project 'PhoneInTheOtherRoom')
SwiftCompile normal x86_64 /Users/ngawangchime/Desktop/Developer\ Projects/Phone\ in\ the\ Other\ Room/PhoneInTheOtherRoomApp/ViewModels/FocusRunViewModel+Personalisation.swift (in target 'PhoneInTheOtherRoom' from project 'PhoneInTheOtherRoom')
    cd /Users/ngawangchime/Desktop/Developer\ Projects/Phone\ in\ the\ Other\ Room


SwiftCompile normal x86_64 /Users/ngawangchime/Desktop/Developer\ Projects/Phone\ in\ the\ Other\ Room/PhoneInTheOtherRoomApp/Views/Components/PastureCharacterHitTarget.swift (in target 'PhoneInTheOtherRoom' from project 'PhoneInTheOtherRoom')
    cd /Users/ngawangchime/Desktop/Developer\ Projects/Phone\ in\ the\ Other\ Room


SwiftDriverJobDiscovery normal arm64 Compiling AccountAccessGate.swift, AccountCredentialsView.swift, ActiveRunView.swift, AppRootView.swift, AppShieldExplainerSheet.swift, AppearancePreferenceCard.swift, CompletionRewardCard.swift, CompletionView.swift, ConnectionStatusCard.swift, ContextualGuideOverlay.swift, CumulativeFarmProgressCard.swift, EarlyWakeSheet.swift (in target 'PhoneInTheOtherRoom' from project 'PhoneInTheOtherRoom')

SwiftCompile normal x86_64 Compiling\ OllieDetailView.swift,\ OllieDressedSprite.swift,\ OllieRitualView.swift,\ OllieWardrobePreview.swift,\ OnboardingAccountStepView.swift,\ OnboardingComponents.swift,\ OnboardingFlowView.swift,\ OnboardingPersonalizationView.swift,\ OnboardingProfileStepView.swift,\ OnboardingProtectionStepView.swift,\ OnboardingQuietStepView.swift,\ OnboardingReadyStepView.swift,\ OnboardingRecommendationStepView.swift,\ OnboardingScheduleStepView.swift,\ OnboardingWelcomeStepView.swift /Users/ngawangchime/Desktop/Developer\ Projects/Phone\ in\ the\ Other\ Room/PhoneInTheOtherRoomApp/Views/OllieDetailView.swift /Users/ngawangchime/Desktop/Developer\ Projects/Phone\ in\ the\ Other\ Room/PhoneInTheOtherRoomApp/Views/Components/OllieDressedSprite.swift /Users/ngawangchime/Desktop/Developer\ Projects/Phone\ in\ the\ Other\ Room/PhoneInTheOtherRoomApp/Views/Components/OllieRitualView.swift /Users/ngawangchime/Desktop/Developer\ Projects/Phone\ in\ the\ Other\ Room/PhoneInTheOtherRoomApp/Views/Components/OllieWardrobePreview.swift /Users/ngawangchime/Desktop/Developer\ Projects/Phone\ in\ the\ Other\ Room/PhoneInTheOtherRoomApp/Views/Onboarding/OnboardingAccountStepView.swift /Users/ngawangchime/Desktop/Developer\ Projects/Phone\ in\ the\ Other\ Room/PhoneInTheOtherRoomApp/Views/Onboarding/OnboardingComponents.swift /Users/ngawangchime/Desktop/Developer\ Projects/Phone\ in\ the\ Other\ Room/PhoneInTheOtherRoomApp/Views/Onboarding/OnboardingFlowView.swift /Users/ngawangchime/Desktop/Developer\ Projects/Phone\ in\ the\ Other\ Room/PhoneInTheOtherRoomApp/Views/Onboarding/OnboardingPersonalizationView.swift /Users/ngawangchime/Desktop/Developer\ Projects/Phone\ in\ the\ Other\ Room/PhoneInTheOtherRoomApp/Views/Onboarding/OnboardingProfileStepView.swift /Users/ngawangchime/Desktop/Developer\ Projects/Phone\ in\ the\ Other\ Room/PhoneInTheOtherRoomApp/Views/Onboarding/OnboardingProtectionStepView.swift /Users/ngawangchime/Desktop/Developer\ Projects/Phone\ in\ the\ Other\ Room/PhoneInTheOtherRoomApp/Views/Onboarding/OnboardingQuietStepView.swift /Users/ngawangchime/Desktop/Developer\ Projects/Phone\ in\ the\ Other\ Room/PhoneInTheOtherRoomApp/Views/Onboarding/OnboardingReadyStepView.swift /Users/ngawangchime/Desktop/Developer\ Projects/Phone\ in\ the\ Other\ Room/PhoneInTheOtherRoomApp/Views/Onboarding/OnboardingRecommendationStepView.swift /Users/ngawangchime/Desktop/Developer\ Projects/Phone\ in\ the\ Other\ Room/PhoneInTheOtherRoomApp/Views/Onboarding/OnboardingScheduleStepView.swift /Users/ngawangchime/Desktop/Developer\ Projects/Phone\ in\ the\ Other\ Room/PhoneInTheOtherRoomApp/Views/Onboarding/OnboardingWelcomeStepView.swift (in target 'PhoneInTheOtherRoom' from project 'PhoneInTheOtherRoom')
SwiftCompile normal x86_64 /Users/ngawangchime/Desktop/Developer\ Projects/Phone\ in\ the\ Other\ Room/PhoneInTheOtherRoomApp/Views/OllieDetailView.swift (in target 'PhoneInTheOtherRoom' from project 'PhoneInTheOtherRoom')
    cd /Users/ngawangchime/Desktop/Developer\ Projects/Phone\ in\ the\ Other\ Room


SwiftCompile normal x86_64 /Users/ngawangchime/Desktop/Developer\ Projects/Phone\ in\ the\ Other\ Room/PhoneInTheOtherRoomApp/Views/Components/OllieDressedSprite.swift (in target 'PhoneInTheOtherRoom' from project 'PhoneInTheOtherRoom')
    cd /Users/ngawangchime/Desktop/Developer\ Projects/Phone\ in\ the\ Other\ Room


SwiftCompile normal x86_64 /Users/ngawangchime/Desktop/Developer\ Projects/Phone\ in\ the\ Other\ Room/PhoneInTheOtherRoomApp/Views/Components/OllieRitualView.swift (in target 'PhoneInTheOtherRoom' from project 'PhoneInTheOtherRoom')
    cd /Users/ngawangchime/Desktop/Developer\ Projects/Phone\ in\ the\ Other\ Room


SwiftCompile normal x86_64 /Users/ngawangchime/Desktop/Developer\ Projects/Phone\ in\ the\ Other\ Room/PhoneInTheOtherRoomApp/Views/Components/OllieWardrobePreview.swift (in target 'PhoneInTheOtherRoom' from project 'PhoneInTheOtherRoom')
    cd /Users/ngawangchime/Desktop/Developer\ Projects/Phone\ in\ the\ Other\ Room


SwiftCompile normal x86_64 /Users/ngawangchime/Desktop/Developer\ Projects/Phone\ in\ the\ Other\ Room/PhoneInTheOtherRoomApp/Views/Onboarding/OnboardingAccountStepView.swift (in target 'PhoneInTheOtherRoom' from project 'PhoneInTheOtherRoom')
    cd /Users/ngawangchime/Desktop/Developer\ Projects/Phone\ in\ the\ Other\ Room


SwiftCompile normal x86_64 /Users/ngawangchime/Desktop/Developer\ Projects/Phone\ in\ the\ Other\ Room/PhoneInTheOtherRoomApp/Views/Onboarding/OnboardingComponents.swift (in target 'PhoneInTheOtherRoom' from project 'PhoneInTheOtherRoom')
    cd /Users/ngawangchime/Desktop/Developer\ Projects/Phone\ in\ the\ Other\ Room


SwiftCompile normal x86_64 /Users/ngawangchime/Desktop/Developer\ Projects/Phone\ in\ the\ Other\ Room/PhoneInTheOtherRoomApp/Views/Onboarding/OnboardingFlowView.swift (in target 'PhoneInTheOtherRoom' from project 'PhoneInTheOtherRoom')
    cd /Users/ngawangchime/Desktop/Developer\ Projects/Phone\ in\ the\ Other\ Room


SwiftCompile normal x86_64 /Users/ngawangchime/Desktop/Developer\ Projects/Phone\ in\ the\ Other\ Room/PhoneInTheOtherRoomApp/Views/Onboarding/OnboardingPersonalizationView.swift (in target 'PhoneInTheOtherRoom' from project 'PhoneInTheOtherRoom')
    cd /Users/ngawangchime/Desktop/Developer\ Projects/Phone\ in\ the\ Other\ Room


SwiftCompile normal x86_64 /Users/ngawangchime/Desktop/Developer\ Projects/Phone\ in\ the\ Other\ Room/PhoneInTheOtherRoomApp/Views/Onboarding/OnboardingProfileStepView.swift (in target 'PhoneInTheOtherRoom' from project 'PhoneInTheOtherRoom')
    cd /Users/ngawangchime/Desktop/Developer\ Projects/Phone\ in\ the\ Other\ Room


SwiftCompile normal x86_64 /Users/ngawangchime/Desktop/Developer\ Projects/Phone\ in\ the\ Other\ Room/PhoneInTheOtherRoomApp/Views/Onboarding/OnboardingProtectionStepView.swift (in target 'PhoneInTheOtherRoom' from project 'PhoneInTheOtherRoom')
    cd /Users/ngawangchime/Desktop/Developer\ Projects/Phone\ in\ the\ Other\ Room


SwiftCompile normal x86_64 /Users/ngawangchime/Desktop/Developer\ Projects/Phone\ in\ the\ Other\ Room/PhoneInTheOtherRoomApp/Views/Onboarding/OnboardingQuietStepView.swift (in target 'PhoneInTheOtherRoom' from project 'PhoneInTheOtherRoom')
    cd /Users/ngawangchime/Desktop/Developer\ Projects/Phone\ in\ the\ Other\ Room


SwiftCompile normal x86_64 /Users/ngawangchime/Desktop/Developer\ Projects/Phone\ in\ the\ Other\ Room/PhoneInTheOtherRoomApp/Views/Onboarding/OnboardingReadyStepView.swift (in target 'PhoneInTheOtherRoom' from project 'PhoneInTheOtherRoom')
    cd /Users/ngawangchime/Desktop/Developer\ Projects/Phone\ in\ the\ Other\ Room


SwiftCompile normal x86_64 /Users/ngawangchime/Desktop/Developer\ Projects/Phone\ in\ the\ Other\ Room/PhoneInTheOtherRoomApp/Views/Onboarding/OnboardingRecommendationStepView.swift (in target 'PhoneInTheOtherRoom' from project 'PhoneInTheOtherRoom')
    cd /Users/ngawangchime/Desktop/Developer\ Projects/Phone\ in\ the\ Other\ Room


SwiftCompile normal x86_64 /Users/ngawangchime/Desktop/Developer\ Projects/Phone\ in\ the\ Other\ Room/PhoneInTheOtherRoomApp/Views/Onboarding/OnboardingScheduleStepView.swift (in target 'PhoneInTheOtherRoom' from project 'PhoneInTheOtherRoom')
    cd /Users/ngawangchime/Desktop/Developer\ Projects/Phone\ in\ the\ Other\ Room


SwiftCompile normal x86_64 /Users/ngawangchime/Desktop/Developer\ Projects/Phone\ in\ the\ Other\ Room/PhoneInTheOtherRoomApp/Views/Onboarding/OnboardingWelcomeStepView.swift (in target 'PhoneInTheOtherRoom' from project 'PhoneInTheOtherRoom')
    cd /Users/ngawangchime/Desktop/Developer\ Projects/Phone\ in\ the\ Other\ Room


SwiftDriverJobDiscovery normal arm64 Compiling CampfireSceneView.swift, CampfireShepherdView.swift, CampfireViews.swift, CampfireVisibility.swift, CampfireVisibilityView.swift, FarmPastureView.swift, FocusRunViewModel+Campfire.swift, FocusRunViewModel.swift (in target 'PhoneInTheOtherRoom' from project 'PhoneInTheOtherRoom')

SwiftCompile normal arm64 Compiling\ NightFlockViewModel+V4.swift,\ NightJourneyProgress.swift,\ NightWatch.swift,\ NightWatchHistory.swift,\ NightWatchUsageMonitoringService.swift,\ NightsHistorySummary.swift,\ NotificationPlanning.swift,\ OllieModels.swift,\ OnboardingJourney.swift /Users/ngawangchime/Desktop/Developer\ Projects/Phone\ in\ the\ Other\ Room/PhoneInTheOtherRoomApp/ViewModels/NightFlockViewModel+V4.swift /Users/ngawangchime/Desktop/Developer\ Projects/Phone\ in\ the\ Other\ Room/Shared/NightJourneyProgress.swift /Users/ngawangchime/Desktop/Developer\ Projects/Phone\ in\ the\ Other\ Room/Shared/NightWatch.swift /Users/ngawangchime/Desktop/Developer\ Projects/Phone\ in\ the\ Other\ Room/Shared/NightWatchHistory.swift /Users/ngawangchime/Desktop/Developer\ Projects/Phone\ in\ the\ Other\ Room/PhoneInTheOtherRoomApp/Services/NightWatchUsageMonitoringService.swift /Users/ngawangchime/Desktop/Developer\ Projects/Phone\ in\ the\ Other\ Room/Shared/NightsHistorySummary.swift /Users/ngawangchime/Desktop/Developer\ Projects/Phone\ in\ the\ Other\ Room/Shared/NotificationPlanning.swift /Users/ngawangchime/Desktop/Developer\ Projects/Phone\ in\ the\ Other\ Room/Shared/Models/OllieModels.swift /Users/ngawangchime/Desktop/Developer\ Projects/Phone\ in\ the\ Other\ Room/Shared/OnboardingJourney.swift (in target 'PhoneInTheOtherRoom' from project 'PhoneInTheOtherRoom')

SwiftCompile normal arm64 /Users/ngawangchime/Desktop/Developer\ Projects/Phone\ in\ the\ Other\ Room/PhoneInTheOtherRoomApp/ViewModels/NightFlockViewModel+V4.swift (in target 'PhoneInTheOtherRoom' from project 'PhoneInTheOtherRoom')
    cd /Users/ngawangchime/Desktop/Developer\ Projects/Phone\ in\ the\ Other\ Room


SwiftCompile normal arm64 /Users/ngawangchime/Desktop/Developer\ Projects/Phone\ in\ the\ Other\ Room/Shared/NightJourneyProgress.swift (in target 'PhoneInTheOtherRoom' from project 'PhoneInTheOtherRoom')
    cd /Users/ngawangchime/Desktop/Developer\ Projects/Phone\ in\ the\ Other\ Room


SwiftCompile normal arm64 /Users/ngawangchime/Desktop/Developer\ Projects/Phone\ in\ the\ Other\ Room/Shared/NightWatch.swift (in target 'PhoneInTheOtherRoom' from project 'PhoneInTheOtherRoom')
    cd /Users/ngawangchime/Desktop/Developer\ Projects/Phone\ in\ the\ Other\ Room


SwiftCompile normal arm64 /Users/ngawangchime/Desktop/Developer\ Projects/Phone\ in\ the\ Other\ Room/Shared/NightWatchHistory.swift (in target 'PhoneInTheOtherRoom' from project 'PhoneInTheOtherRoom')
    cd /Users/ngawangchime/Desktop/Developer\ Projects/Phone\ in\ the\ Other\ Room


SwiftCompile normal arm64 /Users/ngawangchime/Desktop/Developer\ Projects/Phone\ in\ the\ Other\ Room/PhoneInTheOtherRoomApp/Services/NightWatchUsageMonitoringService.swift (in target 'PhoneInTheOtherRoom' from project 'PhoneInTheOtherRoom')
    cd /Users/ngawangchime/Desktop/Developer\ Projects/Phone\ in\ the\ Other\ Room


SwiftCompile normal arm64 /Users/ngawangchime/Desktop/Developer\ Projects/Phone\ in\ the\ Other\ Room/Shared/NightsHistorySummary.swift (in target 'PhoneInTheOtherRoom' from project 'PhoneInTheOtherRoom')
    cd /Users/ngawangchime/Desktop/Developer\ Projects/Phone\ in\ the\ Other\ Room


SwiftCompile normal arm64 /Users/ngawangchime/Desktop/Developer\ Projects/Phone\ in\ the\ Other\ Room/Shared/NotificationPlanning.swift (in target 'PhoneInTheOtherRoom' from project 'PhoneInTheOtherRoom')
    cd /Users/ngawangchime/Desktop/Developer\ Projects/Phone\ in\ the\ Other\ Room


SwiftCompile normal arm64 /Users/ngawangchime/Desktop/Developer\ Projects/Phone\ in\ the\ Other\ Room/Shared/Models/OllieModels.swift (in target 'PhoneInTheOtherRoom' from project 'PhoneInTheOtherRoom')
    cd /Users/ngawangchime/Desktop/Developer\ Projects/Phone\ in\ the\ Other\ Room


SwiftCompile normal arm64 /Users/ngawangchime/Desktop/Developer\ Projects/Phone\ in\ the\ Other\ Room/Shared/OnboardingJourney.swift (in target 'PhoneInTheOtherRoom' from project 'PhoneInTheOtherRoom')
    cd /Users/ngawangchime/Desktop/Developer\ Projects/Phone\ in\ the\ Other\ Room


SwiftDriverJobDiscovery normal x86_64 Compiling FocusRunViewModel+Personalisation.swift, PastureCharacterHitTarget.swift (in target 'PhoneInTheOtherRoom' from project 'PhoneInTheOtherRoom')

SwiftCompile normal arm64 Compiling\ FocusRunViewModel+SharedHabits.swift,\ FocusRunViewModel+WindDownHabit.swift,\ FocusSessionCoordinator+Placement.swift,\ FocusSessionCoordinator.swift,\ FocusSessionStartResult.swift,\ HomeReceiptRouting.swift,\ HomeStartRouting.swift,\ HomeView.swift,\ ImpactMeasurement.swift,\ IndependentMorningSettlement.swift /Users/ngawangchime/Desktop/Developer\ Projects/Phone\ in\ the\ Other\ Room/PhoneInTheOtherRoomApp/ViewModels/FocusRunViewModel+SharedHabits.swift /Users/ngawangchime/Desktop/Developer\ Projects/Phone\ in\ the\ Other\ Room/PhoneInTheOtherRoomApp/ViewModels/FocusRunViewModel+WindDownHabit.swift /Users/ngawangchime/Desktop/Developer\ Projects/Phone\ in\ the\ Other\ Room/PhoneInTheOtherRoomApp/Proximity/FocusSessionCoordinator+Placement.swift /Users/ngawangchime/Desktop/Developer\ Projects/Phone\ in\ the\ Other\ Room/PhoneInTheOtherRoomApp/Proximity/FocusSessionCoordinator.swift /Users/ngawangchime/Desktop/Developer\ Projects/Phone\ in\ the\ Other\ Room/Shared/FocusSessionStartResult.swift /Users/ngawangchime/Desktop/Developer\ Projects/Phone\ in\ the\ Other\ Room/Shared/HomeReceiptRouting.swift /Users/ngawangchime/Desktop/Developer\ Projects/Phone\ in\ the\ Other\ Room/Shared/HomeStartRouting.swift /Users/ngawangchime/Desktop/Developer\ Projects/Phone\ in\ the\ Other\ Room/PhoneInTheOtherRoomApp/Views/HomeView.swift /Users/ngawangchime/Desktop/Developer\ Projects/Phone\ in\ the\ Other\ Room/Shared/ImpactMeasurement.swift /Users/ngawangchime/Desktop/Developer\ Projects/Phone\ in\ the\ Other\ Room/Shared/IndependentMorningSettlement.swift (in target 'PhoneInTheOtherRoom' from project 'PhoneInTheOtherRoom')
SwiftCompile normal arm64 /Users/ngawangchime/Desktop/Developer\ Projects/Phone\ in\ the\ Other\ Room/PhoneInTheOtherRoomApp/ViewModels/FocusRunViewModel+SharedHabits.swift (in target 'PhoneInTheOtherRoom' from project 'PhoneInTheOtherRoom')
    cd /Users/ngawangchime/Desktop/Developer\ Projects/Phone\ in\ the\ Other\ Room


SwiftCompile normal arm64 /Users/ngawangchime/Desktop/Developer\ Projects/Phone\ in\ the\ Other\ Room/PhoneInTheOtherRoomApp/ViewModels/FocusRunViewModel+WindDownHabit.swift (in target 'PhoneInTheOtherRoom' from project 'PhoneInTheOtherRoom')
    cd /Users/ngawangchime/Desktop/Developer\ Projects/Phone\ in\ the\ Other\ Room


SwiftCompile normal arm64 /Users/ngawangchime/Desktop/Developer\ Projects/Phone\ in\ the\ Other\ Room/PhoneInTheOtherRoomApp/Proximity/FocusSessionCoordinator+Placement.swift (in target 'PhoneInTheOtherRoom' from project 'PhoneInTheOtherRoom')
    cd /Users/ngawangchime/Desktop/Developer\ Projects/Phone\ in\ the\ Other\ Room


SwiftCompile normal arm64 /Users/ngawangchime/Desktop/Developer\ Projects/Phone\ in\ the\ Other\ Room/PhoneInTheOtherRoomApp/Proximity/FocusSessionCoordinator.swift (in target 'PhoneInTheOtherRoom' from project 'PhoneInTheOtherRoom')
    cd /Users/ngawangchime/Desktop/Developer\ Projects/Phone\ in\ the\ Other\ Room


SwiftCompile normal arm64 /Users/ngawangchime/Desktop/Developer\ Projects/Phone\ in\ the\ Other\ Room/Shared/FocusSessionStartResult.swift (in target 'PhoneInTheOtherRoom' from project 'PhoneInTheOtherRoom')
    cd /Users/ngawangchime/Desktop/Developer\ Projects/Phone\ in\ the\ Other\ Room


SwiftCompile normal arm64 /Users/ngawangchime/Desktop/Developer\ Projects/Phone\ in\ the\ Other\ Room/Shared/HomeReceiptRouting.swift (in target 'PhoneInTheOtherRoom' from project 'PhoneInTheOtherRoom')
    cd /Users/ngawangchime/Desktop/Developer\ Projects/Phone\ in\ the\ Other\ Room


SwiftCompile normal arm64 /Users/ngawangchime/Desktop/Developer\ Projects/Phone\ in\ the\ Other\ Room/Shared/HomeStartRouting.swift (in target 'PhoneInTheOtherRoom' from project 'PhoneInTheOtherRoom')
    cd /Users/ngawangchime/Desktop/Developer\ Projects/Phone\ in\ the\ Other\ Room


SwiftCompile normal arm64 /Users/ngawangchime/Desktop/Developer\ Projects/Phone\ in\ the\ Other\ Room/PhoneInTheOtherRoomApp/Views/HomeView.swift (in target 'PhoneInTheOtherRoom' from project 'PhoneInTheOtherRoom')
    cd /Users/ngawangchime/Desktop/Developer\ Projects/Phone\ in\ the\ Other\ Room


SwiftCompile normal arm64 /Users/ngawangchime/Desktop/Developer\ Projects/Phone\ in\ the\ Other\ Room/Shared/ImpactMeasurement.swift (in target 'PhoneInTheOtherRoom' from project 'PhoneInTheOtherRoom')
    cd /Users/ngawangchime/Desktop/Developer\ Projects/Phone\ in\ the\ Other\ Room


SwiftCompile normal arm64 /Users/ngawangchime/Desktop/Developer\ Projects/Phone\ in\ the\ Other\ Room/Shared/IndependentMorningSettlement.swift (in target 'PhoneInTheOtherRoom' from project 'PhoneInTheOtherRoom')
    cd /Users/ngawangchime/Desktop/Developer\ Projects/Phone\ in\ the\ Other\ Room


SwiftDriverJobDiscovery normal arm64 Compiling NightFlockViewModel+V4.swift, NightJourneyProgress.swift, NightWatch.swift, NightWatchHistory.swift, NightWatchUsageMonitoringService.swift, NightsHistorySummary.swift, NotificationPlanning.swift, OllieModels.swift, OnboardingJourney.swift (in target 'PhoneInTheOtherRoom' from project 'PhoneInTheOtherRoom')

SwiftCompile normal arm64 Compiling\ FarmBackupViewModel.swift,\ FarmSharedComponents.swift,\ FarmShopView.swift,\ FocusRunLiveActivity.swift,\ FocusRunLiveActivityService.swift,\ FocusRunRules.swift,\ FocusRunViewModel+Farm.swift,\ FocusRunViewModel+FarmBackup.swift,\ FocusRunViewModel+PersonalShield.swift,\ FocusRunViewModel+Personalisation.swift /Users/ngawangchime/Desktop/Developer\ Projects/Phone\ in\ the\ Other\ Room/PhoneInTheOtherRoomApp/ViewModels/FarmBackupViewModel.swift /Users/ngawangchime/Desktop/Developer\ Projects/Phone\ in\ the\ Other\ Room/PhoneInTheOtherRoomApp/Views/Components/FarmSharedComponents.swift /Users/ngawangchime/Desktop/Developer\ Projects/Phone\ in\ the\ Other\ Room/PhoneInTheOtherRoomApp/Views/FarmShopView.swift /Users/ngawangchime/Desktop/Developer\ Projects/Phone\ in\ the\ Other\ Room/Shared/FocusRunLiveActivity.swift /Users/ngawangchime/Desktop/Developer\ Projects/Phone\ in\ the\ Other\ Room/PhoneInTheOtherRoomApp/Services/FocusRunLiveActivityService.swift /Users/ngawangchime/Desktop/Developer\ Projects/Phone\ in\ the\ Other\ Room/Shared/FocusRunRules.swift /Users/ngawangchime/Desktop/Developer\ Projects/Phone\ in\ the\ Other\ Room/PhoneInTheOtherRoomApp/ViewModels/FocusRunViewModel+Farm.swift /Users/ngawangchime/Desktop/Developer\ Projects/Phone\ in\ the\ Other\ Room/PhoneInTheOtherRoomApp/ViewModels/FocusRunViewModel+FarmBackup.swift /Users/ngawangchime/Desktop/Developer\ Projects/Phone\ in\ the\ Other\ Room/PhoneInTheOtherRoomApp/ViewModels/FocusRunViewModel+PersonalShield.swift /Users/ngawangchime/Desktop/Developer\ Projects/Phone\ in\ the\ Other\ Room/PhoneInTheOtherRoomApp/ViewModels/FocusRunViewModel+Personalisation.swift (in target 'PhoneInTheOtherRoom' from project 'PhoneInTheOtherRoom')

SwiftCompile normal arm64 /Users/ngawangchime/Desktop/Developer\ Projects/Phone\ in\ the\ Other\ Room/PhoneInTheOtherRoomApp/ViewModels/FarmBackupViewModel.swift (in target 'PhoneInTheOtherRoom' from project 'PhoneInTheOtherRoom')
    cd /Users/ngawangchime/Desktop/Developer\ Projects/Phone\ in\ the\ Other\ Room


SwiftCompile normal arm64 /Users/ngawangchime/Desktop/Developer\ Projects/Phone\ in\ the\ Other\ Room/PhoneInTheOtherRoomApp/Views/Components/FarmSharedComponents.swift (in target 'PhoneInTheOtherRoom' from project 'PhoneInTheOtherRoom')
    cd /Users/ngawangchime/Desktop/Developer\ Projects/Phone\ in\ the\ Other\ Room


SwiftCompile normal arm64 /Users/ngawangchime/Desktop/Developer\ Projects/Phone\ in\ the\ Other\ Room/PhoneInTheOtherRoomApp/Views/FarmShopView.swift (in target 'PhoneInTheOtherRoom' from project 'PhoneInTheOtherRoom')
    cd /Users/ngawangchime/Desktop/Developer\ Projects/Phone\ in\ the\ Other\ Room


SwiftCompile normal arm64 /Users/ngawangchime/Desktop/Developer\ Projects/Phone\ in\ the\ Other\ Room/Shared/FocusRunLiveActivity.swift (in target 'PhoneInTheOtherRoom' from project 'PhoneInTheOtherRoom')
    cd /Users/ngawangchime/Desktop/Developer\ Projects/Phone\ in\ the\ Other\ Room


SwiftCompile normal arm64 /Users/ngawangchime/Desktop/Developer\ Projects/Phone\ in\ the\ Other\ Room/PhoneInTheOtherRoomApp/Services/FocusRunLiveActivityService.swift (in target 'PhoneInTheOtherRoom' from project 'PhoneInTheOtherRoom')
    cd /Users/ngawangchime/Desktop/Developer\ Projects/Phone\ in\ the\ Other\ Room


SwiftCompile normal arm64 /Users/ngawangchime/Desktop/Developer\ Projects/Phone\ in\ the\ Other\ Room/Shared/FocusRunRules.swift (in target 'PhoneInTheOtherRoom' from project 'PhoneInTheOtherRoom')
    cd /Users/ngawangchime/Desktop/Developer\ Projects/Phone\ in\ the\ Other\ Room


SwiftCompile normal arm64 /Users/ngawangchime/Desktop/Developer\ Projects/Phone\ in\ the\ Other\ Room/PhoneInTheOtherRoomApp/ViewModels/FocusRunViewModel+Farm.swift (in target 'PhoneInTheOtherRoom' from project 'PhoneInTheOtherRoom')
    cd /Users/ngawangchime/Desktop/Developer\ Projects/Phone\ in\ the\ Other\ Room


SwiftCompile normal arm64 /Users/ngawangchime/Desktop/Developer\ Projects/Phone\ in\ the\ Other\ Room/PhoneInTheOtherRoomApp/ViewModels/FocusRunViewModel+FarmBackup.swift (in target 'PhoneInTheOtherRoom' from project 'PhoneInTheOtherRoom')
    cd /Users/ngawangchime/Desktop/Developer\ Projects/Phone\ in\ the\ Other\ Room


SwiftCompile normal arm64 /Users/ngawangchime/Desktop/Developer\ Projects/Phone\ in\ the\ Other\ Room/PhoneInTheOtherRoomApp/ViewModels/FocusRunViewModel+PersonalShield.swift (in target 'PhoneInTheOtherRoom' from project 'PhoneInTheOtherRoom')
    cd /Users/ngawangchime/Desktop/Developer\ Projects/Phone\ in\ the\ Other\ Room


SwiftCompile normal arm64 /Users/ngawangchime/Desktop/Developer\ Projects/Phone\ in\ the\ Other\ Room/PhoneInTheOtherRoomApp/ViewModels/FocusRunViewModel+Personalisation.swift (in target 'PhoneInTheOtherRoom' from project 'PhoneInTheOtherRoom')
    cd /Users/ngawangchime/Desktop/Developer\ Projects/Phone\ in\ the\ Other\ Room


SwiftDriverJobDiscovery normal x86_64 Compiling OllieDetailView.swift, OllieDressedSprite.swift, OllieRitualView.swift, OllieWardrobePreview.swift, OnboardingAccountStepView.swift, OnboardingComponents.swift, OnboardingFlowView.swift, OnboardingPersonalizationView.swift, OnboardingProfileStepView.swift, OnboardingProtectionStepView.swift, OnboardingQuietStepView.swift, OnboardingReadyStepView.swift, OnboardingRecommendationStepView.swift, OnboardingScheduleStepView.swift, OnboardingWelcomeStepView.swift (in target 'PhoneInTheOtherRoom' from project 'PhoneInTheOtherRoom')

SwiftCompile normal arm64 Compiling\ AccountScreenbookView.swift /Users/ngawangchime/Desktop/Developer\ Projects/Phone\ in\ the\ Other\ Room/PhoneInTheOtherRoomApp/Screenbook/AccountScreenbookView.swift (in target 'PhoneInTheOtherRoom' from project 'PhoneInTheOtherRoom')

SwiftCompile normal arm64 /Users/ngawangchime/Desktop/Developer\ Projects/Phone\ in\ the\ Other\ Room/PhoneInTheOtherRoomApp/Screenbook/AccountScreenbookView.swift (in target 'PhoneInTheOtherRoom' from project 'PhoneInTheOtherRoom')
    cd /Users/ngawangchime/Desktop/Developer\ Projects/Phone\ in\ the\ Other\ Room


SwiftDriverJobDiscovery normal arm64 Compiling FarmBackupViewModel.swift, FarmSharedComponents.swift, FarmShopView.swift, FocusRunLiveActivity.swift, FocusRunLiveActivityService.swift, FocusRunRules.swift, FocusRunViewModel+Farm.swift, FocusRunViewModel+FarmBackup.swift, FocusRunViewModel+PersonalShield.swift, FocusRunViewModel+Personalisation.swift (in target 'PhoneInTheOtherRoom' from project 'PhoneInTheOtherRoom')

SwiftCompile normal arm64 Compiling\ ActiveRunPresentation.swift,\ AutomaticWindDownSchedulingDecision.swift,\ BarnView.swift,\ Campfire.swift,\ CampfireStartChoices.swift,\ CampfireStudyView.swift,\ CampfireVisibilityStore.swift,\ CumulativeFarmCredit.swift,\ EarlyEndView.swift,\ FarmBackupPayload.swift /Users/ngawangchime/Desktop/Developer\ Projects/Phone\ in\ the\ Other\ Room/Shared/ActiveRunPresentation.swift /Users/ngawangchime/Desktop/Developer\ Projects/Phone\ in\ the\ Other\ Room/Shared/AutomaticWindDownSchedulingDecision.swift /Users/ngawangchime/Desktop/Developer\ Projects/Phone\ in\ the\ Other\ Room/PhoneInTheOtherRoomApp/Views/BarnView.swift /Users/ngawangchime/Desktop/Developer\ Projects/Phone\ in\ the\ Other\ Room/Shared/Campfire.swift /Users/ngawangchime/Desktop/Developer\ Projects/Phone\ in\ the\ Other\ Room/PhoneInTheOtherRoomApp/Views/Components/CampfireStartChoices.swift /Users/ngawangchime/Desktop/Developer\ Projects/Phone\ in\ the\ Other\ Room/PhoneInTheOtherRoomApp/Views/Prototypes/SocialExperienceStudy/CampfireStudyView.swift /Users/ngawangchime/Desktop/Developer\ Projects/Phone\ in\ the\ Other\ Room/PhoneInTheOtherRoomApp/Services/CampfireVisibilityStore.swift /Users/ngawangchime/Desktop/Developer\ Projects/Phone\ in\ the\ Other\ Room/Shared/CumulativeFarmCredit.swift /Users/ngawangchime/Desktop/Developer\ Projects/Phone\ in\ the\ Other\ Room/PhoneInTheOtherRoomApp/Views/EarlyEndView.swift /Users/ngawangchime/Desktop/Developer\ Projects/Phone\ in\ the\ Other\ Room/Shared/FarmBackupPayload.swift (in target 'PhoneInTheOtherRoom' from project 'PhoneInTheOtherRoom')

SwiftCompile normal arm64 /Users/ngawangchime/Desktop/Developer\ Projects/Phone\ in\ the\ Other\ Room/Shared/ActiveRunPresentation.swift (in target 'PhoneInTheOtherRoom' from project 'PhoneInTheOtherRoom')
    cd /Users/ngawangchime/Desktop/Developer\ Projects/Phone\ in\ the\ Other\ Room


SwiftCompile normal arm64 /Users/ngawangchime/Desktop/Developer\ Projects/Phone\ in\ the\ Other\ Room/Shared/AutomaticWindDownSchedulingDecision.swift (in target 'PhoneInTheOtherRoom' from project 'PhoneInTheOtherRoom')
    cd /Users/ngawangchime/Desktop/Developer\ Projects/Phone\ in\ the\ Other\ Room


SwiftCompile normal arm64 /Users/ngawangchime/Desktop/Developer\ Projects/Phone\ in\ the\ Other\ Room/PhoneInTheOtherRoomApp/Views/BarnView.swift (in target 'PhoneInTheOtherRoom' from project 'PhoneInTheOtherRoom')
    cd /Users/ngawangchime/Desktop/Developer\ Projects/Phone\ in\ the\ Other\ Room

/Users/ngawangchime/Desktop/Developer Projects/Phone in the Other Room/PhoneInTheOtherRoomApp/Views/BarnView.swift:309:13: warning: initialization of immutable value 'remaining' was never used; consider replacing with assignment to '_' or removing it
        let remaining = FarmEconomyRules.remainingRegrowthNights(for: sheep, protectedNightCount: protectedNights)
        ~~~~^~~~~~~~~
        _
/Users/ngawangchime/Desktop/Developer Projects/Phone in the Other Room/PhoneInTheOtherRoomApp/Views/BarnView.swift:337:29: warning: initialization of immutable value 'remaining' was never used; consider replacing with assignment to '_' or removing it
                        let remaining = FarmEconomyRules.remainingRegrowthNights(
                        ~~~~^~~~~~~~~
                        _

SwiftCompile normal arm64 /Users/ngawangchime/Desktop/Developer\ Projects/Phone\ in\ the\ Other\ Room/Shared/Campfire.swift (in target 'PhoneInTheOtherRoom' from project 'PhoneInTheOtherRoom')
    cd /Users/ngawangchime/Desktop/Developer\ Projects/Phone\ in\ the\ Other\ Room

/Users/ngawangchime/Desktop/Developer Projects/Phone in the Other Room/Shared/Campfire.swift:164:9: warning: default will never be executed
        default: return nil
        ^

SwiftCompile normal arm64 /Users/ngawangchime/Desktop/Developer\ Projects/Phone\ in\ the\ Other\ Room/PhoneInTheOtherRoomApp/Views/Components/CampfireStartChoices.swift (in target 'PhoneInTheOtherRoom' from project 'PhoneInTheOtherRoom')
    cd /Users/ngawangchime/Desktop/Developer\ Projects/Phone\ in\ the\ Other\ Room


SwiftCompile normal arm64 /Users/ngawangchime/Desktop/Developer\ Projects/Phone\ in\ the\ Other\ Room/PhoneInTheOtherRoomApp/Views/Prototypes/SocialExperienceStudy/CampfireStudyView.swift (in target 'PhoneInTheOtherRoom' from project 'PhoneInTheOtherRoom')
    cd /Users/ngawangchime/Desktop/Developer\ Projects/Phone\ in\ the\ Other\ Room


SwiftCompile normal arm64 /Users/ngawangchime/Desktop/Developer\ Projects/Phone\ in\ the\ Other\ Room/PhoneInTheOtherRoomApp/Services/CampfireVisibilityStore.swift (in target 'PhoneInTheOtherRoom' from project 'PhoneInTheOtherRoom')
    cd /Users/ngawangchime/Desktop/Developer\ Projects/Phone\ in\ the\ Other\ Room


SwiftCompile normal arm64 /Users/ngawangchime/Desktop/Developer\ Projects/Phone\ in\ the\ Other\ Room/Shared/CumulativeFarmCredit.swift (in target 'PhoneInTheOtherRoom' from project 'PhoneInTheOtherRoom')
    cd /Users/ngawangchime/Desktop/Developer\ Projects/Phone\ in\ the\ Other\ Room


SwiftCompile normal arm64 /Users/ngawangchime/Desktop/Developer\ Projects/Phone\ in\ the\ Other\ Room/PhoneInTheOtherRoomApp/Views/EarlyEndView.swift (in target 'PhoneInTheOtherRoom' from project 'PhoneInTheOtherRoom')
    cd /Users/ngawangchime/Desktop/Developer\ Projects/Phone\ in\ the\ Other\ Room


SwiftCompile normal arm64 /Users/ngawangchime/Desktop/Developer\ Projects/Phone\ in\ the\ Other\ Room/Shared/FarmBackupPayload.swift (in target 'PhoneInTheOtherRoom' from project 'PhoneInTheOtherRoom')
    cd /Users/ngawangchime/Desktop/Developer\ Projects/Phone\ in\ the\ Other\ Room


SwiftDriverJobDiscovery normal arm64 Compiling AccountScreenbookView.swift (in target 'PhoneInTheOtherRoom' from project 'PhoneInTheOtherRoom')

SwiftCompile normal x86_64 Compiling\ NightFlockDashboard.swift,\ NightFlockHomeCard.swift,\ NightFlockHubView.swift,\ NightFlockIdeasView.swift,\ NightFlockMemberBoardView.swift,\ NightFlockOrientationView.swift,\ NightFlockPreviews.swift,\ NightFlockQADiagnosticsView.swift /Users/ngawangchime/Desktop/Developer\ Projects/Phone\ in\ the\ Other\ Room/PhoneInTheOtherRoomApp/Views/NightFlock/NightFlockDashboard.swift /Users/ngawangchime/Desktop/Developer\ Projects/Phone\ in\ the\ Other\ Room/PhoneInTheOtherRoomApp/Views/NightFlock/NightFlockHomeCard.swift /Users/ngawangchime/Desktop/Developer\ Projects/Phone\ in\ the\ Other\ Room/PhoneInTheOtherRoomApp/Views/NightFlock/NightFlockHubView.swift /Users/ngawangchime/Desktop/Developer\ Projects/Phone\ in\ the\ Other\ Room/PhoneInTheOtherRoomApp/Views/NightFlock/NightFlockIdeasView.swift /Users/ngawangchime/Desktop/Developer\ Projects/Phone\ in\ the\ Other\ Room/PhoneInTheOtherRoomApp/Views/NightFlock/NightFlockMemberBoardView.swift /Users/ngawangchime/Desktop/Developer\ Projects/Phone\ in\ the\ Other\ Room/PhoneInTheOtherRoomApp/Views/NightFlock/NightFlockOrientationView.swift /Users/ngawangchime/Desktop/Developer\ Projects/Phone\ in\ the\ Other\ Room/PhoneInTheOtherRoomApp/Views/NightFlock/NightFlockPreviews.swift /Users/ngawangchime/Desktop/Developer\ Projects/Phone\ in\ the\ Other\ Room/PhoneInTheOtherRoomApp/Views/NightFlock/NightFlockQADiagnosticsView.swift (in target 'PhoneInTheOtherRoom' from project 'PhoneInTheOtherRoom')
SwiftCompile normal x86_64 /Users/ngawangchime/Desktop/Developer\ Projects/Phone\ in\ the\ Other\ Room/PhoneInTheOtherRoomApp/Views/NightFlock/NightFlockDashboard.swift (in target 'PhoneInTheOtherRoom' from project 'PhoneInTheOtherRoom')
    cd /Users/ngawangchime/Desktop/Developer\ Projects/Phone\ in\ the\ Other\ Room


SwiftCompile normal x86_64 /Users/ngawangchime/Desktop/Developer\ Projects/Phone\ in\ the\ Other\ Room/PhoneInTheOtherRoomApp/Views/NightFlock/NightFlockHomeCard.swift (in target 'PhoneInTheOtherRoom' from project 'PhoneInTheOtherRoom')
    cd /Users/ngawangchime/Desktop/Developer\ Projects/Phone\ in\ the\ Other\ Room


SwiftCompile normal x86_64 /Users/ngawangchime/Desktop/Developer\ Projects/Phone\ in\ the\ Other\ Room/PhoneInTheOtherRoomApp/Views/NightFlock/NightFlockHubView.swift (in target 'PhoneInTheOtherRoom' from project 'PhoneInTheOtherRoom')
    cd /Users/ngawangchime/Desktop/Developer\ Projects/Phone\ in\ the\ Other\ Room


SwiftCompile normal x86_64 /Users/ngawangchime/Desktop/Developer\ Projects/Phone\ in\ the\ Other\ Room/PhoneInTheOtherRoomApp/Views/NightFlock/NightFlockIdeasView.swift (in target 'PhoneInTheOtherRoom' from project 'PhoneInTheOtherRoom')
    cd /Users/ngawangchime/Desktop/Developer\ Projects/Phone\ in\ the\ Other\ Room


SwiftCompile normal x86_64 /Users/ngawangchime/Desktop/Developer\ Projects/Phone\ in\ the\ Other\ Room/PhoneInTheOtherRoomApp/Views/NightFlock/NightFlockMemberBoardView.swift (in target 'PhoneInTheOtherRoom' from project 'PhoneInTheOtherRoom')
    cd /Users/ngawangchime/Desktop/Developer\ Projects/Phone\ in\ the\ Other\ Room


SwiftCompile normal x86_64 /Users/ngawangchime/Desktop/Developer\ Projects/Phone\ in\ the\ Other\ Room/PhoneInTheOtherRoomApp/Views/NightFlock/NightFlockOrientationView.swift (in target 'PhoneInTheOtherRoom' from project 'PhoneInTheOtherRoom')
    cd /Users/ngawangchime/Desktop/Developer\ Projects/Phone\ in\ the\ Other\ Room


SwiftCompile normal x86_64 /Users/ngawangchime/Desktop/Developer\ Projects/Phone\ in\ the\ Other\ Room/PhoneInTheOtherRoomApp/Views/NightFlock/NightFlockPreviews.swift (in target 'PhoneInTheOtherRoom' from project 'PhoneInTheOtherRoom')
    cd /Users/ngawangchime/Desktop/Developer\ Projects/Phone\ in\ the\ Other\ Room


SwiftCompile normal x86_64 /Users/ngawangchime/Desktop/Developer\ Projects/Phone\ in\ the\ Other\ Room/PhoneInTheOtherRoomApp/Views/NightFlock/NightFlockQADiagnosticsView.swift (in target 'PhoneInTheOtherRoom' from project 'PhoneInTheOtherRoom')
    cd /Users/ngawangchime/Desktop/Developer\ Projects/Phone\ in\ the\ Other\ Room


SwiftDriverJobDiscovery normal arm64 Compiling ActiveRunPresentation.swift, AutomaticWindDownSchedulingDecision.swift, BarnView.swift, Campfire.swift, CampfireStartChoices.swift, CampfireStudyView.swift, CampfireVisibilityStore.swift, CumulativeFarmCredit.swift, EarlyEndView.swift, FarmBackupPayload.swift (in target 'PhoneInTheOtherRoom' from project 'PhoneInTheOtherRoom')

SwiftCompile normal x86_64 Compiling\ ScreenbookRootView.swift,\ SettingsDetailViews.swift,\ SettingsHelpGuideView.swift,\ SharedFarmHomeLine.swift,\ SheepSearchExplainerView.swift,\ ShepherdArtStudyView.swift,\ ShepherdCustomizationView.swift,\ ShepherdNameCard.swift,\ SlumberPartyHomeSection.swift,\ SocialExperienceStudyRoot.swift,\ TrailBoardView.swift,\ TrailNotesArchiveView.swift,\ UpcomingQuietTimesCard.swift,\ WindDownGuidanceDetailView.swift /Users/ngawangchime/Desktop/Developer\ Projects/Phone\ in\ the\ Other\ Room/PhoneInTheOtherRoomApp/Screenbook/ScreenbookRootView.swift /Users/ngawangchime/Desktop/Developer\ Projects/Phone\ in\ the\ Other\ Room/PhoneInTheOtherRoomApp/Views/SettingsDetailViews.swift /Users/ngawangchime/Desktop/Developer\ Projects/Phone\ in\ the\ Other\ Room/PhoneInTheOtherRoomApp/Views/SettingsHelpGuideView.swift /Users/ngawangchime/Desktop/Developer\ Projects/Phone\ in\ the\ Other\ Room/PhoneInTheOtherRoomApp/Views/Components/SharedFarmHomeLine.swift /Users/ngawangchime/Desktop/Developer\ Projects/Phone\ in\ the\ Other\ Room/PhoneInTheOtherRoomApp/Views/SheepSearchExplainerView.swift /Users/ngawangchime/Desktop/Developer\ Projects/Phone\ in\ the\ Other\ Room/PhoneInTheOtherRoomApp/Views/ShepherdArtStudy/ShepherdArtStudyView.swift /Users/ngawangchime/Desktop/Developer\ Projects/Phone\ in\ the\ Other\ Room/PhoneInTheOtherRoomApp/Views/ShepherdCustomizationView.swift /Users/ngawangchime/Desktop/Developer\ Projects/Phone\ in\ the\ Other\ Room/PhoneInTheOtherRoomApp/Views/ShepherdNameCard.swift /Users/ngawangchime/Desktop/Developer\ Projects/Phone\ in\ the\ Other\ Room/PhoneInTheOtherRoomApp/Views/Components/SlumberPartyHomeSection.swift /Users/ngawangchime/Desktop/Developer\ Projects/Phone\ in\ the\ Other\ Room/PhoneInTheOtherRoomApp/Views/Prototypes/SocialExperienceStudy/SocialExperienceStudyRoot.swift /Users/ngawangchime/Desktop/Developer\ Projects/Phone\ in\ the\ Other\ Room/PhoneInTheOtherRoomApp/Views/TrailBoardView.swift /Users/ngawangchime/Desktop/Developer\ Projects/Phone\ in\ the\ Other\ Room/PhoneInTheOtherRoomApp/Views/TrailNotesArchiveView.swift /Users/ngawangchime/Desktop/Developer\ Projects/Phone\ in\ the\ Other\ Room/PhoneInTheOtherRoomApp/Views/Components/UpcomingQuietTimesCard.swift /Users/ngawangchime/Desktop/Developer\ Projects/Phone\ in\ the\ Other\ Room/PhoneInTheOtherRoomApp/Views/Components/WindDownGuidanceDetailView.swift (in target 'PhoneInTheOtherRoom' from project 'PhoneInTheOtherRoom')
SwiftCompile normal x86_64 /Users/ngawangchime/Desktop/Developer\ Projects/Phone\ in\ the\ Other\ Room/PhoneInTheOtherRoomApp/Screenbook/ScreenbookRootView.swift (in target 'PhoneInTheOtherRoom' from project 'PhoneInTheOtherRoom')
    cd /Users/ngawangchime/Desktop/Developer\ Projects/Phone\ in\ the\ Other\ Room


SwiftCompile normal x86_64 /Users/ngawangchime/Desktop/Developer\ Projects/Phone\ in\ the\ Other\ Room/PhoneInTheOtherRoomApp/Views/SettingsDetailViews.swift (in target 'PhoneInTheOtherRoom' from project 'PhoneInTheOtherRoom')
    cd /Users/ngawangchime/Desktop/Developer\ Projects/Phone\ in\ the\ Other\ Room


SwiftCompile normal x86_64 /Users/ngawangchime/Desktop/Developer\ Projects/Phone\ in\ the\ Other\ Room/PhoneInTheOtherRoomApp/Views/SettingsHelpGuideView.swift (in target 'PhoneInTheOtherRoom' from project 'PhoneInTheOtherRoom')
    cd /Users/ngawangchime/Desktop/Developer\ Projects/Phone\ in\ the\ Other\ Room


SwiftCompile normal x86_64 /Users/ngawangchime/Desktop/Developer\ Projects/Phone\ in\ the\ Other\ Room/PhoneInTheOtherRoomApp/Views/Components/SharedFarmHomeLine.swift (in target 'PhoneInTheOtherRoom' from project 'PhoneInTheOtherRoom')
    cd /Users/ngawangchime/Desktop/Developer\ Projects/Phone\ in\ the\ Other\ Room


SwiftCompile normal x86_64 /Users/ngawangchime/Desktop/Developer\ Projects/Phone\ in\ the\ Other\ Room/PhoneInTheOtherRoomApp/Views/SheepSearchExplainerView.swift (in target 'PhoneInTheOtherRoom' from project 'PhoneInTheOtherRoom')
    cd /Users/ngawangchime/Desktop/Developer\ Projects/Phone\ in\ the\ Other\ Room


SwiftCompile normal x86_64 /Users/ngawangchime/Desktop/Developer\ Projects/Phone\ in\ the\ Other\ Room/PhoneInTheOtherRoomApp/Views/ShepherdArtStudy/ShepherdArtStudyView.swift (in target 'PhoneInTheOtherRoom' from project 'PhoneInTheOtherRoom')
    cd /Users/ngawangchime/Desktop/Developer\ Projects/Phone\ in\ the\ Other\ Room


SwiftCompile normal x86_64 /Users/ngawangchime/Desktop/Developer\ Projects/Phone\ in\ the\ Other\ Room/PhoneInTheOtherRoomApp/Views/ShepherdCustomizationView.swift (in target 'PhoneInTheOtherRoom' from project 'PhoneInTheOtherRoom')
    cd /Users/ngawangchime/Desktop/Developer\ Projects/Phone\ in\ the\ Other\ Room


SwiftCompile normal x86_64 /Users/ngawangchime/Desktop/Developer\ Projects/Phone\ in\ the\ Other\ Room/PhoneInTheOtherRoomApp/Views/ShepherdNameCard.swift (in target 'PhoneInTheOtherRoom' from project 'PhoneInTheOtherRoom')
    cd /Users/ngawangchime/Desktop/Developer\ Projects/Phone\ in\ the\ Other\ Room


SwiftCompile normal x86_64 /Users/ngawangchime/Desktop/Developer\ Projects/Phone\ in\ the\ Other\ Room/PhoneInTheOtherRoomApp/Views/Components/SlumberPartyHomeSection.swift (in target 'PhoneInTheOtherRoom' from project 'PhoneInTheOtherRoom')
    cd /Users/ngawangchime/Desktop/Developer\ Projects/Phone\ in\ the\ Other\ Room


SwiftCompile normal x86_64 /Users/ngawangchime/Desktop/Developer\ Projects/Phone\ in\ the\ Other\ Room/PhoneInTheOtherRoomApp/Views/Prototypes/SocialExperienceStudy/SocialExperienceStudyRoot.swift (in target 'PhoneInTheOtherRoom' from project 'PhoneInTheOtherRoom')
    cd /Users/ngawangchime/Desktop/Developer\ Projects/Phone\ in\ the\ Other\ Room


SwiftCompile normal x86_64 /Users/ngawangchime/Desktop/Developer\ Projects/Phone\ in\ the\ Other\ Room/PhoneInTheOtherRoomApp/Views/TrailBoardView.swift (in target 'PhoneInTheOtherRoom' from project 'PhoneInTheOtherRoom')
    cd /Users/ngawangchime/Desktop/Developer\ Projects/Phone\ in\ the\ Other\ Room


SwiftCompile normal x86_64 /Users/ngawangchime/Desktop/Developer\ Projects/Phone\ in\ the\ Other\ Room/PhoneInTheOtherRoomApp/Views/TrailNotesArchiveView.swift (in target 'PhoneInTheOtherRoom' from project 'PhoneInTheOtherRoom')
    cd /Users/ngawangchime/Desktop/Developer\ Projects/Phone\ in\ the\ Other\ Room


SwiftCompile normal x86_64 /Users/ngawangchime/Desktop/Developer\ Projects/Phone\ in\ the\ Other\ Room/PhoneInTheOtherRoomApp/Views/Components/UpcomingQuietTimesCard.swift (in target 'PhoneInTheOtherRoom' from project 'PhoneInTheOtherRoom')
    cd /Users/ngawangchime/Desktop/Developer\ Projects/Phone\ in\ the\ Other\ Room


SwiftCompile normal x86_64 /Users/ngawangchime/Desktop/Developer\ Projects/Phone\ in\ the\ Other\ Room/PhoneInTheOtherRoomApp/Views/Components/WindDownGuidanceDetailView.swift (in target 'PhoneInTheOtherRoom' from project 'PhoneInTheOtherRoom')
    cd /Users/ngawangchime/Desktop/Developer\ Projects/Phone\ in\ the\ Other\ Room


SwiftDriverJobDiscovery normal arm64 Compiling FocusRunViewModel+SharedHabits.swift, FocusRunViewModel+WindDownHabit.swift, FocusSessionCoordinator+Placement.swift, FocusSessionCoordinator.swift, FocusSessionStartResult.swift, HomeReceiptRouting.swift, HomeStartRouting.swift, HomeView.swift, ImpactMeasurement.swift, IndependentMorningSettlement.swift (in target 'PhoneInTheOtherRoom' from project 'PhoneInTheOtherRoom')

SwiftCompile normal arm64 Compiling\ SlumberPartyHomeStudySheets.swift,\ SocialStudyComponents.swift,\ WatchConnectivityManager.swift,\ WatchMessage.swift,\ WatchPhysicalQAFixture.swift,\ WelcomeReward.swift,\ WindDownGuidance.swift,\ WindDownHabit.swift,\ WindDownScheduling.swift /Users/ngawangchime/Desktop/Developer\ Projects/Phone\ in\ the\ Other\ Room/PhoneInTheOtherRoomApp/Views/Prototypes/SocialExperienceStudy/SlumberPartyHomeStudySheets.swift /Users/ngawangchime/Desktop/Developer\ Projects/Phone\ in\ the\ Other\ Room/PhoneInTheOtherRoomApp/Views/Prototypes/SocialExperienceStudy/SocialStudyComponents.swift /Users/ngawangchime/Desktop/Developer\ Projects/Phone\ in\ the\ Other\ Room/PhoneInTheOtherRoomApp/Services/WatchConnectivityManager.swift /Users/ngawangchime/Desktop/Developer\ Projects/Phone\ in\ the\ Other\ Room/Shared/WatchMessage.swift /Users/ngawangchime/Desktop/Developer\ Projects/Phone\ in\ the\ Other\ Room/PhoneInTheOtherRoomApp/Debug/WatchPhysicalQAFixture.swift /Users/ngawangchime/Desktop/Developer\ Projects/Phone\ in\ the\ Other\ Room/Shared/WelcomeReward.swift /Users/ngawangchime/Desktop/Developer\ Projects/Phone\ in\ the\ Other\ Room/Shared/WindDownGuidance.swift /Users/ngawangchime/Desktop/Developer\ Projects/Phone\ in\ the\ Other\ Room/Shared/WindDownHabit.swift /Users/ngawangchime/Desktop/Developer\ Projects/Phone\ in\ the\ Other\ Room/Shared/WindDownScheduling.swift (in target 'PhoneInTheOtherRoom' from project 'PhoneInTheOtherRoom')

SwiftCompile normal arm64 /Users/ngawangchime/Desktop/Developer\ Projects/Phone\ in\ the\ Other\ Room/PhoneInTheOtherRoomApp/Views/Prototypes/SocialExperienceStudy/SlumberPartyHomeStudySheets.swift (in target 'PhoneInTheOtherRoom' from project 'PhoneInTheOtherRoom')
    cd /Users/ngawangchime/Desktop/Developer\ Projects/Phone\ in\ the\ Other\ Room


SwiftCompile normal arm64 /Users/ngawangchime/Desktop/Developer\ Projects/Phone\ in\ the\ Other\ Room/PhoneInTheOtherRoomApp/Views/Prototypes/SocialExperienceStudy/SocialStudyComponents.swift (in target 'PhoneInTheOtherRoom' from project 'PhoneInTheOtherRoom')
    cd /Users/ngawangchime/Desktop/Developer\ Projects/Phone\ in\ the\ Other\ Room


SwiftCompile normal arm64 /Users/ngawangchime/Desktop/Developer\ Projects/Phone\ in\ the\ Other\ Room/PhoneInTheOtherRoomApp/Services/WatchConnectivityManager.swift (in target 'PhoneInTheOtherRoom' from project 'PhoneInTheOtherRoom')
    cd /Users/ngawangchime/Desktop/Developer\ Projects/Phone\ in\ the\ Other\ Room


SwiftCompile normal arm64 /Users/ngawangchime/Desktop/Developer\ Projects/Phone\ in\ the\ Other\ Room/Shared/WatchMessage.swift (in target 'PhoneInTheOtherRoom' from project 'PhoneInTheOtherRoom')
    cd /Users/ngawangchime/Desktop/Developer\ Projects/Phone\ in\ the\ Other\ Room


SwiftCompile normal arm64 /Users/ngawangchime/Desktop/Developer\ Projects/Phone\ in\ the\ Other\ Room/PhoneInTheOtherRoomApp/Debug/WatchPhysicalQAFixture.swift (in target 'PhoneInTheOtherRoom' from project 'PhoneInTheOtherRoom')
    cd /Users/ngawangchime/Desktop/Developer\ Projects/Phone\ in\ the\ Other\ Room

/Users/ngawangchime/Desktop/Developer Projects/Phone in the Other Room/PhoneInTheOtherRoomApp/Debug/WatchPhysicalQAFixture.swift:49:25: warning: result of call to 'start(configuration:focusAccepted:startedAt:autoConfirmPlacement:appShieldingRequested:liveActivityRequested:replacesAutomaticSchedule:runID:)' is unused
            coordinator.start(
                        ^    ~

SwiftCompile normal arm64 /Users/ngawangchime/Desktop/Developer\ Projects/Phone\ in\ the\ Other\ Room/Shared/WelcomeReward.swift (in target 'PhoneInTheOtherRoom' from project 'PhoneInTheOtherRoom')
    cd /Users/ngawangchime/Desktop/Developer\ Projects/Phone\ in\ the\ Other\ Room


SwiftCompile normal arm64 /Users/ngawangchime/Desktop/Developer\ Projects/Phone\ in\ the\ Other\ Room/Shared/WindDownGuidance.swift (in target 'PhoneInTheOtherRoom' from project 'PhoneInTheOtherRoom')
    cd /Users/ngawangchime/Desktop/Developer\ Projects/Phone\ in\ the\ Other\ Room


SwiftCompile normal arm64 /Users/ngawangchime/Desktop/Developer\ Projects/Phone\ in\ the\ Other\ Room/Shared/WindDownHabit.swift (in target 'PhoneInTheOtherRoom' from project 'PhoneInTheOtherRoom')
    cd /Users/ngawangchime/Desktop/Developer\ Projects/Phone\ in\ the\ Other\ Room


SwiftCompile normal arm64 /Users/ngawangchime/Desktop/Developer\ Projects/Phone\ in\ the\ Other\ Room/Shared/WindDownScheduling.swift (in target 'PhoneInTheOtherRoom' from project 'PhoneInTheOtherRoom')
    cd /Users/ngawangchime/Desktop/Developer\ Projects/Phone\ in\ the\ Other\ Room


SwiftDriverJobDiscovery normal x86_64 Compiling NightFlockDashboard.swift, NightFlockHomeCard.swift, NightFlockHubView.swift, NightFlockIdeasView.swift, NightFlockMemberBoardView.swift, NightFlockOrientationView.swift, NightFlockPreviews.swift, NightFlockQADiagnosticsView.swift (in target 'PhoneInTheOtherRoom' from project 'PhoneInTheOtherRoom')

SwiftCompile normal x86_64 Compiling\ WindDownGuidanceLibraryView.swift,\ WindDownGuidanceSourcesView.swift,\ WindDownGuidanceTopicView.swift,\ WindDownGuideCard.swift,\ WindDownHabitHomeCard.swift,\ WindDownHabitReflectionCard.swift,\ WindDownHabitSupportEditor.swift,\ WindDownPhaseProgressView.swift,\ WindDownRoutineSequenceCard.swift,\ WindDownSchedulePreviews.swift,\ WindDownScheduleView.swift,\ WindDownStartSheet.swift,\ WindDownTagManagementCard.swift,\ WindDownTimingView.swift /Users/ngawangchime/Desktop/Developer\ Projects/Phone\ in\ the\ Other\ Room/PhoneInTheOtherRoomApp/Views/Components/WindDownGuidanceLibraryView.swift /Users/ngawangchime/Desktop/Developer\ Projects/Phone\ in\ the\ Other\ Room/PhoneInTheOtherRoomApp/Views/Components/WindDownGuidanceSourcesView.swift /Users/ngawangchime/Desktop/Developer\ Projects/Phone\ in\ the\ Other\ Room/PhoneInTheOtherRoomApp/Views/Components/WindDownGuidanceTopicView.swift /Users/ngawangchime/Desktop/Developer\ Projects/Phone\ in\ the\ Other\ Room/PhoneInTheOtherRoomApp/Views/Components/WindDownGuideCard.swift /Users/ngawangchime/Desktop/Developer\ Projects/Phone\ in\ the\ Other\ Room/PhoneInTheOtherRoomApp/Views/Components/WindDownHabitHomeCard.swift /Users/ngawangchime/Desktop/Developer\ Projects/Phone\ in\ the\ Other\ Room/PhoneInTheOtherRoomApp/Views/Components/WindDownHabitReflectionCard.swift /Users/ngawangchime/Desktop/Developer\ Projects/Phone\ in\ the\ Other\ Room/PhoneInTheOtherRoomApp/Views/Components/WindDownHabitSupportEditor.swift /Users/ngawangchime/Desktop/Developer\ Projects/Phone\ in\ the\ Other\ Room/PhoneInTheOtherRoomApp/Views/Components/WindDownPhaseProgressView.swift /Users/ngawangchime/Desktop/Developer\ Projects/Phone\ in\ the\ Other\ Room/PhoneInTheOtherRoomApp/Views/Components/WindDownRoutineSequenceCard.swift /Users/ngawangchime/Desktop/Developer\ Projects/Phone\ in\ the\ Other\ Room/PhoneInTheOtherRoomApp/Views/WindDownSchedulePreviews.swift /Users/ngawangchime/Desktop/Developer\ Projects/Phone\ in\ the\ Other\ Room/PhoneInTheOtherRoomApp/Views/WindDownScheduleView.swift /Users/ngawangchime/Desktop/Developer\ Projects/Phone\ in\ the\ Other\ Room/PhoneInTheOtherRoomApp/Views/Components/WindDownStartSheet.swift /Users/ngawangchime/Desktop/Developer\ Projects/Phone\ in\ the\ Other\ Room/PhoneInTheOtherRoomApp/Views/Components/WindDownTagManagementCard.swift /Users/ngawangchime/Desktop/Developer\ Projects/Phone\ in\ the\ Other\ Room/PhoneInTheOtherRoomApp/Views/WindDownTimingView.swift (in target 'PhoneInTheOtherRoom' from project 'PhoneInTheOtherRoom')
SwiftCompile normal x86_64 /Users/ngawangchime/Desktop/Developer\ Projects/Phone\ in\ the\ Other\ Room/PhoneInTheOtherRoomApp/Views/Components/WindDownGuidanceLibraryView.swift (in target 'PhoneInTheOtherRoom' from project 'PhoneInTheOtherRoom')
    cd /Users/ngawangchime/Desktop/Developer\ Projects/Phone\ in\ the\ Other\ Room


SwiftCompile normal x86_64 /Users/ngawangchime/Desktop/Developer\ Projects/Phone\ in\ the\ Other\ Room/PhoneInTheOtherRoomApp/Views/Components/WindDownGuidanceSourcesView.swift (in target 'PhoneInTheOtherRoom' from project 'PhoneInTheOtherRoom')
    cd /Users/ngawangchime/Desktop/Developer\ Projects/Phone\ in\ the\ Other\ Room


SwiftCompile normal x86_64 /Users/ngawangchime/Desktop/Developer\ Projects/Phone\ in\ the\ Other\ Room/PhoneInTheOtherRoomApp/Views/Components/WindDownGuidanceTopicView.swift (in target 'PhoneInTheOtherRoom' from project 'PhoneInTheOtherRoom')
    cd /Users/ngawangchime/Desktop/Developer\ Projects/Phone\ in\ the\ Other\ Room


SwiftCompile normal x86_64 /Users/ngawangchime/Desktop/Developer\ Projects/Phone\ in\ the\ Other\ Room/PhoneInTheOtherRoomApp/Views/Components/WindDownGuideCard.swift (in target 'PhoneInTheOtherRoom' from project 'PhoneInTheOtherRoom')
    cd /Users/ngawangchime/Desktop/Developer\ Projects/Phone\ in\ the\ Other\ Room


SwiftCompile normal x86_64 /Users/ngawangchime/Desktop/Developer\ Projects/Phone\ in\ the\ Other\ Room/PhoneInTheOtherRoomApp/Views/Components/WindDownHabitHomeCard.swift (in target 'PhoneInTheOtherRoom' from project 'PhoneInTheOtherRoom')
    cd /Users/ngawangchime/Desktop/Developer\ Projects/Phone\ in\ the\ Other\ Room


SwiftCompile normal x86_64 /Users/ngawangchime/Desktop/Developer\ Projects/Phone\ in\ the\ Other\ Room/PhoneInTheOtherRoomApp/Views/Components/WindDownHabitReflectionCard.swift (in target 'PhoneInTheOtherRoom' from project 'PhoneInTheOtherRoom')
    cd /Users/ngawangchime/Desktop/Developer\ Projects/Phone\ in\ the\ Other\ Room


SwiftCompile normal x86_64 /Users/ngawangchime/Desktop/Developer\ Projects/Phone\ in\ the\ Other\ Room/PhoneInTheOtherRoomApp/Views/Components/WindDownHabitSupportEditor.swift (in target 'PhoneInTheOtherRoom' from project 'PhoneInTheOtherRoom')
    cd /Users/ngawangchime/Desktop/Developer\ Projects/Phone\ in\ the\ Other\ Room


SwiftCompile normal x86_64 /Users/ngawangchime/Desktop/Developer\ Projects/Phone\ in\ the\ Other\ Room/PhoneInTheOtherRoomApp/Views/Components/WindDownPhaseProgressView.swift (in target 'PhoneInTheOtherRoom' from project 'PhoneInTheOtherRoom')
    cd /Users/ngawangchime/Desktop/Developer\ Projects/Phone\ in\ the\ Other\ Room


SwiftCompile normal x86_64 /Users/ngawangchime/Desktop/Developer\ Projects/Phone\ in\ the\ Other\ Room/PhoneInTheOtherRoomApp/Views/Components/WindDownRoutineSequenceCard.swift (in target 'PhoneInTheOtherRoom' from project 'PhoneInTheOtherRoom')
    cd /Users/ngawangchime/Desktop/Developer\ Projects/Phone\ in\ the\ Other\ Room


SwiftCompile normal x86_64 /Users/ngawangchime/Desktop/Developer\ Projects/Phone\ in\ the\ Other\ Room/PhoneInTheOtherRoomApp/Views/WindDownSchedulePreviews.swift (in target 'PhoneInTheOtherRoom' from project 'PhoneInTheOtherRoom')
    cd /Users/ngawangchime/Desktop/Developer\ Projects/Phone\ in\ the\ Other\ Room


SwiftCompile normal x86_64 /Users/ngawangchime/Desktop/Developer\ Projects/Phone\ in\ the\ Other\ Room/PhoneInTheOtherRoomApp/Views/WindDownScheduleView.swift (in target 'PhoneInTheOtherRoom' from project 'PhoneInTheOtherRoom')
    cd /Users/ngawangchime/Desktop/Developer\ Projects/Phone\ in\ the\ Other\ Room


SwiftCompile normal x86_64 /Users/ngawangchime/Desktop/Developer\ Projects/Phone\ in\ the\ Other\ Room/PhoneInTheOtherRoomApp/Views/Components/WindDownStartSheet.swift (in target 'PhoneInTheOtherRoom' from project 'PhoneInTheOtherRoom')
    cd /Users/ngawangchime/Desktop/Developer\ Projects/Phone\ in\ the\ Other\ Room


SwiftCompile normal x86_64 /Users/ngawangchime/Desktop/Developer\ Projects/Phone\ in\ the\ Other\ Room/PhoneInTheOtherRoomApp/Views/Components/WindDownTagManagementCard.swift (in target 'PhoneInTheOtherRoom' from project 'PhoneInTheOtherRoom')
    cd /Users/ngawangchime/Desktop/Developer\ Projects/Phone\ in\ the\ Other\ Room


SwiftCompile normal x86_64 /Users/ngawangchime/Desktop/Developer\ Projects/Phone\ in\ the\ Other\ Room/PhoneInTheOtherRoomApp/Views/WindDownTimingView.swift (in target 'PhoneInTheOtherRoom' from project 'PhoneInTheOtherRoom')
    cd /Users/ngawangchime/Desktop/Developer\ Projects/Phone\ in\ the\ Other\ Room


SwiftDriverJobDiscovery normal arm64 Compiling SlumberPartyHomeStudySheets.swift, SocialStudyComponents.swift, WatchConnectivityManager.swift, WatchMessage.swift, WatchPhysicalQAFixture.swift, WelcomeReward.swift, WindDownGuidance.swift, WindDownHabit.swift, WindDownScheduling.swift (in target 'PhoneInTheOtherRoom' from project 'PhoneInTheOtherRoom')

SwiftCompile normal arm64 Compiling\ RitualReflectionInvitation.swift,\ ScreenFreeMorningPresentation.swift,\ ScreenbookFixtures.swift,\ ScreenbookHabitLoopProbe.swift,\ ScreenbookPersonalShieldProbe.swift,\ ScreenbookRecoveryProbe.swift,\ SessionGuard.swift,\ ShopWardrobeNativeQA.swift,\ SlumberPartyHomeSection.swift /Users/ngawangchime/Desktop/Developer\ Projects/Phone\ in\ the\ Other\ Room/PhoneInTheOtherRoomApp/Views/Components/RitualReflectionInvitation.swift /Users/ngawangchime/Desktop/Developer\ Projects/Phone\ in\ the\ Other\ Room/Shared/ScreenFreeMorningPresentation.swift /Users/ngawangchime/Desktop/Developer\ Projects/Phone\ in\ the\ Other\ Room/PhoneInTheOtherRoomApp/Screenbook/ScreenbookFixtures.swift /Users/ngawangchime/Desktop/Developer\ Projects/Phone\ in\ the\ Other\ Room/PhoneInTheOtherRoomApp/Screenbook/ScreenbookHabitLoopProbe.swift /Users/ngawangchime/Desktop/Developer\ Projects/Phone\ in\ the\ Other\ Room/PhoneInTheOtherRoomApp/Screenbook/ScreenbookPersonalShieldProbe.swift /Users/ngawangchime/Desktop/Developer\ Projects/Phone\ in\ the\ Other\ Room/PhoneInTheOtherRoomApp/Screenbook/ScreenbookRecoveryProbe.swift /Users/ngawangchime/Desktop/Developer\ Projects/Phone\ in\ the\ Other\ Room/Shared/SessionGuard.swift /Users/ngawangchime/Desktop/Developer\ Projects/Phone\ in\ the\ Other\ Room/PhoneInTheOtherRoomApp/Views/ShopWardrobeNativeQA.swift /Users/ngawangchime/Desktop/Developer\ Projects/Phone\ in\ the\ Other\ Room/PhoneInTheOtherRoomApp/Views/Components/SlumberPartyHomeSection.swift (in target 'PhoneInTheOtherRoom' from project 'PhoneInTheOtherRoom')

SwiftCompile normal arm64 /Users/ngawangchime/Desktop/Developer\ Projects/Phone\ in\ the\ Other\ Room/PhoneInTheOtherRoomApp/Views/Components/RitualReflectionInvitation.swift (in target 'PhoneInTheOtherRoom' from project 'PhoneInTheOtherRoom')
    cd /Users/ngawangchime/Desktop/Developer\ Projects/Phone\ in\ the\ Other\ Room


SwiftCompile normal arm64 /Users/ngawangchime/Desktop/Developer\ Projects/Phone\ in\ the\ Other\ Room/Shared/ScreenFreeMorningPresentation.swift (in target 'PhoneInTheOtherRoom' from project 'PhoneInTheOtherRoom')
    cd /Users/ngawangchime/Desktop/Developer\ Projects/Phone\ in\ the\ Other\ Room


SwiftCompile normal arm64 /Users/ngawangchime/Desktop/Developer\ Projects/Phone\ in\ the\ Other\ Room/PhoneInTheOtherRoomApp/Screenbook/ScreenbookFixtures.swift (in target 'PhoneInTheOtherRoom' from project 'PhoneInTheOtherRoom')
    cd /Users/ngawangchime/Desktop/Developer\ Projects/Phone\ in\ the\ Other\ Room


SwiftCompile normal arm64 /Users/ngawangchime/Desktop/Developer\ Projects/Phone\ in\ the\ Other\ Room/PhoneInTheOtherRoomApp/Screenbook/ScreenbookHabitLoopProbe.swift (in target 'PhoneInTheOtherRoom' from project 'PhoneInTheOtherRoom')
    cd /Users/ngawangchime/Desktop/Developer\ Projects/Phone\ in\ the\ Other\ Room


SwiftCompile normal arm64 /Users/ngawangchime/Desktop/Developer\ Projects/Phone\ in\ the\ Other\ Room/PhoneInTheOtherRoomApp/Screenbook/ScreenbookPersonalShieldProbe.swift (in target 'PhoneInTheOtherRoom' from project 'PhoneInTheOtherRoom')
    cd /Users/ngawangchime/Desktop/Developer\ Projects/Phone\ in\ the\ Other\ Room


SwiftCompile normal arm64 /Users/ngawangchime/Desktop/Developer\ Projects/Phone\ in\ the\ Other\ Room/PhoneInTheOtherRoomApp/Screenbook/ScreenbookRecoveryProbe.swift (in target 'PhoneInTheOtherRoom' from project 'PhoneInTheOtherRoom')
    cd /Users/ngawangchime/Desktop/Developer\ Projects/Phone\ in\ the\ Other\ Room


SwiftCompile normal arm64 /Users/ngawangchime/Desktop/Developer\ Projects/Phone\ in\ the\ Other\ Room/Shared/SessionGuard.swift (in target 'PhoneInTheOtherRoom' from project 'PhoneInTheOtherRoom')
    cd /Users/ngawangchime/Desktop/Developer\ Projects/Phone\ in\ the\ Other\ Room


SwiftCompile normal arm64 /Users/ngawangchime/Desktop/Developer\ Projects/Phone\ in\ the\ Other\ Room/PhoneInTheOtherRoomApp/Views/ShopWardrobeNativeQA.swift (in target 'PhoneInTheOtherRoom' from project 'PhoneInTheOtherRoom')
    cd /Users/ngawangchime/Desktop/Developer\ Projects/Phone\ in\ the\ Other\ Room


SwiftCompile normal arm64 /Users/ngawangchime/Desktop/Developer\ Projects/Phone\ in\ the\ Other\ Room/PhoneInTheOtherRoomApp/Views/Components/SlumberPartyHomeSection.swift (in target 'PhoneInTheOtherRoom' from project 'PhoneInTheOtherRoom')
    cd /Users/ngawangchime/Desktop/Developer\ Projects/Phone\ in\ the\ Other\ Room


SwiftDriverJobDiscovery normal x86_64 Compiling ScreenbookRootView.swift, SettingsDetailViews.swift, SettingsHelpGuideView.swift, SharedFarmHomeLine.swift, SheepSearchExplainerView.swift, ShepherdArtStudyView.swift, ShepherdCustomizationView.swift, ShepherdNameCard.swift, SlumberPartyHomeSection.swift, SocialExperienceStudyRoot.swift, TrailBoardView.swift, TrailNotesArchiveView.swift, UpcomingQuietTimesCard.swift, WindDownGuidanceDetailView.swift (in target 'PhoneInTheOtherRoom' from project 'PhoneInTheOtherRoom')

SwiftCompile normal x86_64 Compiling\ CampfireSceneView.swift,\ CampfireShepherdView.swift,\ CampfireViews.swift,\ CampfireVisibility.swift,\ CampfireVisibilityView.swift,\ FarmPastureView.swift,\ FocusRunViewModel+Campfire.swift,\ FocusRunViewModel.swift /Users/ngawangchime/Desktop/Developer\ Projects/Phone\ in\ the\ Other\ Room/PhoneInTheOtherRoomApp/Views/NightFlock/CampfireSceneView.swift /Users/ngawangchime/Desktop/Developer\ Projects/Phone\ in\ the\ Other\ Room/PhoneInTheOtherRoomApp/Views/NightFlock/CampfireShepherdView.swift /Users/ngawangchime/Desktop/Developer\ Projects/Phone\ in\ the\ Other\ Room/PhoneInTheOtherRoomApp/Views/NightFlock/CampfireViews.swift /Users/ngawangchime/Desktop/Developer\ Projects/Phone\ in\ the\ Other\ Room/Shared/CampfireVisibility.swift /Users/ngawangchime/Desktop/Developer\ Projects/Phone\ in\ the\ Other\ Room/PhoneInTheOtherRoomApp/Views/NightFlock/CampfireVisibilityView.swift /Users/ngawangchime/Desktop/Developer\ Projects/Phone\ in\ the\ Other\ Room/PhoneInTheOtherRoomApp/Views/FarmPastureView.swift /Users/ngawangchime/Desktop/Developer\ Projects/Phone\ in\ the\ Other\ Room/PhoneInTheOtherRoomApp/ViewModels/FocusRunViewModel+Campfire.swift /Users/ngawangchime/Desktop/Developer\ Projects/Phone\ in\ the\ Other\ Room/PhoneInTheOtherRoomApp/ViewModels/FocusRunViewModel.swift (in target 'PhoneInTheOtherRoom' from project 'PhoneInTheOtherRoom')
SwiftCompile normal x86_64 /Users/ngawangchime/Desktop/Developer\ Projects/Phone\ in\ the\ Other\ Room/PhoneInTheOtherRoomApp/Views/NightFlock/CampfireSceneView.swift (in target 'PhoneInTheOtherRoom' from project 'PhoneInTheOtherRoom')
    cd /Users/ngawangchime/Desktop/Developer\ Projects/Phone\ in\ the\ Other\ Room


SwiftCompile normal x86_64 /Users/ngawangchime/Desktop/Developer\ Projects/Phone\ in\ the\ Other\ Room/PhoneInTheOtherRoomApp/Views/NightFlock/CampfireShepherdView.swift (in target 'PhoneInTheOtherRoom' from project 'PhoneInTheOtherRoom')
    cd /Users/ngawangchime/Desktop/Developer\ Projects/Phone\ in\ the\ Other\ Room


SwiftCompile normal x86_64 /Users/ngawangchime/Desktop/Developer\ Projects/Phone\ in\ the\ Other\ Room/PhoneInTheOtherRoomApp/Views/NightFlock/CampfireViews.swift (in target 'PhoneInTheOtherRoom' from project 'PhoneInTheOtherRoom')
    cd /Users/ngawangchime/Desktop/Developer\ Projects/Phone\ in\ the\ Other\ Room


SwiftCompile normal x86_64 /Users/ngawangchime/Desktop/Developer\ Projects/Phone\ in\ the\ Other\ Room/Shared/CampfireVisibility.swift (in target 'PhoneInTheOtherRoom' from project 'PhoneInTheOtherRoom')
    cd /Users/ngawangchime/Desktop/Developer\ Projects/Phone\ in\ the\ Other\ Room


SwiftCompile normal x86_64 /Users/ngawangchime/Desktop/Developer\ Projects/Phone\ in\ the\ Other\ Room/PhoneInTheOtherRoomApp/Views/NightFlock/CampfireVisibilityView.swift (in target 'PhoneInTheOtherRoom' from project 'PhoneInTheOtherRoom')
    cd /Users/ngawangchime/Desktop/Developer\ Projects/Phone\ in\ the\ Other\ Room


SwiftCompile normal x86_64 /Users/ngawangchime/Desktop/Developer\ Projects/Phone\ in\ the\ Other\ Room/PhoneInTheOtherRoomApp/Views/FarmPastureView.swift (in target 'PhoneInTheOtherRoom' from project 'PhoneInTheOtherRoom')
    cd /Users/ngawangchime/Desktop/Developer\ Projects/Phone\ in\ the\ Other\ Room


SwiftCompile normal x86_64 /Users/ngawangchime/Desktop/Developer\ Projects/Phone\ in\ the\ Other\ Room/PhoneInTheOtherRoomApp/ViewModels/FocusRunViewModel+Campfire.swift (in target 'PhoneInTheOtherRoom' from project 'PhoneInTheOtherRoom')
    cd /Users/ngawangchime/Desktop/Developer\ Projects/Phone\ in\ the\ Other\ Room


SwiftCompile normal x86_64 /Users/ngawangchime/Desktop/Developer\ Projects/Phone\ in\ the\ Other\ Room/PhoneInTheOtherRoomApp/ViewModels/FocusRunViewModel.swift (in target 'PhoneInTheOtherRoom' from project 'PhoneInTheOtherRoom')
    cd /Users/ngawangchime/Desktop/Developer\ Projects/Phone\ in\ the\ Other\ Room


SwiftDriverJobDiscovery normal arm64 Compiling RitualReflectionInvitation.swift, ScreenFreeMorningPresentation.swift, ScreenbookFixtures.swift, ScreenbookHabitLoopProbe.swift, ScreenbookPersonalShieldProbe.swift, ScreenbookRecoveryProbe.swift, SessionGuard.swift, ShopWardrobeNativeQA.swift, SlumberPartyHomeSection.swift (in target 'PhoneInTheOtherRoom' from project 'PhoneInTheOtherRoom')

SwiftCompile normal x86_64 Compiling\ SlumberPartySharedHabitsConsentDisclosure.swift,\ SlumberPartySharedHabitsSummaryViews.swift,\ SlumberPartySharedHabitsViews.swift,\ SlumberPartySharedMeadowView.swift,\ SlumberPartySocialAvatar.swift,\ SlumberPartyUpdateCheerReceiptsView.swift,\ SlumberPartyV4GroupDetailsView.swift /Users/ngawangchime/Desktop/Developer\ Projects/Phone\ in\ the\ Other\ Room/PhoneInTheOtherRoomApp/Views/NightFlock/SlumberPartySharedHabitsConsentDisclosure.swift /Users/ngawangchime/Desktop/Developer\ Projects/Phone\ in\ the\ Other\ Room/PhoneInTheOtherRoomApp/Views/NightFlock/SlumberPartySharedHabitsSummaryViews.swift /Users/ngawangchime/Desktop/Developer\ Projects/Phone\ in\ the\ Other\ Room/PhoneInTheOtherRoomApp/Views/NightFlock/SlumberPartySharedHabitsViews.swift /Users/ngawangchime/Desktop/Developer\ Projects/Phone\ in\ the\ Other\ Room/PhoneInTheOtherRoomApp/Views/NightFlock/SlumberPartySharedMeadowView.swift /Users/ngawangchime/Desktop/Developer\ Projects/Phone\ in\ the\ Other\ Room/PhoneInTheOtherRoomApp/Views/NightFlock/SlumberPartySocialAvatar.swift /Users/ngawangchime/Desktop/Developer\ Projects/Phone\ in\ the\ Other\ Room/PhoneInTheOtherRoomApp/Views/NightFlock/SlumberPartyUpdateCheerReceiptsView.swift /Users/ngawangchime/Desktop/Developer\ Projects/Phone\ in\ the\ Other\ Room/PhoneInTheOtherRoomApp/Views/NightFlock/SlumberPartyV4GroupDetailsView.swift (in target 'PhoneInTheOtherRoom' from project 'PhoneInTheOtherRoom')

SwiftCompile normal x86_64 /Users/ngawangchime/Desktop/Developer\ Projects/Phone\ in\ the\ Other\ Room/PhoneInTheOtherRoomApp/Views/NightFlock/SlumberPartySharedHabitsConsentDisclosure.swift (in target 'PhoneInTheOtherRoom' from project 'PhoneInTheOtherRoom')
    cd /Users/ngawangchime/Desktop/Developer\ Projects/Phone\ in\ the\ Other\ Room


SwiftCompile normal x86_64 /Users/ngawangchime/Desktop/Developer\ Projects/Phone\ in\ the\ Other\ Room/PhoneInTheOtherRoomApp/Views/NightFlock/SlumberPartySharedHabitsSummaryViews.swift (in target 'PhoneInTheOtherRoom' from project 'PhoneInTheOtherRoom')
    cd /Users/ngawangchime/Desktop/Developer\ Projects/Phone\ in\ the\ Other\ Room


SwiftCompile normal x86_64 /Users/ngawangchime/Desktop/Developer\ Projects/Phone\ in\ the\ Other\ Room/PhoneInTheOtherRoomApp/Views/NightFlock/SlumberPartySharedHabitsViews.swift (in target 'PhoneInTheOtherRoom' from project 'PhoneInTheOtherRoom')
    cd /Users/ngawangchime/Desktop/Developer\ Projects/Phone\ in\ the\ Other\ Room


SwiftCompile normal x86_64 /Users/ngawangchime/Desktop/Developer\ Projects/Phone\ in\ the\ Other\ Room/PhoneInTheOtherRoomApp/Views/NightFlock/SlumberPartySharedMeadowView.swift (in target 'PhoneInTheOtherRoom' from project 'PhoneInTheOtherRoom')
    cd /Users/ngawangchime/Desktop/Developer\ Projects/Phone\ in\ the\ Other\ Room


SwiftCompile normal x86_64 /Users/ngawangchime/Desktop/Developer\ Projects/Phone\ in\ the\ Other\ Room/PhoneInTheOtherRoomApp/Views/NightFlock/SlumberPartySocialAvatar.swift (in target 'PhoneInTheOtherRoom' from project 'PhoneInTheOtherRoom')
    cd /Users/ngawangchime/Desktop/Developer\ Projects/Phone\ in\ the\ Other\ Room


SwiftCompile normal x86_64 /Users/ngawangchime/Desktop/Developer\ Projects/Phone\ in\ the\ Other\ Room/PhoneInTheOtherRoomApp/Views/NightFlock/SlumberPartyUpdateCheerReceiptsView.swift (in target 'PhoneInTheOtherRoom' from project 'PhoneInTheOtherRoom')
    cd /Users/ngawangchime/Desktop/Developer\ Projects/Phone\ in\ the\ Other\ Room


SwiftCompile normal x86_64 /Users/ngawangchime/Desktop/Developer\ Projects/Phone\ in\ the\ Other\ Room/PhoneInTheOtherRoomApp/Views/NightFlock/SlumberPartyV4GroupDetailsView.swift (in target 'PhoneInTheOtherRoom' from project 'PhoneInTheOtherRoom')
    cd /Users/ngawangchime/Desktop/Developer\ Projects/Phone\ in\ the\ Other\ Room


SwiftDriverJobDiscovery normal x86_64 Compiling WindDownGuidanceLibraryView.swift, WindDownGuidanceSourcesView.swift, WindDownGuidanceTopicView.swift, WindDownGuideCard.swift, WindDownHabitHomeCard.swift, WindDownHabitReflectionCard.swift, WindDownHabitSupportEditor.swift, WindDownPhaseProgressView.swift, WindDownRoutineSequenceCard.swift, WindDownSchedulePreviews.swift, WindDownScheduleView.swift, WindDownStartSheet.swift, WindDownTagManagementCard.swift, WindDownTimingView.swift (in target 'PhoneInTheOtherRoom' from project 'PhoneInTheOtherRoom')

SwiftCompile normal arm64 Compiling\ SharedFarmHomeLine.swift,\ SheepSearchExplainerView.swift,\ ShepherdArtStudyView.swift,\ ShepherdCustomizationView.swift,\ ShepherdNameCard.swift,\ SocialExperienceStudyRoot.swift,\ TrailBoardView.swift,\ TrailNotesArchiveView.swift,\ UpcomingQuietTimesCard.swift,\ WindDownGuidanceDetailView.swift,\ WindDownGuidanceLibraryView.swift,\ WindDownGuidanceSourcesView.swift /Users/ngawangchime/Desktop/Developer\ Projects/Phone\ in\ the\ Other\ Room/PhoneInTheOtherRoomApp/Views/Components/SharedFarmHomeLine.swift /Users/ngawangchime/Desktop/Developer\ Projects/Phone\ in\ the\ Other\ Room/PhoneInTheOtherRoomApp/Views/SheepSearchExplainerView.swift /Users/ngawangchime/Desktop/Developer\ Projects/Phone\ in\ the\ Other\ Room/PhoneInTheOtherRoomApp/Views/ShepherdArtStudy/ShepherdArtStudyView.swift /Users/ngawangchime/Desktop/Developer\ Projects/Phone\ in\ the\ Other\ Room/PhoneInTheOtherRoomApp/Views/ShepherdCustomizationView.swift /Users/ngawangchime/Desktop/Developer\ Projects/Phone\ in\ the\ Other\ Room/PhoneInTheOtherRoomApp/Views/ShepherdNameCard.swift /Users/ngawangchime/Desktop/Developer\ Projects/Phone\ in\ the\ Other\ Room/PhoneInTheOtherRoomApp/Views/Prototypes/SocialExperienceStudy/SocialExperienceStudyRoot.swift /Users/ngawangchime/Desktop/Developer\ Projects/Phone\ in\ the\ Other\ Room/PhoneInTheOtherRoomApp/Views/TrailBoardView.swift /Users/ngawangchime/Desktop/Developer\ Projects/Phone\ in\ the\ Other\ Room/PhoneInTheOtherRoomApp/Views/TrailNotesArchiveView.swift /Users/ngawangchime/Desktop/Developer\ Projects/Phone\ in\ the\ Other\ Room/PhoneInTheOtherRoomApp/Views/Components/UpcomingQuietTimesCard.swift /Users/ngawangchime/Desktop/Developer\ Projects/Phone\ in\ the\ Other\ Room/PhoneInTheOtherRoomApp/Views/Components/WindDownGuidanceDetailView.swift /Users/ngawangchime/Desktop/Developer\ Projects/Phone\ in\ the\ Other\ Room/PhoneInTheOtherRoomApp/Views/Components/WindDownGuidanceLibraryView.swift /Users/ngawangchime/Desktop/Developer\ Projects/Phone\ in\ the\ Other\ Room/PhoneInTheOtherRoomApp/Views/Components/WindDownGuidanceSourcesView.swift (in target 'PhoneInTheOtherRoom' from project 'PhoneInTheOtherRoom')

SwiftCompile normal arm64 /Users/ngawangchime/Desktop/Developer\ Projects/Phone\ in\ the\ Other\ Room/PhoneInTheOtherRoomApp/Views/Components/SharedFarmHomeLine.swift (in target 'PhoneInTheOtherRoom' from project 'PhoneInTheOtherRoom')
    cd /Users/ngawangchime/Desktop/Developer\ Projects/Phone\ in\ the\ Other\ Room


SwiftCompile normal arm64 /Users/ngawangchime/Desktop/Developer\ Projects/Phone\ in\ the\ Other\ Room/PhoneInTheOtherRoomApp/Views/SheepSearchExplainerView.swift (in target 'PhoneInTheOtherRoom' from project 'PhoneInTheOtherRoom')
    cd /Users/ngawangchime/Desktop/Developer\ Projects/Phone\ in\ the\ Other\ Room


SwiftCompile normal arm64 /Users/ngawangchime/Desktop/Developer\ Projects/Phone\ in\ the\ Other\ Room/PhoneInTheOtherRoomApp/Views/ShepherdArtStudy/ShepherdArtStudyView.swift (in target 'PhoneInTheOtherRoom' from project 'PhoneInTheOtherRoom')
    cd /Users/ngawangchime/Desktop/Developer\ Projects/Phone\ in\ the\ Other\ Room


SwiftCompile normal arm64 /Users/ngawangchime/Desktop/Developer\ Projects/Phone\ in\ the\ Other\ Room/PhoneInTheOtherRoomApp/Views/ShepherdCustomizationView.swift (in target 'PhoneInTheOtherRoom' from project 'PhoneInTheOtherRoom')
    cd /Users/ngawangchime/Desktop/Developer\ Projects/Phone\ in\ the\ Other\ Room


SwiftCompile normal arm64 /Users/ngawangchime/Desktop/Developer\ Projects/Phone\ in\ the\ Other\ Room/PhoneInTheOtherRoomApp/Views/ShepherdNameCard.swift (in target 'PhoneInTheOtherRoom' from project 'PhoneInTheOtherRoom')
    cd /Users/ngawangchime/Desktop/Developer\ Projects/Phone\ in\ the\ Other\ Room


SwiftCompile normal arm64 /Users/ngawangchime/Desktop/Developer\ Projects/Phone\ in\ the\ Other\ Room/PhoneInTheOtherRoomApp/Views/Prototypes/SocialExperienceStudy/SocialExperienceStudyRoot.swift (in target 'PhoneInTheOtherRoom' from project 'PhoneInTheOtherRoom')
    cd /Users/ngawangchime/Desktop/Developer\ Projects/Phone\ in\ the\ Other\ Room


SwiftCompile normal arm64 /Users/ngawangchime/Desktop/Developer\ Projects/Phone\ in\ the\ Other\ Room/PhoneInTheOtherRoomApp/Views/TrailBoardView.swift (in target 'PhoneInTheOtherRoom' from project 'PhoneInTheOtherRoom')
    cd /Users/ngawangchime/Desktop/Developer\ Projects/Phone\ in\ the\ Other\ Room


SwiftCompile normal arm64 /Users/ngawangchime/Desktop/Developer\ Projects/Phone\ in\ the\ Other\ Room/PhoneInTheOtherRoomApp/Views/TrailNotesArchiveView.swift (in target 'PhoneInTheOtherRoom' from project 'PhoneInTheOtherRoom')
    cd /Users/ngawangchime/Desktop/Developer\ Projects/Phone\ in\ the\ Other\ Room


SwiftCompile normal arm64 /Users/ngawangchime/Desktop/Developer\ Projects/Phone\ in\ the\ Other\ Room/PhoneInTheOtherRoomApp/Views/Components/UpcomingQuietTimesCard.swift (in target 'PhoneInTheOtherRoom' from project 'PhoneInTheOtherRoom')
    cd /Users/ngawangchime/Desktop/Developer\ Projects/Phone\ in\ the\ Other\ Room


SwiftCompile normal arm64 /Users/ngawangchime/Desktop/Developer\ Projects/Phone\ in\ the\ Other\ Room/PhoneInTheOtherRoomApp/Views/Components/WindDownGuidanceDetailView.swift (in target 'PhoneInTheOtherRoom' from project 'PhoneInTheOtherRoom')
    cd /Users/ngawangchime/Desktop/Developer\ Projects/Phone\ in\ the\ Other\ Room


SwiftCompile normal arm64 /Users/ngawangchime/Desktop/Developer\ Projects/Phone\ in\ the\ Other\ Room/PhoneInTheOtherRoomApp/Views/Components/WindDownGuidanceLibraryView.swift (in target 'PhoneInTheOtherRoom' from project 'PhoneInTheOtherRoom')
    cd /Users/ngawangchime/Desktop/Developer\ Projects/Phone\ in\ the\ Other\ Room


SwiftCompile normal arm64 /Users/ngawangchime/Desktop/Developer\ Projects/Phone\ in\ the\ Other\ Room/PhoneInTheOtherRoomApp/Views/Components/WindDownGuidanceSourcesView.swift (in target 'PhoneInTheOtherRoom' from project 'PhoneInTheOtherRoom')
    cd /Users/ngawangchime/Desktop/Developer\ Projects/Phone\ in\ the\ Other\ Room


SwiftDriverJobDiscovery normal x86_64 Compiling SlumberPartySharedHabitsConsentDisclosure.swift, SlumberPartySharedHabitsSummaryViews.swift, SlumberPartySharedHabitsViews.swift, SlumberPartySharedMeadowView.swift, SlumberPartySocialAvatar.swift, SlumberPartyUpdateCheerReceiptsView.swift, SlumberPartyV4GroupDetailsView.swift (in target 'PhoneInTheOtherRoom' from project 'PhoneInTheOtherRoom')

SwiftCompile normal arm64 Compiling\ SlumberPartyV4ListView.swift,\ SlumberPartyV4MemberCard.swift,\ SlumberPartyV4MembershipActivitiesSection.swift,\ SlumberPartyV4PartyDetailView.swift,\ SlumberPartyV4PresentationClock.swift,\ SlumberPartyV4Previews.swift,\ GeneratedAssetSymbols.swift /Users/ngawangchime/Desktop/Developer\ Projects/Phone\ in\ the\ Other\ Room/PhoneInTheOtherRoomApp/Views/NightFlock/SlumberPartyV4ListView.swift /Users/ngawangchime/Desktop/Developer\ Projects/Phone\ in\ the\ Other\ Room/PhoneInTheOtherRoomApp/Views/NightFlock/SlumberPartyV4MemberCard.swift /Users/ngawangchime/Desktop/Developer\ Projects/Phone\ in\ the\ Other\ Room/PhoneInTheOtherRoomApp/Views/NightFlock/SlumberPartyV4MembershipActivitiesSection.swift /Users/ngawangchime/Desktop/Developer\ Projects/Phone\ in\ the\ Other\ Room/PhoneInTheOtherRoomApp/Views/NightFlock/SlumberPartyV4PartyDetailView.swift /Users/ngawangchime/Desktop/Developer\ Projects/Phone\ in\ the\ Other\ Room/PhoneInTheOtherRoomApp/Views/NightFlock/SlumberPartyV4PresentationClock.swift /Users/ngawangchime/Desktop/Developer\ Projects/Phone\ in\ the\ Other\ Room/PhoneInTheOtherRoomApp/Views/NightFlock/SlumberPartyV4Previews.swift /tmp/counting-sheep-search-build/Build/Intermediates.noindex/PhoneInTheOtherRoom.build/Debug-iphonesimulator/PhoneInTheOtherRoom.build/DerivedSources/GeneratedAssetSymbols.swift (in target 'PhoneInTheOtherRoom' from project 'PhoneInTheOtherRoom')

SwiftCompile normal arm64 /Users/ngawangchime/Desktop/Developer\ Projects/Phone\ in\ the\ Other\ Room/PhoneInTheOtherRoomApp/Views/NightFlock/SlumberPartyV4ListView.swift (in target 'PhoneInTheOtherRoom' from project 'PhoneInTheOtherRoom')
    cd /Users/ngawangchime/Desktop/Developer\ Projects/Phone\ in\ the\ Other\ Room


SwiftCompile normal arm64 /Users/ngawangchime/Desktop/Developer\ Projects/Phone\ in\ the\ Other\ Room/PhoneInTheOtherRoomApp/Views/NightFlock/SlumberPartyV4MemberCard.swift (in target 'PhoneInTheOtherRoom' from project 'PhoneInTheOtherRoom')
    cd /Users/ngawangchime/Desktop/Developer\ Projects/Phone\ in\ the\ Other\ Room


SwiftCompile normal arm64 /Users/ngawangchime/Desktop/Developer\ Projects/Phone\ in\ the\ Other\ Room/PhoneInTheOtherRoomApp/Views/NightFlock/SlumberPartyV4MembershipActivitiesSection.swift (in target 'PhoneInTheOtherRoom' from project 'PhoneInTheOtherRoom')
    cd /Users/ngawangchime/Desktop/Developer\ Projects/Phone\ in\ the\ Other\ Room


SwiftCompile normal arm64 /Users/ngawangchime/Desktop/Developer\ Projects/Phone\ in\ the\ Other\ Room/PhoneInTheOtherRoomApp/Views/NightFlock/SlumberPartyV4PartyDetailView.swift (in target 'PhoneInTheOtherRoom' from project 'PhoneInTheOtherRoom')
    cd /Users/ngawangchime/Desktop/Developer\ Projects/Phone\ in\ the\ Other\ Room


SwiftCompile normal arm64 /Users/ngawangchime/Desktop/Developer\ Projects/Phone\ in\ the\ Other\ Room/PhoneInTheOtherRoomApp/Views/NightFlock/SlumberPartyV4PresentationClock.swift (in target 'PhoneInTheOtherRoom' from project 'PhoneInTheOtherRoom')
    cd /Users/ngawangchime/Desktop/Developer\ Projects/Phone\ in\ the\ Other\ Room


SwiftCompile normal arm64 /Users/ngawangchime/Desktop/Developer\ Projects/Phone\ in\ the\ Other\ Room/PhoneInTheOtherRoomApp/Views/NightFlock/SlumberPartyV4Previews.swift (in target 'PhoneInTheOtherRoom' from project 'PhoneInTheOtherRoom')
    cd /Users/ngawangchime/Desktop/Developer\ Projects/Phone\ in\ the\ Other\ Room


SwiftCompile normal arm64 /tmp/counting-sheep-search-build/Build/Intermediates.noindex/PhoneInTheOtherRoom.build/Debug-iphonesimulator/PhoneInTheOtherRoom.build/DerivedSources/GeneratedAssetSymbols.swift (in target 'PhoneInTheOtherRoom' from project 'PhoneInTheOtherRoom')
    cd /Users/ngawangchime/Desktop/Developer\ Projects/Phone\ in\ the\ Other\ Room


SwiftDriverJobDiscovery normal arm64 Compiling SharedFarmHomeLine.swift, SheepSearchExplainerView.swift, ShepherdArtStudyView.swift, ShepherdCustomizationView.swift, ShepherdNameCard.swift, SocialExperienceStudyRoot.swift, TrailBoardView.swift, TrailNotesArchiveView.swift, UpcomingQuietTimesCard.swift, WindDownGuidanceDetailView.swift, WindDownGuidanceLibraryView.swift, WindDownGuidanceSourcesView.swift (in target 'PhoneInTheOtherRoom' from project 'PhoneInTheOtherRoom')

SwiftCompile normal x86_64 Compiling\ FarmShopView.swift,\ FocusRunViewModel+PersonalShield.swift /Users/ngawangchime/Desktop/Developer\ Projects/Phone\ in\ the\ Other\ Room/PhoneInTheOtherRoomApp/Views/FarmShopView.swift /Users/ngawangchime/Desktop/Developer\ Projects/Phone\ in\ the\ Other\ Room/PhoneInTheOtherRoomApp/ViewModels/FocusRunViewModel+PersonalShield.swift (in target 'PhoneInTheOtherRoom' from project 'PhoneInTheOtherRoom')

SwiftCompile normal x86_64 /Users/ngawangchime/Desktop/Developer\ Projects/Phone\ in\ the\ Other\ Room/PhoneInTheOtherRoomApp/Views/FarmShopView.swift (in target 'PhoneInTheOtherRoom' from project 'PhoneInTheOtherRoom')
    cd /Users/ngawangchime/Desktop/Developer\ Projects/Phone\ in\ the\ Other\ Room


SwiftCompile normal x86_64 /Users/ngawangchime/Desktop/Developer\ Projects/Phone\ in\ the\ Other\ Room/PhoneInTheOtherRoomApp/ViewModels/FocusRunViewModel+PersonalShield.swift (in target 'PhoneInTheOtherRoom' from project 'PhoneInTheOtherRoom')
    cd /Users/ngawangchime/Desktop/Developer\ Projects/Phone\ in\ the\ Other\ Room


SwiftDriverJobDiscovery normal arm64 Compiling SlumberPartyV4ListView.swift, SlumberPartyV4MemberCard.swift, SlumberPartyV4MembershipActivitiesSection.swift, SlumberPartyV4PartyDetailView.swift, SlumberPartyV4PresentationClock.swift, SlumberPartyV4Previews.swift, GeneratedAssetSymbols.swift (in target 'PhoneInTheOtherRoom' from project 'PhoneInTheOtherRoom')

SwiftCompile normal arm64 Compiling\ NightFlockService.swift,\ NightFlockSharedPastureView.swift,\ NightFlockSharingAccountView.swift,\ NightFlockTipCallout.swift,\ NightFlockViewModel+Campfire.swift,\ NightFlockViewModel+CampfireBuddies.swift,\ NightFlockViewModel+CampfireNotifications.swift,\ NightFlockViewModel+CampfireVisibility.swift /Users/ngawangchime/Desktop/Developer\ Projects/Phone\ in\ the\ Other\ Room/PhoneInTheOtherRoomApp/Services/NightFlockService.swift /Users/ngawangchime/Desktop/Developer\ Projects/Phone\ in\ the\ Other\ Room/PhoneInTheOtherRoomApp/Views/NightFlock/NightFlockSharedPastureView.swift /Users/ngawangchime/Desktop/Developer\ Projects/Phone\ in\ the\ Other\ Room/PhoneInTheOtherRoomApp/Views/NightFlock/NightFlockSharingAccountView.swift /Users/ngawangchime/Desktop/Developer\ Projects/Phone\ in\ the\ Other\ Room/PhoneInTheOtherRoomApp/Views/NightFlock/NightFlockTipCallout.swift /Users/ngawangchime/Desktop/Developer\ Projects/Phone\ in\ the\ Other\ Room/PhoneInTheOtherRoomApp/ViewModels/NightFlockViewModel+Campfire.swift /Users/ngawangchime/Desktop/Developer\ Projects/Phone\ in\ the\ Other\ Room/PhoneInTheOtherRoomApp/ViewModels/NightFlockViewModel+CampfireBuddies.swift /Users/ngawangchime/Desktop/Developer\ Projects/Phone\ in\ the\ Other\ Room/PhoneInTheOtherRoomApp/ViewModels/NightFlockViewModel+CampfireNotifications.swift /Users/ngawangchime/Desktop/Developer\ Projects/Phone\ in\ the\ Other\ Room/PhoneInTheOtherRoomApp/ViewModels/NightFlockViewModel+CampfireVisibility.swift (in target 'PhoneInTheOtherRoom' from project 'PhoneInTheOtherRoom')
SwiftCompile normal arm64 /Users/ngawangchime/Desktop/Developer\ Projects/Phone\ in\ the\ Other\ Room/PhoneInTheOtherRoomApp/Services/NightFlockService.swift (in target 'PhoneInTheOtherRoom' from project 'PhoneInTheOtherRoom')
    cd /Users/ngawangchime/Desktop/Developer\ Projects/Phone\ in\ the\ Other\ Room


SwiftCompile normal arm64 /Users/ngawangchime/Desktop/Developer\ Projects/Phone\ in\ the\ Other\ Room/PhoneInTheOtherRoomApp/Views/NightFlock/NightFlockSharedPastureView.swift (in target 'PhoneInTheOtherRoom' from project 'PhoneInTheOtherRoom')
    cd /Users/ngawangchime/Desktop/Developer\ Projects/Phone\ in\ the\ Other\ Room


SwiftCompile normal arm64 /Users/ngawangchime/Desktop/Developer\ Projects/Phone\ in\ the\ Other\ Room/PhoneInTheOtherRoomApp/Views/NightFlock/NightFlockSharingAccountView.swift (in target 'PhoneInTheOtherRoom' from project 'PhoneInTheOtherRoom')
    cd /Users/ngawangchime/Desktop/Developer\ Projects/Phone\ in\ the\ Other\ Room


SwiftCompile normal arm64 /Users/ngawangchime/Desktop/Developer\ Projects/Phone\ in\ the\ Other\ Room/PhoneInTheOtherRoomApp/Views/NightFlock/NightFlockTipCallout.swift (in target 'PhoneInTheOtherRoom' from project 'PhoneInTheOtherRoom')
    cd /Users/ngawangchime/Desktop/Developer\ Projects/Phone\ in\ the\ Other\ Room


SwiftCompile normal arm64 /Users/ngawangchime/Desktop/Developer\ Projects/Phone\ in\ the\ Other\ Room/PhoneInTheOtherRoomApp/ViewModels/NightFlockViewModel+Campfire.swift (in target 'PhoneInTheOtherRoom' from project 'PhoneInTheOtherRoom')
    cd /Users/ngawangchime/Desktop/Developer\ Projects/Phone\ in\ the\ Other\ Room


SwiftCompile normal arm64 /Users/ngawangchime/Desktop/Developer\ Projects/Phone\ in\ the\ Other\ Room/PhoneInTheOtherRoomApp/ViewModels/NightFlockViewModel+CampfireBuddies.swift (in target 'PhoneInTheOtherRoom' from project 'PhoneInTheOtherRoom')
    cd /Users/ngawangchime/Desktop/Developer\ Projects/Phone\ in\ the\ Other\ Room


SwiftCompile normal arm64 /Users/ngawangchime/Desktop/Developer\ Projects/Phone\ in\ the\ Other\ Room/PhoneInTheOtherRoomApp/ViewModels/NightFlockViewModel+CampfireNotifications.swift (in target 'PhoneInTheOtherRoom' from project 'PhoneInTheOtherRoom')
    cd /Users/ngawangchime/Desktop/Developer\ Projects/Phone\ in\ the\ Other\ Room


SwiftCompile normal arm64 /Users/ngawangchime/Desktop/Developer\ Projects/Phone\ in\ the\ Other\ Room/PhoneInTheOtherRoomApp/ViewModels/NightFlockViewModel+CampfireVisibility.swift (in target 'PhoneInTheOtherRoom' from project 'PhoneInTheOtherRoom')
    cd /Users/ngawangchime/Desktop/Developer\ Projects/Phone\ in\ the\ Other\ Room


SwiftDriverJobDiscovery normal x86_64 Compiling FarmShopView.swift, FocusRunViewModel+PersonalShield.swift (in target 'PhoneInTheOtherRoom' from project 'PhoneInTheOtherRoom')

SwiftCompile normal x86_64 Compiling\ EarlyWakeSheet.swift,\ FarmAccountControlsView.swift,\ FarmBackupView.swift,\ FarmPreviewData.swift,\ FarmSaveNotice.swift,\ FarmShopItemDetailView.swift,\ FarmShopOwnedItemAction.swift,\ FarmShopPresentation.swift,\ FarmShopPreviews.swift,\ FarmView.swift,\ FeedbackFormView.swift,\ FirstRunGuideCards.swift,\ FocusRunSetupView.swift,\ FocusRunViewModel+Farm.swift,\ FocusRunViewModel+FarmBackup.swift /Users/ngawangchime/Desktop/Developer\ Projects/Phone\ in\ the\ Other\ Room/PhoneInTheOtherRoomApp/Views/Components/EarlyWakeSheet.swift /Users/ngawangchime/Desktop/Developer\ Projects/Phone\ in\ the\ Other\ Room/PhoneInTheOtherRoomApp/Views/FarmAccountControlsView.swift /Users/ngawangchime/Desktop/Developer\ Projects/Phone\ in\ the\ Other\ Room/PhoneInTheOtherRoomApp/Views/FarmBackupView.swift /Users/ngawangchime/Desktop/Developer\ Projects/Phone\ in\ the\ Other\ Room/PhoneInTheOtherRoomApp/Views/FarmPreviewData.swift /Users/ngawangchime/Desktop/Developer\ Projects/Phone\ in\ the\ Other\ Room/PhoneInTheOtherRoomApp/Views/Components/FarmSaveNotice.swift /Users/ngawangchime/Desktop/Developer\ Projects/Phone\ in\ the\ Other\ Room/PhoneInTheOtherRoomApp/Views/FarmShopItemDetailView.swift /Users/ngawangchime/Desktop/Developer\ Projects/Phone\ in\ the\ Other\ Room/PhoneInTheOtherRoomApp/Views/FarmShopOwnedItemAction.swift /Users/ngawangchime/Desktop/Developer\ Projects/Phone\ in\ the\ Other\ Room/PhoneInTheOtherRoomApp/Views/FarmShopPresentation.swift /Users/ngawangchime/Desktop/Developer\ Projects/Phone\ in\ the\ Other\ Room/PhoneInTheOtherRoomApp/Views/FarmShopPreviews.swift /Users/ngawangchime/Desktop/Developer\ Projects/Phone\ in\ the\ Other\ Room/PhoneInTheOtherRoomApp/Views/FarmView.swift /Users/ngawangchime/Desktop/Developer\ Projects/Phone\ in\ the\ Other\ Room/PhoneInTheOtherRoomApp/Views/FeedbackFormView.swift /Users/ngawangchime/Desktop/Developer\ Projects/Phone\ in\ the\ Other\ Room/PhoneInTheOtherRoomApp/Views/Components/FirstRunGuideCards.swift /Users/ngawangchime/Desktop/Developer\ Projects/Phone\ in\ the\ Other\ Room/PhoneInTheOtherRoomApp/Views/FocusRunSetupView.swift /Users/ngawangchime/Desktop/Developer\ Projects/Phone\ in\ the\ Other\ Room/PhoneInTheOtherRoomApp/ViewModels/FocusRunViewModel+Farm.swift /Users/ngawangchime/Desktop/Developer\ Projects/Phone\ in\ the\ Other\ Room/PhoneInTheOtherRoomApp/ViewModels/FocusRunViewModel+FarmBackup.swift (in target 'PhoneInTheOtherRoom' from project 'PhoneInTheOtherRoom')
SwiftCompile normal x86_64 /Users/ngawangchime/Desktop/Developer\ Projects/Phone\ in\ the\ Other\ Room/PhoneInTheOtherRoomApp/Views/Components/EarlyWakeSheet.swift (in target 'PhoneInTheOtherRoom' from project 'PhoneInTheOtherRoom')
    cd /Users/ngawangchime/Desktop/Developer\ Projects/Phone\ in\ the\ Other\ Room


SwiftCompile normal x86_64 /Users/ngawangchime/Desktop/Developer\ Projects/Phone\ in\ the\ Other\ Room/PhoneInTheOtherRoomApp/Views/FarmAccountControlsView.swift (in target 'PhoneInTheOtherRoom' from project 'PhoneInTheOtherRoom')
    cd /Users/ngawangchime/Desktop/Developer\ Projects/Phone\ in\ the\ Other\ Room


SwiftCompile normal x86_64 /Users/ngawangchime/Desktop/Developer\ Projects/Phone\ in\ the\ Other\ Room/PhoneInTheOtherRoomApp/Views/FarmBackupView.swift (in target 'PhoneInTheOtherRoom' from project 'PhoneInTheOtherRoom')
    cd /Users/ngawangchime/Desktop/Developer\ Projects/Phone\ in\ the\ Other\ Room


SwiftCompile normal x86_64 /Users/ngawangchime/Desktop/Developer\ Projects/Phone\ in\ the\ Other\ Room/PhoneInTheOtherRoomApp/Views/FarmPreviewData.swift (in target 'PhoneInTheOtherRoom' from project 'PhoneInTheOtherRoom')
    cd /Users/ngawangchime/Desktop/Developer\ Projects/Phone\ in\ the\ Other\ Room


SwiftCompile normal x86_64 /Users/ngawangchime/Desktop/Developer\ Projects/Phone\ in\ the\ Other\ Room/PhoneInTheOtherRoomApp/Views/Components/FarmSaveNotice.swift (in target 'PhoneInTheOtherRoom' from project 'PhoneInTheOtherRoom')
    cd /Users/ngawangchime/Desktop/Developer\ Projects/Phone\ in\ the\ Other\ Room


SwiftCompile normal x86_64 /Users/ngawangchime/Desktop/Developer\ Projects/Phone\ in\ the\ Other\ Room/PhoneInTheOtherRoomApp/Views/FarmShopItemDetailView.swift (in target 'PhoneInTheOtherRoom' from project 'PhoneInTheOtherRoom')
    cd /Users/ngawangchime/Desktop/Developer\ Projects/Phone\ in\ the\ Other\ Room


SwiftCompile normal x86_64 /Users/ngawangchime/Desktop/Developer\ Projects/Phone\ in\ the\ Other\ Room/PhoneInTheOtherRoomApp/Views/FarmShopOwnedItemAction.swift (in target 'PhoneInTheOtherRoom' from project 'PhoneInTheOtherRoom')
    cd /Users/ngawangchime/Desktop/Developer\ Projects/Phone\ in\ the\ Other\ Room


SwiftCompile normal x86_64 /Users/ngawangchime/Desktop/Developer\ Projects/Phone\ in\ the\ Other\ Room/PhoneInTheOtherRoomApp/Views/FarmShopPresentation.swift (in target 'PhoneInTheOtherRoom' from project 'PhoneInTheOtherRoom')
    cd /Users/ngawangchime/Desktop/Developer\ Projects/Phone\ in\ the\ Other\ Room


SwiftCompile normal x86_64 /Users/ngawangchime/Desktop/Developer\ Projects/Phone\ in\ the\ Other\ Room/PhoneInTheOtherRoomApp/Views/FarmShopPreviews.swift (in target 'PhoneInTheOtherRoom' from project 'PhoneInTheOtherRoom')
    cd /Users/ngawangchime/Desktop/Developer\ Projects/Phone\ in\ the\ Other\ Room


SwiftCompile normal x86_64 /Users/ngawangchime/Desktop/Developer\ Projects/Phone\ in\ the\ Other\ Room/PhoneInTheOtherRoomApp/Views/FarmView.swift (in target 'PhoneInTheOtherRoom' from project 'PhoneInTheOtherRoom')
    cd /Users/ngawangchime/Desktop/Developer\ Projects/Phone\ in\ the\ Other\ Room


SwiftCompile normal x86_64 /Users/ngawangchime/Desktop/Developer\ Projects/Phone\ in\ the\ Other\ Room/PhoneInTheOtherRoomApp/Views/FeedbackFormView.swift (in target 'PhoneInTheOtherRoom' from project 'PhoneInTheOtherRoom')
    cd /Users/ngawangchime/Desktop/Developer\ Projects/Phone\ in\ the\ Other\ Room


SwiftCompile normal x86_64 /Users/ngawangchime/Desktop/Developer\ Projects/Phone\ in\ the\ Other\ Room/PhoneInTheOtherRoomApp/Views/Components/FirstRunGuideCards.swift (in target 'PhoneInTheOtherRoom' from project 'PhoneInTheOtherRoom')
    cd /Users/ngawangchime/Desktop/Developer\ Projects/Phone\ in\ the\ Other\ Room


SwiftCompile normal x86_64 /Users/ngawangchime/Desktop/Developer\ Projects/Phone\ in\ the\ Other\ Room/PhoneInTheOtherRoomApp/Views/FocusRunSetupView.swift (in target 'PhoneInTheOtherRoom' from project 'PhoneInTheOtherRoom')
    cd /Users/ngawangchime/Desktop/Developer\ Projects/Phone\ in\ the\ Other\ Room


SwiftCompile normal x86_64 /Users/ngawangchime/Desktop/Developer\ Projects/Phone\ in\ the\ Other\ Room/PhoneInTheOtherRoomApp/ViewModels/FocusRunViewModel+Farm.swift (in target 'PhoneInTheOtherRoom' from project 'PhoneInTheOtherRoom')
    cd /Users/ngawangchime/Desktop/Developer\ Projects/Phone\ in\ the\ Other\ Room


SwiftCompile normal x86_64 /Users/ngawangchime/Desktop/Developer\ Projects/Phone\ in\ the\ Other\ Room/PhoneInTheOtherRoomApp/ViewModels/FocusRunViewModel+FarmBackup.swift (in target 'PhoneInTheOtherRoom' from project 'PhoneInTheOtherRoom')
    cd /Users/ngawangchime/Desktop/Developer\ Projects/Phone\ in\ the\ Other\ Room


SwiftDriverJobDiscovery normal x86_64 Compiling CampfireSceneView.swift, CampfireShepherdView.swift, CampfireViews.swift, CampfireVisibility.swift, CampfireVisibilityView.swift, FarmPastureView.swift, FocusRunViewModel+Campfire.swift, FocusRunViewModel.swift (in target 'PhoneInTheOtherRoom' from project 'PhoneInTheOtherRoom')

SwiftCompile normal x86_64 Compiling\ FocusRunViewModel+WindDownHabit.swift,\ FocusSessionCoordinator+Placement.swift,\ FocusSessionCoordinator.swift,\ FocusSessionStartResult.swift,\ HomeReceiptRouting.swift,\ HomeStartRouting.swift /Users/ngawangchime/Desktop/Developer\ Projects/Phone\ in\ the\ Other\ Room/PhoneInTheOtherRoomApp/ViewModels/FocusRunViewModel+WindDownHabit.swift /Users/ngawangchime/Desktop/Developer\ Projects/Phone\ in\ the\ Other\ Room/PhoneInTheOtherRoomApp/Proximity/FocusSessionCoordinator+Placement.swift /Users/ngawangchime/Desktop/Developer\ Projects/Phone\ in\ the\ Other\ Room/PhoneInTheOtherRoomApp/Proximity/FocusSessionCoordinator.swift /Users/ngawangchime/Desktop/Developer\ Projects/Phone\ in\ the\ Other\ Room/Shared/FocusSessionStartResult.swift /Users/ngawangchime/Desktop/Developer\ Projects/Phone\ in\ the\ Other\ Room/Shared/HomeReceiptRouting.swift /Users/ngawangchime/Desktop/Developer\ Projects/Phone\ in\ the\ Other\ Room/Shared/HomeStartRouting.swift (in target 'PhoneInTheOtherRoom' from project 'PhoneInTheOtherRoom')

SwiftCompile normal x86_64 /Users/ngawangchime/Desktop/Developer\ Projects/Phone\ in\ the\ Other\ Room/PhoneInTheOtherRoomApp/ViewModels/FocusRunViewModel+WindDownHabit.swift (in target 'PhoneInTheOtherRoom' from project 'PhoneInTheOtherRoom')
    cd /Users/ngawangchime/Desktop/Developer\ Projects/Phone\ in\ the\ Other\ Room


SwiftCompile normal x86_64 /Users/ngawangchime/Desktop/Developer\ Projects/Phone\ in\ the\ Other\ Room/PhoneInTheOtherRoomApp/Proximity/FocusSessionCoordinator+Placement.swift (in target 'PhoneInTheOtherRoom' from project 'PhoneInTheOtherRoom')
    cd /Users/ngawangchime/Desktop/Developer\ Projects/Phone\ in\ the\ Other\ Room


SwiftCompile normal x86_64 /Users/ngawangchime/Desktop/Developer\ Projects/Phone\ in\ the\ Other\ Room/PhoneInTheOtherRoomApp/Proximity/FocusSessionCoordinator.swift (in target 'PhoneInTheOtherRoom' from project 'PhoneInTheOtherRoom')
    cd /Users/ngawangchime/Desktop/Developer\ Projects/Phone\ in\ the\ Other\ Room


SwiftCompile normal x86_64 /Users/ngawangchime/Desktop/Developer\ Projects/Phone\ in\ the\ Other\ Room/Shared/FocusSessionStartResult.swift (in target 'PhoneInTheOtherRoom' from project 'PhoneInTheOtherRoom')
    cd /Users/ngawangchime/Desktop/Developer\ Projects/Phone\ in\ the\ Other\ Room


SwiftCompile normal x86_64 /Users/ngawangchime/Desktop/Developer\ Projects/Phone\ in\ the\ Other\ Room/Shared/HomeReceiptRouting.swift (in target 'PhoneInTheOtherRoom' from project 'PhoneInTheOtherRoom')
    cd /Users/ngawangchime/Desktop/Developer\ Projects/Phone\ in\ the\ Other\ Room


SwiftCompile normal x86_64 /Users/ngawangchime/Desktop/Developer\ Projects/Phone\ in\ the\ Other\ Room/Shared/HomeStartRouting.swift (in target 'PhoneInTheOtherRoom' from project 'PhoneInTheOtherRoom')
    cd /Users/ngawangchime/Desktop/Developer\ Projects/Phone\ in\ the\ Other\ Room


SwiftDriverJobDiscovery normal arm64 Compiling NightFlockService.swift, NightFlockSharedPastureView.swift, NightFlockSharingAccountView.swift, NightFlockTipCallout.swift, NightFlockViewModel+Campfire.swift, NightFlockViewModel+CampfireBuddies.swift, NightFlockViewModel+CampfireNotifications.swift, NightFlockViewModel+CampfireVisibility.swift (in target 'PhoneInTheOtherRoom' from project 'PhoneInTheOtherRoom')

SwiftCompile normal x86_64 Compiling\ FarmBackupPayload.swift,\ FarmBackupViewModel.swift,\ FarmSharedComponents.swift,\ FocusRunLiveActivity.swift,\ FocusRunLiveActivityService.swift,\ FocusRunRules.swift /Users/ngawangchime/Desktop/Developer\ Projects/Phone\ in\ the\ Other\ Room/Shared/FarmBackupPayload.swift /Users/ngawangchime/Desktop/Developer\ Projects/Phone\ in\ the\ Other\ Room/PhoneInTheOtherRoomApp/ViewModels/FarmBackupViewModel.swift /Users/ngawangchime/Desktop/Developer\ Projects/Phone\ in\ the\ Other\ Room/PhoneInTheOtherRoomApp/Views/Components/FarmSharedComponents.swift /Users/ngawangchime/Desktop/Developer\ Projects/Phone\ in\ the\ Other\ Room/Shared/FocusRunLiveActivity.swift /Users/ngawangchime/Desktop/Developer\ Projects/Phone\ in\ the\ Other\ Room/PhoneInTheOtherRoomApp/Services/FocusRunLiveActivityService.swift /Users/ngawangchime/Desktop/Developer\ Projects/Phone\ in\ the\ Other\ Room/Shared/FocusRunRules.swift (in target 'PhoneInTheOtherRoom' from project 'PhoneInTheOtherRoom')

SwiftCompile normal x86_64 /Users/ngawangchime/Desktop/Developer\ Projects/Phone\ in\ the\ Other\ Room/Shared/FarmBackupPayload.swift (in target 'PhoneInTheOtherRoom' from project 'PhoneInTheOtherRoom')
    cd /Users/ngawangchime/Desktop/Developer\ Projects/Phone\ in\ the\ Other\ Room


SwiftCompile normal x86_64 /Users/ngawangchime/Desktop/Developer\ Projects/Phone\ in\ the\ Other\ Room/PhoneInTheOtherRoomApp/ViewModels/FarmBackupViewModel.swift (in target 'PhoneInTheOtherRoom' from project 'PhoneInTheOtherRoom')
    cd /Users/ngawangchime/Desktop/Developer\ Projects/Phone\ in\ the\ Other\ Room


SwiftCompile normal x86_64 /Users/ngawangchime/Desktop/Developer\ Projects/Phone\ in\ the\ Other\ Room/PhoneInTheOtherRoomApp/Views/Components/FarmSharedComponents.swift (in target 'PhoneInTheOtherRoom' from project 'PhoneInTheOtherRoom')
    cd /Users/ngawangchime/Desktop/Developer\ Projects/Phone\ in\ the\ Other\ Room


SwiftCompile normal x86_64 /Users/ngawangchime/Desktop/Developer\ Projects/Phone\ in\ the\ Other\ Room/Shared/FocusRunLiveActivity.swift (in target 'PhoneInTheOtherRoom' from project 'PhoneInTheOtherRoom')
    cd /Users/ngawangchime/Desktop/Developer\ Projects/Phone\ in\ the\ Other\ Room


SwiftCompile normal x86_64 /Users/ngawangchime/Desktop/Developer\ Projects/Phone\ in\ the\ Other\ Room/PhoneInTheOtherRoomApp/Services/FocusRunLiveActivityService.swift (in target 'PhoneInTheOtherRoom' from project 'PhoneInTheOtherRoom')
    cd /Users/ngawangchime/Desktop/Developer\ Projects/Phone\ in\ the\ Other\ Room


SwiftCompile normal x86_64 /Users/ngawangchime/Desktop/Developer\ Projects/Phone\ in\ the\ Other\ Room/Shared/FocusRunRules.swift (in target 'PhoneInTheOtherRoom' from project 'PhoneInTheOtherRoom')
    cd /Users/ngawangchime/Desktop/Developer\ Projects/Phone\ in\ the\ Other\ Room


SwiftDriverJobDiscovery normal x86_64 Compiling FocusRunViewModel+WindDownHabit.swift, FocusSessionCoordinator+Placement.swift, FocusSessionCoordinator.swift, FocusSessionStartResult.swift, HomeReceiptRouting.swift, HomeStartRouting.swift (in target 'PhoneInTheOtherRoom' from project 'PhoneInTheOtherRoom')

SwiftCompile normal x86_64 Compiling\ ActiveRunPresentation.swift,\ AutomaticWindDownSchedulingDecision.swift,\ Campfire.swift,\ CampfireStudyView.swift,\ CampfireVisibilityStore.swift,\ CumulativeFarmCredit.swift /Users/ngawangchime/Desktop/Developer\ Projects/Phone\ in\ the\ Other\ Room/Shared/ActiveRunPresentation.swift /Users/ngawangchime/Desktop/Developer\ Projects/Phone\ in\ the\ Other\ Room/Shared/AutomaticWindDownSchedulingDecision.swift /Users/ngawangchime/Desktop/Developer\ Projects/Phone\ in\ the\ Other\ Room/Shared/Campfire.swift /Users/ngawangchime/Desktop/Developer\ Projects/Phone\ in\ the\ Other\ Room/PhoneInTheOtherRoomApp/Views/Prototypes/SocialExperienceStudy/CampfireStudyView.swift /Users/ngawangchime/Desktop/Developer\ Projects/Phone\ in\ the\ Other\ Room/PhoneInTheOtherRoomApp/Services/CampfireVisibilityStore.swift /Users/ngawangchime/Desktop/Developer\ Projects/Phone\ in\ the\ Other\ Room/Shared/CumulativeFarmCredit.swift (in target 'PhoneInTheOtherRoom' from project 'PhoneInTheOtherRoom')

SwiftCompile normal x86_64 /Users/ngawangchime/Desktop/Developer\ Projects/Phone\ in\ the\ Other\ Room/Shared/ActiveRunPresentation.swift (in target 'PhoneInTheOtherRoom' from project 'PhoneInTheOtherRoom')
    cd /Users/ngawangchime/Desktop/Developer\ Projects/Phone\ in\ the\ Other\ Room


SwiftCompile normal x86_64 /Users/ngawangchime/Desktop/Developer\ Projects/Phone\ in\ the\ Other\ Room/Shared/AutomaticWindDownSchedulingDecision.swift (in target 'PhoneInTheOtherRoom' from project 'PhoneInTheOtherRoom')
    cd /Users/ngawangchime/Desktop/Developer\ Projects/Phone\ in\ the\ Other\ Room


SwiftCompile normal x86_64 /Users/ngawangchime/Desktop/Developer\ Projects/Phone\ in\ the\ Other\ Room/Shared/Campfire.swift (in target 'PhoneInTheOtherRoom' from project 'PhoneInTheOtherRoom')
    cd /Users/ngawangchime/Desktop/Developer\ Projects/Phone\ in\ the\ Other\ Room

/Users/ngawangchime/Desktop/Developer Projects/Phone in the Other Room/Shared/Campfire.swift:164:9: warning: default will never be executed
        default: return nil
        ^

SwiftCompile normal x86_64 /Users/ngawangchime/Desktop/Developer\ Projects/Phone\ in\ the\ Other\ Room/PhoneInTheOtherRoomApp/Views/Prototypes/SocialExperienceStudy/CampfireStudyView.swift (in target 'PhoneInTheOtherRoom' from project 'PhoneInTheOtherRoom')
    cd /Users/ngawangchime/Desktop/Developer\ Projects/Phone\ in\ the\ Other\ Room


SwiftCompile normal x86_64 /Users/ngawangchime/Desktop/Developer\ Projects/Phone\ in\ the\ Other\ Room/PhoneInTheOtherRoomApp/Services/CampfireVisibilityStore.swift (in target 'PhoneInTheOtherRoom' from project 'PhoneInTheOtherRoom')
    cd /Users/ngawangchime/Desktop/Developer\ Projects/Phone\ in\ the\ Other\ Room


SwiftCompile normal x86_64 /Users/ngawangchime/Desktop/Developer\ Projects/Phone\ in\ the\ Other\ Room/Shared/CumulativeFarmCredit.swift (in target 'PhoneInTheOtherRoom' from project 'PhoneInTheOtherRoom')
    cd /Users/ngawangchime/Desktop/Developer\ Projects/Phone\ in\ the\ Other\ Room


SwiftDriverJobDiscovery normal x86_64 Compiling FarmBackupPayload.swift, FarmBackupViewModel.swift, FarmSharedComponents.swift, FocusRunLiveActivity.swift, FocusRunLiveActivityService.swift, FocusRunRules.swift (in target 'PhoneInTheOtherRoom' from project 'PhoneInTheOtherRoom')

SwiftCompile normal x86_64 Compiling\ WatchMessage.swift,\ WelcomeReward.swift,\ WindDownGuidance.swift,\ WindDownHabit.swift,\ WindDownScheduling.swift /Users/ngawangchime/Desktop/Developer\ Projects/Phone\ in\ the\ Other\ Room/Shared/WatchMessage.swift /Users/ngawangchime/Desktop/Developer\ Projects/Phone\ in\ the\ Other\ Room/Shared/WelcomeReward.swift /Users/ngawangchime/Desktop/Developer\ Projects/Phone\ in\ the\ Other\ Room/Shared/WindDownGuidance.swift /Users/ngawangchime/Desktop/Developer\ Projects/Phone\ in\ the\ Other\ Room/Shared/WindDownHabit.swift /Users/ngawangchime/Desktop/Developer\ Projects/Phone\ in\ the\ Other\ Room/Shared/WindDownScheduling.swift (in target 'PhoneInTheOtherRoom' from project 'PhoneInTheOtherRoom')
SwiftCompile normal x86_64 /Users/ngawangchime/Desktop/Developer\ Projects/Phone\ in\ the\ Other\ Room/Shared/WatchMessage.swift (in target 'PhoneInTheOtherRoom' from project 'PhoneInTheOtherRoom')
    cd /Users/ngawangchime/Desktop/Developer\ Projects/Phone\ in\ the\ Other\ Room


SwiftCompile normal x86_64 /Users/ngawangchime/Desktop/Developer\ Projects/Phone\ in\ the\ Other\ Room/Shared/WelcomeReward.swift (in target 'PhoneInTheOtherRoom' from project 'PhoneInTheOtherRoom')
    cd /Users/ngawangchime/Desktop/Developer\ Projects/Phone\ in\ the\ Other\ Room


SwiftCompile normal x86_64 /Users/ngawangchime/Desktop/Developer\ Projects/Phone\ in\ the\ Other\ Room/Shared/WindDownGuidance.swift (in target 'PhoneInTheOtherRoom' from project 'PhoneInTheOtherRoom')
    cd /Users/ngawangchime/Desktop/Developer\ Projects/Phone\ in\ the\ Other\ Room


SwiftCompile normal x86_64 /Users/ngawangchime/Desktop/Developer\ Projects/Phone\ in\ the\ Other\ Room/Shared/WindDownHabit.swift (in target 'PhoneInTheOtherRoom' from project 'PhoneInTheOtherRoom')
    cd /Users/ngawangchime/Desktop/Developer\ Projects/Phone\ in\ the\ Other\ Room


SwiftCompile normal x86_64 /Users/ngawangchime/Desktop/Developer\ Projects/Phone\ in\ the\ Other\ Room/Shared/WindDownScheduling.swift (in target 'PhoneInTheOtherRoom' from project 'PhoneInTheOtherRoom')
    cd /Users/ngawangchime/Desktop/Developer\ Projects/Phone\ in\ the\ Other\ Room


SwiftDriverJobDiscovery normal x86_64 Compiling ActiveRunPresentation.swift, AutomaticWindDownSchedulingDecision.swift, Campfire.swift, CampfireStudyView.swift, CampfireVisibilityStore.swift, CumulativeFarmCredit.swift (in target 'PhoneInTheOtherRoom' from project 'PhoneInTheOtherRoom')

SwiftCompile normal arm64 Compiling\ NightsDayDetailView.swift,\ NightsWeekSection.swift,\ NotificationMessageEditorView.swift,\ NotificationMessageLibraryView.swift,\ NotificationSchedulePreviewView.swift,\ NotificationSettingsView.swift,\ OllieCompanionSpriteRenderer.swift,\ OllieDetailView.swift,\ OllieDressedSprite.swift,\ OllieRitualView.swift,\ OllieWardrobePreview.swift,\ OnboardingAccountStepView.swift /Users/ngawangchime/Desktop/Developer\ Projects/Phone\ in\ the\ Other\ Room/PhoneInTheOtherRoomApp/Views/NightsDayDetailView.swift /Users/ngawangchime/Desktop/Developer\ Projects/Phone\ in\ the\ Other\ Room/PhoneInTheOtherRoomApp/Views/NightsWeekSection.swift /Users/ngawangchime/Desktop/Developer\ Projects/Phone\ in\ the\ Other\ Room/PhoneInTheOtherRoomApp/Views/NotificationMessageEditorView.swift /Users/ngawangchime/Desktop/Developer\ Projects/Phone\ in\ the\ Other\ Room/PhoneInTheOtherRoomApp/Views/NotificationMessageLibraryView.swift /Users/ngawangchime/Desktop/Developer\ Projects/Phone\ in\ the\ Other\ Room/PhoneInTheOtherRoomApp/Views/NotificationSchedulePreviewView.swift /Users/ngawangchime/Desktop/Developer\ Projects/Phone\ in\ the\ Other\ Room/PhoneInTheOtherRoomApp/Views/NotificationSettingsView.swift /Users/ngawangchime/Desktop/Developer\ Projects/Phone\ in\ the\ Other\ Room/PhoneInTheOtherRoomApp/Views/Components/OllieCompanionSpriteRenderer.swift /Users/ngawangchime/Desktop/Developer\ Projects/Phone\ in\ the\ Other\ Room/PhoneInTheOtherRoomApp/Views/OllieDetailView.swift /Users/ngawangchime/Desktop/Developer\ Projects/Phone\ in\ the\ Other\ Room/PhoneInTheOtherRoomApp/Views/Components/OllieDressedSprite.swift /Users/ngawangchime/Desktop/Developer\ Projects/Phone\ in\ the\ Other\ Room/PhoneInTheOtherRoomApp/Views/Components/OllieRitualView.swift /Users/ngawangchime/Desktop/Developer\ Projects/Phone\ in\ the\ Other\ Room/PhoneInTheOtherRoomApp/Views/Components/OllieWardrobePreview.swift /Users/ngawangchime/Desktop/Developer\ Projects/Phone\ in\ the\ Other\ Room/PhoneInTheOtherRoomApp/Views/Onboarding/OnboardingAccountStepView.swift (in target 'PhoneInTheOtherRoom' from project 'PhoneInTheOtherRoom')
SwiftCompile normal arm64 /Users/ngawangchime/Desktop/Developer\ Projects/Phone\ in\ the\ Other\ Room/PhoneInTheOtherRoomApp/Views/NightsDayDetailView.swift (in target 'PhoneInTheOtherRoom' from project 'PhoneInTheOtherRoom')
    cd /Users/ngawangchime/Desktop/Developer\ Projects/Phone\ in\ the\ Other\ Room


SwiftCompile normal arm64 /Users/ngawangchime/Desktop/Developer\ Projects/Phone\ in\ the\ Other\ Room/PhoneInTheOtherRoomApp/Views/NightsWeekSection.swift (in target 'PhoneInTheOtherRoom' from project 'PhoneInTheOtherRoom')
    cd /Users/ngawangchime/Desktop/Developer\ Projects/Phone\ in\ the\ Other\ Room


SwiftCompile normal arm64 /Users/ngawangchime/Desktop/Developer\ Projects/Phone\ in\ the\ Other\ Room/PhoneInTheOtherRoomApp/Views/NotificationMessageEditorView.swift (in target 'PhoneInTheOtherRoom' from project 'PhoneInTheOtherRoom')
    cd /Users/ngawangchime/Desktop/Developer\ Projects/Phone\ in\ the\ Other\ Room


SwiftCompile normal arm64 /Users/ngawangchime/Desktop/Developer\ Projects/Phone\ in\ the\ Other\ Room/PhoneInTheOtherRoomApp/Views/NotificationMessageLibraryView.swift (in target 'PhoneInTheOtherRoom' from project 'PhoneInTheOtherRoom')
    cd /Users/ngawangchime/Desktop/Developer\ Projects/Phone\ in\ the\ Other\ Room


SwiftCompile normal arm64 /Users/ngawangchime/Desktop/Developer\ Projects/Phone\ in\ the\ Other\ Room/PhoneInTheOtherRoomApp/Views/NotificationSchedulePreviewView.swift (in target 'PhoneInTheOtherRoom' from project 'PhoneInTheOtherRoom')
    cd /Users/ngawangchime/Desktop/Developer\ Projects/Phone\ in\ the\ Other\ Room


SwiftCompile normal arm64 /Users/ngawangchime/Desktop/Developer\ Projects/Phone\ in\ the\ Other\ Room/PhoneInTheOtherRoomApp/Views/NotificationSettingsView.swift (in target 'PhoneInTheOtherRoom' from project 'PhoneInTheOtherRoom')
    cd /Users/ngawangchime/Desktop/Developer\ Projects/Phone\ in\ the\ Other\ Room


SwiftCompile normal arm64 /Users/ngawangchime/Desktop/Developer\ Projects/Phone\ in\ the\ Other\ Room/PhoneInTheOtherRoomApp/Views/Components/OllieCompanionSpriteRenderer.swift (in target 'PhoneInTheOtherRoom' from project 'PhoneInTheOtherRoom')
    cd /Users/ngawangchime/Desktop/Developer\ Projects/Phone\ in\ the\ Other\ Room


SwiftCompile normal arm64 /Users/ngawangchime/Desktop/Developer\ Projects/Phone\ in\ the\ Other\ Room/PhoneInTheOtherRoomApp/Views/OllieDetailView.swift (in target 'PhoneInTheOtherRoom' from project 'PhoneInTheOtherRoom')
    cd /Users/ngawangchime/Desktop/Developer\ Projects/Phone\ in\ the\ Other\ Room


SwiftCompile normal arm64 /Users/ngawangchime/Desktop/Developer\ Projects/Phone\ in\ the\ Other\ Room/PhoneInTheOtherRoomApp/Views/Components/OllieDressedSprite.swift (in target 'PhoneInTheOtherRoom' from project 'PhoneInTheOtherRoom')
    cd /Users/ngawangchime/Desktop/Developer\ Projects/Phone\ in\ the\ Other\ Room


SwiftCompile normal arm64 /Users/ngawangchime/Desktop/Developer\ Projects/Phone\ in\ the\ Other\ Room/PhoneInTheOtherRoomApp/Views/Components/OllieRitualView.swift (in target 'PhoneInTheOtherRoom' from project 'PhoneInTheOtherRoom')
    cd /Users/ngawangchime/Desktop/Developer\ Projects/Phone\ in\ the\ Other\ Room


SwiftCompile normal arm64 /Users/ngawangchime/Desktop/Developer\ Projects/Phone\ in\ the\ Other\ Room/PhoneInTheOtherRoomApp/Views/Components/OllieWardrobePreview.swift (in target 'PhoneInTheOtherRoom' from project 'PhoneInTheOtherRoom')
    cd /Users/ngawangchime/Desktop/Developer\ Projects/Phone\ in\ the\ Other\ Room


SwiftCompile normal arm64 /Users/ngawangchime/Desktop/Developer\ Projects/Phone\ in\ the\ Other\ Room/PhoneInTheOtherRoomApp/Views/Onboarding/OnboardingAccountStepView.swift (in target 'PhoneInTheOtherRoom' from project 'PhoneInTheOtherRoom')
    cd /Users/ngawangchime/Desktop/Developer\ Projects/Phone\ in\ the\ Other\ Room


SwiftDriverJobDiscovery normal x86_64 Compiling EarlyWakeSheet.swift, FarmAccountControlsView.swift, FarmBackupView.swift, FarmPreviewData.swift, FarmSaveNotice.swift, FarmShopItemDetailView.swift, FarmShopOwnedItemAction.swift, FarmShopPresentation.swift, FarmShopPreviews.swift, FarmView.swift, FeedbackFormView.swift, FirstRunGuideCards.swift, FocusRunSetupView.swift, FocusRunViewModel+Farm.swift, FocusRunViewModel+FarmBackup.swift (in target 'PhoneInTheOtherRoom' from project 'PhoneInTheOtherRoom')

SwiftCompile normal arm64 Compiling\ NightFlockPresentation.swift,\ NightFlockSharedHabits.swift,\ NightFlockViewModel+Commitment.swift,\ NightFlockViewModel+Errors.swift,\ NightFlockViewModel+Pasture.swift,\ NightFlockViewModel+SharedHabits.swift,\ NightFlockViewModel+SharedHabitsAgreement.swift,\ NightFlockViewModel+SharedHabitsFence.swift,\ NightFlockViewModel+Social.swift,\ NightFlockViewModel+UpdateCheers.swift /Users/ngawangchime/Desktop/Developer\ Projects/Phone\ in\ the\ Other\ Room/Shared/NightFlockPresentation.swift /Users/ngawangchime/Desktop/Developer\ Projects/Phone\ in\ the\ Other\ Room/Shared/NightFlockSharedHabits.swift /Users/ngawangchime/Desktop/Developer\ Projects/Phone\ in\ the\ Other\ Room/PhoneInTheOtherRoomApp/ViewModels/NightFlockViewModel+Commitment.swift /Users/ngawangchime/Desktop/Developer\ Projects/Phone\ in\ the\ Other\ Room/PhoneInTheOtherRoomApp/ViewModels/NightFlockViewModel+Errors.swift /Users/ngawangchime/Desktop/Developer\ Projects/Phone\ in\ the\ Other\ Room/PhoneInTheOtherRoomApp/ViewModels/NightFlockViewModel+Pasture.swift /Users/ngawangchime/Desktop/Developer\ Projects/Phone\ in\ the\ Other\ Room/PhoneInTheOtherRoomApp/ViewModels/NightFlockViewModel+SharedHabits.swift /Users/ngawangchime/Desktop/Developer\ Projects/Phone\ in\ the\ Other\ Room/PhoneInTheOtherRoomApp/ViewModels/NightFlockViewModel+SharedHabitsAgreement.swift /Users/ngawangchime/Desktop/Developer\ Projects/Phone\ in\ the\ Other\ Room/PhoneInTheOtherRoomApp/ViewModels/NightFlockViewModel+SharedHabitsFence.swift /Users/ngawangchime/Desktop/Developer\ Projects/Phone\ in\ the\ Other\ Room/PhoneInTheOtherRoomApp/ViewModels/NightFlockViewModel+Social.swift /Users/ngawangchime/Desktop/Developer\ Projects/Phone\ in\ the\ Other\ Room/PhoneInTheOtherRoomApp/ViewModels/NightFlockViewModel+UpdateCheers.swift (in target 'PhoneInTheOtherRoom' from project 'PhoneInTheOtherRoom')

SwiftCompile normal arm64 /Users/ngawangchime/Desktop/Developer\ Projects/Phone\ in\ the\ Other\ Room/Shared/NightFlockPresentation.swift (in target 'PhoneInTheOtherRoom' from project 'PhoneInTheOtherRoom')
    cd /Users/ngawangchime/Desktop/Developer\ Projects/Phone\ in\ the\ Other\ Room


SwiftCompile normal arm64 /Users/ngawangchime/Desktop/Developer\ Projects/Phone\ in\ the\ Other\ Room/Shared/NightFlockSharedHabits.swift (in target 'PhoneInTheOtherRoom' from project 'PhoneInTheOtherRoom')
    cd /Users/ngawangchime/Desktop/Developer\ Projects/Phone\ in\ the\ Other\ Room


SwiftCompile normal arm64 /Users/ngawangchime/Desktop/Developer\ Projects/Phone\ in\ the\ Other\ Room/PhoneInTheOtherRoomApp/ViewModels/NightFlockViewModel+Commitment.swift (in target 'PhoneInTheOtherRoom' from project 'PhoneInTheOtherRoom')
    cd /Users/ngawangchime/Desktop/Developer\ Projects/Phone\ in\ the\ Other\ Room


SwiftCompile normal arm64 /Users/ngawangchime/Desktop/Developer\ Projects/Phone\ in\ the\ Other\ Room/PhoneInTheOtherRoomApp/ViewModels/NightFlockViewModel+Errors.swift (in target 'PhoneInTheOtherRoom' from project 'PhoneInTheOtherRoom')
    cd /Users/ngawangchime/Desktop/Developer\ Projects/Phone\ in\ the\ Other\ Room


SwiftCompile normal arm64 /Users/ngawangchime/Desktop/Developer\ Projects/Phone\ in\ the\ Other\ Room/PhoneInTheOtherRoomApp/ViewModels/NightFlockViewModel+Pasture.swift (in target 'PhoneInTheOtherRoom' from project 'PhoneInTheOtherRoom')
    cd /Users/ngawangchime/Desktop/Developer\ Projects/Phone\ in\ the\ Other\ Room


SwiftCompile normal arm64 /Users/ngawangchime/Desktop/Developer\ Projects/Phone\ in\ the\ Other\ Room/PhoneInTheOtherRoomApp/ViewModels/NightFlockViewModel+SharedHabits.swift (in target 'PhoneInTheOtherRoom' from project 'PhoneInTheOtherRoom')
    cd /Users/ngawangchime/Desktop/Developer\ Projects/Phone\ in\ the\ Other\ Room


SwiftCompile normal arm64 /Users/ngawangchime/Desktop/Developer\ Projects/Phone\ in\ the\ Other\ Room/PhoneInTheOtherRoomApp/ViewModels/NightFlockViewModel+SharedHabitsAgreement.swift (in target 'PhoneInTheOtherRoom' from project 'PhoneInTheOtherRoom')
    cd /Users/ngawangchime/Desktop/Developer\ Projects/Phone\ in\ the\ Other\ Room


SwiftCompile normal arm64 /Users/ngawangchime/Desktop/Developer\ Projects/Phone\ in\ the\ Other\ Room/PhoneInTheOtherRoomApp/ViewModels/NightFlockViewModel+SharedHabitsFence.swift (in target 'PhoneInTheOtherRoom' from project 'PhoneInTheOtherRoom')
    cd /Users/ngawangchime/Desktop/Developer\ Projects/Phone\ in\ the\ Other\ Room


SwiftCompile normal arm64 /Users/ngawangchime/Desktop/Developer\ Projects/Phone\ in\ the\ Other\ Room/PhoneInTheOtherRoomApp/ViewModels/NightFlockViewModel+Social.swift (in target 'PhoneInTheOtherRoom' from project 'PhoneInTheOtherRoom')
    cd /Users/ngawangchime/Desktop/Developer\ Projects/Phone\ in\ the\ Other\ Room

/Users/ngawangchime/Desktop/Developer Projects/Phone in the Other Room/PhoneInTheOtherRoomApp/ViewModels/NightFlockViewModel+Social.swift:34:13: warning: initialization of immutable value 'transportEpoch' was never used; consider replacing with assignment to '_' or removing it
        let transportEpoch = transportRecoveryEpoch
        ~~~~^~~~~~~~~~~~~~
        _

SwiftCompile normal arm64 /Users/ngawangchime/Desktop/Developer\ Projects/Phone\ in\ the\ Other\ Room/PhoneInTheOtherRoomApp/ViewModels/NightFlockViewModel+UpdateCheers.swift (in target 'PhoneInTheOtherRoom' from project 'PhoneInTheOtherRoom')
    cd /Users/ngawangchime/Desktop/Developer\ Projects/Phone\ in\ the\ Other\ Room


SwiftDriverJobDiscovery normal x86_64 Compiling WatchMessage.swift, WelcomeReward.swift, WindDownGuidance.swift, WindDownHabit.swift, WindDownScheduling.swift (in target 'PhoneInTheOtherRoom' from project 'PhoneInTheOtherRoom')

SwiftCompile normal arm64 Compiling\ NightFlockViewModel+GlobalCampfire.swift,\ NightFlockViewModel.swift,\ PastureFetch.swift,\ PastureFetchFixture.swift,\ PastureFetchView.swift,\ PastureFetchViewModel.swift,\ SharedFarmForYouSection.swift,\ SharedFarmPrototypeFixtures.swift /Users/ngawangchime/Desktop/Developer\ Projects/Phone\ in\ the\ Other\ Room/PhoneInTheOtherRoomApp/ViewModels/NightFlockViewModel+GlobalCampfire.swift /Users/ngawangchime/Desktop/Developer\ Projects/Phone\ in\ the\ Other\ Room/PhoneInTheOtherRoomApp/ViewModels/NightFlockViewModel.swift /Users/ngawangchime/Desktop/Developer\ Projects/Phone\ in\ the\ Other\ Room/Shared/PastureFetch.swift /Users/ngawangchime/Desktop/Developer\ Projects/Phone\ in\ the\ Other\ Room/PhoneInTheOtherRoomApp/Views/Components/PastureFetchFixture.swift /Users/ngawangchime/Desktop/Developer\ Projects/Phone\ in\ the\ Other\ Room/PhoneInTheOtherRoomApp/Views/Components/PastureFetchView.swift /Users/ngawangchime/Desktop/Developer\ Projects/Phone\ in\ the\ Other\ Room/PhoneInTheOtherRoomApp/ViewModels/PastureFetchViewModel.swift /Users/ngawangchime/Desktop/Developer\ Projects/Phone\ in\ the\ Other\ Room/PhoneInTheOtherRoomApp/Views/NightFlock/SharedFarmForYouSection.swift /Users/ngawangchime/Desktop/Developer\ Projects/Phone\ in\ the\ Other\ Room/PhoneInTheOtherRoomApp/Views/NightFlock/SharedFarmPrototypeFixtures.swift (in target 'PhoneInTheOtherRoom' from project 'PhoneInTheOtherRoom')
SwiftCompile normal arm64 /Users/ngawangchime/Desktop/Developer\ Projects/Phone\ in\ the\ Other\ Room/PhoneInTheOtherRoomApp/ViewModels/NightFlockViewModel+GlobalCampfire.swift (in target 'PhoneInTheOtherRoom' from project 'PhoneInTheOtherRoom')
    cd /Users/ngawangchime/Desktop/Developer\ Projects/Phone\ in\ the\ Other\ Room


SwiftCompile normal arm64 /Users/ngawangchime/Desktop/Developer\ Projects/Phone\ in\ the\ Other\ Room/PhoneInTheOtherRoomApp/ViewModels/NightFlockViewModel.swift (in target 'PhoneInTheOtherRoom' from project 'PhoneInTheOtherRoom')
    cd /Users/ngawangchime/Desktop/Developer\ Projects/Phone\ in\ the\ Other\ Room

/Users/ngawangchime/Desktop/Developer Projects/Phone in the Other Room/PhoneInTheOtherRoomApp/ViewModels/NightFlockViewModel.swift:659:23: warning: result of call to 'refreshState(showLoading:)' is unused
                await refreshState(showLoading: false)
                      ^           ~~~~~~~~~~~~~~~~~~~~
/Users/ngawangchime/Desktop/Developer Projects/Phone in the Other Room/PhoneInTheOtherRoomApp/ViewModels/NightFlockViewModel.swift:676:19: warning: result of call to 'refreshState(showLoading:)' is unused
            await refreshState(showLoading: false)
                  ^           ~~~~~~~~~~~~~~~~~~~~
/Users/ngawangchime/Desktop/Developer Projects/Phone in the Other Room/PhoneInTheOtherRoomApp/ViewModels/NightFlockViewModel.swift:1671:15: warning: result of call to 'refreshState(showLoading:)' is unused
        await refreshState(showLoading: true)
              ^           ~~~~~~~~~~~~~~~~~~~

SwiftCompile normal arm64 /Users/ngawangchime/Desktop/Developer\ Projects/Phone\ in\ the\ Other\ Room/Shared/PastureFetch.swift (in target 'PhoneInTheOtherRoom' from project 'PhoneInTheOtherRoom')
    cd /Users/ngawangchime/Desktop/Developer\ Projects/Phone\ in\ the\ Other\ Room


SwiftCompile normal arm64 /Users/ngawangchime/Desktop/Developer\ Projects/Phone\ in\ the\ Other\ Room/PhoneInTheOtherRoomApp/Views/Components/PastureFetchFixture.swift (in target 'PhoneInTheOtherRoom' from project 'PhoneInTheOtherRoom')
    cd /Users/ngawangchime/Desktop/Developer\ Projects/Phone\ in\ the\ Other\ Room


SwiftCompile normal arm64 /Users/ngawangchime/Desktop/Developer\ Projects/Phone\ in\ the\ Other\ Room/PhoneInTheOtherRoomApp/Views/Components/PastureFetchView.swift (in target 'PhoneInTheOtherRoom' from project 'PhoneInTheOtherRoom')
    cd /Users/ngawangchime/Desktop/Developer\ Projects/Phone\ in\ the\ Other\ Room


SwiftCompile normal arm64 /Users/ngawangchime/Desktop/Developer\ Projects/Phone\ in\ the\ Other\ Room/PhoneInTheOtherRoomApp/ViewModels/PastureFetchViewModel.swift (in target 'PhoneInTheOtherRoom' from project 'PhoneInTheOtherRoom')
    cd /Users/ngawangchime/Desktop/Developer\ Projects/Phone\ in\ the\ Other\ Room


SwiftCompile normal arm64 /Users/ngawangchime/Desktop/Developer\ Projects/Phone\ in\ the\ Other\ Room/PhoneInTheOtherRoomApp/Views/NightFlock/SharedFarmForYouSection.swift (in target 'PhoneInTheOtherRoom' from project 'PhoneInTheOtherRoom')
    cd /Users/ngawangchime/Desktop/Developer\ Projects/Phone\ in\ the\ Other\ Room


SwiftCompile normal arm64 /Users/ngawangchime/Desktop/Developer\ Projects/Phone\ in\ the\ Other\ Room/PhoneInTheOtherRoomApp/Views/NightFlock/SharedFarmPrototypeFixtures.swift (in target 'PhoneInTheOtherRoom' from project 'PhoneInTheOtherRoom')
    cd /Users/ngawangchime/Desktop/Developer\ Projects/Phone\ in\ the\ Other\ Room


SwiftDriverJobDiscovery normal arm64 Compiling NightFlockPresentation.swift, NightFlockSharedHabits.swift, NightFlockViewModel+Commitment.swift, NightFlockViewModel+Errors.swift, NightFlockViewModel+Pasture.swift, NightFlockViewModel+SharedHabits.swift, NightFlockViewModel+SharedHabitsAgreement.swift, NightFlockViewModel+SharedHabitsFence.swift, NightFlockViewModel+Social.swift, NightFlockViewModel+UpdateCheers.swift (in target 'PhoneInTheOtherRoom' from project 'PhoneInTheOtherRoom')

SwiftCompile normal x86_64 Compiling\ RitualPersonalisationView.swift /Users/ngawangchime/Desktop/Developer\ Projects/Phone\ in\ the\ Other\ Room/PhoneInTheOtherRoomApp/Views/RitualPersonalisationView.swift (in target 'PhoneInTheOtherRoom' from project 'PhoneInTheOtherRoom')

SwiftCompile normal x86_64 /Users/ngawangchime/Desktop/Developer\ Projects/Phone\ in\ the\ Other\ Room/PhoneInTheOtherRoomApp/Views/RitualPersonalisationView.swift (in target 'PhoneInTheOtherRoom' from project 'PhoneInTheOtherRoom')
    cd /Users/ngawangchime/Desktop/Developer\ Projects/Phone\ in\ the\ Other\ Room


SwiftDriverJobDiscovery normal arm64 Compiling NightsDayDetailView.swift, NightsWeekSection.swift, NotificationMessageEditorView.swift, NotificationMessageLibraryView.swift, NotificationSchedulePreviewView.swift, NotificationSettingsView.swift, OllieCompanionSpriteRenderer.swift, OllieDetailView.swift, OllieDressedSprite.swift, OllieRitualView.swift, OllieWardrobePreview.swift, OnboardingAccountStepView.swift (in target 'PhoneInTheOtherRoom' from project 'PhoneInTheOtherRoom')

SwiftCompile normal x86_64 Compiling\ NightWatchHistory.swift,\ NightWatchUsageMonitoringService.swift,\ NightsHistorySummary.swift,\ NotificationPlanning.swift,\ OllieModels.swift,\ OnboardingJourney.swift /Users/ngawangchime/Desktop/Developer\ Projects/Phone\ in\ the\ Other\ Room/Shared/NightWatchHistory.swift /Users/ngawangchime/Desktop/Developer\ Projects/Phone\ in\ the\ Other\ Room/PhoneInTheOtherRoomApp/Services/NightWatchUsageMonitoringService.swift /Users/ngawangchime/Desktop/Developer\ Projects/Phone\ in\ the\ Other\ Room/Shared/NightsHistorySummary.swift /Users/ngawangchime/Desktop/Developer\ Projects/Phone\ in\ the\ Other\ Room/Shared/NotificationPlanning.swift /Users/ngawangchime/Desktop/Developer\ Projects/Phone\ in\ the\ Other\ Room/Shared/Models/OllieModels.swift /Users/ngawangchime/Desktop/Developer\ Projects/Phone\ in\ the\ Other\ Room/Shared/OnboardingJourney.swift (in target 'PhoneInTheOtherRoom' from project 'PhoneInTheOtherRoom')

SwiftCompile normal x86_64 /Users/ngawangchime/Desktop/Developer\ Projects/Phone\ in\ the\ Other\ Room/Shared/NightWatchHistory.swift (in target 'PhoneInTheOtherRoom' from project 'PhoneInTheOtherRoom')
    cd /Users/ngawangchime/Desktop/Developer\ Projects/Phone\ in\ the\ Other\ Room


SwiftCompile normal x86_64 /Users/ngawangchime/Desktop/Developer\ Projects/Phone\ in\ the\ Other\ Room/PhoneInTheOtherRoomApp/Services/NightWatchUsageMonitoringService.swift (in target 'PhoneInTheOtherRoom' from project 'PhoneInTheOtherRoom')
    cd /Users/ngawangchime/Desktop/Developer\ Projects/Phone\ in\ the\ Other\ Room


SwiftCompile normal x86_64 /Users/ngawangchime/Desktop/Developer\ Projects/Phone\ in\ the\ Other\ Room/Shared/NightsHistorySummary.swift (in target 'PhoneInTheOtherRoom' from project 'PhoneInTheOtherRoom')
    cd /Users/ngawangchime/Desktop/Developer\ Projects/Phone\ in\ the\ Other\ Room


SwiftCompile normal x86_64 /Users/ngawangchime/Desktop/Developer\ Projects/Phone\ in\ the\ Other\ Room/Shared/NotificationPlanning.swift (in target 'PhoneInTheOtherRoom' from project 'PhoneInTheOtherRoom')
    cd /Users/ngawangchime/Desktop/Developer\ Projects/Phone\ in\ the\ Other\ Room


SwiftCompile normal x86_64 /Users/ngawangchime/Desktop/Developer\ Projects/Phone\ in\ the\ Other\ Room/Shared/Models/OllieModels.swift (in target 'PhoneInTheOtherRoom' from project 'PhoneInTheOtherRoom')
    cd /Users/ngawangchime/Desktop/Developer\ Projects/Phone\ in\ the\ Other\ Room


SwiftCompile normal x86_64 /Users/ngawangchime/Desktop/Developer\ Projects/Phone\ in\ the\ Other\ Room/Shared/OnboardingJourney.swift (in target 'PhoneInTheOtherRoom' from project 'PhoneInTheOtherRoom')
    cd /Users/ngawangchime/Desktop/Developer\ Projects/Phone\ in\ the\ Other\ Room


SwiftDriverJobDiscovery normal x86_64 Compiling RitualPersonalisationView.swift (in target 'PhoneInTheOtherRoom' from project 'PhoneInTheOtherRoom')

SwiftCompile normal x86_64 Compiling\ RewardEngine.swift,\ ScreenFreeMorningPresentation.swift,\ SessionGuard.swift,\ SlumberPartyHomeStudySheets.swift,\ SocialStudyComponents.swift,\ WatchConnectivityManager.swift /Users/ngawangchime/Desktop/Developer\ Projects/Phone\ in\ the\ Other\ Room/Shared/RewardEngine.swift /Users/ngawangchime/Desktop/Developer\ Projects/Phone\ in\ the\ Other\ Room/Shared/ScreenFreeMorningPresentation.swift /Users/ngawangchime/Desktop/Developer\ Projects/Phone\ in\ the\ Other\ Room/Shared/SessionGuard.swift /Users/ngawangchime/Desktop/Developer\ Projects/Phone\ in\ the\ Other\ Room/PhoneInTheOtherRoomApp/Views/Prototypes/SocialExperienceStudy/SlumberPartyHomeStudySheets.swift /Users/ngawangchime/Desktop/Developer\ Projects/Phone\ in\ the\ Other\ Room/PhoneInTheOtherRoomApp/Views/Prototypes/SocialExperienceStudy/SocialStudyComponents.swift /Users/ngawangchime/Desktop/Developer\ Projects/Phone\ in\ the\ Other\ Room/PhoneInTheOtherRoomApp/Services/WatchConnectivityManager.swift (in target 'PhoneInTheOtherRoom' from project 'PhoneInTheOtherRoom')
SwiftCompile normal x86_64 /Users/ngawangchime/Desktop/Developer\ Projects/Phone\ in\ the\ Other\ Room/Shared/RewardEngine.swift (in target 'PhoneInTheOtherRoom' from project 'PhoneInTheOtherRoom')
    cd /Users/ngawangchime/Desktop/Developer\ Projects/Phone\ in\ the\ Other\ Room


SwiftCompile normal x86_64 /Users/ngawangchime/Desktop/Developer\ Projects/Phone\ in\ the\ Other\ Room/Shared/ScreenFreeMorningPresentation.swift (in target 'PhoneInTheOtherRoom' from project 'PhoneInTheOtherRoom')
    cd /Users/ngawangchime/Desktop/Developer\ Projects/Phone\ in\ the\ Other\ Room


SwiftCompile normal x86_64 /Users/ngawangchime/Desktop/Developer\ Projects/Phone\ in\ the\ Other\ Room/Shared/SessionGuard.swift (in target 'PhoneInTheOtherRoom' from project 'PhoneInTheOtherRoom')
    cd /Users/ngawangchime/Desktop/Developer\ Projects/Phone\ in\ the\ Other\ Room


SwiftCompile normal x86_64 /Users/ngawangchime/Desktop/Developer\ Projects/Phone\ in\ the\ Other\ Room/PhoneInTheOtherRoomApp/Views/Prototypes/SocialExperienceStudy/SlumberPartyHomeStudySheets.swift (in target 'PhoneInTheOtherRoom' from project 'PhoneInTheOtherRoom')
    cd /Users/ngawangchime/Desktop/Developer\ Projects/Phone\ in\ the\ Other\ Room


SwiftCompile normal x86_64 /Users/ngawangchime/Desktop/Developer\ Projects/Phone\ in\ the\ Other\ Room/PhoneInTheOtherRoomApp/Views/Prototypes/SocialExperienceStudy/SocialStudyComponents.swift (in target 'PhoneInTheOtherRoom' from project 'PhoneInTheOtherRoom')
    cd /Users/ngawangchime/Desktop/Developer\ Projects/Phone\ in\ the\ Other\ Room


SwiftCompile normal x86_64 /Users/ngawangchime/Desktop/Developer\ Projects/Phone\ in\ the\ Other\ Room/PhoneInTheOtherRoomApp/Services/WatchConnectivityManager.swift (in target 'PhoneInTheOtherRoom' from project 'PhoneInTheOtherRoom')
    cd /Users/ngawangchime/Desktop/Developer\ Projects/Phone\ in\ the\ Other\ Room


SwiftDriverJobDiscovery normal x86_64 Compiling NightWatchHistory.swift, NightWatchUsageMonitoringService.swift, NightsHistorySummary.swift, NotificationPlanning.swift, OllieModels.swift, OnboardingJourney.swift (in target 'PhoneInTheOtherRoom' from project 'PhoneInTheOtherRoom')

SwiftCompile normal x86_64 Compiling\ PersistenceService.swift,\ PhoneAwaySearchSettlement.swift,\ PhoneNotificationService.swift,\ QuietTimeShieldSchedule.swift,\ QuietTimeShielding.swift,\ QuietTimeShieldingService.swift /Users/ngawangchime/Desktop/Developer\ Projects/Phone\ in\ the\ Other\ Room/PhoneInTheOtherRoomApp/Services/PersistenceService.swift /Users/ngawangchime/Desktop/Developer\ Projects/Phone\ in\ the\ Other\ Room/Shared/PhoneAwaySearchSettlement.swift /Users/ngawangchime/Desktop/Developer\ Projects/Phone\ in\ the\ Other\ Room/PhoneInTheOtherRoomApp/Services/PhoneNotificationService.swift /Users/ngawangchime/Desktop/Developer\ Projects/Phone\ in\ the\ Other\ Room/Shared/QuietTimeShieldSchedule.swift /Users/ngawangchime/Desktop/Developer\ Projects/Phone\ in\ the\ Other\ Room/Shared/QuietTimeShielding.swift /Users/ngawangchime/Desktop/Developer\ Projects/Phone\ in\ the\ Other\ Room/PhoneInTheOtherRoomApp/Services/QuietTimeShieldingService.swift (in target 'PhoneInTheOtherRoom' from project 'PhoneInTheOtherRoom')
SwiftCompile normal x86_64 /Users/ngawangchime/Desktop/Developer\ Projects/Phone\ in\ the\ Other\ Room/PhoneInTheOtherRoomApp/Services/PersistenceService.swift (in target 'PhoneInTheOtherRoom' from project 'PhoneInTheOtherRoom')
    cd /Users/ngawangchime/Desktop/Developer\ Projects/Phone\ in\ the\ Other\ Room


SwiftCompile normal x86_64 /Users/ngawangchime/Desktop/Developer\ Projects/Phone\ in\ the\ Other\ Room/Shared/PhoneAwaySearchSettlement.swift (in target 'PhoneInTheOtherRoom' from project 'PhoneInTheOtherRoom')
    cd /Users/ngawangchime/Desktop/Developer\ Projects/Phone\ in\ the\ Other\ Room


SwiftCompile normal x86_64 /Users/ngawangchime/Desktop/Developer\ Projects/Phone\ in\ the\ Other\ Room/PhoneInTheOtherRoomApp/Services/PhoneNotificationService.swift (in target 'PhoneInTheOtherRoom' from project 'PhoneInTheOtherRoom')
    cd /Users/ngawangchime/Desktop/Developer\ Projects/Phone\ in\ the\ Other\ Room


SwiftCompile normal x86_64 /Users/ngawangchime/Desktop/Developer\ Projects/Phone\ in\ the\ Other\ Room/Shared/QuietTimeShieldSchedule.swift (in target 'PhoneInTheOtherRoom' from project 'PhoneInTheOtherRoom')
    cd /Users/ngawangchime/Desktop/Developer\ Projects/Phone\ in\ the\ Other\ Room


SwiftCompile normal x86_64 /Users/ngawangchime/Desktop/Developer\ Projects/Phone\ in\ the\ Other\ Room/Shared/QuietTimeShielding.swift (in target 'PhoneInTheOtherRoom' from project 'PhoneInTheOtherRoom')
    cd /Users/ngawangchime/Desktop/Developer\ Projects/Phone\ in\ the\ Other\ Room


SwiftCompile normal x86_64 /Users/ngawangchime/Desktop/Developer\ Projects/Phone\ in\ the\ Other\ Room/PhoneInTheOtherRoomApp/Services/QuietTimeShieldingService.swift (in target 'PhoneInTheOtherRoom' from project 'PhoneInTheOtherRoom')
    cd /Users/ngawangchime/Desktop/Developer\ Projects/Phone\ in\ the\ Other\ Room


SwiftDriverJobDiscovery normal arm64 Compiling NightFlockViewModel+GlobalCampfire.swift, NightFlockViewModel.swift, PastureFetch.swift, PastureFetchFixture.swift, PastureFetchView.swift, PastureFetchViewModel.swift, SharedFarmForYouSection.swift, SharedFarmPrototypeFixtures.swift (in target 'PhoneInTheOtherRoom' from project 'PhoneInTheOtherRoom')

SwiftCompile normal arm64 Compiling\ PastureSceneController.swift /Users/ngawangchime/Desktop/Developer\ Projects/Phone\ in\ the\ Other\ Room/PhoneInTheOtherRoomApp/ViewModels/PastureSceneController.swift (in target 'PhoneInTheOtherRoom' from project 'PhoneInTheOtherRoom')

SwiftCompile normal arm64 /Users/ngawangchime/Desktop/Developer\ Projects/Phone\ in\ the\ Other\ Room/PhoneInTheOtherRoomApp/ViewModels/PastureSceneController.swift (in target 'PhoneInTheOtherRoom' from project 'PhoneInTheOtherRoom')
    cd /Users/ngawangchime/Desktop/Developer\ Projects/Phone\ in\ the\ Other\ Room


SwiftDriverJobDiscovery normal x86_64 Compiling RewardEngine.swift, ScreenFreeMorningPresentation.swift, SessionGuard.swift, SlumberPartyHomeStudySheets.swift, SocialStudyComponents.swift, WatchConnectivityManager.swift (in target 'PhoneInTheOtherRoom' from project 'PhoneInTheOtherRoom')

SwiftCompile normal arm64 Compiling\ SharedPastureControls.swift,\ SlumberPartyFriendCardView.swift,\ SlumberPartyGroupStreamView.swift,\ SlumberPartyPastureView.swift,\ SlumberPartyReceivedCheersSection.swift,\ SlumberPartySharedFarmFixtures.swift,\ SlumberPartySharedFarmView.swift /Users/ngawangchime/Desktop/Developer\ Projects/Phone\ in\ the\ Other\ Room/PhoneInTheOtherRoomApp/Views/NightFlock/SharedPastureControls.swift /Users/ngawangchime/Desktop/Developer\ Projects/Phone\ in\ the\ Other\ Room/PhoneInTheOtherRoomApp/Views/NightFlock/SlumberPartyFriendCardView.swift /Users/ngawangchime/Desktop/Developer\ Projects/Phone\ in\ the\ Other\ Room/PhoneInTheOtherRoomApp/Views/NightFlock/SlumberPartyGroupStreamView.swift /Users/ngawangchime/Desktop/Developer\ Projects/Phone\ in\ the\ Other\ Room/PhoneInTheOtherRoomApp/Views/NightFlock/SlumberPartyPastureView.swift /Users/ngawangchime/Desktop/Developer\ Projects/Phone\ in\ the\ Other\ Room/PhoneInTheOtherRoomApp/Views/NightFlock/SlumberPartyReceivedCheersSection.swift /Users/ngawangchime/Desktop/Developer\ Projects/Phone\ in\ the\ Other\ Room/PhoneInTheOtherRoomApp/Views/NightFlock/SlumberPartySharedFarmFixtures.swift /Users/ngawangchime/Desktop/Developer\ Projects/Phone\ in\ the\ Other\ Room/PhoneInTheOtherRoomApp/Views/NightFlock/SlumberPartySharedFarmView.swift (in target 'PhoneInTheOtherRoom' from project 'PhoneInTheOtherRoom')
SwiftCompile normal arm64 /Users/ngawangchime/Desktop/Developer\ Projects/Phone\ in\ the\ Other\ Room/PhoneInTheOtherRoomApp/Views/NightFlock/SharedPastureControls.swift (in target 'PhoneInTheOtherRoom' from project 'PhoneInTheOtherRoom')
    cd /Users/ngawangchime/Desktop/Developer\ Projects/Phone\ in\ the\ Other\ Room


SwiftCompile normal arm64 /Users/ngawangchime/Desktop/Developer\ Projects/Phone\ in\ the\ Other\ Room/PhoneInTheOtherRoomApp/Views/NightFlock/SlumberPartyFriendCardView.swift (in target 'PhoneInTheOtherRoom' from project 'PhoneInTheOtherRoom')
    cd /Users/ngawangchime/Desktop/Developer\ Projects/Phone\ in\ the\ Other\ Room


SwiftCompile normal arm64 /Users/ngawangchime/Desktop/Developer\ Projects/Phone\ in\ the\ Other\ Room/PhoneInTheOtherRoomApp/Views/NightFlock/SlumberPartyGroupStreamView.swift (in target 'PhoneInTheOtherRoom' from project 'PhoneInTheOtherRoom')
    cd /Users/ngawangchime/Desktop/Developer\ Projects/Phone\ in\ the\ Other\ Room


SwiftCompile normal arm64 /Users/ngawangchime/Desktop/Developer\ Projects/Phone\ in\ the\ Other\ Room/PhoneInTheOtherRoomApp/Views/NightFlock/SlumberPartyPastureView.swift (in target 'PhoneInTheOtherRoom' from project 'PhoneInTheOtherRoom')
    cd /Users/ngawangchime/Desktop/Developer\ Projects/Phone\ in\ the\ Other\ Room


SwiftCompile normal arm64 /Users/ngawangchime/Desktop/Developer\ Projects/Phone\ in\ the\ Other\ Room/PhoneInTheOtherRoomApp/Views/NightFlock/SlumberPartyReceivedCheersSection.swift (in target 'PhoneInTheOtherRoom' from project 'PhoneInTheOtherRoom')
    cd /Users/ngawangchime/Desktop/Developer\ Projects/Phone\ in\ the\ Other\ Room


SwiftCompile normal arm64 /Users/ngawangchime/Desktop/Developer\ Projects/Phone\ in\ the\ Other\ Room/PhoneInTheOtherRoomApp/Views/NightFlock/SlumberPartySharedFarmFixtures.swift (in target 'PhoneInTheOtherRoom' from project 'PhoneInTheOtherRoom')
    cd /Users/ngawangchime/Desktop/Developer\ Projects/Phone\ in\ the\ Other\ Room


SwiftCompile normal arm64 /Users/ngawangchime/Desktop/Developer\ Projects/Phone\ in\ the\ Other\ Room/PhoneInTheOtherRoomApp/Views/NightFlock/SlumberPartySharedFarmView.swift (in target 'PhoneInTheOtherRoom' from project 'PhoneInTheOtherRoom')
    cd /Users/ngawangchime/Desktop/Developer\ Projects/Phone\ in\ the\ Other\ Room


SwiftDriverJobDiscovery normal arm64 Compiling PastureSceneController.swift (in target 'PhoneInTheOtherRoom' from project 'PhoneInTheOtherRoom')

SwiftCompile normal x86_64 Compiling\ ImpactMeasurement.swift,\ IndependentMorningSettlement.swift,\ NightFlockPresentation.swift,\ NightFlockSharedHabits.swift,\ NightJourneyProgress.swift,\ NightWatch.swift /Users/ngawangchime/Desktop/Developer\ Projects/Phone\ in\ the\ Other\ Room/Shared/ImpactMeasurement.swift /Users/ngawangchime/Desktop/Developer\ Projects/Phone\ in\ the\ Other\ Room/Shared/IndependentMorningSettlement.swift /Users/ngawangchime/Desktop/Developer\ Projects/Phone\ in\ the\ Other\ Room/Shared/NightFlockPresentation.swift /Users/ngawangchime/Desktop/Developer\ Projects/Phone\ in\ the\ Other\ Room/Shared/NightFlockSharedHabits.swift /Users/ngawangchime/Desktop/Developer\ Projects/Phone\ in\ the\ Other\ Room/Shared/NightJourneyProgress.swift /Users/ngawangchime/Desktop/Developer\ Projects/Phone\ in\ the\ Other\ Room/Shared/NightWatch.swift (in target 'PhoneInTheOtherRoom' from project 'PhoneInTheOtherRoom')

SwiftCompile normal x86_64 /Users/ngawangchime/Desktop/Developer\ Projects/Phone\ in\ the\ Other\ Room/Shared/ImpactMeasurement.swift (in target 'PhoneInTheOtherRoom' from project 'PhoneInTheOtherRoom')
    cd /Users/ngawangchime/Desktop/Developer\ Projects/Phone\ in\ the\ Other\ Room


SwiftCompile normal x86_64 /Users/ngawangchime/Desktop/Developer\ Projects/Phone\ in\ the\ Other\ Room/Shared/IndependentMorningSettlement.swift (in target 'PhoneInTheOtherRoom' from project 'PhoneInTheOtherRoom')
    cd /Users/ngawangchime/Desktop/Developer\ Projects/Phone\ in\ the\ Other\ Room


SwiftCompile normal x86_64 /Users/ngawangchime/Desktop/Developer\ Projects/Phone\ in\ the\ Other\ Room/Shared/NightFlockPresentation.swift (in target 'PhoneInTheOtherRoom' from project 'PhoneInTheOtherRoom')
    cd /Users/ngawangchime/Desktop/Developer\ Projects/Phone\ in\ the\ Other\ Room


SwiftCompile normal x86_64 /Users/ngawangchime/Desktop/Developer\ Projects/Phone\ in\ the\ Other\ Room/Shared/NightFlockSharedHabits.swift (in target 'PhoneInTheOtherRoom' from project 'PhoneInTheOtherRoom')
    cd /Users/ngawangchime/Desktop/Developer\ Projects/Phone\ in\ the\ Other\ Room


SwiftCompile normal x86_64 /Users/ngawangchime/Desktop/Developer\ Projects/Phone\ in\ the\ Other\ Room/Shared/NightJourneyProgress.swift (in target 'PhoneInTheOtherRoom' from project 'PhoneInTheOtherRoom')
    cd /Users/ngawangchime/Desktop/Developer\ Projects/Phone\ in\ the\ Other\ Room


SwiftCompile normal x86_64 /Users/ngawangchime/Desktop/Developer\ Projects/Phone\ in\ the\ Other\ Room/Shared/NightWatch.swift (in target 'PhoneInTheOtherRoom' from project 'PhoneInTheOtherRoom')
    cd /Users/ngawangchime/Desktop/Developer\ Projects/Phone\ in\ the\ Other\ Room


SwiftDriverJobDiscovery normal x86_64 Compiling PersistenceService.swift, PhoneAwaySearchSettlement.swift, PhoneNotificationService.swift, QuietTimeShieldSchedule.swift, QuietTimeShielding.swift, QuietTimeShieldingService.swift (in target 'PhoneInTheOtherRoom' from project 'PhoneInTheOtherRoom')

SwiftCompile normal x86_64 Compiling\ WatchPhysicalQAFixture.swift /Users/ngawangchime/Desktop/Developer\ Projects/Phone\ in\ the\ Other\ Room/PhoneInTheOtherRoomApp/Debug/WatchPhysicalQAFixture.swift (in target 'PhoneInTheOtherRoom' from project 'PhoneInTheOtherRoom')

SwiftCompile normal x86_64 /Users/ngawangchime/Desktop/Developer\ Projects/Phone\ in\ the\ Other\ Room/PhoneInTheOtherRoomApp/Debug/WatchPhysicalQAFixture.swift (in target 'PhoneInTheOtherRoom' from project 'PhoneInTheOtherRoom')
    cd /Users/ngawangchime/Desktop/Developer\ Projects/Phone\ in\ the\ Other\ Room

/Users/ngawangchime/Desktop/Developer Projects/Phone in the Other Room/PhoneInTheOtherRoomApp/Debug/WatchPhysicalQAFixture.swift:49:25: warning: result of call to 'start(configuration:focusAccepted:startedAt:autoConfirmPlacement:appShieldingRequested:liveActivityRequested:replacesAutomaticSchedule:runID:)' is unused
            coordinator.start(
                        ^    ~

SwiftDriverJobDiscovery normal x86_64 Compiling ImpactMeasurement.swift, IndependentMorningSettlement.swift, NightFlockPresentation.swift, NightFlockSharedHabits.swift, NightJourneyProgress.swift, NightWatch.swift (in target 'PhoneInTheOtherRoom' from project 'PhoneInTheOtherRoom')

SwiftCompile normal x86_64 Compiling\ ShopWardrobeNativeQA.swift /Users/ngawangchime/Desktop/Developer\ Projects/Phone\ in\ the\ Other\ Room/PhoneInTheOtherRoomApp/Views/ShopWardrobeNativeQA.swift (in target 'PhoneInTheOtherRoom' from project 'PhoneInTheOtherRoom')

SwiftCompile normal x86_64 /Users/ngawangchime/Desktop/Developer\ Projects/Phone\ in\ the\ Other\ Room/PhoneInTheOtherRoomApp/Views/ShopWardrobeNativeQA.swift (in target 'PhoneInTheOtherRoom' from project 'PhoneInTheOtherRoom')
    cd /Users/ngawangchime/Desktop/Developer\ Projects/Phone\ in\ the\ Other\ Room


SwiftDriverJobDiscovery normal x86_64 Compiling WatchPhysicalQAFixture.swift (in target 'PhoneInTheOtherRoom' from project 'PhoneInTheOtherRoom')

SwiftCompile normal arm64 Compiling\ WindDownGuidanceTopicView.swift,\ WindDownGuideCard.swift,\ WindDownHabitHomeCard.swift,\ WindDownHabitReflectionCard.swift,\ WindDownHabitSupportEditor.swift,\ WindDownPhaseProgressView.swift,\ WindDownRoutineSequenceCard.swift,\ WindDownSchedulePreviews.swift,\ WindDownScheduleView.swift,\ WindDownStartSheet.swift,\ WindDownTagManagementCard.swift,\ WindDownTimingView.swift /Users/ngawangchime/Desktop/Developer\ Projects/Phone\ in\ the\ Other\ Room/PhoneInTheOtherRoomApp/Views/Components/WindDownGuidanceTopicView.swift /Users/ngawangchime/Desktop/Developer\ Projects/Phone\ in\ the\ Other\ Room/PhoneInTheOtherRoomApp/Views/Components/WindDownGuideCard.swift /Users/ngawangchime/Desktop/Developer\ Projects/Phone\ in\ the\ Other\ Room/PhoneInTheOtherRoomApp/Views/Components/WindDownHabitHomeCard.swift /Users/ngawangchime/Desktop/Developer\ Projects/Phone\ in\ the\ Other\ Room/PhoneInTheOtherRoomApp/Views/Components/WindDownHabitReflectionCard.swift /Users/ngawangchime/Desktop/Developer\ Projects/Phone\ in\ the\ Other\ Room/PhoneInTheOtherRoomApp/Views/Components/WindDownHabitSupportEditor.swift /Users/ngawangchime/Desktop/Developer\ Projects/Phone\ in\ the\ Other\ Room/PhoneInTheOtherRoomApp/Views/Components/WindDownPhaseProgressView.swift /Users/ngawangchime/Desktop/Developer\ Projects/Phone\ in\ the\ Other\ Room/PhoneInTheOtherRoomApp/Views/Components/WindDownRoutineSequenceCard.swift /Users/ngawangchime/Desktop/Developer\ Projects/Phone\ in\ the\ Other\ Room/PhoneInTheOtherRoomApp/Views/WindDownSchedulePreviews.swift /Users/ngawangchime/Desktop/Developer\ Projects/Phone\ in\ the\ Other\ Room/PhoneInTheOtherRoomApp/Views/WindDownScheduleView.swift /Users/ngawangchime/Desktop/Developer\ Projects/Phone\ in\ the\ Other\ Room/PhoneInTheOtherRoomApp/Views/Components/WindDownStartSheet.swift /Users/ngawangchime/Desktop/Developer\ Projects/Phone\ in\ the\ Other\ Room/PhoneInTheOtherRoomApp/Views/Components/WindDownTagManagementCard.swift /Users/ngawangchime/Desktop/Developer\ Projects/Phone\ in\ the\ Other\ Room/PhoneInTheOtherRoomApp/Views/WindDownTimingView.swift (in target 'PhoneInTheOtherRoom' from project 'PhoneInTheOtherRoom')
SwiftCompile normal arm64 /Users/ngawangchime/Desktop/Developer\ Projects/Phone\ in\ the\ Other\ Room/PhoneInTheOtherRoomApp/Views/Components/WindDownGuidanceTopicView.swift (in target 'PhoneInTheOtherRoom' from project 'PhoneInTheOtherRoom')
    cd /Users/ngawangchime/Desktop/Developer\ Projects/Phone\ in\ the\ Other\ Room


SwiftCompile normal arm64 /Users/ngawangchime/Desktop/Developer\ Projects/Phone\ in\ the\ Other\ Room/PhoneInTheOtherRoomApp/Views/Components/WindDownGuideCard.swift (in target 'PhoneInTheOtherRoom' from project 'PhoneInTheOtherRoom')
    cd /Users/ngawangchime/Desktop/Developer\ Projects/Phone\ in\ the\ Other\ Room


SwiftCompile normal arm64 /Users/ngawangchime/Desktop/Developer\ Projects/Phone\ in\ the\ Other\ Room/PhoneInTheOtherRoomApp/Views/Components/WindDownHabitHomeCard.swift (in target 'PhoneInTheOtherRoom' from project 'PhoneInTheOtherRoom')
    cd /Users/ngawangchime/Desktop/Developer\ Projects/Phone\ in\ the\ Other\ Room


SwiftCompile normal arm64 /Users/ngawangchime/Desktop/Developer\ Projects/Phone\ in\ the\ Other\ Room/PhoneInTheOtherRoomApp/Views/Components/WindDownHabitReflectionCard.swift (in target 'PhoneInTheOtherRoom' from project 'PhoneInTheOtherRoom')
    cd /Users/ngawangchime/Desktop/Developer\ Projects/Phone\ in\ the\ Other\ Room


SwiftCompile normal arm64 /Users/ngawangchime/Desktop/Developer\ Projects/Phone\ in\ the\ Other\ Room/PhoneInTheOtherRoomApp/Views/Components/WindDownHabitSupportEditor.swift (in target 'PhoneInTheOtherRoom' from project 'PhoneInTheOtherRoom')
    cd /Users/ngawangchime/Desktop/Developer\ Projects/Phone\ in\ the\ Other\ Room


SwiftCompile normal arm64 /Users/ngawangchime/Desktop/Developer\ Projects/Phone\ in\ the\ Other\ Room/PhoneInTheOtherRoomApp/Views/Components/WindDownPhaseProgressView.swift (in target 'PhoneInTheOtherRoom' from project 'PhoneInTheOtherRoom')
    cd /Users/ngawangchime/Desktop/Developer\ Projects/Phone\ in\ the\ Other\ Room


SwiftCompile normal arm64 /Users/ngawangchime/Desktop/Developer\ Projects/Phone\ in\ the\ Other\ Room/PhoneInTheOtherRoomApp/Views/Components/WindDownRoutineSequenceCard.swift (in target 'PhoneInTheOtherRoom' from project 'PhoneInTheOtherRoom')
    cd /Users/ngawangchime/Desktop/Developer\ Projects/Phone\ in\ the\ Other\ Room


SwiftCompile normal arm64 /Users/ngawangchime/Desktop/Developer\ Projects/Phone\ in\ the\ Other\ Room/PhoneInTheOtherRoomApp/Views/WindDownSchedulePreviews.swift (in target 'PhoneInTheOtherRoom' from project 'PhoneInTheOtherRoom')
    cd /Users/ngawangchime/Desktop/Developer\ Projects/Phone\ in\ the\ Other\ Room


SwiftCompile normal arm64 /Users/ngawangchime/Desktop/Developer\ Projects/Phone\ in\ the\ Other\ Room/PhoneInTheOtherRoomApp/Views/WindDownScheduleView.swift (in target 'PhoneInTheOtherRoom' from project 'PhoneInTheOtherRoom')
    cd /Users/ngawangchime/Desktop/Developer\ Projects/Phone\ in\ the\ Other\ Room


SwiftCompile normal arm64 /Users/ngawangchime/Desktop/Developer\ Projects/Phone\ in\ the\ Other\ Room/PhoneInTheOtherRoomApp/Views/Components/WindDownStartSheet.swift (in target 'PhoneInTheOtherRoom' from project 'PhoneInTheOtherRoom')
    cd /Users/ngawangchime/Desktop/Developer\ Projects/Phone\ in\ the\ Other\ Room


SwiftCompile normal arm64 /Users/ngawangchime/Desktop/Developer\ Projects/Phone\ in\ the\ Other\ Room/PhoneInTheOtherRoomApp/Views/Components/WindDownTagManagementCard.swift (in target 'PhoneInTheOtherRoom' from project 'PhoneInTheOtherRoom')
    cd /Users/ngawangchime/Desktop/Developer\ Projects/Phone\ in\ the\ Other\ Room


SwiftCompile normal arm64 /Users/ngawangchime/Desktop/Developer\ Projects/Phone\ in\ the\ Other\ Room/PhoneInTheOtherRoomApp/Views/WindDownTimingView.swift (in target 'PhoneInTheOtherRoom' from project 'PhoneInTheOtherRoom')
    cd /Users/ngawangchime/Desktop/Developer\ Projects/Phone\ in\ the\ Other\ Room


SwiftDriverJobDiscovery normal x86_64 Compiling ShopWardrobeNativeQA.swift (in target 'PhoneInTheOtherRoom' from project 'PhoneInTheOtherRoom')

SwiftCompile normal arm64 Compiling\ PersistenceService.swift,\ PhoneAwaySearchSettlement.swift,\ PhoneInTheOtherRoomApp.swift,\ PhoneNotificationService.swift,\ QuietTimeShieldSchedule.swift,\ QuietTimeShielding.swift,\ QuietTimeShieldingService.swift,\ RewardEngine.swift,\ RitualPersonalisationView.swift /Users/ngawangchime/Desktop/Developer\ Projects/Phone\ in\ the\ Other\ Room/PhoneInTheOtherRoomApp/Services/PersistenceService.swift /Users/ngawangchime/Desktop/Developer\ Projects/Phone\ in\ the\ Other\ Room/Shared/PhoneAwaySearchSettlement.swift /Users/ngawangchime/Desktop/Developer\ Projects/Phone\ in\ the\ Other\ Room/PhoneInTheOtherRoomApp/App/PhoneInTheOtherRoomApp.swift /Users/ngawangchime/Desktop/Developer\ Projects/Phone\ in\ the\ Other\ Room/PhoneInTheOtherRoomApp/Services/PhoneNotificationService.swift /Users/ngawangchime/Desktop/Developer\ Projects/Phone\ in\ the\ Other\ Room/Shared/QuietTimeShieldSchedule.swift /Users/ngawangchime/Desktop/Developer\ Projects/Phone\ in\ the\ Other\ Room/Shared/QuietTimeShielding.swift /Users/ngawangchime/Desktop/Developer\ Projects/Phone\ in\ the\ Other\ Room/PhoneInTheOtherRoomApp/Services/QuietTimeShieldingService.swift /Users/ngawangchime/Desktop/Developer\ Projects/Phone\ in\ the\ Other\ Room/Shared/RewardEngine.swift /Users/ngawangchime/Desktop/Developer\ Projects/Phone\ in\ the\ Other\ Room/PhoneInTheOtherRoomApp/Views/RitualPersonalisationView.swift (in target 'PhoneInTheOtherRoom' from project 'PhoneInTheOtherRoom')

SwiftCompile normal arm64 /Users/ngawangchime/Desktop/Developer\ Projects/Phone\ in\ the\ Other\ Room/PhoneInTheOtherRoomApp/Services/PersistenceService.swift (in target 'PhoneInTheOtherRoom' from project 'PhoneInTheOtherRoom')
    cd /Users/ngawangchime/Desktop/Developer\ Projects/Phone\ in\ the\ Other\ Room


SwiftCompile normal arm64 /Users/ngawangchime/Desktop/Developer\ Projects/Phone\ in\ the\ Other\ Room/Shared/PhoneAwaySearchSettlement.swift (in target 'PhoneInTheOtherRoom' from project 'PhoneInTheOtherRoom')
    cd /Users/ngawangchime/Desktop/Developer\ Projects/Phone\ in\ the\ Other\ Room


SwiftCompile normal arm64 /Users/ngawangchime/Desktop/Developer\ Projects/Phone\ in\ the\ Other\ Room/PhoneInTheOtherRoomApp/App/PhoneInTheOtherRoomApp.swift (in target 'PhoneInTheOtherRoom' from project 'PhoneInTheOtherRoom')
    cd /Users/ngawangchime/Desktop/Developer\ Projects/Phone\ in\ the\ Other\ Room


SwiftCompile normal arm64 /Users/ngawangchime/Desktop/Developer\ Projects/Phone\ in\ the\ Other\ Room/PhoneInTheOtherRoomApp/Services/PhoneNotificationService.swift (in target 'PhoneInTheOtherRoom' from project 'PhoneInTheOtherRoom')
    cd /Users/ngawangchime/Desktop/Developer\ Projects/Phone\ in\ the\ Other\ Room


SwiftCompile normal arm64 /Users/ngawangchime/Desktop/Developer\ Projects/Phone\ in\ the\ Other\ Room/Shared/QuietTimeShieldSchedule.swift (in target 'PhoneInTheOtherRoom' from project 'PhoneInTheOtherRoom')
    cd /Users/ngawangchime/Desktop/Developer\ Projects/Phone\ in\ the\ Other\ Room


SwiftCompile normal arm64 /Users/ngawangchime/Desktop/Developer\ Projects/Phone\ in\ the\ Other\ Room/Shared/QuietTimeShielding.swift (in target 'PhoneInTheOtherRoom' from project 'PhoneInTheOtherRoom')
    cd /Users/ngawangchime/Desktop/Developer\ Projects/Phone\ in\ the\ Other\ Room


SwiftCompile normal arm64 /Users/ngawangchime/Desktop/Developer\ Projects/Phone\ in\ the\ Other\ Room/PhoneInTheOtherRoomApp/Services/QuietTimeShieldingService.swift (in target 'PhoneInTheOtherRoom' from project 'PhoneInTheOtherRoom')
    cd /Users/ngawangchime/Desktop/Developer\ Projects/Phone\ in\ the\ Other\ Room


SwiftCompile normal arm64 /Users/ngawangchime/Desktop/Developer\ Projects/Phone\ in\ the\ Other\ Room/Shared/RewardEngine.swift (in target 'PhoneInTheOtherRoom' from project 'PhoneInTheOtherRoom')
    cd /Users/ngawangchime/Desktop/Developer\ Projects/Phone\ in\ the\ Other\ Room


SwiftCompile normal arm64 /Users/ngawangchime/Desktop/Developer\ Projects/Phone\ in\ the\ Other\ Room/PhoneInTheOtherRoomApp/Views/RitualPersonalisationView.swift (in target 'PhoneInTheOtherRoom' from project 'PhoneInTheOtherRoom')
    cd /Users/ngawangchime/Desktop/Developer\ Projects/Phone\ in\ the\ Other\ Room


SwiftDriverJobDiscovery normal arm64 Compiling SharedPastureControls.swift, SlumberPartyFriendCardView.swift, SlumberPartyGroupStreamView.swift, SlumberPartyPastureView.swift, SlumberPartyReceivedCheersSection.swift, SlumberPartySharedFarmFixtures.swift, SlumberPartySharedFarmView.swift (in target 'PhoneInTheOtherRoom' from project 'PhoneInTheOtherRoom')

SwiftCompile normal x86_64 Compiling\ RitualReflectionInvitation.swift /Users/ngawangchime/Desktop/Developer\ Projects/Phone\ in\ the\ Other\ Room/PhoneInTheOtherRoomApp/Views/Components/RitualReflectionInvitation.swift (in target 'PhoneInTheOtherRoom' from project 'PhoneInTheOtherRoom')

SwiftCompile normal x86_64 /Users/ngawangchime/Desktop/Developer\ Projects/Phone\ in\ the\ Other\ Room/PhoneInTheOtherRoomApp/Views/Components/RitualReflectionInvitation.swift (in target 'PhoneInTheOtherRoom' from project 'PhoneInTheOtherRoom')
    cd /Users/ngawangchime/Desktop/Developer\ Projects/Phone\ in\ the\ Other\ Room


SwiftDriverJobDiscovery normal arm64 Compiling PersistenceService.swift, PhoneAwaySearchSettlement.swift, PhoneInTheOtherRoomApp.swift, PhoneNotificationService.swift, QuietTimeShieldSchedule.swift, QuietTimeShielding.swift, QuietTimeShieldingService.swift, RewardEngine.swift, RitualPersonalisationView.swift (in target 'PhoneInTheOtherRoom' from project 'PhoneInTheOtherRoom')

SwiftCompile normal arm64 Compiling\ PastureCharacterHitTarget.swift /Users/ngawangchime/Desktop/Developer\ Projects/Phone\ in\ the\ Other\ Room/PhoneInTheOtherRoomApp/Views/Components/PastureCharacterHitTarget.swift (in target 'PhoneInTheOtherRoom' from project 'PhoneInTheOtherRoom')
SwiftCompile normal arm64 /Users/ngawangchime/Desktop/Developer\ Projects/Phone\ in\ the\ Other\ Room/PhoneInTheOtherRoomApp/Views/Components/PastureCharacterHitTarget.swift (in target 'PhoneInTheOtherRoom' from project 'PhoneInTheOtherRoom')
    cd /Users/ngawangchime/Desktop/Developer\ Projects/Phone\ in\ the\ Other\ Room


SwiftDriverJobDiscovery normal x86_64 Compiling RitualReflectionInvitation.swift (in target 'PhoneInTheOtherRoom' from project 'PhoneInTheOtherRoom')

SwiftDriverJobDiscovery normal arm64 Compiling WindDownGuidanceTopicView.swift, WindDownGuideCard.swift, WindDownHabitHomeCard.swift, WindDownHabitReflectionCard.swift, WindDownHabitSupportEditor.swift, WindDownPhaseProgressView.swift, WindDownRoutineSequenceCard.swift, WindDownSchedulePreviews.swift, WindDownScheduleView.swift, WindDownStartSheet.swift, WindDownTagManagementCard.swift, WindDownTimingView.swift (in target 'PhoneInTheOtherRoom' from project 'PhoneInTheOtherRoom')

SwiftDriver\ Compilation PhoneInTheOtherRoom normal x86_64 com.apple.xcode.tools.swift.compiler (in target 'PhoneInTheOtherRoom' from project 'PhoneInTheOtherRoom')
    cd /Users/ngawangchime/Desktop/Developer\ Projects/Phone\ in\ the\ Other\ Room
    builtin-Swift-Compilation -- /Applications/Xcode.app/Contents/Developer/Toolchains/XcodeDefault.xctoolchain/usr/bin/swiftc -module-name Counting_Sheep -Onone @/tmp/counting-sheep-search-build/Build/Intermediates.noindex/PhoneInTheOtherRoom.build/Debug-iphonesimulator/PhoneInTheOtherRoom.build/Objects-normal/x86_64/Counting\ Sheep.SwiftFileList -DDEBUG -DSCREEN_TIME_REPORTS -enable-bare-slash-regex -enable-experimental-feature DebugDescriptionMacro -sdk /Applications/Xcode.app/Contents/Developer/Platforms/iPhoneSimulator.platform/Developer/SDKs/iPhoneSimulator26.5.sdk -target x86_64-apple-ios17.0-simulator -g -module-cache-path /tmp/counting-sheep-search-build/ModuleCache.noindex -Xfrontend -serialize-debugging-options -enable-testing -index-store-path /tmp/counting-sheep-search-build/Index.noindex/DataStore -Xcc -D_LIBCPP_HARDENING_MODE\=_LIBCPP_HARDENING_MODE_DEBUG -swift-version 5 -I /tmp/counting-sheep-search-build/Build/Products/Debug-iphonesimulator -F /tmp/counting-sheep-search-build/Build/Products/Debug-iphonesimulator/PackageFrameworks -F /tmp/counting-sheep-search-build/Build/Products/Debug-iphonesimulator/PackageFrameworks -F /tmp/counting-sheep-search-build/Build/Products/Debug-iphonesimulator/PackageFrameworks -F /tmp/counting-sheep-search-build/Build/Products/Debug-iphonesimulator/PackageFrameworks -F /tmp/counting-sheep-search-build/Build/Products/Debug-iphonesimulator/PackageFrameworks -F /tmp/counting-sheep-search-build/Build/Products/Debug-iphonesimulator/PackageFrameworks -F /tmp/counting-sheep-search-build/Build/Products/Debug-iphonesimulator/PackageFrameworks -F /tmp/counting-sheep-search-build/Build/Products/Debug-iphonesimulator/PackageFrameworks -F /tmp/counting-sheep-search-build/Build/Products/Debug-iphonesimulator/PackageFrameworks -F /tmp/counting-sheep-search-build/Build/Products/Debug-iphonesimulator/PackageFrameworks -F /tmp/counting-sheep-search-build/Build/Products/Debug-iphonesimulator/PackageFrameworks -F /tmp/counting-sheep-search-build/Build/Products/Debug-iphonesimulator/PackageFrameworks -F /tmp/counting-sheep-search-build/Build/Products/Debug-iphonesimulator/PackageFrameworks -F /tmp/counting-sheep-search-build/Build/Products/Debug-iphonesimulator/PackageFrameworks -F /tmp/counting-sheep-search-build/Build/Products/Debug-iphonesimulator -c -j8 -enable-batch-mode -incremental -Xcc -ivfsstatcache -Xcc /tmp/counting-sheep-search-build/SDKStatCaches.noindex/iphonesimulator26.5-23F81a-6cfe768891a92b912361537c460fe42b.sdkstatcache -output-file-map /tmp/counting-sheep-search-build/Build/Intermediates.noindex/PhoneInTheOtherRoom.build/Debug-iphonesimulator/PhoneInTheOtherRoom.build/Objects-normal/x86_64/PhoneInTheOtherRoom-OutputFileMap.json -use-frontend-parseable-output -save-temps -no-color-diagnostics -explicit-module-build -module-cache-path /tmp/counting-sheep-search-build/Build/Intermediates.noindex/SwiftExplicitPrecompiledModules -clang-scanner-module-cache-path /tmp/counting-sheep-search-build/ModuleCache.noindex -sdk-module-cache-path /tmp/counting-sheep-search-build/ModuleCache.noindex -serialize-diagnostics -emit-dependencies -emit-module -emit-module-path /tmp/counting-sheep-search-build/Build/Intermediates.noindex/PhoneInTheOtherRoom.build/Debug-iphonesimulator/PhoneInTheOtherRoom.build/Objects-normal/x86_64/Counting_Sheep.swiftmodule -validate-clang-modules-once -clang-build-session-file /tmp/counting-sheep-search-build/ModuleCache.noindex/Session.modulevalidation -Xcc -I/tmp/counting-sheep-search-build/Build/Intermediates.noindex/PhoneInTheOtherRoom.build/Debug-iphonesimulator/PhoneInTheOtherRoom.build/swift-overrides.hmap -emit-const-values -Xfrontend -const-gather-protocols-file -Xfrontend /tmp/counting-sheep-search-build/Build/Intermediates.noindex/PhoneInTheOtherRoom.build/Debug-iphonesimulator/PhoneInTheOtherRoom.build/Objects-normal/x86_64/PhoneInTheOtherRoom_const_extract_protocols.json -Xcc -iquote -Xcc /tmp/counting-sheep-search-build/Build/Intermediates.noindex/PhoneInTheOtherRoom.build/Debug-iphonesimulator/PhoneInTheOtherRoom.build/Counting\ Sheep-generated-files.hmap -Xcc -I/tmp/counting-sheep-search-build/Build/Intermediates.noindex/PhoneInTheOtherRoom.build/Debug-iphonesimulator/PhoneInTheOtherRoom.build/Counting\ Sheep-own-target-headers.hmap -Xcc -I/tmp/counting-sheep-search-build/Build/Intermediates.noindex/PhoneInTheOtherRoom.build/Debug-iphonesimulator/PhoneInTheOtherRoom.build/Counting\ Sheep-all-non-framework-target-headers.hmap -Xcc -ivfsoverlay -Xcc /tmp/counting-sheep-search-build/Build/Intermediates.noindex/PhoneInTheOtherRoom.build/Debug-iphonesimulator/PhoneInTheOtherRoom-d9a00fb94435e678319518e524e23875-VFS-iphonesimulator/all-product-headers.yaml -Xcc -iquote -Xcc /tmp/counting-sheep-search-build/Build/Intermediates.noindex/PhoneInTheOtherRoom.build/Debug-iphonesimulator/PhoneInTheOtherRoom.build/Counting\ Sheep-project-headers.hmap -Xcc -I/tmp/counting-sheep-search-build/Build/Products/Debug-iphonesimulator/include -Xcc -I/tmp/counting-sheep-search-build/Build/Intermediates.noindex/PhoneInTheOtherRoom.build/Debug-iphonesimulator/PhoneInTheOtherRoom.build/DerivedSources-normal/x86_64 -Xcc -I/tmp/counting-sheep-search-build/Build/Intermediates.noindex/PhoneInTheOtherRoom.build/Debug-iphonesimulator/PhoneInTheOtherRoom.build/DerivedSources/x86_64 -Xcc -I/tmp/counting-sheep-search-build/Build/Intermediates.noindex/PhoneInTheOtherRoom.build/Debug-iphonesimulator/PhoneInTheOtherRoom.build/DerivedSources -Xcc -DDEBUG\=1 -emit-objc-header -emit-objc-header-path /tmp/counting-sheep-search-build/Build/Intermediates.noindex/PhoneInTheOtherRoom.build/Debug-iphonesimulator/PhoneInTheOtherRoom.build/Objects-normal/x86_64/Counting_Sheep-Swift.h -working-directory /Users/ngawangchime/Desktop/Developer\ Projects/Phone\ in\ the\ Other\ Room -experimental-emit-module-separately -disable-cmo

Ld /tmp/counting-sheep-search-build/Build/Intermediates.noindex/PhoneInTheOtherRoom.build/Debug-watchsimulator/PhoneInTheOtherRoomWatchApp.build/Objects-normal/x86_64/Binary/Counting\ Sheep\ Watch.debug.dylib normal x86_64 (in target 'PhoneInTheOtherRoomWatchApp' from project 'PhoneInTheOtherRoom')
    cd /Users/ngawangchime/Desktop/Developer\ Projects/Phone\ in\ the\ Other\ Room
    /Applications/Xcode.app/Contents/Developer/Toolchains/XcodeDefault.xctoolchain/usr/bin/clang -Xlinker -reproducible -target x86_64-apple-watchos10.0-simulator -dynamiclib -isysroot /Applications/Xcode.app/Contents/Developer/Platforms/WatchSimulator.platform/Developer/SDKs/WatchSimulator26.5.sdk -O0 -L/tmp/counting-sheep-search-build/Build/Intermediates.noindex/EagerLinkingTBDs/Debug-watchsimulator -L/tmp/counting-sheep-search-build/Build/Products/Debug-watchsimulator -F/tmp/counting-sheep-search-build/Build/Intermediates.noindex/EagerLinkingTBDs/Debug-watchsimulator -F/tmp/counting-sheep-search-build/Build/Products/Debug-watchsimulator -filelist /tmp/counting-sheep-search-build/Build/Intermediates.noindex/PhoneInTheOtherRoom.build/Debug-watchsimulator/PhoneInTheOtherRoomWatchApp.build/Objects-normal/x86_64/Counting\ Sheep\ Watch.LinkFileList -install_name @rpath/Counting\ Sheep\ Watch.debug.dylib -Xlinker -rpath -Xlinker /usr/lib/swift -Xlinker -dead_strip -Xlinker -object_path_lto -Xlinker /tmp/counting-sheep-search-build/Build/Intermediates.noindex/PhoneInTheOtherRoom.build/Debug-watchsimulator/PhoneInTheOtherRoomWatchApp.build/Objects-normal/x86_64/Counting\ Sheep\ Watch_lto.o -rdynamic -Xlinker -no_deduplicate -Xlinker -objc_abi_version -Xlinker 2 -Xlinker -dependency_info -Xlinker /tmp/counting-sheep-search-build/Build/Intermediates.noindex/PhoneInTheOtherRoom.build/Debug-watchsimulator/PhoneInTheOtherRoomWatchApp.build/Objects-normal/x86_64/Counting\ Sheep\ Watch_dependency_info.dat -fobjc-link-runtime -L/Applications/Xcode.app/Contents/Developer/Toolchains/XcodeDefault.xctoolchain/usr/lib/swift/watchsimulator -L/usr/lib/swift -Xlinker -add_ast_path -Xlinker /tmp/counting-sheep-search-build/Build/Intermediates.noindex/PhoneInTheOtherRoom.build/Debug-watchsimulator/PhoneInTheOtherRoomWatchApp.build/Objects-normal/x86_64/Counting_Sheep_Watch.swiftmodule @/tmp/counting-sheep-search-build/Build/Intermediates.noindex/PhoneInTheOtherRoom.build/Debug-watchsimulator/PhoneInTheOtherRoomWatchApp.build/Objects-normal/x86_64/Counting_Sheep_Watch-linker-args.resp -Xlinker -alias -Xlinker _main -Xlinker ___debug_main_executable_dylib_entry_point -Xlinker -no_adhoc_codesign -o /tmp/counting-sheep-search-build/Build/Intermediates.noindex/PhoneInTheOtherRoom.build/Debug-watchsimulator/PhoneInTheOtherRoomWatchApp.build/Objects-normal/x86_64/Binary/Counting\ Sheep\ Watch.debug.dylib

Ld /tmp/counting-sheep-search-build/Build/Intermediates.noindex/PhoneInTheOtherRoom.build/Debug-watchsimulator/PhoneInTheOtherRoomWatchApp.build/Objects-normal/arm64/Binary/Counting\ Sheep\ Watch.debug.dylib normal arm64 (in target 'PhoneInTheOtherRoomWatchApp' from project 'PhoneInTheOtherRoom')
    cd /Users/ngawangchime/Desktop/Developer\ Projects/Phone\ in\ the\ Other\ Room
    /Applications/Xcode.app/Contents/Developer/Toolchains/XcodeDefault.xctoolchain/usr/bin/clang -Xlinker -reproducible -target arm64-apple-watchos10.0-simulator -dynamiclib -isysroot /Applications/Xcode.app/Contents/Developer/Platforms/WatchSimulator.platform/Developer/SDKs/WatchSimulator26.5.sdk -O0 -L/tmp/counting-sheep-search-build/Build/Intermediates.noindex/EagerLinkingTBDs/Debug-watchsimulator -L/tmp/counting-sheep-search-build/Build/Products/Debug-watchsimulator -F/tmp/counting-sheep-search-build/Build/Intermediates.noindex/EagerLinkingTBDs/Debug-watchsimulator -F/tmp/counting-sheep-search-build/Build/Products/Debug-watchsimulator -filelist /tmp/counting-sheep-search-build/Build/Intermediates.noindex/PhoneInTheOtherRoom.build/Debug-watchsimulator/PhoneInTheOtherRoomWatchApp.build/Objects-normal/arm64/Counting\ Sheep\ Watch.LinkFileList -install_name @rpath/Counting\ Sheep\ Watch.debug.dylib -Xlinker -rpath -Xlinker /usr/lib/swift -Xlinker -dead_strip -Xlinker -object_path_lto -Xlinker /tmp/counting-sheep-search-build/Build/Intermediates.noindex/PhoneInTheOtherRoom.build/Debug-watchsimulator/PhoneInTheOtherRoomWatchApp.build/Objects-normal/arm64/Counting\ Sheep\ Watch_lto.o -rdynamic -Xlinker -no_deduplicate -Xlinker -objc_abi_version -Xlinker 2 -Xlinker -dependency_info -Xlinker /tmp/counting-sheep-search-build/Build/Intermediates.noindex/PhoneInTheOtherRoom.build/Debug-watchsimulator/PhoneInTheOtherRoomWatchApp.build/Objects-normal/arm64/Counting\ Sheep\ Watch_dependency_info.dat -fobjc-link-runtime -L/Applications/Xcode.app/Contents/Developer/Toolchains/XcodeDefault.xctoolchain/usr/lib/swift/watchsimulator -L/usr/lib/swift -Xlinker -add_ast_path -Xlinker /tmp/counting-sheep-search-build/Build/Intermediates.noindex/PhoneInTheOtherRoom.build/Debug-watchsimulator/PhoneInTheOtherRoomWatchApp.build/Objects-normal/arm64/Counting_Sheep_Watch.swiftmodule @/tmp/counting-sheep-search-build/Build/Intermediates.noindex/PhoneInTheOtherRoom.build/Debug-watchsimulator/PhoneInTheOtherRoomWatchApp.build/Objects-normal/arm64/Counting_Sheep_Watch-linker-args.resp -Xlinker -alias -Xlinker _main -Xlinker ___debug_main_executable_dylib_entry_point -Xlinker -no_adhoc_codesign -o /tmp/counting-sheep-search-build/Build/Intermediates.noindex/PhoneInTheOtherRoom.build/Debug-watchsimulator/PhoneInTheOtherRoomWatchApp.build/Objects-normal/arm64/Binary/Counting\ Sheep\ Watch.debug.dylib

ConstructStubExecutorLinkFileList /tmp/counting-sheep-search-build/Build/Intermediates.noindex/PhoneInTheOtherRoom.build/Debug-watchsimulator/PhoneInTheOtherRoomWatchApp.build/Counting\ Sheep\ Watch-ExecutorLinkFileList-normal-x86_64.txt (in target 'PhoneInTheOtherRoomWatchApp' from project 'PhoneInTheOtherRoom')
    cd /Users/ngawangchime/Desktop/Developer\ Projects/Phone\ in\ the\ Other\ Room
    construct-stub-executor-link-file-list /tmp/counting-sheep-search-build/Build/Intermediates.noindex/PhoneInTheOtherRoom.build/Debug-watchsimulator/PhoneInTheOtherRoomWatchApp.build/Objects-normal/x86_64/Binary/Counting\ Sheep\ Watch.debug.dylib /Applications/Xcode.app/Contents/Developer/Platforms/WatchSimulator.platform/Developer/usr/lib/libPreviewsJITStubExecutor_no_swift_entry_point.a /Applications/Xcode.app/Contents/Developer/Platforms/WatchSimulator.platform/Developer/usr/lib/libPreviewsJITStubExecutor.a --output /tmp/counting-sheep-search-build/Build/Intermediates.noindex/PhoneInTheOtherRoom.build/Debug-watchsimulator/PhoneInTheOtherRoomWatchApp.build/Counting\ Sheep\ Watch-ExecutorLinkFileList-normal-x86_64.txt
note: Using stub executor library with Swift entry point. (in target 'PhoneInTheOtherRoomWatchApp' from project 'PhoneInTheOtherRoom')

CreateUniversalBinary /tmp/counting-sheep-search-build/Build/Products/Debug-watchsimulator/Counting\ Sheep\ Watch.app/Counting\ Sheep\ Watch.debug.dylib normal arm64\ x86_64 (in target 'PhoneInTheOtherRoomWatchApp' from project 'PhoneInTheOtherRoom')
    cd /Users/ngawangchime/Desktop/Developer\ Projects/Phone\ in\ the\ Other\ Room
    /Applications/Xcode.app/Contents/Developer/Toolchains/XcodeDefault.xctoolchain/usr/bin/lipo -create /tmp/counting-sheep-search-build/Build/Intermediates.noindex/PhoneInTheOtherRoom.build/Debug-watchsimulator/PhoneInTheOtherRoomWatchApp.build/Objects-normal/arm64/Binary/Counting\ Sheep\ Watch.debug.dylib /tmp/counting-sheep-search-build/Build/Intermediates.noindex/PhoneInTheOtherRoom.build/Debug-watchsimulator/PhoneInTheOtherRoomWatchApp.build/Objects-normal/x86_64/Binary/Counting\ Sheep\ Watch.debug.dylib -output /tmp/counting-sheep-search-build/Build/Products/Debug-watchsimulator/Counting\ Sheep\ Watch.app/Counting\ Sheep\ Watch.debug.dylib

Ld /tmp/counting-sheep-search-build/Build/Intermediates.noindex/PhoneInTheOtherRoom.build/Debug-watchsimulator/PhoneInTheOtherRoomWatchApp.build/Objects-normal/x86_64/Binary/Counting\ Sheep\ Watch normal x86_64 (in target 'PhoneInTheOtherRoomWatchApp' from project 'PhoneInTheOtherRoom')
    cd /Users/ngawangchime/Desktop/Developer\ Projects/Phone\ in\ the\ Other\ Room
    /Applications/Xcode.app/Contents/Developer/Toolchains/XcodeDefault.xctoolchain/usr/bin/clang -Xlinker -reproducible -target x86_64-apple-watchos10.0-simulator -isysroot /Applications/Xcode.app/Contents/Developer/Platforms/WatchSimulator.platform/Developer/SDKs/WatchSimulator26.5.sdk -O0 -L/tmp/counting-sheep-search-build/Build/Products/Debug-watchsimulator -F/tmp/counting-sheep-search-build/Build/Products/Debug-watchsimulator -Xlinker -rpath -Xlinker @executable_path -rdynamic -Xlinker -no_deduplicate -Xlinker -objc_abi_version -Xlinker 2 -e ___debug_blank_executor_main -Xlinker -sectcreate -Xlinker __TEXT -Xlinker __debug_dylib -Xlinker /tmp/counting-sheep-search-build/Build/Intermediates.noindex/PhoneInTheOtherRoom.build/Debug-watchsimulator/PhoneInTheOtherRoomWatchApp.build/Counting\ Sheep\ Watch-DebugDylibPath-normal-x86_64.txt -Xlinker -sectcreate -Xlinker __TEXT -Xlinker __debug_instlnm -Xlinker /tmp/counting-sheep-search-build/Build/Intermediates.noindex/PhoneInTheOtherRoom.build/Debug-watchsimulator/PhoneInTheOtherRoomWatchApp.build/Counting\ Sheep\ Watch-DebugDylibInstallName-normal-x86_64.txt -Xlinker -filelist -Xlinker /tmp/counting-sheep-search-build/Build/Intermediates.noindex/PhoneInTheOtherRoom.build/Debug-watchsimulator/PhoneInTheOtherRoomWatchApp.build/Counting\ Sheep\ Watch-ExecutorLinkFileList-normal-x86_64.txt -Xlinker -sectcreate -Xlinker __TEXT -Xlinker __entitlements -Xlinker /tmp/counting-sheep-search-build/Build/Intermediates.noindex/PhoneInTheOtherRoom.build/Debug-watchsimulator/PhoneInTheOtherRoomWatchApp.build/Counting\ Sheep\ Watch.app-Simulated.xcent -Xlinker -sectcreate -Xlinker __TEXT -Xlinker __ents_der -Xlinker /tmp/counting-sheep-search-build/Build/Intermediates.noindex/PhoneInTheOtherRoom.build/Debug-watchsimulator/PhoneInTheOtherRoomWatchApp.build/Counting\ Sheep\ Watch.app-Simulated.xcent.der /tmp/counting-sheep-search-build/Build/Intermediates.noindex/PhoneInTheOtherRoom.build/Debug-watchsimulator/PhoneInTheOtherRoomWatchApp.build/Objects-normal/x86_64/Binary/Counting\ Sheep\ Watch.debug.dylib -Xlinker -no_adhoc_codesign -o /tmp/counting-sheep-search-build/Build/Intermediates.noindex/PhoneInTheOtherRoom.build/Debug-watchsimulator/PhoneInTheOtherRoomWatchApp.build/Objects-normal/x86_64/Binary/Counting\ Sheep\ Watch

ConstructStubExecutorLinkFileList /tmp/counting-sheep-search-build/Build/Intermediates.noindex/PhoneInTheOtherRoom.build/Debug-watchsimulator/PhoneInTheOtherRoomWatchApp.build/Counting\ Sheep\ Watch-ExecutorLinkFileList-normal-arm64.txt (in target 'PhoneInTheOtherRoomWatchApp' from project 'PhoneInTheOtherRoom')
    cd /Users/ngawangchime/Desktop/Developer\ Projects/Phone\ in\ the\ Other\ Room
    construct-stub-executor-link-file-list /tmp/counting-sheep-search-build/Build/Intermediates.noindex/PhoneInTheOtherRoom.build/Debug-watchsimulator/PhoneInTheOtherRoomWatchApp.build/Objects-normal/arm64/Binary/Counting\ Sheep\ Watch.debug.dylib /Applications/Xcode.app/Contents/Developer/Platforms/WatchSimulator.platform/Developer/usr/lib/libPreviewsJITStubExecutor_no_swift_entry_point.a /Applications/Xcode.app/Contents/Developer/Platforms/WatchSimulator.platform/Developer/usr/lib/libPreviewsJITStubExecutor.a --output /tmp/counting-sheep-search-build/Build/Intermediates.noindex/PhoneInTheOtherRoom.build/Debug-watchsimulator/PhoneInTheOtherRoomWatchApp.build/Counting\ Sheep\ Watch-ExecutorLinkFileList-normal-arm64.txt
note: Using stub executor library with Swift entry point. (in target 'PhoneInTheOtherRoomWatchApp' from project 'PhoneInTheOtherRoom')

Ld /tmp/counting-sheep-search-build/Build/Intermediates.noindex/PhoneInTheOtherRoom.build/Debug-iphonesimulator/PhoneInTheOtherRoomScreenTimeReport.build/Objects-normal/x86_64/Binary/Counting\ Sheep\ Screen\ Time\ Report.debug.dylib normal x86_64 (in target 'PhoneInTheOtherRoomScreenTimeReport' from project 'PhoneInTheOtherRoom')
    cd /Users/ngawangchime/Desktop/Developer\ Projects/Phone\ in\ the\ Other\ Room
    /Applications/Xcode.app/Contents/Developer/Toolchains/XcodeDefault.xctoolchain/usr/bin/clang -Xlinker -reproducible -target x86_64-apple-ios17.0-simulator -dynamiclib -isysroot /Applications/Xcode.app/Contents/Developer/Platforms/iPhoneSimulator.platform/Developer/SDKs/iPhoneSimulator26.5.sdk -O0 -L/tmp/counting-sheep-search-build/Build/Intermediates.noindex/EagerLinkingTBDs/Debug-iphonesimulator -L/tmp/counting-sheep-search-build/Build/Products/Debug-iphonesimulator -F/tmp/counting-sheep-search-build/Build/Intermediates.noindex/EagerLinkingTBDs/Debug-iphonesimulator -F/tmp/counting-sheep-search-build/Build/Products/Debug-iphonesimulator -filelist /tmp/counting-sheep-search-build/Build/Intermediates.noindex/PhoneInTheOtherRoom.build/Debug-iphonesimulator/PhoneInTheOtherRoomScreenTimeReport.build/Objects-normal/x86_64/Counting\ Sheep\ Screen\ Time\ Report.LinkFileList -install_name @rpath/Counting\ Sheep\ Screen\ Time\ Report.debug.dylib -Xlinker -rpath -Xlinker /usr/lib/swift -Xlinker -rpath -Xlinker @executable_path/Frameworks -Xlinker -dead_strip -Xlinker -object_path_lto -Xlinker /tmp/counting-sheep-search-build/Build/Intermediates.noindex/PhoneInTheOtherRoom.build/Debug-iphonesimulator/PhoneInTheOtherRoomScreenTimeReport.build/Objects-normal/x86_64/Counting\ Sheep\ Screen\ Time\ Report_lto.o -rdynamic -Xlinker -no_deduplicate -Xlinker -objc_abi_version -Xlinker 2 -Xlinker -dependency_info -Xlinker /tmp/counting-sheep-search-build/Build/Intermediates.noindex/PhoneInTheOtherRoom.build/Debug-iphonesimulator/PhoneInTheOtherRoomScreenTimeReport.build/Objects-normal/x86_64/Counting\ Sheep\ Screen\ Time\ Report_dependency_info.dat -fapplication-extension -fobjc-link-runtime -L/Applications/Xcode.app/Contents/Developer/Toolchains/XcodeDefault.xctoolchain/usr/lib/swift/iphonesimulator -L/usr/lib/swift -Xlinker -add_ast_path -Xlinker /tmp/counting-sheep-search-build/Build/Intermediates.noindex/PhoneInTheOtherRoom.build/Debug-iphonesimulator/PhoneInTheOtherRoomScreenTimeReport.build/Objects-normal/x86_64/Counting_Sheep_Screen_Time_Report.swiftmodule @/tmp/counting-sheep-search-build/Build/Intermediates.noindex/PhoneInTheOtherRoom.build/Debug-iphonesimulator/PhoneInTheOtherRoomScreenTimeReport.build/Objects-normal/x86_64/Counting_Sheep_Screen_Time_Report-linker-args.resp -Xlinker -alias -Xlinker _NSExtensionMain -Xlinker ___debug_main_executable_dylib_entry_point -Xlinker -no_adhoc_codesign -o /tmp/counting-sheep-search-build/Build/Intermediates.noindex/PhoneInTheOtherRoom.build/Debug-iphonesimulator/PhoneInTheOtherRoomScreenTimeReport.build/Objects-normal/x86_64/Binary/Counting\ Sheep\ Screen\ Time\ Report.debug.dylib

Ld /tmp/counting-sheep-search-build/Build/Intermediates.noindex/PhoneInTheOtherRoom.build/Debug-watchsimulator/PhoneInTheOtherRoomWatchApp.build/Objects-normal/arm64/Binary/Counting\ Sheep\ Watch normal arm64 (in target 'PhoneInTheOtherRoomWatchApp' from project 'PhoneInTheOtherRoom')
    cd /Users/ngawangchime/Desktop/Developer\ Projects/Phone\ in\ the\ Other\ Room
    /Applications/Xcode.app/Contents/Developer/Toolchains/XcodeDefault.xctoolchain/usr/bin/clang -Xlinker -reproducible -target arm64-apple-watchos10.0-simulator -isysroot /Applications/Xcode.app/Contents/Developer/Platforms/WatchSimulator.platform/Developer/SDKs/WatchSimulator26.5.sdk -O0 -L/tmp/counting-sheep-search-build/Build/Products/Debug-watchsimulator -F/tmp/counting-sheep-search-build/Build/Products/Debug-watchsimulator -Xlinker -rpath -Xlinker @executable_path -rdynamic -Xlinker -no_deduplicate -Xlinker -objc_abi_version -Xlinker 2 -e ___debug_blank_executor_main -Xlinker -sectcreate -Xlinker __TEXT -Xlinker __debug_dylib -Xlinker /tmp/counting-sheep-search-build/Build/Intermediates.noindex/PhoneInTheOtherRoom.build/Debug-watchsimulator/PhoneInTheOtherRoomWatchApp.build/Counting\ Sheep\ Watch-DebugDylibPath-normal-arm64.txt -Xlinker -sectcreate -Xlinker __TEXT -Xlinker __debug_instlnm -Xlinker /tmp/counting-sheep-search-build/Build/Intermediates.noindex/PhoneInTheOtherRoom.build/Debug-watchsimulator/PhoneInTheOtherRoomWatchApp.build/Counting\ Sheep\ Watch-DebugDylibInstallName-normal-arm64.txt -Xlinker -filelist -Xlinker /tmp/counting-sheep-search-build/Build/Intermediates.noindex/PhoneInTheOtherRoom.build/Debug-watchsimulator/PhoneInTheOtherRoomWatchApp.build/Counting\ Sheep\ Watch-ExecutorLinkFileList-normal-arm64.txt -Xlinker -sectcreate -Xlinker __TEXT -Xlinker __entitlements -Xlinker /tmp/counting-sheep-search-build/Build/Intermediates.noindex/PhoneInTheOtherRoom.build/Debug-watchsimulator/PhoneInTheOtherRoomWatchApp.build/Counting\ Sheep\ Watch.app-Simulated.xcent -Xlinker -sectcreate -Xlinker __TEXT -Xlinker __ents_der -Xlinker /tmp/counting-sheep-search-build/Build/Intermediates.noindex/PhoneInTheOtherRoom.build/Debug-watchsimulator/PhoneInTheOtherRoomWatchApp.build/Counting\ Sheep\ Watch.app-Simulated.xcent.der /tmp/counting-sheep-search-build/Build/Intermediates.noindex/PhoneInTheOtherRoom.build/Debug-watchsimulator/PhoneInTheOtherRoomWatchApp.build/Objects-normal/arm64/Binary/Counting\ Sheep\ Watch.debug.dylib -Xlinker -no_adhoc_codesign -o /tmp/counting-sheep-search-build/Build/Intermediates.noindex/PhoneInTheOtherRoom.build/Debug-watchsimulator/PhoneInTheOtherRoomWatchApp.build/Objects-normal/arm64/Binary/Counting\ Sheep\ Watch

Ld /tmp/counting-sheep-search-build/Build/Intermediates.noindex/PhoneInTheOtherRoom.build/Debug-iphonesimulator/PhoneInTheOtherRoomScreenTimeReport.build/Objects-normal/arm64/Binary/Counting\ Sheep\ Screen\ Time\ Report.debug.dylib normal arm64 (in target 'PhoneInTheOtherRoomScreenTimeReport' from project 'PhoneInTheOtherRoom')
    cd /Users/ngawangchime/Desktop/Developer\ Projects/Phone\ in\ the\ Other\ Room
    /Applications/Xcode.app/Contents/Developer/Toolchains/XcodeDefault.xctoolchain/usr/bin/clang -Xlinker -reproducible -target arm64-apple-ios17.0-simulator -dynamiclib -isysroot /Applications/Xcode.app/Contents/Developer/Platforms/iPhoneSimulator.platform/Developer/SDKs/iPhoneSimulator26.5.sdk -O0 -L/tmp/counting-sheep-search-build/Build/Intermediates.noindex/EagerLinkingTBDs/Debug-iphonesimulator -L/tmp/counting-sheep-search-build/Build/Products/Debug-iphonesimulator -F/tmp/counting-sheep-search-build/Build/Intermediates.noindex/EagerLinkingTBDs/Debug-iphonesimulator -F/tmp/counting-sheep-search-build/Build/Products/Debug-iphonesimulator -filelist /tmp/counting-sheep-search-build/Build/Intermediates.noindex/PhoneInTheOtherRoom.build/Debug-iphonesimulator/PhoneInTheOtherRoomScreenTimeReport.build/Objects-normal/arm64/Counting\ Sheep\ Screen\ Time\ Report.LinkFileList -install_name @rpath/Counting\ Sheep\ Screen\ Time\ Report.debug.dylib -Xlinker -rpath -Xlinker /usr/lib/swift -Xlinker -rpath -Xlinker @executable_path/Frameworks -Xlinker -dead_strip -Xlinker -object_path_lto -Xlinker /tmp/counting-sheep-search-build/Build/Intermediates.noindex/PhoneInTheOtherRoom.build/Debug-iphonesimulator/PhoneInTheOtherRoomScreenTimeReport.build/Objects-normal/arm64/Counting\ Sheep\ Screen\ Time\ Report_lto.o -rdynamic -Xlinker -no_deduplicate -Xlinker -objc_abi_version -Xlinker 2 -Xlinker -dependency_info -Xlinker /tmp/counting-sheep-search-build/Build/Intermediates.noindex/PhoneInTheOtherRoom.build/Debug-iphonesimulator/PhoneInTheOtherRoomScreenTimeReport.build/Objects-normal/arm64/Counting\ Sheep\ Screen\ Time\ Report_dependency_info.dat -fapplication-extension -fobjc-link-runtime -L/Applications/Xcode.app/Contents/Developer/Toolchains/XcodeDefault.xctoolchain/usr/lib/swift/iphonesimulator -L/usr/lib/swift -Xlinker -add_ast_path -Xlinker /tmp/counting-sheep-search-build/Build/Intermediates.noindex/PhoneInTheOtherRoom.build/Debug-iphonesimulator/PhoneInTheOtherRoomScreenTimeReport.build/Objects-normal/arm64/Counting_Sheep_Screen_Time_Report.swiftmodule @/tmp/counting-sheep-search-build/Build/Intermediates.noindex/PhoneInTheOtherRoom.build/Debug-iphonesimulator/PhoneInTheOtherRoomScreenTimeReport.build/Objects-normal/arm64/Counting_Sheep_Screen_Time_Report-linker-args.resp -Xlinker -alias -Xlinker _NSExtensionMain -Xlinker ___debug_main_executable_dylib_entry_point -Xlinker -no_adhoc_codesign -o /tmp/counting-sheep-search-build/Build/Intermediates.noindex/PhoneInTheOtherRoom.build/Debug-iphonesimulator/PhoneInTheOtherRoomScreenTimeReport.build/Objects-normal/arm64/Binary/Counting\ Sheep\ Screen\ Time\ Report.debug.dylib

CreateUniversalBinary /tmp/counting-sheep-search-build/Build/Products/Debug-watchsimulator/Counting\ Sheep\ Watch.app/Counting\ Sheep\ Watch normal arm64\ x86_64 (in target 'PhoneInTheOtherRoomWatchApp' from project 'PhoneInTheOtherRoom')
    cd /Users/ngawangchime/Desktop/Developer\ Projects/Phone\ in\ the\ Other\ Room
    /Applications/Xcode.app/Contents/Developer/Toolchains/XcodeDefault.xctoolchain/usr/bin/lipo -create /tmp/counting-sheep-search-build/Build/Intermediates.noindex/PhoneInTheOtherRoom.build/Debug-watchsimulator/PhoneInTheOtherRoomWatchApp.build/Objects-normal/arm64/Binary/Counting\ Sheep\ Watch /tmp/counting-sheep-search-build/Build/Intermediates.noindex/PhoneInTheOtherRoom.build/Debug-watchsimulator/PhoneInTheOtherRoomWatchApp.build/Objects-normal/x86_64/Binary/Counting\ Sheep\ Watch -output /tmp/counting-sheep-search-build/Build/Products/Debug-watchsimulator/Counting\ Sheep\ Watch.app/Counting\ Sheep\ Watch

CreateUniversalBinary /tmp/counting-sheep-search-build/Build/Products/Debug-iphonesimulator/Counting\ Sheep\ Screen\ Time\ Report.appex/Counting\ Sheep\ Screen\ Time\ Report.debug.dylib normal arm64\ x86_64 (in target 'PhoneInTheOtherRoomScreenTimeReport' from project 'PhoneInTheOtherRoom')
    cd /Users/ngawangchime/Desktop/Developer\ Projects/Phone\ in\ the\ Other\ Room
    /Applications/Xcode.app/Contents/Developer/Toolchains/XcodeDefault.xctoolchain/usr/bin/lipo -create /tmp/counting-sheep-search-build/Build/Intermediates.noindex/PhoneInTheOtherRoom.build/Debug-iphonesimulator/PhoneInTheOtherRoomScreenTimeReport.build/Objects-normal/arm64/Binary/Counting\ Sheep\ Screen\ Time\ Report.debug.dylib /tmp/counting-sheep-search-build/Build/Intermediates.noindex/PhoneInTheOtherRoom.build/Debug-iphonesimulator/PhoneInTheOtherRoomScreenTimeReport.build/Objects-normal/x86_64/Binary/Counting\ Sheep\ Screen\ Time\ Report.debug.dylib -output /tmp/counting-sheep-search-build/Build/Products/Debug-iphonesimulator/Counting\ Sheep\ Screen\ Time\ Report.appex/Counting\ Sheep\ Screen\ Time\ Report.debug.dylib

ConstructStubExecutorLinkFileList /tmp/counting-sheep-search-build/Build/Intermediates.noindex/PhoneInTheOtherRoom.build/Debug-iphonesimulator/PhoneInTheOtherRoomScreenTimeReport.build/Counting\ Sheep\ Screen\ Time\ Report-ExecutorLinkFileList-normal-x86_64.txt (in target 'PhoneInTheOtherRoomScreenTimeReport' from project 'PhoneInTheOtherRoom')
    cd /Users/ngawangchime/Desktop/Developer\ Projects/Phone\ in\ the\ Other\ Room
    construct-stub-executor-link-file-list /tmp/counting-sheep-search-build/Build/Intermediates.noindex/PhoneInTheOtherRoom.build/Debug-iphonesimulator/PhoneInTheOtherRoomScreenTimeReport.build/Objects-normal/x86_64/Binary/Counting\ Sheep\ Screen\ Time\ Report.debug.dylib /Applications/Xcode.app/Contents/Developer/Platforms/iPhoneSimulator.platform/Developer/usr/lib/libPreviewsJITStubExecutor_no_swift_entry_point.a /Applications/Xcode.app/Contents/Developer/Platforms/iPhoneSimulator.platform/Developer/usr/lib/libPreviewsJITStubExecutor.a --output /tmp/counting-sheep-search-build/Build/Intermediates.noindex/PhoneInTheOtherRoom.build/Debug-iphonesimulator/PhoneInTheOtherRoomScreenTimeReport.build/Counting\ Sheep\ Screen\ Time\ Report-ExecutorLinkFileList-normal-x86_64.txt
note: Using stub executor library with Swift entry point. (in target 'PhoneInTheOtherRoomScreenTimeReport' from project 'PhoneInTheOtherRoom')

ConstructStubExecutorLinkFileList /tmp/counting-sheep-search-build/Build/Intermediates.noindex/PhoneInTheOtherRoom.build/Debug-iphonesimulator/PhoneInTheOtherRoomScreenTimeReport.build/Counting\ Sheep\ Screen\ Time\ Report-ExecutorLinkFileList-normal-arm64.txt (in target 'PhoneInTheOtherRoomScreenTimeReport' from project 'PhoneInTheOtherRoom')
    cd /Users/ngawangchime/Desktop/Developer\ Projects/Phone\ in\ the\ Other\ Room
    construct-stub-executor-link-file-list /tmp/counting-sheep-search-build/Build/Intermediates.noindex/PhoneInTheOtherRoom.build/Debug-iphonesimulator/PhoneInTheOtherRoomScreenTimeReport.build/Objects-normal/arm64/Binary/Counting\ Sheep\ Screen\ Time\ Report.debug.dylib /Applications/Xcode.app/Contents/Developer/Platforms/iPhoneSimulator.platform/Developer/usr/lib/libPreviewsJITStubExecutor_no_swift_entry_point.a /Applications/Xcode.app/Contents/Developer/Platforms/iPhoneSimulator.platform/Developer/usr/lib/libPreviewsJITStubExecutor.a --output /tmp/counting-sheep-search-build/Build/Intermediates.noindex/PhoneInTheOtherRoom.build/Debug-iphonesimulator/PhoneInTheOtherRoomScreenTimeReport.build/Counting\ Sheep\ Screen\ Time\ Report-ExecutorLinkFileList-normal-arm64.txt
note: Using stub executor library with Swift entry point. (in target 'PhoneInTheOtherRoomScreenTimeReport' from project 'PhoneInTheOtherRoom')

Ld /tmp/counting-sheep-search-build/Build/Intermediates.noindex/PhoneInTheOtherRoom.build/Debug-iphonesimulator/PhoneInTheOtherRoomScreenTimeReport.build/Objects-normal/x86_64/Binary/Counting\ Sheep\ Screen\ Time\ Report normal x86_64 (in target 'PhoneInTheOtherRoomScreenTimeReport' from project 'PhoneInTheOtherRoom')
    cd /Users/ngawangchime/Desktop/Developer\ Projects/Phone\ in\ the\ Other\ Room
    /Applications/Xcode.app/Contents/Developer/Toolchains/XcodeDefault.xctoolchain/usr/bin/clang -Xlinker -reproducible -target x86_64-apple-ios17.0-simulator -isysroot /Applications/Xcode.app/Contents/Developer/Platforms/iPhoneSimulator.platform/Developer/SDKs/iPhoneSimulator26.5.sdk -O0 -L/tmp/counting-sheep-search-build/Build/Products/Debug-iphonesimulator -F/tmp/counting-sheep-search-build/Build/Products/Debug-iphonesimulator -Xlinker -rpath -Xlinker @executable_path -Xlinker -rpath -Xlinker @executable_path/Frameworks -rdynamic -Xlinker -no_deduplicate -Xlinker -objc_abi_version -Xlinker 2 -e ___debug_blank_executor_main -Xlinker -sectcreate -Xlinker __TEXT -Xlinker __debug_dylib -Xlinker /tmp/counting-sheep-search-build/Build/Intermediates.noindex/PhoneInTheOtherRoom.build/Debug-iphonesimulator/PhoneInTheOtherRoomScreenTimeReport.build/Counting\ Sheep\ Screen\ Time\ Report-DebugDylibPath-normal-x86_64.txt -Xlinker -sectcreate -Xlinker __TEXT -Xlinker __debug_entry -Xlinker /tmp/counting-sheep-search-build/Build/Intermediates.noindex/PhoneInTheOtherRoom.build/Debug-iphonesimulator/PhoneInTheOtherRoomScreenTimeReport.build/Counting\ Sheep\ Screen\ Time\ Report-DebugEntryPoint-normal-x86_64.txt -Xlinker -sectcreate -Xlinker __TEXT -Xlinker __debug_instlnm -Xlinker /tmp/counting-sheep-search-build/Build/Intermediates.noindex/PhoneInTheOtherRoom.build/Debug-iphonesimulator/PhoneInTheOtherRoomScreenTimeReport.build/Counting\ Sheep\ Screen\ Time\ Report-DebugDylibInstallName-normal-x86_64.txt -Xlinker -filelist -Xlinker /tmp/counting-sheep-search-build/Build/Intermediates.noindex/PhoneInTheOtherRoom.build/Debug-iphonesimulator/PhoneInTheOtherRoomScreenTimeReport.build/Counting\ Sheep\ Screen\ Time\ Report-ExecutorLinkFileList-normal-x86_64.txt -Xlinker -sectcreate -Xlinker __TEXT -Xlinker __entitlements -Xlinker /tmp/counting-sheep-search-build/Build/Intermediates.noindex/PhoneInTheOtherRoom.build/Debug-iphonesimulator/PhoneInTheOtherRoomScreenTimeReport.build/Counting\ Sheep\ Screen\ Time\ Report.appex-Simulated.xcent -Xlinker -sectcreate -Xlinker __TEXT -Xlinker __ents_der -Xlinker /tmp/counting-sheep-search-build/Build/Intermediates.noindex/PhoneInTheOtherRoom.build/Debug-iphonesimulator/PhoneInTheOtherRoomScreenTimeReport.build/Counting\ Sheep\ Screen\ Time\ Report.appex-Simulated.xcent.der /tmp/counting-sheep-search-build/Build/Intermediates.noindex/PhoneInTheOtherRoom.build/Debug-iphonesimulator/PhoneInTheOtherRoomScreenTimeReport.build/Objects-normal/x86_64/Binary/Counting\ Sheep\ Screen\ Time\ Report.debug.dylib -Xlinker -no_adhoc_codesign -o /tmp/counting-sheep-search-build/Build/Intermediates.noindex/PhoneInTheOtherRoom.build/Debug-iphonesimulator/PhoneInTheOtherRoomScreenTimeReport.build/Objects-normal/x86_64/Binary/Counting\ Sheep\ Screen\ Time\ Report

Ld /tmp/counting-sheep-search-build/Build/Intermediates.noindex/PhoneInTheOtherRoom.build/Debug-iphonesimulator/PhoneInTheOtherRoomScreenTimeReport.build/Objects-normal/arm64/Binary/Counting\ Sheep\ Screen\ Time\ Report normal arm64 (in target 'PhoneInTheOtherRoomScreenTimeReport' from project 'PhoneInTheOtherRoom')
    cd /Users/ngawangchime/Desktop/Developer\ Projects/Phone\ in\ the\ Other\ Room
    /Applications/Xcode.app/Contents/Developer/Toolchains/XcodeDefault.xctoolchain/usr/bin/clang -Xlinker -reproducible -target arm64-apple-ios17.0-simulator -isysroot /Applications/Xcode.app/Contents/Developer/Platforms/iPhoneSimulator.platform/Developer/SDKs/iPhoneSimulator26.5.sdk -O0 -L/tmp/counting-sheep-search-build/Build/Products/Debug-iphonesimulator -F/tmp/counting-sheep-search-build/Build/Products/Debug-iphonesimulator -Xlinker -rpath -Xlinker @executable_path -Xlinker -rpath -Xlinker @executable_path/Frameworks -rdynamic -Xlinker -no_deduplicate -Xlinker -objc_abi_version -Xlinker 2 -e ___debug_blank_executor_main -Xlinker -sectcreate -Xlinker __TEXT -Xlinker __debug_dylib -Xlinker /tmp/counting-sheep-search-build/Build/Intermediates.noindex/PhoneInTheOtherRoom.build/Debug-iphonesimulator/PhoneInTheOtherRoomScreenTimeReport.build/Counting\ Sheep\ Screen\ Time\ Report-DebugDylibPath-normal-arm64.txt -Xlinker -sectcreate -Xlinker __TEXT -Xlinker __debug_entry -Xlinker /tmp/counting-sheep-search-build/Build/Intermediates.noindex/PhoneInTheOtherRoom.build/Debug-iphonesimulator/PhoneInTheOtherRoomScreenTimeReport.build/Counting\ Sheep\ Screen\ Time\ Report-DebugEntryPoint-normal-arm64.txt -Xlinker -sectcreate -Xlinker __TEXT -Xlinker __debug_instlnm -Xlinker /tmp/counting-sheep-search-build/Build/Intermediates.noindex/PhoneInTheOtherRoom.build/Debug-iphonesimulator/PhoneInTheOtherRoomScreenTimeReport.build/Counting\ Sheep\ Screen\ Time\ Report-DebugDylibInstallName-normal-arm64.txt -Xlinker -filelist -Xlinker /tmp/counting-sheep-search-build/Build/Intermediates.noindex/PhoneInTheOtherRoom.build/Debug-iphonesimulator/PhoneInTheOtherRoomScreenTimeReport.build/Counting\ Sheep\ Screen\ Time\ Report-ExecutorLinkFileList-normal-arm64.txt -Xlinker -sectcreate -Xlinker __TEXT -Xlinker __entitlements -Xlinker /tmp/counting-sheep-search-build/Build/Intermediates.noindex/PhoneInTheOtherRoom.build/Debug-iphonesimulator/PhoneInTheOtherRoomScreenTimeReport.build/Counting\ Sheep\ Screen\ Time\ Report.appex-Simulated.xcent -Xlinker -sectcreate -Xlinker __TEXT -Xlinker __ents_der -Xlinker /tmp/counting-sheep-search-build/Build/Intermediates.noindex/PhoneInTheOtherRoom.build/Debug-iphonesimulator/PhoneInTheOtherRoomScreenTimeReport.build/Counting\ Sheep\ Screen\ Time\ Report.appex-Simulated.xcent.der /tmp/counting-sheep-search-build/Build/Intermediates.noindex/PhoneInTheOtherRoom.build/Debug-iphonesimulator/PhoneInTheOtherRoomScreenTimeReport.build/Objects-normal/arm64/Binary/Counting\ Sheep\ Screen\ Time\ Report.debug.dylib -Xlinker -no_adhoc_codesign -o /tmp/counting-sheep-search-build/Build/Intermediates.noindex/PhoneInTheOtherRoom.build/Debug-iphonesimulator/PhoneInTheOtherRoomScreenTimeReport.build/Objects-normal/arm64/Binary/Counting\ Sheep\ Screen\ Time\ Report

Ld /tmp/counting-sheep-search-build/Build/Intermediates.noindex/PhoneInTheOtherRoom.build/Debug-iphonesimulator/PhoneInTheOtherRoomLiveActivity.build/Objects-normal/x86_64/Binary/Counting\ Sheep\ Live\ Activity.debug.dylib normal x86_64 (in target 'PhoneInTheOtherRoomLiveActivity' from project 'PhoneInTheOtherRoom')
    cd /Users/ngawangchime/Desktop/Developer\ Projects/Phone\ in\ the\ Other\ Room
    /Applications/Xcode.app/Contents/Developer/Toolchains/XcodeDefault.xctoolchain/usr/bin/clang -Xlinker -reproducible -target x86_64-apple-ios17.0-simulator -dynamiclib -isysroot /Applications/Xcode.app/Contents/Developer/Platforms/iPhoneSimulator.platform/Developer/SDKs/iPhoneSimulator26.5.sdk -O0 -L/tmp/counting-sheep-search-build/Build/Intermediates.noindex/EagerLinkingTBDs/Debug-iphonesimulator -L/tmp/counting-sheep-search-build/Build/Products/Debug-iphonesimulator -F/tmp/counting-sheep-search-build/Build/Intermediates.noindex/EagerLinkingTBDs/Debug-iphonesimulator -F/tmp/counting-sheep-search-build/Build/Products/Debug-iphonesimulator -filelist /tmp/counting-sheep-search-build/Build/Intermediates.noindex/PhoneInTheOtherRoom.build/Debug-iphonesimulator/PhoneInTheOtherRoomLiveActivity.build/Objects-normal/x86_64/Counting\ Sheep\ Live\ Activity.LinkFileList -install_name @rpath/Counting\ Sheep\ Live\ Activity.debug.dylib -Xlinker -rpath -Xlinker /usr/lib/swift -Xlinker -rpath -Xlinker @executable_path/Frameworks -Xlinker -rpath -Xlinker @executable_path/../../Frameworks -Xlinker -dead_strip -Xlinker -object_path_lto -Xlinker /tmp/counting-sheep-search-build/Build/Intermediates.noindex/PhoneInTheOtherRoom.build/Debug-iphonesimulator/PhoneInTheOtherRoomLiveActivity.build/Objects-normal/x86_64/Counting\ Sheep\ Live\ Activity_lto.o -rdynamic -Xlinker -no_deduplicate -Xlinker -objc_abi_version -Xlinker 2 -Xlinker -dependency_info -Xlinker /tmp/counting-sheep-search-build/Build/Intermediates.noindex/PhoneInTheOtherRoom.build/Debug-iphonesimulator/PhoneInTheOtherRoomLiveActivity.build/Objects-normal/x86_64/Counting\ Sheep\ Live\ Activity_dependency_info.dat -fapplication-extension -fobjc-link-runtime -L/Applications/Xcode.app/Contents/Developer/Toolchains/XcodeDefault.xctoolchain/usr/lib/swift/iphonesimulator -L/usr/lib/swift -Xlinker -add_ast_path -Xlinker /tmp/counting-sheep-search-build/Build/Intermediates.noindex/PhoneInTheOtherRoom.build/Debug-iphonesimulator/PhoneInTheOtherRoomLiveActivity.build/Objects-normal/x86_64/Counting_Sheep_Live_Activity.swiftmodule @/tmp/counting-sheep-search-build/Build/Intermediates.noindex/PhoneInTheOtherRoom.build/Debug-iphonesimulator/PhoneInTheOtherRoomLiveActivity.build/Objects-normal/x86_64/Counting_Sheep_Live_Activity-linker-args.resp -Xlinker -alias -Xlinker _NSExtensionMain -Xlinker ___debug_main_executable_dylib_entry_point -Xlinker -no_adhoc_codesign -o /tmp/counting-sheep-search-build/Build/Intermediates.noindex/PhoneInTheOtherRoom.build/Debug-iphonesimulator/PhoneInTheOtherRoomLiveActivity.build/Objects-normal/x86_64/Binary/Counting\ Sheep\ Live\ Activity.debug.dylib

CreateUniversalBinary /tmp/counting-sheep-search-build/Build/Products/Debug-iphonesimulator/Counting\ Sheep\ Screen\ Time\ Report.appex/Counting\ Sheep\ Screen\ Time\ Report normal arm64\ x86_64 (in target 'PhoneInTheOtherRoomScreenTimeReport' from project 'PhoneInTheOtherRoom')
    cd /Users/ngawangchime/Desktop/Developer\ Projects/Phone\ in\ the\ Other\ Room
    /Applications/Xcode.app/Contents/Developer/Toolchains/XcodeDefault.xctoolchain/usr/bin/lipo -create /tmp/counting-sheep-search-build/Build/Intermediates.noindex/PhoneInTheOtherRoom.build/Debug-iphonesimulator/PhoneInTheOtherRoomScreenTimeReport.build/Objects-normal/arm64/Binary/Counting\ Sheep\ Screen\ Time\ Report /tmp/counting-sheep-search-build/Build/Intermediates.noindex/PhoneInTheOtherRoom.build/Debug-iphonesimulator/PhoneInTheOtherRoomScreenTimeReport.build/Objects-normal/x86_64/Binary/Counting\ Sheep\ Screen\ Time\ Report -output /tmp/counting-sheep-search-build/Build/Products/Debug-iphonesimulator/Counting\ Sheep\ Screen\ Time\ Report.appex/Counting\ Sheep\ Screen\ Time\ Report

Ld /tmp/counting-sheep-search-build/Build/Intermediates.noindex/PhoneInTheOtherRoom.build/Debug-iphonesimulator/PhoneInTheOtherRoomLiveActivity.build/Objects-normal/arm64/Binary/Counting\ Sheep\ Live\ Activity.debug.dylib normal arm64 (in target 'PhoneInTheOtherRoomLiveActivity' from project 'PhoneInTheOtherRoom')
    cd /Users/ngawangchime/Desktop/Developer\ Projects/Phone\ in\ the\ Other\ Room
    /Applications/Xcode.app/Contents/Developer/Toolchains/XcodeDefault.xctoolchain/usr/bin/clang -Xlinker -reproducible -target arm64-apple-ios17.0-simulator -dynamiclib -isysroot /Applications/Xcode.app/Contents/Developer/Platforms/iPhoneSimulator.platform/Developer/SDKs/iPhoneSimulator26.5.sdk -O0 -L/tmp/counting-sheep-search-build/Build/Intermediates.noindex/EagerLinkingTBDs/Debug-iphonesimulator -L/tmp/counting-sheep-search-build/Build/Products/Debug-iphonesimulator -F/tmp/counting-sheep-search-build/Build/Intermediates.noindex/EagerLinkingTBDs/Debug-iphonesimulator -F/tmp/counting-sheep-search-build/Build/Products/Debug-iphonesimulator -filelist /tmp/counting-sheep-search-build/Build/Intermediates.noindex/PhoneInTheOtherRoom.build/Debug-iphonesimulator/PhoneInTheOtherRoomLiveActivity.build/Objects-normal/arm64/Counting\ Sheep\ Live\ Activity.LinkFileList -install_name @rpath/Counting\ Sheep\ Live\ Activity.debug.dylib -Xlinker -rpath -Xlinker /usr/lib/swift -Xlinker -rpath -Xlinker @executable_path/Frameworks -Xlinker -rpath -Xlinker @executable_path/../../Frameworks -Xlinker -dead_strip -Xlinker -object_path_lto -Xlinker /tmp/counting-sheep-search-build/Build/Intermediates.noindex/PhoneInTheOtherRoom.build/Debug-iphonesimulator/PhoneInTheOtherRoomLiveActivity.build/Objects-normal/arm64/Counting\ Sheep\ Live\ Activity_lto.o -rdynamic -Xlinker -no_deduplicate -Xlinker -objc_abi_version -Xlinker 2 -Xlinker -dependency_info -Xlinker /tmp/counting-sheep-search-build/Build/Intermediates.noindex/PhoneInTheOtherRoom.build/Debug-iphonesimulator/PhoneInTheOtherRoomLiveActivity.build/Objects-normal/arm64/Counting\ Sheep\ Live\ Activity_dependency_info.dat -fapplication-extension -fobjc-link-runtime -L/Applications/Xcode.app/Contents/Developer/Toolchains/XcodeDefault.xctoolchain/usr/lib/swift/iphonesimulator -L/usr/lib/swift -Xlinker -add_ast_path -Xlinker /tmp/counting-sheep-search-build/Build/Intermediates.noindex/PhoneInTheOtherRoom.build/Debug-iphonesimulator/PhoneInTheOtherRoomLiveActivity.build/Objects-normal/arm64/Counting_Sheep_Live_Activity.swiftmodule @/tmp/counting-sheep-search-build/Build/Intermediates.noindex/PhoneInTheOtherRoom.build/Debug-iphonesimulator/PhoneInTheOtherRoomLiveActivity.build/Objects-normal/arm64/Counting_Sheep_Live_Activity-linker-args.resp -Xlinker -alias -Xlinker _NSExtensionMain -Xlinker ___debug_main_executable_dylib_entry_point -Xlinker -no_adhoc_codesign -o /tmp/counting-sheep-search-build/Build/Intermediates.noindex/PhoneInTheOtherRoom.build/Debug-iphonesimulator/PhoneInTheOtherRoomLiveActivity.build/Objects-normal/arm64/Binary/Counting\ Sheep\ Live\ Activity.debug.dylib

ConstructStubExecutorLinkFileList /tmp/counting-sheep-search-build/Build/Intermediates.noindex/PhoneInTheOtherRoom.build/Debug-iphonesimulator/PhoneInTheOtherRoomLiveActivity.build/Counting\ Sheep\ Live\ Activity-ExecutorLinkFileList-normal-x86_64.txt (in target 'PhoneInTheOtherRoomLiveActivity' from project 'PhoneInTheOtherRoom')
    cd /Users/ngawangchime/Desktop/Developer\ Projects/Phone\ in\ the\ Other\ Room
    construct-stub-executor-link-file-list /tmp/counting-sheep-search-build/Build/Intermediates.noindex/PhoneInTheOtherRoom.build/Debug-iphonesimulator/PhoneInTheOtherRoomLiveActivity.build/Objects-normal/x86_64/Binary/Counting\ Sheep\ Live\ Activity.debug.dylib /Applications/Xcode.app/Contents/Developer/Platforms/iPhoneSimulator.platform/Developer/usr/lib/libPreviewsJITStubExecutor_no_swift_entry_point.a /Applications/Xcode.app/Contents/Developer/Platforms/iPhoneSimulator.platform/Developer/usr/lib/libPreviewsJITStubExecutor.a --output /tmp/counting-sheep-search-build/Build/Intermediates.noindex/PhoneInTheOtherRoom.build/Debug-iphonesimulator/PhoneInTheOtherRoomLiveActivity.build/Counting\ Sheep\ Live\ Activity-ExecutorLinkFileList-normal-x86_64.txt
note: Using stub executor library with Swift entry point. (in target 'PhoneInTheOtherRoomLiveActivity' from project 'PhoneInTheOtherRoom')

CreateUniversalBinary /tmp/counting-sheep-search-build/Build/Products/Debug-iphonesimulator/Counting\ Sheep\ Live\ Activity.appex/Counting\ Sheep\ Live\ Activity.debug.dylib normal arm64\ x86_64 (in target 'PhoneInTheOtherRoomLiveActivity' from project 'PhoneInTheOtherRoom')
    cd /Users/ngawangchime/Desktop/Developer\ Projects/Phone\ in\ the\ Other\ Room
    /Applications/Xcode.app/Contents/Developer/Toolchains/XcodeDefault.xctoolchain/usr/bin/lipo -create /tmp/counting-sheep-search-build/Build/Intermediates.noindex/PhoneInTheOtherRoom.build/Debug-iphonesimulator/PhoneInTheOtherRoomLiveActivity.build/Objects-normal/arm64/Binary/Counting\ Sheep\ Live\ Activity.debug.dylib /tmp/counting-sheep-search-build/Build/Intermediates.noindex/PhoneInTheOtherRoom.build/Debug-iphonesimulator/PhoneInTheOtherRoomLiveActivity.build/Objects-normal/x86_64/Binary/Counting\ Sheep\ Live\ Activity.debug.dylib -output /tmp/counting-sheep-search-build/Build/Products/Debug-iphonesimulator/Counting\ Sheep\ Live\ Activity.appex/Counting\ Sheep\ Live\ Activity.debug.dylib

Ld /tmp/counting-sheep-search-build/Build/Intermediates.noindex/PhoneInTheOtherRoom.build/Debug-iphonesimulator/PhoneInTheOtherRoomLiveActivity.build/Objects-normal/x86_64/Binary/Counting\ Sheep\ Live\ Activity normal x86_64 (in target 'PhoneInTheOtherRoomLiveActivity' from project 'PhoneInTheOtherRoom')
    cd /Users/ngawangchime/Desktop/Developer\ Projects/Phone\ in\ the\ Other\ Room
    /Applications/Xcode.app/Contents/Developer/Toolchains/XcodeDefault.xctoolchain/usr/bin/clang -Xlinker -reproducible -target x86_64-apple-ios17.0-simulator -isysroot /Applications/Xcode.app/Contents/Developer/Platforms/iPhoneSimulator.platform/Developer/SDKs/iPhoneSimulator26.5.sdk -O0 -L/tmp/counting-sheep-search-build/Build/Products/Debug-iphonesimulator -F/tmp/counting-sheep-search-build/Build/Products/Debug-iphonesimulator -Xlinker -rpath -Xlinker @executable_path -Xlinker -rpath -Xlinker @executable_path/Frameworks -Xlinker -rpath -Xlinker @executable_path/../../Frameworks -rdynamic -Xlinker -no_deduplicate -Xlinker -objc_abi_version -Xlinker 2 -e ___debug_blank_executor_main -Xlinker -sectcreate -Xlinker __TEXT -Xlinker __debug_dylib -Xlinker /tmp/counting-sheep-search-build/Build/Intermediates.noindex/PhoneInTheOtherRoom.build/Debug-iphonesimulator/PhoneInTheOtherRoomLiveActivity.build/Counting\ Sheep\ Live\ Activity-DebugDylibPath-normal-x86_64.txt -Xlinker -sectcreate -Xlinker __TEXT -Xlinker __debug_entry -Xlinker /tmp/counting-sheep-search-build/Build/Intermediates.noindex/PhoneInTheOtherRoom.build/Debug-iphonesimulator/PhoneInTheOtherRoomLiveActivity.build/Counting\ Sheep\ Live\ Activity-DebugEntryPoint-normal-x86_64.txt -Xlinker -sectcreate -Xlinker __TEXT -Xlinker __debug_instlnm -Xlinker /tmp/counting-sheep-search-build/Build/Intermediates.noindex/PhoneInTheOtherRoom.build/Debug-iphonesimulator/PhoneInTheOtherRoomLiveActivity.build/Counting\ Sheep\ Live\ Activity-DebugDylibInstallName-normal-x86_64.txt -Xlinker -filelist -Xlinker /tmp/counting-sheep-search-build/Build/Intermediates.noindex/PhoneInTheOtherRoom.build/Debug-iphonesimulator/PhoneInTheOtherRoomLiveActivity.build/Counting\ Sheep\ Live\ Activity-ExecutorLinkFileList-normal-x86_64.txt -Xlinker -sectcreate -Xlinker __TEXT -Xlinker __entitlements -Xlinker /tmp/counting-sheep-search-build/Build/Intermediates.noindex/PhoneInTheOtherRoom.build/Debug-iphonesimulator/PhoneInTheOtherRoomLiveActivity.build/Counting\ Sheep\ Live\ Activity.appex-Simulated.xcent -Xlinker -sectcreate -Xlinker __TEXT -Xlinker __ents_der -Xlinker /tmp/counting-sheep-search-build/Build/Intermediates.noindex/PhoneInTheOtherRoom.build/Debug-iphonesimulator/PhoneInTheOtherRoomLiveActivity.build/Counting\ Sheep\ Live\ Activity.appex-Simulated.xcent.der /tmp/counting-sheep-search-build/Build/Intermediates.noindex/PhoneInTheOtherRoom.build/Debug-iphonesimulator/PhoneInTheOtherRoomLiveActivity.build/Objects-normal/x86_64/Binary/Counting\ Sheep\ Live\ Activity.debug.dylib -Xlinker -no_adhoc_codesign -o /tmp/counting-sheep-search-build/Build/Intermediates.noindex/PhoneInTheOtherRoom.build/Debug-iphonesimulator/PhoneInTheOtherRoomLiveActivity.build/Objects-normal/x86_64/Binary/Counting\ Sheep\ Live\ Activity

ConstructStubExecutorLinkFileList /tmp/counting-sheep-search-build/Build/Intermediates.noindex/PhoneInTheOtherRoom.build/Debug-iphonesimulator/PhoneInTheOtherRoomLiveActivity.build/Counting\ Sheep\ Live\ Activity-ExecutorLinkFileList-normal-arm64.txt (in target 'PhoneInTheOtherRoomLiveActivity' from project 'PhoneInTheOtherRoom')
    cd /Users/ngawangchime/Desktop/Developer\ Projects/Phone\ in\ the\ Other\ Room
    construct-stub-executor-link-file-list /tmp/counting-sheep-search-build/Build/Intermediates.noindex/PhoneInTheOtherRoom.build/Debug-iphonesimulator/PhoneInTheOtherRoomLiveActivity.build/Objects-normal/arm64/Binary/Counting\ Sheep\ Live\ Activity.debug.dylib /Applications/Xcode.app/Contents/Developer/Platforms/iPhoneSimulator.platform/Developer/usr/lib/libPreviewsJITStubExecutor_no_swift_entry_point.a /Applications/Xcode.app/Contents/Developer/Platforms/iPhoneSimulator.platform/Developer/usr/lib/libPreviewsJITStubExecutor.a --output /tmp/counting-sheep-search-build/Build/Intermediates.noindex/PhoneInTheOtherRoom.build/Debug-iphonesimulator/PhoneInTheOtherRoomLiveActivity.build/Counting\ Sheep\ Live\ Activity-ExecutorLinkFileList-normal-arm64.txt
note: Using stub executor library with Swift entry point. (in target 'PhoneInTheOtherRoomLiveActivity' from project 'PhoneInTheOtherRoom')

Ld /tmp/counting-sheep-search-build/Build/Intermediates.noindex/PhoneInTheOtherRoom.build/Debug-iphonesimulator/PhoneInTheOtherRoomDeviceActivityMonitor.build/Objects-normal/x86_64/Binary/Counting\ Sheep\ Wind\ Down\ Monitor.debug.dylib normal x86_64 (in target 'PhoneInTheOtherRoomDeviceActivityMonitor' from project 'PhoneInTheOtherRoom')
    cd /Users/ngawangchime/Desktop/Developer\ Projects/Phone\ in\ the\ Other\ Room
    /Applications/Xcode.app/Contents/Developer/Toolchains/XcodeDefault.xctoolchain/usr/bin/clang -Xlinker -reproducible -target x86_64-apple-ios17.0-simulator -dynamiclib -isysroot /Applications/Xcode.app/Contents/Developer/Platforms/iPhoneSimulator.platform/Developer/SDKs/iPhoneSimulator26.5.sdk -O0 -L/tmp/counting-sheep-search-build/Build/Intermediates.noindex/EagerLinkingTBDs/Debug-iphonesimulator -L/tmp/counting-sheep-search-build/Build/Products/Debug-iphonesimulator -F/tmp/counting-sheep-search-build/Build/Intermediates.noindex/EagerLinkingTBDs/Debug-iphonesimulator -F/tmp/counting-sheep-search-build/Build/Products/Debug-iphonesimulator -filelist /tmp/counting-sheep-search-build/Build/Intermediates.noindex/PhoneInTheOtherRoom.build/Debug-iphonesimulator/PhoneInTheOtherRoomDeviceActivityMonitor.build/Objects-normal/x86_64/Counting\ Sheep\ Wind\ Down\ Monitor.LinkFileList -install_name @rpath/Counting\ Sheep\ Wind\ Down\ Monitor.debug.dylib -Xlinker -rpath -Xlinker /usr/lib/swift -Xlinker -rpath -Xlinker @executable_path/Frameworks -Xlinker -rpath -Xlinker @executable_path/../../Frameworks -Xlinker -dead_strip -Xlinker -object_path_lto -Xlinker /tmp/counting-sheep-search-build/Build/Intermediates.noindex/PhoneInTheOtherRoom.build/Debug-iphonesimulator/PhoneInTheOtherRoomDeviceActivityMonitor.build/Objects-normal/x86_64/Counting\ Sheep\ Wind\ Down\ Monitor_lto.o -rdynamic -Xlinker -no_deduplicate -Xlinker -objc_abi_version -Xlinker 2 -Xlinker -dependency_info -Xlinker /tmp/counting-sheep-search-build/Build/Intermediates.noindex/PhoneInTheOtherRoom.build/Debug-iphonesimulator/PhoneInTheOtherRoomDeviceActivityMonitor.build/Objects-normal/x86_64/Counting\ Sheep\ Wind\ Down\ Monitor_dependency_info.dat -fapplication-extension -fobjc-link-runtime -L/Applications/Xcode.app/Contents/Developer/Toolchains/XcodeDefault.xctoolchain/usr/lib/swift/iphonesimulator -L/usr/lib/swift -Xlinker -add_ast_path -Xlinker /tmp/counting-sheep-search-build/Build/Intermediates.noindex/PhoneInTheOtherRoom.build/Debug-iphonesimulator/PhoneInTheOtherRoomDeviceActivityMonitor.build/Objects-normal/x86_64/Counting_Sheep_Wind_Down_Monitor.swiftmodule @/tmp/counting-sheep-search-build/Build/Intermediates.noindex/PhoneInTheOtherRoom.build/Debug-iphonesimulator/PhoneInTheOtherRoomDeviceActivityMonitor.build/Objects-normal/x86_64/Counting_Sheep_Wind_Down_Monitor-linker-args.resp -Xlinker -alias -Xlinker _NSExtensionMain -Xlinker ___debug_main_executable_dylib_entry_point -Xlinker -no_adhoc_codesign -o /tmp/counting-sheep-search-build/Build/Intermediates.noindex/PhoneInTheOtherRoom.build/Debug-iphonesimulator/PhoneInTheOtherRoomDeviceActivityMonitor.build/Objects-normal/x86_64/Binary/Counting\ Sheep\ Wind\ Down\ Monitor.debug.dylib

Ld /tmp/counting-sheep-search-build/Build/Intermediates.noindex/PhoneInTheOtherRoom.build/Debug-iphonesimulator/PhoneInTheOtherRoomLiveActivity.build/Objects-normal/arm64/Binary/Counting\ Sheep\ Live\ Activity normal arm64 (in target 'PhoneInTheOtherRoomLiveActivity' from project 'PhoneInTheOtherRoom')
    cd /Users/ngawangchime/Desktop/Developer\ Projects/Phone\ in\ the\ Other\ Room
    /Applications/Xcode.app/Contents/Developer/Toolchains/XcodeDefault.xctoolchain/usr/bin/clang -Xlinker -reproducible -target arm64-apple-ios17.0-simulator -isysroot /Applications/Xcode.app/Contents/Developer/Platforms/iPhoneSimulator.platform/Developer/SDKs/iPhoneSimulator26.5.sdk -O0 -L/tmp/counting-sheep-search-build/Build/Products/Debug-iphonesimulator -F/tmp/counting-sheep-search-build/Build/Products/Debug-iphonesimulator -Xlinker -rpath -Xlinker @executable_path -Xlinker -rpath -Xlinker @executable_path/Frameworks -Xlinker -rpath -Xlinker @executable_path/../../Frameworks -rdynamic -Xlinker -no_deduplicate -Xlinker -objc_abi_version -Xlinker 2 -e ___debug_blank_executor_main -Xlinker -sectcreate -Xlinker __TEXT -Xlinker __debug_dylib -Xlinker /tmp/counting-sheep-search-build/Build/Intermediates.noindex/PhoneInTheOtherRoom.build/Debug-iphonesimulator/PhoneInTheOtherRoomLiveActivity.build/Counting\ Sheep\ Live\ Activity-DebugDylibPath-normal-arm64.txt -Xlinker -sectcreate -Xlinker __TEXT -Xlinker __debug_entry -Xlinker /tmp/counting-sheep-search-build/Build/Intermediates.noindex/PhoneInTheOtherRoom.build/Debug-iphonesimulator/PhoneInTheOtherRoomLiveActivity.build/Counting\ Sheep\ Live\ Activity-DebugEntryPoint-normal-arm64.txt -Xlinker -sectcreate -Xlinker __TEXT -Xlinker __debug_instlnm -Xlinker /tmp/counting-sheep-search-build/Build/Intermediates.noindex/PhoneInTheOtherRoom.build/Debug-iphonesimulator/PhoneInTheOtherRoomLiveActivity.build/Counting\ Sheep\ Live\ Activity-DebugDylibInstallName-normal-arm64.txt -Xlinker -filelist -Xlinker /tmp/counting-sheep-search-build/Build/Intermediates.noindex/PhoneInTheOtherRoom.build/Debug-iphonesimulator/PhoneInTheOtherRoomLiveActivity.build/Counting\ Sheep\ Live\ Activity-ExecutorLinkFileList-normal-arm64.txt -Xlinker -sectcreate -Xlinker __TEXT -Xlinker __entitlements -Xlinker /tmp/counting-sheep-search-build/Build/Intermediates.noindex/PhoneInTheOtherRoom.build/Debug-iphonesimulator/PhoneInTheOtherRoomLiveActivity.build/Counting\ Sheep\ Live\ Activity.appex-Simulated.xcent -Xlinker -sectcreate -Xlinker __TEXT -Xlinker __ents_der -Xlinker /tmp/counting-sheep-search-build/Build/Intermediates.noindex/PhoneInTheOtherRoom.build/Debug-iphonesimulator/PhoneInTheOtherRoomLiveActivity.build/Counting\ Sheep\ Live\ Activity.appex-Simulated.xcent.der /tmp/counting-sheep-search-build/Build/Intermediates.noindex/PhoneInTheOtherRoom.build/Debug-iphonesimulator/PhoneInTheOtherRoomLiveActivity.build/Objects-normal/arm64/Binary/Counting\ Sheep\ Live\ Activity.debug.dylib -Xlinker -no_adhoc_codesign -o /tmp/counting-sheep-search-build/Build/Intermediates.noindex/PhoneInTheOtherRoom.build/Debug-iphonesimulator/PhoneInTheOtherRoomLiveActivity.build/Objects-normal/arm64/Binary/Counting\ Sheep\ Live\ Activity

SwiftDriverJobDiscovery normal arm64 Compiling PastureCharacterHitTarget.swift (in target 'PhoneInTheOtherRoom' from project 'PhoneInTheOtherRoom')

Ld /tmp/counting-sheep-search-build/Build/Intermediates.noindex/PhoneInTheOtherRoom.build/Debug-iphonesimulator/PhoneInTheOtherRoomDeviceActivityMonitor.build/Objects-normal/arm64/Binary/Counting\ Sheep\ Wind\ Down\ Monitor.debug.dylib normal arm64 (in target 'PhoneInTheOtherRoomDeviceActivityMonitor' from project 'PhoneInTheOtherRoom')
    cd /Users/ngawangchime/Desktop/Developer\ Projects/Phone\ in\ the\ Other\ Room
    /Applications/Xcode.app/Contents/Developer/Toolchains/XcodeDefault.xctoolchain/usr/bin/clang -Xlinker -reproducible -target arm64-apple-ios17.0-simulator -dynamiclib -isysroot /Applications/Xcode.app/Contents/Developer/Platforms/iPhoneSimulator.platform/Developer/SDKs/iPhoneSimulator26.5.sdk -O0 -L/tmp/counting-sheep-search-build/Build/Intermediates.noindex/EagerLinkingTBDs/Debug-iphonesimulator -L/tmp/counting-sheep-search-build/Build/Products/Debug-iphonesimulator -F/tmp/counting-sheep-search-build/Build/Intermediates.noindex/EagerLinkingTBDs/Debug-iphonesimulator -F/tmp/counting-sheep-search-build/Build/Products/Debug-iphonesimulator -filelist /tmp/counting-sheep-search-build/Build/Intermediates.noindex/PhoneInTheOtherRoom.build/Debug-iphonesimulator/PhoneInTheOtherRoomDeviceActivityMonitor.build/Objects-normal/arm64/Counting\ Sheep\ Wind\ Down\ Monitor.LinkFileList -install_name @rpath/Counting\ Sheep\ Wind\ Down\ Monitor.debug.dylib -Xlinker -rpath -Xlinker /usr/lib/swift -Xlinker -rpath -Xlinker @executable_path/Frameworks -Xlinker -rpath -Xlinker @executable_path/../../Frameworks -Xlinker -dead_strip -Xlinker -object_path_lto -Xlinker /tmp/counting-sheep-search-build/Build/Intermediates.noindex/PhoneInTheOtherRoom.build/Debug-iphonesimulator/PhoneInTheOtherRoomDeviceActivityMonitor.build/Objects-normal/arm64/Counting\ Sheep\ Wind\ Down\ Monitor_lto.o -rdynamic -Xlinker -no_deduplicate -Xlinker -objc_abi_version -Xlinker 2 -Xlinker -dependency_info -Xlinker /tmp/counting-sheep-search-build/Build/Intermediates.noindex/PhoneInTheOtherRoom.build/Debug-iphonesimulator/PhoneInTheOtherRoomDeviceActivityMonitor.build/Objects-normal/arm64/Counting\ Sheep\ Wind\ Down\ Monitor_dependency_info.dat -fapplication-extension -fobjc-link-runtime -L/Applications/Xcode.app/Contents/Developer/Toolchains/XcodeDefault.xctoolchain/usr/lib/swift/iphonesimulator -L/usr/lib/swift -Xlinker -add_ast_path -Xlinker /tmp/counting-sheep-search-build/Build/Intermediates.noindex/PhoneInTheOtherRoom.build/Debug-iphonesimulator/PhoneInTheOtherRoomDeviceActivityMonitor.build/Objects-normal/arm64/Counting_Sheep_Wind_Down_Monitor.swiftmodule @/tmp/counting-sheep-search-build/Build/Intermediates.noindex/PhoneInTheOtherRoom.build/Debug-iphonesimulator/PhoneInTheOtherRoomDeviceActivityMonitor.build/Objects-normal/arm64/Counting_Sheep_Wind_Down_Monitor-linker-args.resp -Xlinker -alias -Xlinker _NSExtensionMain -Xlinker ___debug_main_executable_dylib_entry_point -Xlinker -no_adhoc_codesign -o /tmp/counting-sheep-search-build/Build/Intermediates.noindex/PhoneInTheOtherRoom.build/Debug-iphonesimulator/PhoneInTheOtherRoomDeviceActivityMonitor.build/Objects-normal/arm64/Binary/Counting\ Sheep\ Wind\ Down\ Monitor.debug.dylib

CreateUniversalBinary /tmp/counting-sheep-search-build/Build/Products/Debug-iphonesimulator/Counting\ Sheep\ Live\ Activity.appex/Counting\ Sheep\ Live\ Activity normal arm64\ x86_64 (in target 'PhoneInTheOtherRoomLiveActivity' from project 'PhoneInTheOtherRoom')
    cd /Users/ngawangchime/Desktop/Developer\ Projects/Phone\ in\ the\ Other\ Room
    /Applications/Xcode.app/Contents/Developer/Toolchains/XcodeDefault.xctoolchain/usr/bin/lipo -create /tmp/counting-sheep-search-build/Build/Intermediates.noindex/PhoneInTheOtherRoom.build/Debug-iphonesimulator/PhoneInTheOtherRoomLiveActivity.build/Objects-normal/arm64/Binary/Counting\ Sheep\ Live\ Activity /tmp/counting-sheep-search-build/Build/Intermediates.noindex/PhoneInTheOtherRoom.build/Debug-iphonesimulator/PhoneInTheOtherRoomLiveActivity.build/Objects-normal/x86_64/Binary/Counting\ Sheep\ Live\ Activity -output /tmp/counting-sheep-search-build/Build/Products/Debug-iphonesimulator/Counting\ Sheep\ Live\ Activity.appex/Counting\ Sheep\ Live\ Activity

ConstructStubExecutorLinkFileList /tmp/counting-sheep-search-build/Build/Intermediates.noindex/PhoneInTheOtherRoom.build/Debug-iphonesimulator/PhoneInTheOtherRoomDeviceActivityMonitor.build/Counting\ Sheep\ Wind\ Down\ Monitor-ExecutorLinkFileList-normal-x86_64.txt (in target 'PhoneInTheOtherRoomDeviceActivityMonitor' from project 'PhoneInTheOtherRoom')
    cd /Users/ngawangchime/Desktop/Developer\ Projects/Phone\ in\ the\ Other\ Room
    construct-stub-executor-link-file-list /tmp/counting-sheep-search-build/Build/Intermediates.noindex/PhoneInTheOtherRoom.build/Debug-iphonesimulator/PhoneInTheOtherRoomDeviceActivityMonitor.build/Objects-normal/x86_64/Binary/Counting\ Sheep\ Wind\ Down\ Monitor.debug.dylib /Applications/Xcode.app/Contents/Developer/Platforms/iPhoneSimulator.platform/Developer/usr/lib/libPreviewsJITStubExecutor_no_swift_entry_point.a /Applications/Xcode.app/Contents/Developer/Platforms/iPhoneSimulator.platform/Developer/usr/lib/libPreviewsJITStubExecutor.a --output /tmp/counting-sheep-search-build/Build/Intermediates.noindex/PhoneInTheOtherRoom.build/Debug-iphonesimulator/PhoneInTheOtherRoomDeviceActivityMonitor.build/Counting\ Sheep\ Wind\ Down\ Monitor-ExecutorLinkFileList-normal-x86_64.txt
note: Using stub executor library without Swift entry point. (in target 'PhoneInTheOtherRoomDeviceActivityMonitor' from project 'PhoneInTheOtherRoom')

Ld /tmp/counting-sheep-search-build/Build/Intermediates.noindex/PhoneInTheOtherRoom.build/Debug-iphonesimulator/PhoneInTheOtherRoomDeviceActivityMonitor.build/Objects-normal/x86_64/Binary/Counting\ Sheep\ Wind\ Down\ Monitor normal x86_64 (in target 'PhoneInTheOtherRoomDeviceActivityMonitor' from project 'PhoneInTheOtherRoom')
    cd /Users/ngawangchime/Desktop/Developer\ Projects/Phone\ in\ the\ Other\ Room
    /Applications/Xcode.app/Contents/Developer/Toolchains/XcodeDefault.xctoolchain/usr/bin/clang -Xlinker -reproducible -target x86_64-apple-ios17.0-simulator -isysroot /Applications/Xcode.app/Contents/Developer/Platforms/iPhoneSimulator.platform/Developer/SDKs/iPhoneSimulator26.5.sdk -O0 -L/tmp/counting-sheep-search-build/Build/Products/Debug-iphonesimulator -F/tmp/counting-sheep-search-build/Build/Products/Debug-iphonesimulator -Xlinker -rpath -Xlinker @executable_path -Xlinker -rpath -Xlinker @executable_path/Frameworks -Xlinker -rpath -Xlinker @executable_path/../../Frameworks -rdynamic -Xlinker -no_deduplicate -Xlinker -objc_abi_version -Xlinker 2 -e ___debug_blank_executor_main -Xlinker -sectcreate -Xlinker __TEXT -Xlinker __debug_dylib -Xlinker /tmp/counting-sheep-search-build/Build/Intermediates.noindex/PhoneInTheOtherRoom.build/Debug-iphonesimulator/PhoneInTheOtherRoomDeviceActivityMonitor.build/Counting\ Sheep\ Wind\ Down\ Monitor-DebugDylibPath-normal-x86_64.txt -Xlinker -sectcreate -Xlinker __TEXT -Xlinker __debug_entry -Xlinker /tmp/counting-sheep-search-build/Build/Intermediates.noindex/PhoneInTheOtherRoom.build/Debug-iphonesimulator/PhoneInTheOtherRoomDeviceActivityMonitor.build/Counting\ Sheep\ Wind\ Down\ Monitor-DebugEntryPoint-normal-x86_64.txt -Xlinker -sectcreate -Xlinker __TEXT -Xlinker __debug_instlnm -Xlinker /tmp/counting-sheep-search-build/Build/Intermediates.noindex/PhoneInTheOtherRoom.build/Debug-iphonesimulator/PhoneInTheOtherRoomDeviceActivityMonitor.build/Counting\ Sheep\ Wind\ Down\ Monitor-DebugDylibInstallName-normal-x86_64.txt -Xlinker -filelist -Xlinker /tmp/counting-sheep-search-build/Build/Intermediates.noindex/PhoneInTheOtherRoom.build/Debug-iphonesimulator/PhoneInTheOtherRoomDeviceActivityMonitor.build/Counting\ Sheep\ Wind\ Down\ Monitor-ExecutorLinkFileList-normal-x86_64.txt -Xlinker -sectcreate -Xlinker __TEXT -Xlinker __entitlements -Xlinker /tmp/counting-sheep-search-build/Build/Intermediates.noindex/PhoneInTheOtherRoom.build/Debug-iphonesimulator/PhoneInTheOtherRoomDeviceActivityMonitor.build/Counting\ Sheep\ Wind\ Down\ Monitor.appex-Simulated.xcent -Xlinker -sectcreate -Xlinker __TEXT -Xlinker __ents_der -Xlinker /tmp/counting-sheep-search-build/Build/Intermediates.noindex/PhoneInTheOtherRoom.build/Debug-iphonesimulator/PhoneInTheOtherRoomDeviceActivityMonitor.build/Counting\ Sheep\ Wind\ Down\ Monitor.appex-Simulated.xcent.der /tmp/counting-sheep-search-build/Build/Intermediates.noindex/PhoneInTheOtherRoom.build/Debug-iphonesimulator/PhoneInTheOtherRoomDeviceActivityMonitor.build/Objects-normal/x86_64/Binary/Counting\ Sheep\ Wind\ Down\ Monitor.debug.dylib -Xlinker -no_adhoc_codesign -o /tmp/counting-sheep-search-build/Build/Intermediates.noindex/PhoneInTheOtherRoom.build/Debug-iphonesimulator/PhoneInTheOtherRoomDeviceActivityMonitor.build/Objects-normal/x86_64/Binary/Counting\ Sheep\ Wind\ Down\ Monitor

SwiftDriver\ Compilation PhoneInTheOtherRoom normal arm64 com.apple.xcode.tools.swift.compiler (in target 'PhoneInTheOtherRoom' from project 'PhoneInTheOtherRoom')
    cd /Users/ngawangchime/Desktop/Developer\ Projects/Phone\ in\ the\ Other\ Room
    builtin-Swift-Compilation -- /Applications/Xcode.app/Contents/Developer/Toolchains/XcodeDefault.xctoolchain/usr/bin/swiftc -module-name Counting_Sheep -Onone @/tmp/counting-sheep-search-build/Build/Intermediates.noindex/PhoneInTheOtherRoom.build/Debug-iphonesimulator/PhoneInTheOtherRoom.build/Objects-normal/arm64/Counting\ Sheep.SwiftFileList -DDEBUG -DSCREEN_TIME_REPORTS -enable-bare-slash-regex -enable-experimental-feature DebugDescriptionMacro -sdk /Applications/Xcode.app/Contents/Developer/Platforms/iPhoneSimulator.platform/Developer/SDKs/iPhoneSimulator26.5.sdk -target arm64-apple-ios17.0-simulator -g -module-cache-path /tmp/counting-sheep-search-build/ModuleCache.noindex -Xfrontend -serialize-debugging-options -enable-testing -index-store-path /tmp/counting-sheep-search-build/Index.noindex/DataStore -Xcc -D_LIBCPP_HARDENING_MODE\=_LIBCPP_HARDENING_MODE_DEBUG -swift-version 5 -I /tmp/counting-sheep-search-build/Build/Products/Debug-iphonesimulator -F /tmp/counting-sheep-search-build/Build/Products/Debug-iphonesimulator/PackageFrameworks -F /tmp/counting-sheep-search-build/Build/Products/Debug-iphonesimulator/PackageFrameworks -F /tmp/counting-sheep-search-build/Build/Products/Debug-iphonesimulator/PackageFrameworks -F /tmp/counting-sheep-search-build/Build/Products/Debug-iphonesimulator/PackageFrameworks -F /tmp/counting-sheep-search-build/Build/Products/Debug-iphonesimulator/PackageFrameworks -F /tmp/counting-sheep-search-build/Build/Products/Debug-iphonesimulator/PackageFrameworks -F /tmp/counting-sheep-search-build/Build/Products/Debug-iphonesimulator/PackageFrameworks -F /tmp/counting-sheep-search-build/Build/Products/Debug-iphonesimulator/PackageFrameworks -F /tmp/counting-sheep-search-build/Build/Products/Debug-iphonesimulator/PackageFrameworks -F /tmp/counting-sheep-search-build/Build/Products/Debug-iphonesimulator/PackageFrameworks -F /tmp/counting-sheep-search-build/Build/Products/Debug-iphonesimulator/PackageFrameworks -F /tmp/counting-sheep-search-build/Build/Products/Debug-iphonesimulator/PackageFrameworks -F /tmp/counting-sheep-search-build/Build/Products/Debug-iphonesimulator/PackageFrameworks -F /tmp/counting-sheep-search-build/Build/Products/Debug-iphonesimulator/PackageFrameworks -F /tmp/counting-sheep-search-build/Build/Products/Debug-iphonesimulator -c -j8 -enable-batch-mode -incremental -Xcc -ivfsstatcache -Xcc /tmp/counting-sheep-search-build/SDKStatCaches.noindex/iphonesimulator26.5-23F81a-6cfe768891a92b912361537c460fe42b.sdkstatcache -output-file-map /tmp/counting-sheep-search-build/Build/Intermediates.noindex/PhoneInTheOtherRoom.build/Debug-iphonesimulator/PhoneInTheOtherRoom.build/Objects-normal/arm64/PhoneInTheOtherRoom-OutputFileMap.json -use-frontend-parseable-output -save-temps -no-color-diagnostics -explicit-module-build -module-cache-path /tmp/counting-sheep-search-build/Build/Intermediates.noindex/SwiftExplicitPrecompiledModules -clang-scanner-module-cache-path /tmp/counting-sheep-search-build/ModuleCache.noindex -sdk-module-cache-path /tmp/counting-sheep-search-build/ModuleCache.noindex -serialize-diagnostics -emit-dependencies -emit-module -emit-module-path /tmp/counting-sheep-search-build/Build/Intermediates.noindex/PhoneInTheOtherRoom.build/Debug-iphonesimulator/PhoneInTheOtherRoom.build/Objects-normal/arm64/Counting_Sheep.swiftmodule -validate-clang-modules-once -clang-build-session-file /tmp/counting-sheep-search-build/ModuleCache.noindex/Session.modulevalidation -Xcc -I/tmp/counting-sheep-search-build/Build/Intermediates.noindex/PhoneInTheOtherRoom.build/Debug-iphonesimulator/PhoneInTheOtherRoom.build/swift-overrides.hmap -emit-const-values -Xfrontend -const-gather-protocols-file -Xfrontend /tmp/counting-sheep-search-build/Build/Intermediates.noindex/PhoneInTheOtherRoom.build/Debug-iphonesimulator/PhoneInTheOtherRoom.build/Objects-normal/arm64/PhoneInTheOtherRoom_const_extract_protocols.json -Xcc -iquote -Xcc /tmp/counting-sheep-search-build/Build/Intermediates.noindex/PhoneInTheOtherRoom.build/Debug-iphonesimulator/PhoneInTheOtherRoom.build/Counting\ Sheep-generated-files.hmap -Xcc -I/tmp/counting-sheep-search-build/Build/Intermediates.noindex/PhoneInTheOtherRoom.build/Debug-iphonesimulator/PhoneInTheOtherRoom.build/Counting\ Sheep-own-target-headers.hmap -Xcc -I/tmp/counting-sheep-search-build/Build/Intermediates.noindex/PhoneInTheOtherRoom.build/Debug-iphonesimulator/PhoneInTheOtherRoom.build/Counting\ Sheep-all-non-framework-target-headers.hmap -Xcc -ivfsoverlay -Xcc /tmp/counting-sheep-search-build/Build/Intermediates.noindex/PhoneInTheOtherRoom.build/Debug-iphonesimulator/PhoneInTheOtherRoom-d9a00fb94435e678319518e524e23875-VFS-iphonesimulator/all-product-headers.yaml -Xcc -iquote -Xcc /tmp/counting-sheep-search-build/Build/Intermediates.noindex/PhoneInTheOtherRoom.build/Debug-iphonesimulator/PhoneInTheOtherRoom.build/Counting\ Sheep-project-headers.hmap -Xcc -I/tmp/counting-sheep-search-build/Build/Products/Debug-iphonesimulator/include -Xcc -I/tmp/counting-sheep-search-build/Build/Intermediates.noindex/PhoneInTheOtherRoom.build/Debug-iphonesimulator/PhoneInTheOtherRoom.build/DerivedSources-normal/arm64 -Xcc -I/tmp/counting-sheep-search-build/Build/Intermediates.noindex/PhoneInTheOtherRoom.build/Debug-iphonesimulator/PhoneInTheOtherRoom.build/DerivedSources/arm64 -Xcc -I/tmp/counting-sheep-search-build/Build/Intermediates.noindex/PhoneInTheOtherRoom.build/Debug-iphonesimulator/PhoneInTheOtherRoom.build/DerivedSources -Xcc -DDEBUG\=1 -emit-objc-header -emit-objc-header-path /tmp/counting-sheep-search-build/Build/Intermediates.noindex/PhoneInTheOtherRoom.build/Debug-iphonesimulator/PhoneInTheOtherRoom.build/Objects-normal/arm64/Counting_Sheep-Swift.h -working-directory /Users/ngawangchime/Desktop/Developer\ Projects/Phone\ in\ the\ Other\ Room -experimental-emit-module-separately -disable-cmo

ExtractAppIntentsMetadata (in target 'PhoneInTheOtherRoomWatchApp' from project 'PhoneInTheOtherRoom')
    cd /Users/ngawangchime/Desktop/Developer\ Projects/Phone\ in\ the\ Other\ Room
    /Applications/Xcode.app/Contents/Developer/Toolchains/XcodeDefault.xctoolchain/usr/bin/appintentsmetadataprocessor --toolchain-dir /Applications/Xcode.app/Contents/Developer/Toolchains/XcodeDefault.xctoolchain --module-name Counting_Sheep_Watch --sdk-root /Applications/Xcode.app/Contents/Developer/Platforms/WatchSimulator.platform/Developer/SDKs/WatchSimulator26.5.sdk --xcode-version 17F113 --platform-family watchOS --deployment-target 10.0 --bundle-identifier com.ngawangchime.countingsheep.watchkitapp --output /tmp/counting-sheep-search-build/Build/Products/Debug-watchsimulator/Counting\ Sheep\ Watch.app --target-triple arm64-apple-watchos10.0-simulator --target-triple x86_64-apple-watchos10.0-simulator --binary-file /tmp/counting-sheep-search-build/Build/Products/Debug-watchsimulator/Counting\ Sheep\ Watch.app/Counting\ Sheep\ Watch --dependency-file /tmp/counting-sheep-search-build/Build/Intermediates.noindex/PhoneInTheOtherRoom.build/Debug-watchsimulator/PhoneInTheOtherRoomWatchApp.build/Objects-normal/arm64/Counting\ Sheep\ Watch_dependency_info.dat --dependency-file /tmp/counting-sheep-search-build/Build/Intermediates.noindex/PhoneInTheOtherRoom.build/Debug-watchsimulator/PhoneInTheOtherRoomWatchApp.build/Objects-normal/x86_64/Counting\ Sheep\ Watch_dependency_info.dat --stringsdata-file /tmp/counting-sheep-search-build/Build/Intermediates.noindex/PhoneInTheOtherRoom.build/Debug-watchsimulator/PhoneInTheOtherRoomWatchApp.build/Objects-normal/arm64/ExtractedAppShortcutsMetadata.stringsdata --stringsdata-file /tmp/counting-sheep-search-build/Build/Intermediates.noindex/PhoneInTheOtherRoom.build/Debug-watchsimulator/PhoneInTheOtherRoomWatchApp.build/Objects-normal/x86_64/ExtractedAppShortcutsMetadata.stringsdata --source-file-list /tmp/counting-sheep-search-build/Build/Intermediates.noindex/PhoneInTheOtherRoom.build/Debug-watchsimulator/PhoneInTheOtherRoomWatchApp.build/Objects-normal/arm64/Counting\ Sheep\ Watch.SwiftFileList --source-file-list /tmp/counting-sheep-search-build/Build/Intermediates.noindex/PhoneInTheOtherRoom.build/Debug-watchsimulator/PhoneInTheOtherRoomWatchApp.build/Objects-normal/x86_64/Counting\ Sheep\ Watch.SwiftFileList --metadata-file-list /tmp/counting-sheep-search-build/Build/Intermediates.noindex/PhoneInTheOtherRoom.build/Debug-watchsimulator/PhoneInTheOtherRoomWatchApp.build/Counting\ Sheep\ Watch.DependencyMetadataFileList --static-metadata-file-list /tmp/counting-sheep-search-build/Build/Intermediates.noindex/PhoneInTheOtherRoom.build/Debug-watchsimulator/PhoneInTheOtherRoomWatchApp.build/Counting\ Sheep\ Watch.DependencyStaticMetadataFileList --swift-const-vals-list /tmp/counting-sheep-search-build/Build/Intermediates.noindex/PhoneInTheOtherRoom.build/Debug-watchsimulator/PhoneInTheOtherRoomWatchApp.build/Objects-normal/arm64/Counting\ Sheep\ Watch.SwiftConstValuesFileList --swift-const-vals-list /tmp/counting-sheep-search-build/Build/Intermediates.noindex/PhoneInTheOtherRoom.build/Debug-watchsimulator/PhoneInTheOtherRoomWatchApp.build/Objects-normal/x86_64/Counting\ Sheep\ Watch.SwiftConstValuesFileList --compile-time-extraction --deployment-aware-processing --validate-assistant-intents --no-app-shortcuts-localization
2026-09-20 12:25:22.377 appintentsmetadataprocessor[38428:7136599] Starting appintentsmetadataprocessor export
2026-09-20 12:25:22.387 appintentsmetadataprocessor[38428:7136599] warning: Metadata extraction skipped. No AppIntents.framework dependency found.

CreateUniversalBinary /tmp/counting-sheep-search-build/Build/Products/Debug-iphonesimulator/Counting\ Sheep\ Wind\ Down\ Monitor.appex/Counting\ Sheep\ Wind\ Down\ Monitor.debug.dylib normal arm64\ x86_64 (in target 'PhoneInTheOtherRoomDeviceActivityMonitor' from project 'PhoneInTheOtherRoom')
    cd /Users/ngawangchime/Desktop/Developer\ Projects/Phone\ in\ the\ Other\ Room
    /Applications/Xcode.app/Contents/Developer/Toolchains/XcodeDefault.xctoolchain/usr/bin/lipo -create /tmp/counting-sheep-search-build/Build/Intermediates.noindex/PhoneInTheOtherRoom.build/Debug-iphonesimulator/PhoneInTheOtherRoomDeviceActivityMonitor.build/Objects-normal/arm64/Binary/Counting\ Sheep\ Wind\ Down\ Monitor.debug.dylib /tmp/counting-sheep-search-build/Build/Intermediates.noindex/PhoneInTheOtherRoom.build/Debug-iphonesimulator/PhoneInTheOtherRoomDeviceActivityMonitor.build/Objects-normal/x86_64/Binary/Counting\ Sheep\ Wind\ Down\ Monitor.debug.dylib -output /tmp/counting-sheep-search-build/Build/Products/Debug-iphonesimulator/Counting\ Sheep\ Wind\ Down\ Monitor.appex/Counting\ Sheep\ Wind\ Down\ Monitor.debug.dylib

ConstructStubExecutorLinkFileList /tmp/counting-sheep-search-build/Build/Intermediates.noindex/PhoneInTheOtherRoom.build/Debug-iphonesimulator/PhoneInTheOtherRoomDeviceActivityMonitor.build/Counting\ Sheep\ Wind\ Down\ Monitor-ExecutorLinkFileList-normal-arm64.txt (in target 'PhoneInTheOtherRoomDeviceActivityMonitor' from project 'PhoneInTheOtherRoom')
    cd /Users/ngawangchime/Desktop/Developer\ Projects/Phone\ in\ the\ Other\ Room
    construct-stub-executor-link-file-list /tmp/counting-sheep-search-build/Build/Intermediates.noindex/PhoneInTheOtherRoom.build/Debug-iphonesimulator/PhoneInTheOtherRoomDeviceActivityMonitor.build/Objects-normal/arm64/Binary/Counting\ Sheep\ Wind\ Down\ Monitor.debug.dylib /Applications/Xcode.app/Contents/Developer/Platforms/iPhoneSimulator.platform/Developer/usr/lib/libPreviewsJITStubExecutor_no_swift_entry_point.a /Applications/Xcode.app/Contents/Developer/Platforms/iPhoneSimulator.platform/Developer/usr/lib/libPreviewsJITStubExecutor.a --output /tmp/counting-sheep-search-build/Build/Intermediates.noindex/PhoneInTheOtherRoom.build/Debug-iphonesimulator/PhoneInTheOtherRoomDeviceActivityMonitor.build/Counting\ Sheep\ Wind\ Down\ Monitor-ExecutorLinkFileList-normal-arm64.txt
note: Using stub executor library without Swift entry point. (in target 'PhoneInTheOtherRoomDeviceActivityMonitor' from project 'PhoneInTheOtherRoom')

Ld /tmp/counting-sheep-search-build/Build/Intermediates.noindex/PhoneInTheOtherRoom.build/Debug-iphonesimulator/PhoneInTheOtherRoomDeviceActivityMonitor.build/Objects-normal/arm64/Binary/Counting\ Sheep\ Wind\ Down\ Monitor normal arm64 (in target 'PhoneInTheOtherRoomDeviceActivityMonitor' from project 'PhoneInTheOtherRoom')
    cd /Users/ngawangchime/Desktop/Developer\ Projects/Phone\ in\ the\ Other\ Room
    /Applications/Xcode.app/Contents/Developer/Toolchains/XcodeDefault.xctoolchain/usr/bin/clang -Xlinker -reproducible -target arm64-apple-ios17.0-simulator -isysroot /Applications/Xcode.app/Contents/Developer/Platforms/iPhoneSimulator.platform/Developer/SDKs/iPhoneSimulator26.5.sdk -O0 -L/tmp/counting-sheep-search-build/Build/Products/Debug-iphonesimulator -F/tmp/counting-sheep-search-build/Build/Products/Debug-iphonesimulator -Xlinker -rpath -Xlinker @executable_path -Xlinker -rpath -Xlinker @executable_path/Frameworks -Xlinker -rpath -Xlinker @executable_path/../../Frameworks -rdynamic -Xlinker -no_deduplicate -Xlinker -objc_abi_version -Xlinker 2 -e ___debug_blank_executor_main -Xlinker -sectcreate -Xlinker __TEXT -Xlinker __debug_dylib -Xlinker /tmp/counting-sheep-search-build/Build/Intermediates.noindex/PhoneInTheOtherRoom.build/Debug-iphonesimulator/PhoneInTheOtherRoomDeviceActivityMonitor.build/Counting\ Sheep\ Wind\ Down\ Monitor-DebugDylibPath-normal-arm64.txt -Xlinker -sectcreate -Xlinker __TEXT -Xlinker __debug_entry -Xlinker /tmp/counting-sheep-search-build/Build/Intermediates.noindex/PhoneInTheOtherRoom.build/Debug-iphonesimulator/PhoneInTheOtherRoomDeviceActivityMonitor.build/Counting\ Sheep\ Wind\ Down\ Monitor-DebugEntryPoint-normal-arm64.txt -Xlinker -sectcreate -Xlinker __TEXT -Xlinker __debug_instlnm -Xlinker /tmp/counting-sheep-search-build/Build/Intermediates.noindex/PhoneInTheOtherRoom.build/Debug-iphonesimulator/PhoneInTheOtherRoomDeviceActivityMonitor.build/Counting\ Sheep\ Wind\ Down\ Monitor-DebugDylibInstallName-normal-arm64.txt -Xlinker -filelist -Xlinker /tmp/counting-sheep-search-build/Build/Intermediates.noindex/PhoneInTheOtherRoom.build/Debug-iphonesimulator/PhoneInTheOtherRoomDeviceActivityMonitor.build/Counting\ Sheep\ Wind\ Down\ Monitor-ExecutorLinkFileList-normal-arm64.txt -Xlinker -sectcreate -Xlinker __TEXT -Xlinker __entitlements -Xlinker /tmp/counting-sheep-search-build/Build/Intermediates.noindex/PhoneInTheOtherRoom.build/Debug-iphonesimulator/PhoneInTheOtherRoomDeviceActivityMonitor.build/Counting\ Sheep\ Wind\ Down\ Monitor.appex-Simulated.xcent -Xlinker -sectcreate -Xlinker __TEXT -Xlinker __ents_der -Xlinker /tmp/counting-sheep-search-build/Build/Intermediates.noindex/PhoneInTheOtherRoom.build/Debug-iphonesimulator/PhoneInTheOtherRoomDeviceActivityMonitor.build/Counting\ Sheep\ Wind\ Down\ Monitor.appex-Simulated.xcent.der /tmp/counting-sheep-search-build/Build/Intermediates.noindex/PhoneInTheOtherRoom.build/Debug-iphonesimulator/PhoneInTheOtherRoomDeviceActivityMonitor.build/Objects-normal/arm64/Binary/Counting\ Sheep\ Wind\ Down\ Monitor.debug.dylib -Xlinker -no_adhoc_codesign -o /tmp/counting-sheep-search-build/Build/Intermediates.noindex/PhoneInTheOtherRoom.build/Debug-iphonesimulator/PhoneInTheOtherRoomDeviceActivityMonitor.build/Objects-normal/arm64/Binary/Counting\ Sheep\ Wind\ Down\ Monitor

CopySwiftLibs /tmp/counting-sheep-search-build/Build/Products/Debug-watchsimulator/Counting\ Sheep\ Watch.app (in target 'PhoneInTheOtherRoomWatchApp' from project 'PhoneInTheOtherRoom')
    cd /Users/ngawangchime/Desktop/Developer\ Projects/Phone\ in\ the\ Other\ Room
    builtin-swiftStdLibTool --copy --verbose --sign - --scan-executable /tmp/counting-sheep-search-build/Build/Products/Debug-watchsimulator/Counting\ Sheep\ Watch.app/Counting\ Sheep\ Watch.debug.dylib --scan-folder /tmp/counting-sheep-search-build/Build/Products/Debug-watchsimulator/Counting\ Sheep\ Watch.app/Frameworks --scan-folder /tmp/counting-sheep-search-build/Build/Products/Debug-watchsimulator/Counting\ Sheep\ Watch.app/PlugIns --scan-folder /tmp/counting-sheep-search-build/Build/Products/Debug-watchsimulator/Counting\ Sheep\ Watch.app/SystemExtensions --scan-folder /tmp/counting-sheep-search-build/Build/Products/Debug-watchsimulator/Counting\ Sheep\ Watch.app/Extensions --platform watchsimulator --toolchain /Applications/Xcode.app/Contents/Developer/Toolchains/XcodeDefault.xctoolchain --destination /tmp/counting-sheep-search-build/Build/Products/Debug-watchsimulator/Counting\ Sheep\ Watch.app/Frameworks --strip-bitcode --strip-bitcode-tool /Applications/Xcode.app/Contents/Developer/Toolchains/XcodeDefault.xctoolchain/usr/bin/bitcode_strip --emit-dependency-info /tmp/counting-sheep-search-build/Build/Intermediates.noindex/PhoneInTheOtherRoom.build/Debug-watchsimulator/PhoneInTheOtherRoomWatchApp.build/SwiftStdLibToolInputDependencies.dep --filter-for-swift-os --back-deploy-swift-span

ExtractAppIntentsMetadata (in target 'PhoneInTheOtherRoomScreenTimeReport' from project 'PhoneInTheOtherRoom')
    cd /Users/ngawangchime/Desktop/Developer\ Projects/Phone\ in\ the\ Other\ Room
    /Applications/Xcode.app/Contents/Developer/Toolchains/XcodeDefault.xctoolchain/usr/bin/appintentsmetadataprocessor --toolchain-dir /Applications/Xcode.app/Contents/Developer/Toolchains/XcodeDefault.xctoolchain --module-name Counting_Sheep_Screen_Time_Report --sdk-root /Applications/Xcode.app/Contents/Developer/Platforms/iPhoneSimulator.platform/Developer/SDKs/iPhoneSimulator26.5.sdk --xcode-version 17F113 --platform-family iOS --deployment-target 17.0 --bundle-identifier com.ngawangchime.countingsheep.ScreenTimeReport --output /tmp/counting-sheep-search-build/Build/Products/Debug-iphonesimulator/Counting\ Sheep\ Screen\ Time\ Report.appex --target-triple arm64-apple-ios17.0-simulator --target-triple x86_64-apple-ios17.0-simulator --binary-file /tmp/counting-sheep-search-build/Build/Products/Debug-iphonesimulator/Counting\ Sheep\ Screen\ Time\ Report.appex/Counting\ Sheep\ Screen\ Time\ Report --dependency-file /tmp/counting-sheep-search-build/Build/Intermediates.noindex/PhoneInTheOtherRoom.build/Debug-iphonesimulator/PhoneInTheOtherRoomScreenTimeReport.build/Objects-normal/arm64/Counting\ Sheep\ Screen\ Time\ Report_dependency_info.dat --dependency-file /tmp/counting-sheep-search-build/Build/Intermediates.noindex/PhoneInTheOtherRoom.build/Debug-iphonesimulator/PhoneInTheOtherRoomScreenTimeReport.build/Objects-normal/x86_64/Counting\ Sheep\ Screen\ Time\ Report_dependency_info.dat --stringsdata-file /tmp/counting-sheep-search-build/Build/Intermediates.noindex/PhoneInTheOtherRoom.build/Debug-iphonesimulator/PhoneInTheOtherRoomScreenTimeReport.build/Objects-normal/arm64/ExtractedAppShortcutsMetadata.stringsdata --stringsdata-file /tmp/counting-sheep-search-build/Build/Intermediates.noindex/PhoneInTheOtherRoom.build/Debug-iphonesimulator/PhoneInTheOtherRoomScreenTimeReport.build/Objects-normal/x86_64/ExtractedAppShortcutsMetadata.stringsdata --source-file-list /tmp/counting-sheep-search-build/Build/Intermediates.noindex/PhoneInTheOtherRoom.build/Debug-iphonesimulator/PhoneInTheOtherRoomScreenTimeReport.build/Objects-normal/arm64/Counting\ Sheep\ Screen\ Time\ Report.SwiftFileList --source-file-list /tmp/counting-sheep-search-build/Build/Intermediates.noindex/PhoneInTheOtherRoom.build/Debug-iphonesimulator/PhoneInTheOtherRoomScreenTimeReport.build/Objects-normal/x86_64/Counting\ Sheep\ Screen\ Time\ Report.SwiftFileList --metadata-file-list /tmp/counting-sheep-search-build/Build/Intermediates.noindex/PhoneInTheOtherRoom.build/Debug-iphonesimulator/PhoneInTheOtherRoomScreenTimeReport.build/Counting\ Sheep\ Screen\ Time\ Report.DependencyMetadataFileList --static-metadata-file-list /tmp/counting-sheep-search-build/Build/Intermediates.noindex/PhoneInTheOtherRoom.build/Debug-iphonesimulator/PhoneInTheOtherRoomScreenTimeReport.build/Counting\ Sheep\ Screen\ Time\ Report.DependencyStaticMetadataFileList --swift-const-vals-list /tmp/counting-sheep-search-build/Build/Intermediates.noindex/PhoneInTheOtherRoom.build/Debug-iphonesimulator/PhoneInTheOtherRoomScreenTimeReport.build/Objects-normal/arm64/Counting\ Sheep\ Screen\ Time\ Report.SwiftConstValuesFileList --swift-const-vals-list /tmp/counting-sheep-search-build/Build/Intermediates.noindex/PhoneInTheOtherRoom.build/Debug-iphonesimulator/PhoneInTheOtherRoomScreenTimeReport.build/Objects-normal/x86_64/Counting\ Sheep\ Screen\ Time\ Report.SwiftConstValuesFileList --compile-time-extraction --deployment-aware-processing --validate-assistant-intents --no-app-shortcuts-localization
2026-09-20 12:25:22.459 appintentsmetadataprocessor[38432:7136619] Starting appintentsmetadataprocessor export
2026-09-20 12:25:22.462 appintentsmetadataprocessor[38432:7136619] warning: Metadata extraction skipped. No AppIntents.framework dependency found.

ExtractAppIntentsMetadata (in target 'PhoneInTheOtherRoomLiveActivity' from project 'PhoneInTheOtherRoom')
    cd /Users/ngawangchime/Desktop/Developer\ Projects/Phone\ in\ the\ Other\ Room
    /Applications/Xcode.app/Contents/Developer/Toolchains/XcodeDefault.xctoolchain/usr/bin/appintentsmetadataprocessor --toolchain-dir /Applications/Xcode.app/Contents/Developer/Toolchains/XcodeDefault.xctoolchain --module-name Counting_Sheep_Live_Activity --sdk-root /Applications/Xcode.app/Contents/Developer/Platforms/iPhoneSimulator.platform/Developer/SDKs/iPhoneSimulator26.5.sdk --xcode-version 17F113 --platform-family iOS --deployment-target 17.0 --bundle-identifier com.ngawangchime.countingsheep.liveactivity --output /tmp/counting-sheep-search-build/Build/Products/Debug-iphonesimulator/Counting\ Sheep\ Live\ Activity.appex --target-triple arm64-apple-ios17.0-simulator --target-triple x86_64-apple-ios17.0-simulator --binary-file /tmp/counting-sheep-search-build/Build/Products/Debug-iphonesimulator/Counting\ Sheep\ Live\ Activity.appex/Counting\ Sheep\ Live\ Activity --dependency-file /tmp/counting-sheep-search-build/Build/Intermediates.noindex/PhoneInTheOtherRoom.build/Debug-iphonesimulator/PhoneInTheOtherRoomLiveActivity.build/Objects-normal/arm64/Counting\ Sheep\ Live\ Activity_dependency_info.dat --dependency-file /tmp/counting-sheep-search-build/Build/Intermediates.noindex/PhoneInTheOtherRoom.build/Debug-iphonesimulator/PhoneInTheOtherRoomLiveActivity.build/Objects-normal/x86_64/Counting\ Sheep\ Live\ Activity_dependency_info.dat --stringsdata-file /tmp/counting-sheep-search-build/Build/Intermediates.noindex/PhoneInTheOtherRoom.build/Debug-iphonesimulator/PhoneInTheOtherRoomLiveActivity.build/Objects-normal/arm64/ExtractedAppShortcutsMetadata.stringsdata --stringsdata-file /tmp/counting-sheep-search-build/Build/Intermediates.noindex/PhoneInTheOtherRoom.build/Debug-iphonesimulator/PhoneInTheOtherRoomLiveActivity.build/Objects-normal/x86_64/ExtractedAppShortcutsMetadata.stringsdata --source-file-list /tmp/counting-sheep-search-build/Build/Intermediates.noindex/PhoneInTheOtherRoom.build/Debug-iphonesimulator/PhoneInTheOtherRoomLiveActivity.build/Objects-normal/arm64/Counting\ Sheep\ Live\ Activity.SwiftFileList --source-file-list /tmp/counting-sheep-search-build/Build/Intermediates.noindex/PhoneInTheOtherRoom.build/Debug-iphonesimulator/PhoneInTheOtherRoomLiveActivity.build/Objects-normal/x86_64/Counting\ Sheep\ Live\ Activity.SwiftFileList --metadata-file-list /tmp/counting-sheep-search-build/Build/Intermediates.noindex/PhoneInTheOtherRoom.build/Debug-iphonesimulator/PhoneInTheOtherRoomLiveActivity.build/Counting\ Sheep\ Live\ Activity.DependencyMetadataFileList --static-metadata-file-list /tmp/counting-sheep-search-build/Build/Intermediates.noindex/PhoneInTheOtherRoom.build/Debug-iphonesimulator/PhoneInTheOtherRoomLiveActivity.build/Counting\ Sheep\ Live\ Activity.DependencyStaticMetadataFileList --swift-const-vals-list /tmp/counting-sheep-search-build/Build/Intermediates.noindex/PhoneInTheOtherRoom.build/Debug-iphonesimulator/PhoneInTheOtherRoomLiveActivity.build/Objects-normal/arm64/Counting\ Sheep\ Live\ Activity.SwiftConstValuesFileList --swift-const-vals-list /tmp/counting-sheep-search-build/Build/Intermediates.noindex/PhoneInTheOtherRoom.build/Debug-iphonesimulator/PhoneInTheOtherRoomLiveActivity.build/Objects-normal/x86_64/Counting\ Sheep\ Live\ Activity.SwiftConstValuesFileList --compile-time-extraction --deployment-aware-processing --validate-assistant-intents --no-app-shortcuts-localization
2026-09-20 12:25:22.475 appintentsmetadataprocessor[38433:7136620] Starting appintentsmetadataprocessor export
2026-09-20 12:25:22.560 appintentsmetadataprocessor[38433:7136620] Writing Metadata.appintents
2026-09-20 12:25:22.560 appintentsmetadataprocessor[38433:7136620] Metadata root: /tmp/counting-sheep-search-build/Build/Products/Debug-iphonesimulator/Counting Sheep Live Activity.appex/Metadata.appintents

CreateUniversalBinary /tmp/counting-sheep-search-build/Build/Products/Debug-iphonesimulator/Counting\ Sheep\ Wind\ Down\ Monitor.appex/Counting\ Sheep\ Wind\ Down\ Monitor normal arm64\ x86_64 (in target 'PhoneInTheOtherRoomDeviceActivityMonitor' from project 'PhoneInTheOtherRoom')
    cd /Users/ngawangchime/Desktop/Developer\ Projects/Phone\ in\ the\ Other\ Room
    /Applications/Xcode.app/Contents/Developer/Toolchains/XcodeDefault.xctoolchain/usr/bin/lipo -create /tmp/counting-sheep-search-build/Build/Intermediates.noindex/PhoneInTheOtherRoom.build/Debug-iphonesimulator/PhoneInTheOtherRoomDeviceActivityMonitor.build/Objects-normal/arm64/Binary/Counting\ Sheep\ Wind\ Down\ Monitor /tmp/counting-sheep-search-build/Build/Intermediates.noindex/PhoneInTheOtherRoom.build/Debug-iphonesimulator/PhoneInTheOtherRoomDeviceActivityMonitor.build/Objects-normal/x86_64/Binary/Counting\ Sheep\ Wind\ Down\ Monitor -output /tmp/counting-sheep-search-build/Build/Products/Debug-iphonesimulator/Counting\ Sheep\ Wind\ Down\ Monitor.appex/Counting\ Sheep\ Wind\ Down\ Monitor

CodeSign /tmp/counting-sheep-search-build/Build/Products/Debug-watchsimulator/Counting\ Sheep\ Watch.app/Counting\ Sheep\ Watch.debug.dylib (in target 'PhoneInTheOtherRoomWatchApp' from project 'PhoneInTheOtherRoom')
    cd /Users/ngawangchime/Desktop/Developer\ Projects/Phone\ in\ the\ Other\ Room

    Signing Identity:     "Sign to Run Locally"

    /usr/bin/codesign --force --sign - --timestamp\=none --generate-entitlement-der /tmp/counting-sheep-search-build/Build/Products/Debug-watchsimulator/Counting\ Sheep\ Watch.app/Counting\ Sheep\ Watch.debug.dylib

CodeSign /tmp/counting-sheep-search-build/Build/Products/Debug-iphonesimulator/Counting\ Sheep\ Screen\ Time\ Report.appex/Counting\ Sheep\ Screen\ Time\ Report.debug.dylib (in target 'PhoneInTheOtherRoomScreenTimeReport' from project 'PhoneInTheOtherRoom')
    cd /Users/ngawangchime/Desktop/Developer\ Projects/Phone\ in\ the\ Other\ Room

    Signing Identity:     "Sign to Run Locally"

    /usr/bin/codesign --force --sign - --timestamp\=none --generate-entitlement-der /tmp/counting-sheep-search-build/Build/Products/Debug-iphonesimulator/Counting\ Sheep\ Screen\ Time\ Report.appex/Counting\ Sheep\ Screen\ Time\ Report.debug.dylib

ExtractAppIntentsMetadata (in target 'PhoneInTheOtherRoomDeviceActivityMonitor' from project 'PhoneInTheOtherRoom')
    cd /Users/ngawangchime/Desktop/Developer\ Projects/Phone\ in\ the\ Other\ Room
    /Applications/Xcode.app/Contents/Developer/Toolchains/XcodeDefault.xctoolchain/usr/bin/appintentsmetadataprocessor --toolchain-dir /Applications/Xcode.app/Contents/Developer/Toolchains/XcodeDefault.xctoolchain --module-name Counting_Sheep_Wind_Down_Monitor --sdk-root /Applications/Xcode.app/Contents/Developer/Platforms/iPhoneSimulator.platform/Developer/SDKs/iPhoneSimulator26.5.sdk --xcode-version 17F113 --platform-family iOS --deployment-target 17.0 --bundle-identifier com.ngawangchime.countingsheep.DeviceActivityMonitor --output /tmp/counting-sheep-search-build/Build/Products/Debug-iphonesimulator/Counting\ Sheep\ Wind\ Down\ Monitor.appex --target-triple arm64-apple-ios17.0-simulator --target-triple x86_64-apple-ios17.0-simulator --binary-file /tmp/counting-sheep-search-build/Build/Products/Debug-iphonesimulator/Counting\ Sheep\ Wind\ Down\ Monitor.appex/Counting\ Sheep\ Wind\ Down\ Monitor --dependency-file /tmp/counting-sheep-search-build/Build/Intermediates.noindex/PhoneInTheOtherRoom.build/Debug-iphonesimulator/PhoneInTheOtherRoomDeviceActivityMonitor.build/Objects-normal/arm64/Counting\ Sheep\ Wind\ Down\ Monitor_dependency_info.dat --dependency-file /tmp/counting-sheep-search-build/Build/Intermediates.noindex/PhoneInTheOtherRoom.build/Debug-iphonesimulator/PhoneInTheOtherRoomDeviceActivityMonitor.build/Objects-normal/x86_64/Counting\ Sheep\ Wind\ Down\ Monitor_dependency_info.dat --stringsdata-file /tmp/counting-sheep-search-build/Build/Intermediates.noindex/PhoneInTheOtherRoom.build/Debug-iphonesimulator/PhoneInTheOtherRoomDeviceActivityMonitor.build/Objects-normal/arm64/ExtractedAppShortcutsMetadata.stringsdata --stringsdata-file /tmp/counting-sheep-search-build/Build/Intermediates.noindex/PhoneInTheOtherRoom.build/Debug-iphonesimulator/PhoneInTheOtherRoomDeviceActivityMonitor.build/Objects-normal/x86_64/ExtractedAppShortcutsMetadata.stringsdata --source-file-list /tmp/counting-sheep-search-build/Build/Intermediates.noindex/PhoneInTheOtherRoom.build/Debug-iphonesimulator/PhoneInTheOtherRoomDeviceActivityMonitor.build/Objects-normal/arm64/Counting\ Sheep\ Wind\ Down\ Monitor.SwiftFileList --source-file-list /tmp/counting-sheep-search-build/Build/Intermediates.noindex/PhoneInTheOtherRoom.build/Debug-iphonesimulator/PhoneInTheOtherRoomDeviceActivityMonitor.build/Objects-normal/x86_64/Counting\ Sheep\ Wind\ Down\ Monitor.SwiftFileList --metadata-file-list /tmp/counting-sheep-search-build/Build/Intermediates.noindex/PhoneInTheOtherRoom.build/Debug-iphonesimulator/PhoneInTheOtherRoomDeviceActivityMonitor.build/Counting\ Sheep\ Wind\ Down\ Monitor.DependencyMetadataFileList --static-metadata-file-list /tmp/counting-sheep-search-build/Build/Intermediates.noindex/PhoneInTheOtherRoom.build/Debug-iphonesimulator/PhoneInTheOtherRoomDeviceActivityMonitor.build/Counting\ Sheep\ Wind\ Down\ Monitor.DependencyStaticMetadataFileList --swift-const-vals-list /tmp/counting-sheep-search-build/Build/Intermediates.noindex/PhoneInTheOtherRoom.build/Debug-iphonesimulator/PhoneInTheOtherRoomDeviceActivityMonitor.build/Objects-normal/arm64/Counting\ Sheep\ Wind\ Down\ Monitor.SwiftConstValuesFileList --swift-const-vals-list /tmp/counting-sheep-search-build/Build/Intermediates.noindex/PhoneInTheOtherRoom.build/Debug-iphonesimulator/PhoneInTheOtherRoomDeviceActivityMonitor.build/Objects-normal/x86_64/Counting\ Sheep\ Wind\ Down\ Monitor.SwiftConstValuesFileList --compile-time-extraction --deployment-aware-processing --validate-assistant-intents --no-app-shortcuts-localization
2026-09-20 12:25:22.704 appintentsmetadataprocessor[38438:7136638] Starting appintentsmetadataprocessor export
2026-09-20 12:25:22.706 appintentsmetadataprocessor[38438:7136638] warning: Metadata extraction skipped. No AppIntents.framework dependency found.

CodeSign /tmp/counting-sheep-search-build/Build/Products/Debug-watchsimulator/Counting\ Sheep\ Watch.app/__preview.dylib (in target 'PhoneInTheOtherRoomWatchApp' from project 'PhoneInTheOtherRoom')
    cd /Users/ngawangchime/Desktop/Developer\ Projects/Phone\ in\ the\ Other\ Room

    Signing Identity:     "Sign to Run Locally"

    /usr/bin/codesign --force --sign - --timestamp\=none --generate-entitlement-der /tmp/counting-sheep-search-build/Build/Products/Debug-watchsimulator/Counting\ Sheep\ Watch.app/__preview.dylib
/tmp/counting-sheep-search-build/Build/Products/Debug-watchsimulator/Counting Sheep Watch.app/__preview.dylib: replacing existing signature

CodeSign /tmp/counting-sheep-search-build/Build/Products/Debug-iphonesimulator/Counting\ Sheep\ Live\ Activity.appex/Counting\ Sheep\ Live\ Activity.debug.dylib (in target 'PhoneInTheOtherRoomLiveActivity' from project 'PhoneInTheOtherRoom')
    cd /Users/ngawangchime/Desktop/Developer\ Projects/Phone\ in\ the\ Other\ Room

    Signing Identity:     "Sign to Run Locally"

    /usr/bin/codesign --force --sign - --timestamp\=none --generate-entitlement-der /tmp/counting-sheep-search-build/Build/Products/Debug-iphonesimulator/Counting\ Sheep\ Live\ Activity.appex/Counting\ Sheep\ Live\ Activity.debug.dylib

CodeSign /tmp/counting-sheep-search-build/Build/Products/Debug-watchsimulator/Counting\ Sheep\ Watch.app (in target 'PhoneInTheOtherRoomWatchApp' from project 'PhoneInTheOtherRoom')
    cd /Users/ngawangchime/Desktop/Developer\ Projects/Phone\ in\ the\ Other\ Room

    Signing Identity:     "Sign to Run Locally"

    /usr/bin/codesign --force --sign - --entitlements /tmp/counting-sheep-search-build/Build/Intermediates.noindex/PhoneInTheOtherRoom.build/Debug-watchsimulator/PhoneInTheOtherRoomWatchApp.build/Counting\ Sheep\ Watch.app.xcent --timestamp\=none --generate-entitlement-der /tmp/counting-sheep-search-build/Build/Products/Debug-watchsimulator/Counting\ Sheep\ Watch.app

CodeSign /tmp/counting-sheep-search-build/Build/Products/Debug-iphonesimulator/Counting\ Sheep\ Screen\ Time\ Report.appex/__preview.dylib (in target 'PhoneInTheOtherRoomScreenTimeReport' from project 'PhoneInTheOtherRoom')
    cd /Users/ngawangchime/Desktop/Developer\ Projects/Phone\ in\ the\ Other\ Room

    Signing Identity:     "Sign to Run Locally"

    /usr/bin/codesign --force --sign - --timestamp\=none --generate-entitlement-der /tmp/counting-sheep-search-build/Build/Products/Debug-iphonesimulator/Counting\ Sheep\ Screen\ Time\ Report.appex/__preview.dylib
/tmp/counting-sheep-search-build/Build/Products/Debug-iphonesimulator/Counting Sheep Screen Time Report.appex/__preview.dylib: replacing existing signature

CodeSign /tmp/counting-sheep-search-build/Build/Products/Debug-iphonesimulator/Counting\ Sheep\ Live\ Activity.appex/__preview.dylib (in target 'PhoneInTheOtherRoomLiveActivity' from project 'PhoneInTheOtherRoom')
    cd /Users/ngawangchime/Desktop/Developer\ Projects/Phone\ in\ the\ Other\ Room

    Signing Identity:     "Sign to Run Locally"

    /usr/bin/codesign --force --sign - --timestamp\=none --generate-entitlement-der /tmp/counting-sheep-search-build/Build/Products/Debug-iphonesimulator/Counting\ Sheep\ Live\ Activity.appex/__preview.dylib
/tmp/counting-sheep-search-build/Build/Products/Debug-iphonesimulator/Counting Sheep Live Activity.appex/__preview.dylib: replacing existing signature

CodeSign /tmp/counting-sheep-search-build/Build/Products/Debug-iphonesimulator/Counting\ Sheep\ Screen\ Time\ Report.appex (in target 'PhoneInTheOtherRoomScreenTimeReport' from project 'PhoneInTheOtherRoom')
    cd /Users/ngawangchime/Desktop/Developer\ Projects/Phone\ in\ the\ Other\ Room

    Signing Identity:     "Sign to Run Locally"

    /usr/bin/codesign --force --sign - --entitlements /tmp/counting-sheep-search-build/Build/Intermediates.noindex/PhoneInTheOtherRoom.build/Debug-iphonesimulator/PhoneInTheOtherRoomScreenTimeReport.build/Counting\ Sheep\ Screen\ Time\ Report.appex.xcent --timestamp\=none --generate-entitlement-der /tmp/counting-sheep-search-build/Build/Products/Debug-iphonesimulator/Counting\ Sheep\ Screen\ Time\ Report.appex

CodeSign /tmp/counting-sheep-search-build/Build/Products/Debug-iphonesimulator/Counting\ Sheep\ Live\ Activity.appex (in target 'PhoneInTheOtherRoomLiveActivity' from project 'PhoneInTheOtherRoom')
    cd /Users/ngawangchime/Desktop/Developer\ Projects/Phone\ in\ the\ Other\ Room

    Signing Identity:     "Sign to Run Locally"

    /usr/bin/codesign --force --sign - --entitlements /tmp/counting-sheep-search-build/Build/Intermediates.noindex/PhoneInTheOtherRoom.build/Debug-iphonesimulator/PhoneInTheOtherRoomLiveActivity.build/Counting\ Sheep\ Live\ Activity.appex.xcent --timestamp\=none --generate-entitlement-der /tmp/counting-sheep-search-build/Build/Products/Debug-iphonesimulator/Counting\ Sheep\ Live\ Activity.appex

Validate /tmp/counting-sheep-search-build/Build/Products/Debug-watchsimulator/Counting\ Sheep\ Watch.app (in target 'PhoneInTheOtherRoomWatchApp' from project 'PhoneInTheOtherRoom')
    cd /Users/ngawangchime/Desktop/Developer\ Projects/Phone\ in\ the\ Other\ Room
    builtin-validationUtility /tmp/counting-sheep-search-build/Build/Products/Debug-watchsimulator/Counting\ Sheep\ Watch.app -shallow-bundle -infoplist-subpath Info.plist

CodeSign /tmp/counting-sheep-search-build/Build/Products/Debug-iphonesimulator/Counting\ Sheep\ Wind\ Down\ Monitor.appex/Counting\ Sheep\ Wind\ Down\ Monitor.debug.dylib (in target 'PhoneInTheOtherRoomDeviceActivityMonitor' from project 'PhoneInTheOtherRoom')
    cd /Users/ngawangchime/Desktop/Developer\ Projects/Phone\ in\ the\ Other\ Room

    Signing Identity:     "Sign to Run Locally"

    /usr/bin/codesign --force --sign - --timestamp\=none --generate-entitlement-der /tmp/counting-sheep-search-build/Build/Products/Debug-iphonesimulator/Counting\ Sheep\ Wind\ Down\ Monitor.appex/Counting\ Sheep\ Wind\ Down\ Monitor.debug.dylib

CodeSign /tmp/counting-sheep-search-build/Build/Products/Debug-iphonesimulator/Counting\ Sheep\ Wind\ Down\ Monitor.appex/__preview.dylib (in target 'PhoneInTheOtherRoomDeviceActivityMonitor' from project 'PhoneInTheOtherRoom')
    cd /Users/ngawangchime/Desktop/Developer\ Projects/Phone\ in\ the\ Other\ Room

    Signing Identity:     "Sign to Run Locally"

    /usr/bin/codesign --force --sign - --timestamp\=none --generate-entitlement-der /tmp/counting-sheep-search-build/Build/Products/Debug-iphonesimulator/Counting\ Sheep\ Wind\ Down\ Monitor.appex/__preview.dylib
/tmp/counting-sheep-search-build/Build/Products/Debug-iphonesimulator/Counting Sheep Wind Down Monitor.appex/__preview.dylib: replacing existing signature

CodeSign /tmp/counting-sheep-search-build/Build/Products/Debug-iphonesimulator/Counting\ Sheep\ Wind\ Down\ Monitor.appex (in target 'PhoneInTheOtherRoomDeviceActivityMonitor' from project 'PhoneInTheOtherRoom')
    cd /Users/ngawangchime/Desktop/Developer\ Projects/Phone\ in\ the\ Other\ Room

    Signing Identity:     "Sign to Run Locally"

    /usr/bin/codesign --force --sign - --entitlements /tmp/counting-sheep-search-build/Build/Intermediates.noindex/PhoneInTheOtherRoom.build/Debug-iphonesimulator/PhoneInTheOtherRoomDeviceActivityMonitor.build/Counting\ Sheep\ Wind\ Down\ Monitor.appex.xcent --timestamp\=none --generate-entitlement-der /tmp/counting-sheep-search-build/Build/Products/Debug-iphonesimulator/Counting\ Sheep\ Wind\ Down\ Monitor.appex

Ld /tmp/counting-sheep-search-build/Build/Intermediates.noindex/PhoneInTheOtherRoom.build/Debug-iphonesimulator/PhoneInTheOtherRoom.build/Objects-normal/arm64/Binary/Counting\ Sheep.debug.dylib normal arm64 (in target 'PhoneInTheOtherRoom' from project 'PhoneInTheOtherRoom')
    cd /Users/ngawangchime/Desktop/Developer\ Projects/Phone\ in\ the\ Other\ Room
    /Applications/Xcode.app/Contents/Developer/Toolchains/XcodeDefault.xctoolchain/usr/bin/clang -Xlinker -reproducible -target arm64-apple-ios17.0-simulator -dynamiclib -isysroot /Applications/Xcode.app/Contents/Developer/Platforms/iPhoneSimulator.platform/Developer/SDKs/iPhoneSimulator26.5.sdk -O0 -L/tmp/counting-sheep-search-build/Build/Intermediates.noindex/EagerLinkingTBDs/Debug-iphonesimulator -L/tmp/counting-sheep-search-build/Build/Products/Debug-iphonesimulator -F/tmp/counting-sheep-search-build/Build/Intermediates.noindex/EagerLinkingTBDs/Debug-iphonesimulator -F/tmp/counting-sheep-search-build/Build/Products/Debug-iphonesimulator/PackageFrameworks -F/tmp/counting-sheep-search-build/Build/Products/Debug-iphonesimulator/PackageFrameworks -F/tmp/counting-sheep-search-build/Build/Products/Debug-iphonesimulator/PackageFrameworks -F/tmp/counting-sheep-search-build/Build/Products/Debug-iphonesimulator/PackageFrameworks -F/tmp/counting-sheep-search-build/Build/Products/Debug-iphonesimulator/PackageFrameworks -F/tmp/counting-sheep-search-build/Build/Products/Debug-iphonesimulator/PackageFrameworks -F/tmp/counting-sheep-search-build/Build/Products/Debug-iphonesimulator/PackageFrameworks -F/tmp/counting-sheep-search-build/Build/Products/Debug-iphonesimulator/PackageFrameworks -F/tmp/counting-sheep-search-build/Build/Products/Debug-iphonesimulator/PackageFrameworks -F/tmp/counting-sheep-search-build/Build/Products/Debug-iphonesimulator/PackageFrameworks -F/tmp/counting-sheep-search-build/Build/Products/Debug-iphonesimulator/PackageFrameworks -F/tmp/counting-sheep-search-build/Build/Products/Debug-iphonesimulator/PackageFrameworks -F/tmp/counting-sheep-search-build/Build/Products/Debug-iphonesimulator/PackageFrameworks -F/tmp/counting-sheep-search-build/Build/Products/Debug-iphonesimulator/PackageFrameworks -F/tmp/counting-sheep-search-build/Build/Products/Debug-iphonesimulator -filelist /tmp/counting-sheep-search-build/Build/Intermediates.noindex/PhoneInTheOtherRoom.build/Debug-iphonesimulator/PhoneInTheOtherRoom.build/Objects-normal/arm64/Counting\ Sheep.LinkFileList -install_name @rpath/Counting\ Sheep.debug.dylib -Xlinker -rpath -Xlinker /usr/lib/swift -Xlinker -rpath -Xlinker /tmp/counting-sheep-search-build/Build/Products/Debug-iphonesimulator/PackageFrameworks -Xlinker -rpath -Xlinker @executable_path/Frameworks -Xlinker -dead_strip -Xlinker -object_path_lto -Xlinker /tmp/counting-sheep-search-build/Build/Intermediates.noindex/PhoneInTheOtherRoom.build/Debug-iphonesimulator/PhoneInTheOtherRoom.build/Objects-normal/arm64/Counting\ Sheep_lto.o -rdynamic -Xlinker -no_deduplicate -Xlinker -objc_abi_version -Xlinker 2 -Xlinker -dependency_info -Xlinker /tmp/counting-sheep-search-build/Build/Intermediates.noindex/PhoneInTheOtherRoom.build/Debug-iphonesimulator/PhoneInTheOtherRoom.build/Objects-normal/arm64/Counting\ Sheep_dependency_info.dat -fobjc-link-runtime -L/Applications/Xcode.app/Contents/Developer/Toolchains/XcodeDefault.xctoolchain/usr/lib/swift/iphonesimulator -L/usr/lib/swift -Xlinker -add_ast_path -Xlinker /tmp/counting-sheep-search-build/Build/Intermediates.noindex/PhoneInTheOtherRoom.build/Debug-iphonesimulator/PhoneInTheOtherRoom.build/Objects-normal/arm64/Counting_Sheep.swiftmodule @/tmp/counting-sheep-search-build/Build/Intermediates.noindex/PhoneInTheOtherRoom.build/Debug-iphonesimulator/PhoneInTheOtherRoom.build/Objects-normal/arm64/Counting_Sheep-linker-args.resp -Wl,-no_warn_duplicate_libraries -Wl,-no_warn_duplicate_libraries -Wl,-no_warn_duplicate_libraries -Wl,-no_warn_duplicate_libraries -Wl,-no_warn_duplicate_libraries -Wl,-no_warn_duplicate_libraries -Wl,-no_warn_duplicate_libraries -Wl,-no_warn_duplicate_libraries -Wl,-no_warn_duplicate_libraries -Wl,-no_warn_duplicate_libraries -Wl,-no_warn_duplicate_libraries -Wl,-no_warn_duplicate_libraries -Wl,-no_warn_duplicate_libraries -Wl,-no_warn_duplicate_libraries -Xlinker -alias -Xlinker _main -Xlinker ___debug_main_executable_dylib_entry_point -Xlinker -no_adhoc_codesign -o /tmp/counting-sheep-search-build/Build/Intermediates.noindex/PhoneInTheOtherRoom.build/Debug-iphonesimulator/PhoneInTheOtherRoom.build/Objects-normal/arm64/Binary/Counting\ Sheep.debug.dylib -Xlinker -add_ast_path -Xlinker /tmp/counting-sheep-search-build/Build/Intermediates.noindex/Supabase.build/Debug-iphonesimulator/Supabase.build/Objects-normal/arm64/Supabase.swiftmodule @/tmp/counting-sheep-search-build/Build/Intermediates.noindex/Supabase.build/Debug-iphonesimulator/Supabase.build/Objects-normal/arm64/Supabase-linker-args.resp -Xlinker -add_ast_path -Xlinker /tmp/counting-sheep-search-build/Build/Intermediates.noindex/swift-concurrency-extras.build/Debug-iphonesimulator/ConcurrencyExtras.build/Objects-normal/arm64/ConcurrencyExtras.swiftmodule @/tmp/counting-sheep-search-build/Build/Intermediates.noindex/swift-concurrency-extras.build/Debug-iphonesimulator/ConcurrencyExtras.build/Objects-normal/arm64/ConcurrencyExtras-linker-args.resp -Xlinker -add_ast_path -Xlinker /tmp/counting-sheep-search-build/Build/Intermediates.noindex/swift-http-types.build/Debug-iphonesimulator/HTTPTypes.build/Objects-normal/arm64/HTTPTypes.swiftmodule @/tmp/counting-sheep-search-build/Build/Intermediates.noindex/swift-http-types.build/Debug-iphonesimulator/HTTPTypes.build/Objects-normal/arm64/HTTPTypes-linker-args.resp -Xlinker -add_ast_path -Xlinker /tmp/counting-sheep-search-build/Build/Intermediates.noindex/swift-clocks.build/Debug-iphonesimulator/Clocks.build/Objects-normal/arm64/Clocks.swiftmodule @/tmp/counting-sheep-search-build/Build/Intermediates.noindex/swift-clocks.build/Debug-iphonesimulator/Clocks.build/Objects-normal/arm64/Clocks-linker-args.resp -Xlinker -add_ast_path -Xlinker /tmp/counting-sheep-search-build/Build/Intermediates.noindex/xctest-dynamic-overlay.build/Debug-iphonesimulator/IssueReporting.build/Objects-normal/arm64/IssueReporting.swiftmodule @/tmp/counting-sheep-search-build/Build/Intermediates.noindex/xctest-dynamic-overlay.build/Debug-iphonesimulator/IssueReporting.build/Objects-normal/arm64/IssueReporting-linker-args.resp -Xlinker -add_ast_path -Xlinker /tmp/counting-sheep-search-build/Build/Intermediates.noindex/xctest-dynamic-overlay.build/Debug-iphonesimulator/XCTestDynamicOverlay.build/Objects-normal/arm64/XCTestDynamicOverlay.swiftmodule @/tmp/counting-sheep-search-build/Build/Intermediates.noindex/xctest-dynamic-overlay.build/Debug-iphonesimulator/XCTestDynamicOverlay.build/Objects-normal/arm64/XCTestDynamicOverlay-linker-args.resp -Xlinker -add_ast_path -Xlinker /tmp/counting-sheep-search-build/Build/Intermediates.noindex/Supabase.build/Debug-iphonesimulator/Helpers.build/Objects-normal/arm64/Helpers.swiftmodule @/tmp/counting-sheep-search-build/Build/Intermediates.noindex/Supabase.build/Debug-iphonesimulator/Helpers.build/Objects-normal/arm64/Helpers-linker-args.resp -Xlinker -add_ast_path -Xlinker /tmp/counting-sheep-search-build/Build/Intermediates.noindex/swift-crypto.build/Debug-iphonesimulator/Crypto.build/Objects-normal/arm64/Crypto.swiftmodule @/tmp/counting-sheep-search-build/Build/Intermediates.noindex/swift-crypto.build/Debug-iphonesimulator/Crypto.build/Objects-normal/arm64/Crypto-linker-args.resp -Xlinker -add_ast_path -Xlinker /tmp/counting-sheep-search-build/Build/Intermediates.noindex/Supabase.build/Debug-iphonesimulator/Auth.build/Objects-normal/arm64/Auth.swiftmodule @/tmp/counting-sheep-search-build/Build/Intermediates.noindex/Supabase.build/Debug-iphonesimulator/Auth.build/Objects-normal/arm64/Auth-linker-args.resp -Xlinker -add_ast_path -Xlinker /tmp/counting-sheep-search-build/Build/Intermediates.noindex/Supabase.build/Debug-iphonesimulator/Functions.build/Objects-normal/arm64/Functions.swiftmodule @/tmp/counting-sheep-search-build/Build/Intermediates.noindex/Supabase.build/Debug-iphonesimulator/Functions.build/Objects-normal/arm64/Functions-linker-args.resp -Xlinker -add_ast_path -Xlinker /tmp/counting-sheep-search-build/Build/Intermediates.noindex/Supabase.build/Debug-iphonesimulator/PostgREST.build/Objects-normal/arm64/PostgREST.swiftmodule @/tmp/counting-sheep-search-build/Build/Intermediates.noindex/Supabase.build/Debug-iphonesimulator/PostgREST.build/Objects-normal/arm64/PostgREST-linker-args.resp -Xlinker -add_ast_path -Xlinker /tmp/counting-sheep-search-build/Build/Intermediates.noindex/Supabase.build/Debug-iphonesimulator/RealtimeV2.build/Objects-normal/arm64/RealtimeV2.swiftmodule @/tmp/counting-sheep-search-build/Build/Intermediates.noindex/Supabase.build/Debug-iphonesimulator/RealtimeV2.build/Objects-normal/arm64/RealtimeV2-linker-args.resp -Xlinker -add_ast_path -Xlinker /tmp/counting-sheep-search-build/Build/Intermediates.noindex/Supabase.build/Debug-iphonesimulator/Realtime.build/Objects-normal/arm64/Realtime.swiftmodule @/tmp/counting-sheep-search-build/Build/Intermediates.noindex/Supabase.build/Debug-iphonesimulator/Realtime.build/Objects-normal/arm64/Realtime-linker-args.resp -Xlinker -add_ast_path -Xlinker /tmp/counting-sheep-search-build/Build/Intermediates.noindex/Supabase.build/Debug-iphonesimulator/Storage.build/Objects-normal/arm64/Storage.swiftmodule @/tmp/counting-sheep-search-build/Build/Intermediates.noindex/Supabase.build/Debug-iphonesimulator/Storage.build/Objects-normal/arm64/Storage-linker-args.resp

Ld /tmp/counting-sheep-search-build/Build/Intermediates.noindex/PhoneInTheOtherRoom.build/Debug-iphonesimulator/PhoneInTheOtherRoom.build/Objects-normal/x86_64/Binary/Counting\ Sheep.debug.dylib normal x86_64 (in target 'PhoneInTheOtherRoom' from project 'PhoneInTheOtherRoom')
    cd /Users/ngawangchime/Desktop/Developer\ Projects/Phone\ in\ the\ Other\ Room
    /Applications/Xcode.app/Contents/Developer/Toolchains/XcodeDefault.xctoolchain/usr/bin/clang -Xlinker -reproducible -target x86_64-apple-ios17.0-simulator -dynamiclib -isysroot /Applications/Xcode.app/Contents/Developer/Platforms/iPhoneSimulator.platform/Developer/SDKs/iPhoneSimulator26.5.sdk -O0 -L/tmp/counting-sheep-search-build/Build/Intermediates.noindex/EagerLinkingTBDs/Debug-iphonesimulator -L/tmp/counting-sheep-search-build/Build/Products/Debug-iphonesimulator -F/tmp/counting-sheep-search-build/Build/Intermediates.noindex/EagerLinkingTBDs/Debug-iphonesimulator -F/tmp/counting-sheep-search-build/Build/Products/Debug-iphonesimulator/PackageFrameworks -F/tmp/counting-sheep-search-build/Build/Products/Debug-iphonesimulator/PackageFrameworks -F/tmp/counting-sheep-search-build/Build/Products/Debug-iphonesimulator/PackageFrameworks -F/tmp/counting-sheep-search-build/Build/Products/Debug-iphonesimulator/PackageFrameworks -F/tmp/counting-sheep-search-build/Build/Products/Debug-iphonesimulator/PackageFrameworks -F/tmp/counting-sheep-search-build/Build/Products/Debug-iphonesimulator/PackageFrameworks -F/tmp/counting-sheep-search-build/Build/Products/Debug-iphonesimulator/PackageFrameworks -F/tmp/counting-sheep-search-build/Build/Products/Debug-iphonesimulator/PackageFrameworks -F/tmp/counting-sheep-search-build/Build/Products/Debug-iphonesimulator/PackageFrameworks -F/tmp/counting-sheep-search-build/Build/Products/Debug-iphonesimulator/PackageFrameworks -F/tmp/counting-sheep-search-build/Build/Products/Debug-iphonesimulator/PackageFrameworks -F/tmp/counting-sheep-search-build/Build/Products/Debug-iphonesimulator/PackageFrameworks -F/tmp/counting-sheep-search-build/Build/Products/Debug-iphonesimulator/PackageFrameworks -F/tmp/counting-sheep-search-build/Build/Products/Debug-iphonesimulator/PackageFrameworks -F/tmp/counting-sheep-search-build/Build/Products/Debug-iphonesimulator -filelist /tmp/counting-sheep-search-build/Build/Intermediates.noindex/PhoneInTheOtherRoom.build/Debug-iphonesimulator/PhoneInTheOtherRoom.build/Objects-normal/x86_64/Counting\ Sheep.LinkFileList -install_name @rpath/Counting\ Sheep.debug.dylib -Xlinker -rpath -Xlinker /usr/lib/swift -Xlinker -rpath -Xlinker /tmp/counting-sheep-search-build/Build/Products/Debug-iphonesimulator/PackageFrameworks -Xlinker -rpath -Xlinker @executable_path/Frameworks -Xlinker -dead_strip -Xlinker -object_path_lto -Xlinker /tmp/counting-sheep-search-build/Build/Intermediates.noindex/PhoneInTheOtherRoom.build/Debug-iphonesimulator/PhoneInTheOtherRoom.build/Objects-normal/x86_64/Counting\ Sheep_lto.o -rdynamic -Xlinker -no_deduplicate -Xlinker -objc_abi_version -Xlinker 2 -Xlinker -dependency_info -Xlinker /tmp/counting-sheep-search-build/Build/Intermediates.noindex/PhoneInTheOtherRoom.build/Debug-iphonesimulator/PhoneInTheOtherRoom.build/Objects-normal/x86_64/Counting\ Sheep_dependency_info.dat -fobjc-link-runtime -L/Applications/Xcode.app/Contents/Developer/Toolchains/XcodeDefault.xctoolchain/usr/lib/swift/iphonesimulator -L/usr/lib/swift -Xlinker -add_ast_path -Xlinker /tmp/counting-sheep-search-build/Build/Intermediates.noindex/PhoneInTheOtherRoom.build/Debug-iphonesimulator/PhoneInTheOtherRoom.build/Objects-normal/x86_64/Counting_Sheep.swiftmodule @/tmp/counting-sheep-search-build/Build/Intermediates.noindex/PhoneInTheOtherRoom.build/Debug-iphonesimulator/PhoneInTheOtherRoom.build/Objects-normal/x86_64/Counting_Sheep-linker-args.resp -Wl,-no_warn_duplicate_libraries -Wl,-no_warn_duplicate_libraries -Wl,-no_warn_duplicate_libraries -Wl,-no_warn_duplicate_libraries -Wl,-no_warn_duplicate_libraries -Wl,-no_warn_duplicate_libraries -Wl,-no_warn_duplicate_libraries -Wl,-no_warn_duplicate_libraries -Wl,-no_warn_duplicate_libraries -Wl,-no_warn_duplicate_libraries -Wl,-no_warn_duplicate_libraries -Wl,-no_warn_duplicate_libraries -Wl,-no_warn_duplicate_libraries -Wl,-no_warn_duplicate_libraries -Xlinker -alias -Xlinker _main -Xlinker ___debug_main_executable_dylib_entry_point -Xlinker -no_adhoc_codesign -o /tmp/counting-sheep-search-build/Build/Intermediates.noindex/PhoneInTheOtherRoom.build/Debug-iphonesimulator/PhoneInTheOtherRoom.build/Objects-normal/x86_64/Binary/Counting\ Sheep.debug.dylib -Xlinker -add_ast_path -Xlinker /tmp/counting-sheep-search-build/Build/Intermediates.noindex/Supabase.build/Debug-iphonesimulator/Supabase.build/Objects-normal/x86_64/Supabase.swiftmodule @/tmp/counting-sheep-search-build/Build/Intermediates.noindex/Supabase.build/Debug-iphonesimulator/Supabase.build/Objects-normal/x86_64/Supabase-linker-args.resp -Xlinker -add_ast_path -Xlinker /tmp/counting-sheep-search-build/Build/Intermediates.noindex/swift-concurrency-extras.build/Debug-iphonesimulator/ConcurrencyExtras.build/Objects-normal/x86_64/ConcurrencyExtras.swiftmodule @/tmp/counting-sheep-search-build/Build/Intermediates.noindex/swift-concurrency-extras.build/Debug-iphonesimulator/ConcurrencyExtras.build/Objects-normal/x86_64/ConcurrencyExtras-linker-args.resp -Xlinker -add_ast_path -Xlinker /tmp/counting-sheep-search-build/Build/Intermediates.noindex/swift-http-types.build/Debug-iphonesimulator/HTTPTypes.build/Objects-normal/x86_64/HTTPTypes.swiftmodule @/tmp/counting-sheep-search-build/Build/Intermediates.noindex/swift-http-types.build/Debug-iphonesimulator/HTTPTypes.build/Objects-normal/x86_64/HTTPTypes-linker-args.resp -Xlinker -add_ast_path -Xlinker /tmp/counting-sheep-search-build/Build/Intermediates.noindex/swift-clocks.build/Debug-iphonesimulator/Clocks.build/Objects-normal/x86_64/Clocks.swiftmodule @/tmp/counting-sheep-search-build/Build/Intermediates.noindex/swift-clocks.build/Debug-iphonesimulator/Clocks.build/Objects-normal/x86_64/Clocks-linker-args.resp -Xlinker -add_ast_path -Xlinker /tmp/counting-sheep-search-build/Build/Intermediates.noindex/xctest-dynamic-overlay.build/Debug-iphonesimulator/IssueReporting.build/Objects-normal/x86_64/IssueReporting.swiftmodule @/tmp/counting-sheep-search-build/Build/Intermediates.noindex/xctest-dynamic-overlay.build/Debug-iphonesimulator/IssueReporting.build/Objects-normal/x86_64/IssueReporting-linker-args.resp -Xlinker -add_ast_path -Xlinker /tmp/counting-sheep-search-build/Build/Intermediates.noindex/xctest-dynamic-overlay.build/Debug-iphonesimulator/XCTestDynamicOverlay.build/Objects-normal/x86_64/XCTestDynamicOverlay.swiftmodule @/tmp/counting-sheep-search-build/Build/Intermediates.noindex/xctest-dynamic-overlay.build/Debug-iphonesimulator/XCTestDynamicOverlay.build/Objects-normal/x86_64/XCTestDynamicOverlay-linker-args.resp -Xlinker -add_ast_path -Xlinker /tmp/counting-sheep-search-build/Build/Intermediates.noindex/Supabase.build/Debug-iphonesimulator/Helpers.build/Objects-normal/x86_64/Helpers.swiftmodule @/tmp/counting-sheep-search-build/Build/Intermediates.noindex/Supabase.build/Debug-iphonesimulator/Helpers.build/Objects-normal/x86_64/Helpers-linker-args.resp -Xlinker -add_ast_path -Xlinker /tmp/counting-sheep-search-build/Build/Intermediates.noindex/swift-crypto.build/Debug-iphonesimulator/Crypto.build/Objects-normal/x86_64/Crypto.swiftmodule @/tmp/counting-sheep-search-build/Build/Intermediates.noindex/swift-crypto.build/Debug-iphonesimulator/Crypto.build/Objects-normal/x86_64/Crypto-linker-args.resp -Xlinker -add_ast_path -Xlinker /tmp/counting-sheep-search-build/Build/Intermediates.noindex/Supabase.build/Debug-iphonesimulator/Auth.build/Objects-normal/x86_64/Auth.swiftmodule @/tmp/counting-sheep-search-build/Build/Intermediates.noindex/Supabase.build/Debug-iphonesimulator/Auth.build/Objects-normal/x86_64/Auth-linker-args.resp -Xlinker -add_ast_path -Xlinker /tmp/counting-sheep-search-build/Build/Intermediates.noindex/Supabase.build/Debug-iphonesimulator/Functions.build/Objects-normal/x86_64/Functions.swiftmodule @/tmp/counting-sheep-search-build/Build/Intermediates.noindex/Supabase.build/Debug-iphonesimulator/Functions.build/Objects-normal/x86_64/Functions-linker-args.resp -Xlinker -add_ast_path -Xlinker /tmp/counting-sheep-search-build/Build/Intermediates.noindex/Supabase.build/Debug-iphonesimulator/PostgREST.build/Objects-normal/x86_64/PostgREST.swiftmodule @/tmp/counting-sheep-search-build/Build/Intermediates.noindex/Supabase.build/Debug-iphonesimulator/PostgREST.build/Objects-normal/x86_64/PostgREST-linker-args.resp -Xlinker -add_ast_path -Xlinker /tmp/counting-sheep-search-build/Build/Intermediates.noindex/Supabase.build/Debug-iphonesimulator/RealtimeV2.build/Objects-normal/x86_64/RealtimeV2.swiftmodule @/tmp/counting-sheep-search-build/Build/Intermediates.noindex/Supabase.build/Debug-iphonesimulator/RealtimeV2.build/Objects-normal/x86_64/RealtimeV2-linker-args.resp -Xlinker -add_ast_path -Xlinker /tmp/counting-sheep-search-build/Build/Intermediates.noindex/Supabase.build/Debug-iphonesimulator/Realtime.build/Objects-normal/x86_64/Realtime.swiftmodule @/tmp/counting-sheep-search-build/Build/Intermediates.noindex/Supabase.build/Debug-iphonesimulator/Realtime.build/Objects-normal/x86_64/Realtime-linker-args.resp -Xlinker -add_ast_path -Xlinker /tmp/counting-sheep-search-build/Build/Intermediates.noindex/Supabase.build/Debug-iphonesimulator/Storage.build/Objects-normal/x86_64/Storage.swiftmodule @/tmp/counting-sheep-search-build/Build/Intermediates.noindex/Supabase.build/Debug-iphonesimulator/Storage.build/Objects-normal/x86_64/Storage-linker-args.resp

ConstructStubExecutorLinkFileList /tmp/counting-sheep-search-build/Build/Intermediates.noindex/PhoneInTheOtherRoom.build/Debug-iphonesimulator/PhoneInTheOtherRoom.build/Counting\ Sheep-ExecutorLinkFileList-normal-arm64.txt (in target 'PhoneInTheOtherRoom' from project 'PhoneInTheOtherRoom')
    cd /Users/ngawangchime/Desktop/Developer\ Projects/Phone\ in\ the\ Other\ Room
    construct-stub-executor-link-file-list /tmp/counting-sheep-search-build/Build/Intermediates.noindex/PhoneInTheOtherRoom.build/Debug-iphonesimulator/PhoneInTheOtherRoom.build/Objects-normal/arm64/Binary/Counting\ Sheep.debug.dylib /Applications/Xcode.app/Contents/Developer/Platforms/iPhoneSimulator.platform/Developer/usr/lib/libPreviewsJITStubExecutor_no_swift_entry_point.a /Applications/Xcode.app/Contents/Developer/Platforms/iPhoneSimulator.platform/Developer/usr/lib/libPreviewsJITStubExecutor.a --output /tmp/counting-sheep-search-build/Build/Intermediates.noindex/PhoneInTheOtherRoom.build/Debug-iphonesimulator/PhoneInTheOtherRoom.build/Counting\ Sheep-ExecutorLinkFileList-normal-arm64.txt
note: Using stub executor library with Swift entry point. (in target 'PhoneInTheOtherRoom' from project 'PhoneInTheOtherRoom')

Ld /tmp/counting-sheep-search-build/Build/Intermediates.noindex/PhoneInTheOtherRoom.build/Debug-iphonesimulator/PhoneInTheOtherRoom.build/Objects-normal/arm64/Binary/Counting\ Sheep normal arm64 (in target 'PhoneInTheOtherRoom' from project 'PhoneInTheOtherRoom')
    cd /Users/ngawangchime/Desktop/Developer\ Projects/Phone\ in\ the\ Other\ Room
    /Applications/Xcode.app/Contents/Developer/Toolchains/XcodeDefault.xctoolchain/usr/bin/clang -Xlinker -reproducible -target arm64-apple-ios17.0-simulator -isysroot /Applications/Xcode.app/Contents/Developer/Platforms/iPhoneSimulator.platform/Developer/SDKs/iPhoneSimulator26.5.sdk -O0 -L/tmp/counting-sheep-search-build/Build/Products/Debug-iphonesimulator -F/tmp/counting-sheep-search-build/Build/Products/Debug-iphonesimulator/PackageFrameworks -F/tmp/counting-sheep-search-build/Build/Products/Debug-iphonesimulator/PackageFrameworks -F/tmp/counting-sheep-search-build/Build/Products/Debug-iphonesimulator/PackageFrameworks -F/tmp/counting-sheep-search-build/Build/Products/Debug-iphonesimulator/PackageFrameworks -F/tmp/counting-sheep-search-build/Build/Products/Debug-iphonesimulator/PackageFrameworks -F/tmp/counting-sheep-search-build/Build/Products/Debug-iphonesimulator/PackageFrameworks -F/tmp/counting-sheep-search-build/Build/Products/Debug-iphonesimulator/PackageFrameworks -F/tmp/counting-sheep-search-build/Build/Products/Debug-iphonesimulator/PackageFrameworks -F/tmp/counting-sheep-search-build/Build/Products/Debug-iphonesimulator/PackageFrameworks -F/tmp/counting-sheep-search-build/Build/Products/Debug-iphonesimulator/PackageFrameworks -F/tmp/counting-sheep-search-build/Build/Products/Debug-iphonesimulator/PackageFrameworks -F/tmp/counting-sheep-search-build/Build/Products/Debug-iphonesimulator/PackageFrameworks -F/tmp/counting-sheep-search-build/Build/Products/Debug-iphonesimulator/PackageFrameworks -F/tmp/counting-sheep-search-build/Build/Products/Debug-iphonesimulator/PackageFrameworks -F/tmp/counting-sheep-search-build/Build/Products/Debug-iphonesimulator -Xlinker -rpath -Xlinker @executable_path -Xlinker -rpath -Xlinker /tmp/counting-sheep-search-build/Build/Products/Debug-iphonesimulator/PackageFrameworks -Xlinker -rpath -Xlinker @executable_path/Frameworks -rdynamic -Xlinker -no_deduplicate -Xlinker -objc_abi_version -Xlinker 2 -e ___debug_blank_executor_main -Xlinker -sectcreate -Xlinker __TEXT -Xlinker __debug_dylib -Xlinker /tmp/counting-sheep-search-build/Build/Intermediates.noindex/PhoneInTheOtherRoom.build/Debug-iphonesimulator/PhoneInTheOtherRoom.build/Counting\ Sheep-DebugDylibPath-normal-arm64.txt -Xlinker -sectcreate -Xlinker __TEXT -Xlinker __debug_instlnm -Xlinker /tmp/counting-sheep-search-build/Build/Intermediates.noindex/PhoneInTheOtherRoom.build/Debug-iphonesimulator/PhoneInTheOtherRoom.build/Counting\ Sheep-DebugDylibInstallName-normal-arm64.txt -Xlinker -filelist -Xlinker /tmp/counting-sheep-search-build/Build/Intermediates.noindex/PhoneInTheOtherRoom.build/Debug-iphonesimulator/PhoneInTheOtherRoom.build/Counting\ Sheep-ExecutorLinkFileList-normal-arm64.txt -Xlinker -sectcreate -Xlinker __TEXT -Xlinker __entitlements -Xlinker /tmp/counting-sheep-search-build/Build/Intermediates.noindex/PhoneInTheOtherRoom.build/Debug-iphonesimulator/PhoneInTheOtherRoom.build/Counting\ Sheep.app-Simulated.xcent -Xlinker -sectcreate -Xlinker __TEXT -Xlinker __ents_der -Xlinker /tmp/counting-sheep-search-build/Build/Intermediates.noindex/PhoneInTheOtherRoom.build/Debug-iphonesimulator/PhoneInTheOtherRoom.build/Counting\ Sheep.app-Simulated.xcent.der /tmp/counting-sheep-search-build/Build/Intermediates.noindex/PhoneInTheOtherRoom.build/Debug-iphonesimulator/PhoneInTheOtherRoom.build/Objects-normal/arm64/Binary/Counting\ Sheep.debug.dylib -Xlinker -no_adhoc_codesign -o /tmp/counting-sheep-search-build/Build/Intermediates.noindex/PhoneInTheOtherRoom.build/Debug-iphonesimulator/PhoneInTheOtherRoom.build/Objects-normal/arm64/Binary/Counting\ Sheep

ConstructStubExecutorLinkFileList /tmp/counting-sheep-search-build/Build/Intermediates.noindex/PhoneInTheOtherRoom.build/Debug-iphonesimulator/PhoneInTheOtherRoom.build/Counting\ Sheep-ExecutorLinkFileList-normal-x86_64.txt (in target 'PhoneInTheOtherRoom' from project 'PhoneInTheOtherRoom')
    cd /Users/ngawangchime/Desktop/Developer\ Projects/Phone\ in\ the\ Other\ Room
    construct-stub-executor-link-file-list /tmp/counting-sheep-search-build/Build/Intermediates.noindex/PhoneInTheOtherRoom.build/Debug-iphonesimulator/PhoneInTheOtherRoom.build/Objects-normal/x86_64/Binary/Counting\ Sheep.debug.dylib /Applications/Xcode.app/Contents/Developer/Platforms/iPhoneSimulator.platform/Developer/usr/lib/libPreviewsJITStubExecutor_no_swift_entry_point.a /Applications/Xcode.app/Contents/Developer/Platforms/iPhoneSimulator.platform/Developer/usr/lib/libPreviewsJITStubExecutor.a --output /tmp/counting-sheep-search-build/Build/Intermediates.noindex/PhoneInTheOtherRoom.build/Debug-iphonesimulator/PhoneInTheOtherRoom.build/Counting\ Sheep-ExecutorLinkFileList-normal-x86_64.txt
note: Using stub executor library with Swift entry point. (in target 'PhoneInTheOtherRoom' from project 'PhoneInTheOtherRoom')

CreateUniversalBinary /tmp/counting-sheep-search-build/Build/Products/Debug-iphonesimulator/Counting\ Sheep.app/Counting\ Sheep.debug.dylib normal arm64\ x86_64 (in target 'PhoneInTheOtherRoom' from project 'PhoneInTheOtherRoom')
    cd /Users/ngawangchime/Desktop/Developer\ Projects/Phone\ in\ the\ Other\ Room
    /Applications/Xcode.app/Contents/Developer/Toolchains/XcodeDefault.xctoolchain/usr/bin/lipo -create /tmp/counting-sheep-search-build/Build/Intermediates.noindex/PhoneInTheOtherRoom.build/Debug-iphonesimulator/PhoneInTheOtherRoom.build/Objects-normal/arm64/Binary/Counting\ Sheep.debug.dylib /tmp/counting-sheep-search-build/Build/Intermediates.noindex/PhoneInTheOtherRoom.build/Debug-iphonesimulator/PhoneInTheOtherRoom.build/Objects-normal/x86_64/Binary/Counting\ Sheep.debug.dylib -output /tmp/counting-sheep-search-build/Build/Products/Debug-iphonesimulator/Counting\ Sheep.app/Counting\ Sheep.debug.dylib

Ld /tmp/counting-sheep-search-build/Build/Intermediates.noindex/PhoneInTheOtherRoom.build/Debug-iphonesimulator/PhoneInTheOtherRoom.build/Objects-normal/x86_64/Binary/Counting\ Sheep normal x86_64 (in target 'PhoneInTheOtherRoom' from project 'PhoneInTheOtherRoom')
    cd /Users/ngawangchime/Desktop/Developer\ Projects/Phone\ in\ the\ Other\ Room
    /Applications/Xcode.app/Contents/Developer/Toolchains/XcodeDefault.xctoolchain/usr/bin/clang -Xlinker -reproducible -target x86_64-apple-ios17.0-simulator -isysroot /Applications/Xcode.app/Contents/Developer/Platforms/iPhoneSimulator.platform/Developer/SDKs/iPhoneSimulator26.5.sdk -O0 -L/tmp/counting-sheep-search-build/Build/Products/Debug-iphonesimulator -F/tmp/counting-sheep-search-build/Build/Products/Debug-iphonesimulator/PackageFrameworks -F/tmp/counting-sheep-search-build/Build/Products/Debug-iphonesimulator/PackageFrameworks -F/tmp/counting-sheep-search-build/Build/Products/Debug-iphonesimulator/PackageFrameworks -F/tmp/counting-sheep-search-build/Build/Products/Debug-iphonesimulator/PackageFrameworks -F/tmp/counting-sheep-search-build/Build/Products/Debug-iphonesimulator/PackageFrameworks -F/tmp/counting-sheep-search-build/Build/Products/Debug-iphonesimulator/PackageFrameworks -F/tmp/counting-sheep-search-build/Build/Products/Debug-iphonesimulator/PackageFrameworks -F/tmp/counting-sheep-search-build/Build/Products/Debug-iphonesimulator/PackageFrameworks -F/tmp/counting-sheep-search-build/Build/Products/Debug-iphonesimulator/PackageFrameworks -F/tmp/counting-sheep-search-build/Build/Products/Debug-iphonesimulator/PackageFrameworks -F/tmp/counting-sheep-search-build/Build/Products/Debug-iphonesimulator/PackageFrameworks -F/tmp/counting-sheep-search-build/Build/Products/Debug-iphonesimulator/PackageFrameworks -F/tmp/counting-sheep-search-build/Build/Products/Debug-iphonesimulator/PackageFrameworks -F/tmp/counting-sheep-search-build/Build/Products/Debug-iphonesimulator/PackageFrameworks -F/tmp/counting-sheep-search-build/Build/Products/Debug-iphonesimulator -Xlinker -rpath -Xlinker @executable_path -Xlinker -rpath -Xlinker /tmp/counting-sheep-search-build/Build/Products/Debug-iphonesimulator/PackageFrameworks -Xlinker -rpath -Xlinker @executable_path/Frameworks -rdynamic -Xlinker -no_deduplicate -Xlinker -objc_abi_version -Xlinker 2 -e ___debug_blank_executor_main -Xlinker -sectcreate -Xlinker __TEXT -Xlinker __debug_dylib -Xlinker /tmp/counting-sheep-search-build/Build/Intermediates.noindex/PhoneInTheOtherRoom.build/Debug-iphonesimulator/PhoneInTheOtherRoom.build/Counting\ Sheep-DebugDylibPath-normal-x86_64.txt -Xlinker -sectcreate -Xlinker __TEXT -Xlinker __debug_instlnm -Xlinker /tmp/counting-sheep-search-build/Build/Intermediates.noindex/PhoneInTheOtherRoom.build/Debug-iphonesimulator/PhoneInTheOtherRoom.build/Counting\ Sheep-DebugDylibInstallName-normal-x86_64.txt -Xlinker -filelist -Xlinker /tmp/counting-sheep-search-build/Build/Intermediates.noindex/PhoneInTheOtherRoom.build/Debug-iphonesimulator/PhoneInTheOtherRoom.build/Counting\ Sheep-ExecutorLinkFileList-normal-x86_64.txt -Xlinker -sectcreate -Xlinker __TEXT -Xlinker __entitlements -Xlinker /tmp/counting-sheep-search-build/Build/Intermediates.noindex/PhoneInTheOtherRoom.build/Debug-iphonesimulator/PhoneInTheOtherRoom.build/Counting\ Sheep.app-Simulated.xcent -Xlinker -sectcreate -Xlinker __TEXT -Xlinker __ents_der -Xlinker /tmp/counting-sheep-search-build/Build/Intermediates.noindex/PhoneInTheOtherRoom.build/Debug-iphonesimulator/PhoneInTheOtherRoom.build/Counting\ Sheep.app-Simulated.xcent.der /tmp/counting-sheep-search-build/Build/Intermediates.noindex/PhoneInTheOtherRoom.build/Debug-iphonesimulator/PhoneInTheOtherRoom.build/Objects-normal/x86_64/Binary/Counting\ Sheep.debug.dylib -Xlinker -no_adhoc_codesign -o /tmp/counting-sheep-search-build/Build/Intermediates.noindex/PhoneInTheOtherRoom.build/Debug-iphonesimulator/PhoneInTheOtherRoom.build/Objects-normal/x86_64/Binary/Counting\ Sheep

CreateUniversalBinary /tmp/counting-sheep-search-build/Build/Products/Debug-iphonesimulator/Counting\ Sheep.app/Counting\ Sheep normal arm64\ x86_64 (in target 'PhoneInTheOtherRoom' from project 'PhoneInTheOtherRoom')
    cd /Users/ngawangchime/Desktop/Developer\ Projects/Phone\ in\ the\ Other\ Room
    /Applications/Xcode.app/Contents/Developer/Toolchains/XcodeDefault.xctoolchain/usr/bin/lipo -create /tmp/counting-sheep-search-build/Build/Intermediates.noindex/PhoneInTheOtherRoom.build/Debug-iphonesimulator/PhoneInTheOtherRoom.build/Objects-normal/arm64/Binary/Counting\ Sheep /tmp/counting-sheep-search-build/Build/Intermediates.noindex/PhoneInTheOtherRoom.build/Debug-iphonesimulator/PhoneInTheOtherRoom.build/Objects-normal/x86_64/Binary/Counting\ Sheep -output /tmp/counting-sheep-search-build/Build/Products/Debug-iphonesimulator/Counting\ Sheep.app/Counting\ Sheep

Copy /tmp/counting-sheep-search-build/Build/Products/Debug-iphonesimulator/Counting\ Sheep.app/PlugIns/Counting\ Sheep\ Wind\ Down\ Shield.appex /tmp/counting-sheep-search-build/Build/Products/Debug-iphonesimulator/Counting\ Sheep\ Wind\ Down\ Shield.appex (in target 'PhoneInTheOtherRoom' from project 'PhoneInTheOtherRoom')
    cd /Users/ngawangchime/Desktop/Developer\ Projects/Phone\ in\ the\ Other\ Room
    builtin-copy -exclude .DS_Store -exclude CVS -exclude .svn -exclude .git -exclude .hg -exclude Headers -exclude PrivateHeaders -exclude Modules -exclude \*.tbd -resolve-src-symlinks -remove-static-executable /tmp/counting-sheep-search-build/Build/Products/Debug-iphonesimulator/Counting\ Sheep\ Wind\ Down\ Shield.appex /tmp/counting-sheep-search-build/Build/Products/Debug-iphonesimulator/Counting\ Sheep.app/PlugIns

Copy /tmp/counting-sheep-search-build/Build/Products/Debug-iphonesimulator/Counting\ Sheep.app/PlugIns/Counting\ Sheep\ Wind\ Down\ Monitor.appex /tmp/counting-sheep-search-build/Build/Products/Debug-iphonesimulator/Counting\ Sheep\ Wind\ Down\ Monitor.appex (in target 'PhoneInTheOtherRoom' from project 'PhoneInTheOtherRoom')
    cd /Users/ngawangchime/Desktop/Developer\ Projects/Phone\ in\ the\ Other\ Room
    builtin-copy -exclude .DS_Store -exclude CVS -exclude .svn -exclude .git -exclude .hg -exclude Headers -exclude PrivateHeaders -exclude Modules -exclude \*.tbd -resolve-src-symlinks -remove-static-executable /tmp/counting-sheep-search-build/Build/Products/Debug-iphonesimulator/Counting\ Sheep\ Wind\ Down\ Monitor.appex /tmp/counting-sheep-search-build/Build/Products/Debug-iphonesimulator/Counting\ Sheep.app/PlugIns

Copy /tmp/counting-sheep-search-build/Build/Products/Debug-iphonesimulator/Counting\ Sheep.app/PlugIns/Counting\ Sheep\ Wind\ Down\ Action.appex /tmp/counting-sheep-search-build/Build/Products/Debug-iphonesimulator/Counting\ Sheep\ Wind\ Down\ Action.appex (in target 'PhoneInTheOtherRoom' from project 'PhoneInTheOtherRoom')
    cd /Users/ngawangchime/Desktop/Developer\ Projects/Phone\ in\ the\ Other\ Room
    builtin-copy -exclude .DS_Store -exclude CVS -exclude .svn -exclude .git -exclude .hg -exclude Headers -exclude PrivateHeaders -exclude Modules -exclude \*.tbd -resolve-src-symlinks -remove-static-executable /tmp/counting-sheep-search-build/Build/Products/Debug-iphonesimulator/Counting\ Sheep\ Wind\ Down\ Action.appex /tmp/counting-sheep-search-build/Build/Products/Debug-iphonesimulator/Counting\ Sheep.app/PlugIns

Copy /tmp/counting-sheep-search-build/Build/Products/Debug-iphonesimulator/Counting\ Sheep.app/PlugIns/Counting\ Sheep\ Live\ Activity.appex /tmp/counting-sheep-search-build/Build/Products/Debug-iphonesimulator/Counting\ Sheep\ Live\ Activity.appex (in target 'PhoneInTheOtherRoom' from project 'PhoneInTheOtherRoom')
    cd /Users/ngawangchime/Desktop/Developer\ Projects/Phone\ in\ the\ Other\ Room
    builtin-copy -exclude .DS_Store -exclude CVS -exclude .svn -exclude .git -exclude .hg -exclude Headers -exclude PrivateHeaders -exclude Modules -exclude \*.tbd -resolve-src-symlinks -remove-static-executable /tmp/counting-sheep-search-build/Build/Products/Debug-iphonesimulator/Counting\ Sheep\ Live\ Activity.appex /tmp/counting-sheep-search-build/Build/Products/Debug-iphonesimulator/Counting\ Sheep.app/PlugIns

Copy /tmp/counting-sheep-search-build/Build/Products/Debug-iphonesimulator/Counting\ Sheep.app/Extensions/Counting\ Sheep\ Screen\ Time\ Report.appex /tmp/counting-sheep-search-build/Build/Products/Debug-iphonesimulator/Counting\ Sheep\ Screen\ Time\ Report.appex (in target 'PhoneInTheOtherRoom' from project 'PhoneInTheOtherRoom')
    cd /Users/ngawangchime/Desktop/Developer\ Projects/Phone\ in\ the\ Other\ Room
    builtin-copy -exclude .DS_Store -exclude CVS -exclude .svn -exclude .git -exclude .hg -exclude Headers -exclude PrivateHeaders -exclude Modules -exclude \*.tbd -resolve-src-symlinks -remove-static-executable /tmp/counting-sheep-search-build/Build/Products/Debug-iphonesimulator/Counting\ Sheep\ Screen\ Time\ Report.appex /tmp/counting-sheep-search-build/Build/Products/Debug-iphonesimulator/Counting\ Sheep.app/Extensions

Copy /tmp/counting-sheep-search-build/Build/Products/Debug-iphonesimulator/Counting\ Sheep.app/Watch/Counting\ Sheep\ Watch.app /tmp/counting-sheep-search-build/Build/Products/Debug-watchsimulator/Counting\ Sheep\ Watch.app (in target 'PhoneInTheOtherRoom' from project 'PhoneInTheOtherRoom')
    cd /Users/ngawangchime/Desktop/Developer\ Projects/Phone\ in\ the\ Other\ Room
    builtin-copy -exclude .DS_Store -exclude CVS -exclude .svn -exclude .git -exclude .hg -exclude Headers -exclude PrivateHeaders -exclude Modules -exclude \*.tbd -resolve-src-symlinks -remove-static-executable /tmp/counting-sheep-search-build/Build/Products/Debug-watchsimulator/Counting\ Sheep\ Watch.app /tmp/counting-sheep-search-build/Build/Products/Debug-iphonesimulator/Counting\ Sheep.app/Watch

ProcessInfoPlistFile /tmp/counting-sheep-search-build/Build/Products/Debug-iphonesimulator/Counting\ Sheep.app/Info.plist /Users/ngawangchime/Desktop/Developer\ Projects/Phone\ in\ the\ Other\ Room/PhoneInTheOtherRoomApp/Info.plist (in target 'PhoneInTheOtherRoom' from project 'PhoneInTheOtherRoom')
    cd /Users/ngawangchime/Desktop/Developer\ Projects/Phone\ in\ the\ Other\ Room
    builtin-infoPlistUtility /Users/ngawangchime/Desktop/Developer\ Projects/Phone\ in\ the\ Other\ Room/PhoneInTheOtherRoomApp/Info.plist -producttype com.apple.product-type.application -genpkginfo /tmp/counting-sheep-search-build/Build/Products/Debug-iphonesimulator/Counting\ Sheep.app/PkgInfo -expandbuildsettings -format binary -platform iphonesimulator -additionalcontentfile /tmp/counting-sheep-search-build/Build/Intermediates.noindex/PhoneInTheOtherRoom.build/Debug-iphonesimulator/PhoneInTheOtherRoom.build/assetcatalog_generated_info.plist -scanforprivacyfile /tmp/counting-sheep-search-build/Build/Products/Debug-iphonesimulator/Counting\ Sheep.app/Extensions/Counting\ Sheep\ Screen\ Time\ Report.appex -scanforprivacyfile /tmp/counting-sheep-search-build/Build/Products/Debug-iphonesimulator/Counting\ Sheep.app/PlugIns/Counting\ Sheep\ Live\ Activity.appex -scanforprivacyfile /tmp/counting-sheep-search-build/Build/Products/Debug-iphonesimulator/Counting\ Sheep.app/PlugIns/Counting\ Sheep\ Wind\ Down\ Action.appex -scanforprivacyfile /tmp/counting-sheep-search-build/Build/Products/Debug-iphonesimulator/Counting\ Sheep.app/PlugIns/Counting\ Sheep\ Wind\ Down\ Monitor.appex -scanforprivacyfile /tmp/counting-sheep-search-build/Build/Products/Debug-iphonesimulator/Counting\ Sheep.app/PlugIns/Counting\ Sheep\ Wind\ Down\ Shield.appex -scanforprivacyfile /tmp/counting-sheep-search-build/Build/Products/Debug-iphonesimulator/Counting\ Sheep.app/Watch/Counting\ Sheep\ Watch.app -scanforprivacyfile /tmp/counting-sheep-search-build/Build/Products/Debug-iphonesimulator/Counting\ Sheep.app/swift-crypto_Crypto.bundle -o /tmp/counting-sheep-search-build/Build/Products/Debug-iphonesimulator/Counting\ Sheep.app/Info.plist

ExtractAppIntentsMetadata (in target 'PhoneInTheOtherRoom' from project 'PhoneInTheOtherRoom')
    cd /Users/ngawangchime/Desktop/Developer\ Projects/Phone\ in\ the\ Other\ Room
    /Applications/Xcode.app/Contents/Developer/Toolchains/XcodeDefault.xctoolchain/usr/bin/appintentsmetadataprocessor --toolchain-dir /Applications/Xcode.app/Contents/Developer/Toolchains/XcodeDefault.xctoolchain --module-name Counting_Sheep --sdk-root /Applications/Xcode.app/Contents/Developer/Platforms/iPhoneSimulator.platform/Developer/SDKs/iPhoneSimulator26.5.sdk --xcode-version 17F113 --platform-family iOS --deployment-target 17.0 --bundle-identifier com.ngawangchime.countingsheep --output /tmp/counting-sheep-search-build/Build/Products/Debug-iphonesimulator/Counting\ Sheep.app --target-triple arm64-apple-ios17.0-simulator --target-triple x86_64-apple-ios17.0-simulator --binary-file /tmp/counting-sheep-search-build/Build/Products/Debug-iphonesimulator/Counting\ Sheep.app/Counting\ Sheep --dependency-file /tmp/counting-sheep-search-build/Build/Intermediates.noindex/PhoneInTheOtherRoom.build/Debug-iphonesimulator/PhoneInTheOtherRoom.build/Objects-normal/arm64/Counting\ Sheep_dependency_info.dat --dependency-file /tmp/counting-sheep-search-build/Build/Intermediates.noindex/PhoneInTheOtherRoom.build/Debug-iphonesimulator/PhoneInTheOtherRoom.build/Objects-normal/x86_64/Counting\ Sheep_dependency_info.dat --stringsdata-file /tmp/counting-sheep-search-build/Build/Intermediates.noindex/PhoneInTheOtherRoom.build/Debug-iphonesimulator/PhoneInTheOtherRoom.build/Objects-normal/arm64/ExtractedAppShortcutsMetadata.stringsdata --stringsdata-file /tmp/counting-sheep-search-build/Build/Intermediates.noindex/PhoneInTheOtherRoom.build/Debug-iphonesimulator/PhoneInTheOtherRoom.build/Objects-normal/x86_64/ExtractedAppShortcutsMetadata.stringsdata --source-file-list /tmp/counting-sheep-search-build/Build/Intermediates.noindex/PhoneInTheOtherRoom.build/Debug-iphonesimulator/PhoneInTheOtherRoom.build/Objects-normal/arm64/Counting\ Sheep.SwiftFileList --source-file-list /tmp/counting-sheep-search-build/Build/Intermediates.noindex/PhoneInTheOtherRoom.build/Debug-iphonesimulator/PhoneInTheOtherRoom.build/Objects-normal/x86_64/Counting\ Sheep.SwiftFileList --metadata-file-list /tmp/counting-sheep-search-build/Build/Intermediates.noindex/PhoneInTheOtherRoom.build/Debug-iphonesimulator/PhoneInTheOtherRoom.build/Counting\ Sheep.DependencyMetadataFileList --static-metadata-file-list /tmp/counting-sheep-search-build/Build/Intermediates.noindex/PhoneInTheOtherRoom.build/Debug-iphonesimulator/PhoneInTheOtherRoom.build/Counting\ Sheep.DependencyStaticMetadataFileList --swift-const-vals-list /tmp/counting-sheep-search-build/Build/Intermediates.noindex/PhoneInTheOtherRoom.build/Debug-iphonesimulator/PhoneInTheOtherRoom.build/Objects-normal/arm64/Counting\ Sheep.SwiftConstValuesFileList --swift-const-vals-list /tmp/counting-sheep-search-build/Build/Intermediates.noindex/PhoneInTheOtherRoom.build/Debug-iphonesimulator/PhoneInTheOtherRoom.build/Objects-normal/x86_64/Counting\ Sheep.SwiftConstValuesFileList --compile-time-extraction --deployment-aware-processing --validate-assistant-intents --no-app-shortcuts-localization
2026-09-20 12:25:28.512 appintentsmetadataprocessor[38465:7136962] Starting appintentsmetadataprocessor export
2026-09-20 12:25:30.375 appintentsmetadataprocessor[38465:7136962] Writing Metadata.appintents
2026-09-20 12:25:30.376 appintentsmetadataprocessor[38465:7136962] Metadata root: /tmp/counting-sheep-search-build/Build/Products/Debug-iphonesimulator/Counting Sheep.app/Metadata.appintents

CopySwiftLibs /tmp/counting-sheep-search-build/Build/Products/Debug-iphonesimulator/Counting\ Sheep.app (in target 'PhoneInTheOtherRoom' from project 'PhoneInTheOtherRoom')
    cd /Users/ngawangchime/Desktop/Developer\ Projects/Phone\ in\ the\ Other\ Room
    builtin-swiftStdLibTool --copy --verbose --sign - --scan-executable /tmp/counting-sheep-search-build/Build/Products/Debug-iphonesimulator/Counting\ Sheep.app/Counting\ Sheep.debug.dylib --scan-folder /tmp/counting-sheep-search-build/Build/Products/Debug-iphonesimulator/Counting\ Sheep.app/Frameworks --scan-folder /tmp/counting-sheep-search-build/Build/Products/Debug-iphonesimulator/Counting\ Sheep.app/PlugIns --scan-folder /tmp/counting-sheep-search-build/Build/Products/Debug-iphonesimulator/Counting\ Sheep.app/SystemExtensions --scan-folder /tmp/counting-sheep-search-build/Build/Products/Debug-iphonesimulator/Counting\ Sheep.app/Extensions --platform iphonesimulator --toolchain /Applications/Xcode.app/Contents/Developer/Toolchains/XcodeDefault.xctoolchain --destination /tmp/counting-sheep-search-build/Build/Products/Debug-iphonesimulator/Counting\ Sheep.app/Frameworks --strip-bitcode --strip-bitcode-tool /Applications/Xcode.app/Contents/Developer/Toolchains/XcodeDefault.xctoolchain/usr/bin/bitcode_strip --emit-dependency-info /tmp/counting-sheep-search-build/Build/Intermediates.noindex/PhoneInTheOtherRoom.build/Debug-iphonesimulator/PhoneInTheOtherRoom.build/SwiftStdLibToolInputDependencies.dep --filter-for-swift-os --back-deploy-swift-span

AppIntentsSSUTraining (in target 'PhoneInTheOtherRoom' from project 'PhoneInTheOtherRoom')
    cd /Users/ngawangchime/Desktop/Developer\ Projects/Phone\ in\ the\ Other\ Room
    /Applications/Xcode.app/Contents/Developer/Toolchains/XcodeDefault.xctoolchain/usr/bin/appintentsnltrainingprocessor --infoplist-path /tmp/counting-sheep-search-build/Build/Products/Debug-iphonesimulator/Counting\ Sheep.app/Info.plist --temp-dir-path /tmp/counting-sheep-search-build/Build/Intermediates.noindex/PhoneInTheOtherRoom.build/Debug-iphonesimulator/PhoneInTheOtherRoom.build/ssu --bundle-id com.ngawangchime.countingsheep --product-path /tmp/counting-sheep-search-build/Build/Products/Debug-iphonesimulator/Counting\ Sheep.app --extracted-metadata-path /tmp/counting-sheep-search-build/Build/Products/Debug-iphonesimulator/Counting\ Sheep.app/Metadata.appintents --metadata-file-list /tmp/counting-sheep-search-build/Build/Intermediates.noindex/PhoneInTheOtherRoom.build/Debug-iphonesimulator/PhoneInTheOtherRoom.build/Counting\ Sheep.DependencyMetadataFileList --source-file /tmp/counting-sheep-search-build/Build/Products/Debug-iphonesimulator/Counting\ Sheep.app/Info.plist --archive-ssu-assets
2026-09-20 12:25:30.884 appintentsnltrainingprocessor[38471:7137050] Parsing options for appintentsnltrainingprocessor
2026-09-20 12:25:30.886 appintentsnltrainingprocessor[38471:7137050] Starting AppIntents SSU YAML Generation
2026-09-20 12:25:31.394 appintentsnltrainingprocessor[38471:7137050] Training 'Put my phone away with ${+applicationName}|Put my phone to bed with ${+applicationName}|Put my phone away with Ollie in ${+applicationName}' for en
2026-09-20 12:25:31.394 appintentsnltrainingprocessor[38471:7137050] Training Negative Phrases '' for en
2026-09-20 12:25:31.394 appintentsnltrainingprocessor[38471:7137050] Application name 'Counting Sheep' for en
2026-09-20 12:25:31.457 appintentsnltrainingprocessor[38471:7137050] Generated AppIntents SSU YAML files in file:///tmp/counting-sheep-search-build/Build/Intermediates.noindex/PhoneInTheOtherRoom.build/Debug-iphonesimulator/PhoneInTheOtherRoom.build/ssu/
2026-09-20 12:25:31.463 appintentsnltrainingprocessor[38471:7137050] Copied AppIntents SSU YAML files to file:///tmp/counting-sheep-search-build/Build/Products/Debug-iphonesimulator/Counting(null)heep.app/Metadata.appintents/
Archiving all locales.

[------------------------------------------------------------] 0% archiving en
[🁢🁢🁢🁢🁢🁢🁢🁢🁢🁢🁢🁢🁢🁢🁢🁢🁢🁢🁢🁢🁢🁢🁢🁢🁢🁢🁢🁢🁢🁢🁢🁢🁢🁢🁢🁢🁢🁢🁢🁢🁢🁢🁢🁢🁢🁢🁢🁢🁢🁢🁢🁢🁢🁢🁢🁢🁢🁢🁢🁢] 100% archived en
[🁢🁢🁢🁢🁢🁢🁢🁢🁢🁢🁢🁢🁢🁢🁢🁢🁢🁢🁢🁢🁢🁢🁢🁢🁢🁢🁢🁢🁢🁢🁢🁢🁢🁢🁢🁢🁢🁢🁢🁢🁢🁢🁢🁢🁢🁢🁢🁢🁢🁢🁢🁢🁢🁢🁢🁢🁢🁢🁢🁢] 100% archived 1 locales/tmp/counting-sheep-search-build/Build/Products/Debug-iphonesimulator/Counting Sheep.app/Metadata.appintents/nlu
/tmp/counting-sheep-search-build/Build/Products/Debug-iphonesimulator/Counting Sheep.app/Metadata.appintents/nlu/41dbd888499fc29016c9e329a270c0d8.version


CodeSign /tmp/counting-sheep-search-build/Build/Products/Debug-iphonesimulator/Counting\ Sheep.app/Counting\ Sheep.debug.dylib (in target 'PhoneInTheOtherRoom' from project 'PhoneInTheOtherRoom')
    cd /Users/ngawangchime/Desktop/Developer\ Projects/Phone\ in\ the\ Other\ Room

    Signing Identity:     "Sign to Run Locally"

    /usr/bin/codesign --force --sign - --timestamp\=none --generate-entitlement-der /tmp/counting-sheep-search-build/Build/Products/Debug-iphonesimulator/Counting\ Sheep.app/Counting\ Sheep.debug.dylib

CodeSign /tmp/counting-sheep-search-build/Build/Products/Debug-iphonesimulator/Counting\ Sheep.app/__preview.dylib (in target 'PhoneInTheOtherRoom' from project 'PhoneInTheOtherRoom')
    cd /Users/ngawangchime/Desktop/Developer\ Projects/Phone\ in\ the\ Other\ Room

    Signing Identity:     "Sign to Run Locally"

    /usr/bin/codesign --force --sign - --timestamp\=none --generate-entitlement-der /tmp/counting-sheep-search-build/Build/Products/Debug-iphonesimulator/Counting\ Sheep.app/__preview.dylib
/tmp/counting-sheep-search-build/Build/Products/Debug-iphonesimulator/Counting Sheep.app/__preview.dylib: replacing existing signature

CodeSign /tmp/counting-sheep-search-build/Build/Products/Debug-iphonesimulator/Counting\ Sheep.app (in target 'PhoneInTheOtherRoom' from project 'PhoneInTheOtherRoom')
    cd /Users/ngawangchime/Desktop/Developer\ Projects/Phone\ in\ the\ Other\ Room

    Signing Identity:     "Sign to Run Locally"

    /usr/bin/codesign --force --sign - --entitlements /tmp/counting-sheep-search-build/Build/Intermediates.noindex/PhoneInTheOtherRoom.build/Debug-iphonesimulator/PhoneInTheOtherRoom.build/Counting\ Sheep.app.xcent --timestamp\=none --generate-entitlement-der /tmp/counting-sheep-search-build/Build/Products/Debug-iphonesimulator/Counting\ Sheep.app

ValidateEmbeddedBinary /tmp/counting-sheep-search-build/Build/Products/Debug-iphonesimulator/Counting\ Sheep.app/PlugIns/Counting\ Sheep\ Wind\ Down\ Shield.appex (in target 'PhoneInTheOtherRoom' from project 'PhoneInTheOtherRoom')
    cd /Users/ngawangchime/Desktop/Developer\ Projects/Phone\ in\ the\ Other\ Room
    /Applications/Xcode.app/Contents/Developer/usr/bin/embeddedBinaryValidationUtility /tmp/counting-sheep-search-build/Build/Products/Debug-iphonesimulator/Counting\ Sheep.app/PlugIns/Counting\ Sheep\ Wind\ Down\ Shield.appex -signing-cert - -info-plist-path /tmp/counting-sheep-search-build/Build/Products/Debug-iphonesimulator/Counting\ Sheep.app/Info.plist

ValidateEmbeddedBinary /tmp/counting-sheep-search-build/Build/Products/Debug-iphonesimulator/Counting\ Sheep.app/Watch/Counting\ Sheep\ Watch.app (in target 'PhoneInTheOtherRoom' from project 'PhoneInTheOtherRoom')
    cd /Users/ngawangchime/Desktop/Developer\ Projects/Phone\ in\ the\ Other\ Room
    /Applications/Xcode.app/Contents/Developer/usr/bin/embeddedBinaryValidationUtility /tmp/counting-sheep-search-build/Build/Products/Debug-iphonesimulator/Counting\ Sheep.app/Watch/Counting\ Sheep\ Watch.app -signing-cert - -info-plist-path /tmp/counting-sheep-search-build/Build/Products/Debug-iphonesimulator/Counting\ Sheep.app/Info.plist

ValidateEmbeddedBinary /tmp/counting-sheep-search-build/Build/Products/Debug-iphonesimulator/Counting\ Sheep.app/PlugIns/Counting\ Sheep\ Wind\ Down\ Monitor.appex (in target 'PhoneInTheOtherRoom' from project 'PhoneInTheOtherRoom')
    cd /Users/ngawangchime/Desktop/Developer\ Projects/Phone\ in\ the\ Other\ Room
    /Applications/Xcode.app/Contents/Developer/usr/bin/embeddedBinaryValidationUtility /tmp/counting-sheep-search-build/Build/Products/Debug-iphonesimulator/Counting\ Sheep.app/PlugIns/Counting\ Sheep\ Wind\ Down\ Monitor.appex -signing-cert - -info-plist-path /tmp/counting-sheep-search-build/Build/Products/Debug-iphonesimulator/Counting\ Sheep.app/Info.plist

ValidateEmbeddedBinary /tmp/counting-sheep-search-build/Build/Products/Debug-iphonesimulator/Counting\ Sheep.app/PlugIns/Counting\ Sheep\ Wind\ Down\ Action.appex (in target 'PhoneInTheOtherRoom' from project 'PhoneInTheOtherRoom')
    cd /Users/ngawangchime/Desktop/Developer\ Projects/Phone\ in\ the\ Other\ Room
    /Applications/Xcode.app/Contents/Developer/usr/bin/embeddedBinaryValidationUtility /tmp/counting-sheep-search-build/Build/Products/Debug-iphonesimulator/Counting\ Sheep.app/PlugIns/Counting\ Sheep\ Wind\ Down\ Action.appex -signing-cert - -info-plist-path /tmp/counting-sheep-search-build/Build/Products/Debug-iphonesimulator/Counting\ Sheep.app/Info.plist

ValidateEmbeddedBinary /tmp/counting-sheep-search-build/Build/Products/Debug-iphonesimulator/Counting\ Sheep.app/PlugIns/Counting\ Sheep\ Live\ Activity.appex (in target 'PhoneInTheOtherRoom' from project 'PhoneInTheOtherRoom')
    cd /Users/ngawangchime/Desktop/Developer\ Projects/Phone\ in\ the\ Other\ Room
    /Applications/Xcode.app/Contents/Developer/usr/bin/embeddedBinaryValidationUtility /tmp/counting-sheep-search-build/Build/Products/Debug-iphonesimulator/Counting\ Sheep.app/PlugIns/Counting\ Sheep\ Live\ Activity.appex -signing-cert - -info-plist-path /tmp/counting-sheep-search-build/Build/Products/Debug-iphonesimulator/Counting\ Sheep.app/Info.plist

ValidateEmbeddedBinary /tmp/counting-sheep-search-build/Build/Products/Debug-iphonesimulator/Counting\ Sheep.app/Extensions/Counting\ Sheep\ Screen\ Time\ Report.appex (in target 'PhoneInTheOtherRoom' from project 'PhoneInTheOtherRoom')
    cd /Users/ngawangchime/Desktop/Developer\ Projects/Phone\ in\ the\ Other\ Room
    /Applications/Xcode.app/Contents/Developer/usr/bin/embeddedBinaryValidationUtility /tmp/counting-sheep-search-build/Build/Products/Debug-iphonesimulator/Counting\ Sheep.app/Extensions/Counting\ Sheep\ Screen\ Time\ Report.appex -signing-cert - -info-plist-path /tmp/counting-sheep-search-build/Build/Products/Debug-iphonesimulator/Counting\ Sheep.app/Info.plist

Validate /tmp/counting-sheep-search-build/Build/Products/Debug-iphonesimulator/Counting\ Sheep.app (in target 'PhoneInTheOtherRoom' from project 'PhoneInTheOtherRoom')
    cd /Users/ngawangchime/Desktop/Developer\ Projects/Phone\ in\ the\ Other\ Room
    builtin-validationUtility /tmp/counting-sheep-search-build/Build/Products/Debug-iphonesimulator/Counting\ Sheep.app -shallow-bundle -infoplist-subpath Info.plist

** BUILD SUCCEEDED **
